 2.00000000e-11  0.00000000e+00  2.00000000e-11  0.00000000e+00 
 4.00000000e-11  3.95241295e-13  4.00000000e-11  4.96804934e-25 
 8.00000000e-11  1.17631975e-12  8.00000000e-11  4.47124348e-24 
 1.60000000e-10  2.70157705e-12  1.60000000e-10  3.62667314e-23 
 3.20000000e-10  5.61023336e-12  3.20000000e-10  2.90630175e-22 
 6.40000000e-10  1.09030461e-11  6.40000000e-10  2.32552656e-21 
 1.28000000e-09  1.96915456e-11  1.28000000e-09  1.86043988e-20 
 2.00000000e-09  2.72372487e-11  2.00000000e-09  6.90228759e-20 
 2.12800000e-09  2.83582040e-11  2.12800000e-09  8.25801243e-20 
 2.38400000e-09  3.04370869e-11  2.38400000e-09  1.15046445e-19 
 2.89600000e-09  3.40165373e-11  2.89600000e-09  2.04510447e-19 
 3.92000000e-09  3.93610793e-11  3.92000000e-09  5.06549726e-19 
 5.92000000e-09  4.53720813e-11  5.92000000e-09  1.75828399e-18 
 7.92000000e-09  4.80436377e-11  7.92000000e-09  4.18515198e-18 
 9.92000000e-09  4.92309962e-11  9.92000000e-09  8.18297966e-18 
 1.19200000e-08  4.97587110e-11  1.19200000e-08  1.41465847e-17 
 1.39200000e-08  4.99932509e-11  1.39200000e-08  2.24695266e-17 
 1.59200000e-08  5.00974909e-11  1.59200000e-08  3.35438583e-17 
 1.79200000e-08  5.01438198e-11  1.79200000e-08  4.77598779e-17 
 1.99200000e-08  5.01644104e-11  1.99200000e-08  6.55058821e-17 
 2.19200000e-08  5.01735618e-11  2.19200000e-08  8.71679204e-17 
 2.39200000e-08  5.01776291e-11  2.39200000e-08  1.13129552e-16 
 2.59200000e-08  5.01794367e-11  2.59200000e-08  1.43771601e-16 
 2.79200000e-08  5.01802402e-11  2.79200000e-08  1.79471920e-16 
 2.99200000e-08  5.01805972e-11  2.99200000e-08  2.20605145e-16 
 3.19200000e-08  5.01807559e-11  3.19200000e-08  2.67542466e-16 
 3.39200000e-08  5.01808265e-11  3.39200000e-08  3.20651384e-16 
 3.59200000e-08  5.01808578e-11  3.59200000e-08  3.80295487e-16 
 3.79200000e-08  5.01808717e-11  3.79200000e-08  4.46834215e-16 
 3.99200000e-08  5.01808779e-11  3.99200000e-08  5.20622633e-16 
 4.19200000e-08  5.01808807e-11  4.19200000e-08  6.02011209e-16 
 4.39200000e-08  5.01808819e-11  4.39200000e-08  6.91345592e-16 
 4.59200000e-08  5.01808825e-11  4.59200000e-08  7.88966389e-16 
 4.79200000e-08  5.01808827e-11  4.79200000e-08  8.95208959e-16 
 4.99200000e-08  5.01808828e-11  4.99200000e-08  1.01040319e-15 
 5.19200000e-08  5.01808829e-11  5.19200000e-08  1.13487330e-15 
 5.39200000e-08  5.01808829e-11  5.39200000e-08  1.26893763e-15 
 5.59200000e-08  5.01808829e-11  5.59200000e-08  1.41290844e-15 
 5.79200000e-08  5.01808829e-11  5.79200000e-08  1.56709170e-15 
 5.99200000e-08  5.01808829e-11  5.99200000e-08  1.73178692e-15 
 6.19200000e-08  5.01808829e-11  6.19200000e-08  1.90728697e-15 
 6.39200000e-08  5.01808829e-11  6.39200000e-08  2.09387784e-15 
 6.59200000e-08  5.01808829e-11  6.59200000e-08  2.29183851e-15 
 6.79200000e-08  5.01808829e-11  6.79200000e-08  2.50144076e-15 
 6.99200000e-08  5.01808829e-11  6.99200000e-08  2.72294900e-15 
 7.19200000e-08  5.01808829e-11  7.19200000e-08  2.95662009e-15 
 7.39200000e-08  5.01808829e-11  7.39200000e-08  3.20270319e-15 
 7.59200000e-08  5.01808829e-11  7.59200000e-08  3.46143961e-15 
 7.79200000e-08  5.01808829e-11  7.79200000e-08  3.73306263e-15 
 7.99200000e-08  5.01808829e-11  7.99200000e-08  4.01779739e-15 
 8.19200000e-08  5.01808829e-11  8.19200000e-08  4.31586071e-15 
 8.39200000e-08  5.01808829e-11  8.39200000e-08  4.62746098e-15 
 8.59200000e-08  5.01808829e-11  8.59200000e-08  4.95279803e-15 
 8.79200000e-08  5.01808829e-11  8.79200000e-08  5.29206296e-15 
 8.99200000e-08  5.01808829e-11  8.99200000e-08  5.64543809e-15 
 9.19200000e-08  5.01808829e-11  9.19200000e-08  6.01309679e-15 
 9.39200000e-08  5.01808829e-11  9.39200000e-08  6.39520340e-15 
 9.59200000e-08  5.01808829e-11  9.59200000e-08  6.79191309e-15 
 9.79200000e-08  5.01808829e-11  9.79200000e-08  7.20337181e-15 
 9.99200000e-08  5.01808829e-11  9.99200000e-08  7.62971617e-15 
 1.01920000e-07  5.01808829e-11  1.01920000e-07  8.07107335e-15 
 1.03920000e-07  5.01808829e-11  1.03920000e-07  8.52756104e-15 
 1.05920000e-07  5.01808829e-11  1.05920000e-07  8.99928735e-15 
 1.07920000e-07  5.01808829e-11  1.07920000e-07  9.48635074e-15 
 1.09920000e-07  5.01808829e-11  1.09920000e-07  9.98883997e-15 
 1.11920000e-07  5.01808829e-11  1.11920000e-07  1.05068340e-14 
 1.13920000e-07  5.01808829e-11  1.13920000e-07  1.10404021e-14 
 1.15920000e-07  5.01808829e-11  1.15920000e-07  1.15896036e-14 
 1.17920000e-07  5.01808829e-11  1.17920000e-07  1.21544878e-14 
 1.19920000e-07  5.01808829e-11  1.19920000e-07  1.27350944e-14 
 1.21920000e-07  5.01808829e-11  1.21920000e-07  1.33314528e-14 
 1.23920000e-07  5.01808829e-11  1.23920000e-07  1.39435827e-14 
 1.25920000e-07  5.01808829e-11  1.25920000e-07  1.45714937e-14 
 1.27920000e-07  5.01808829e-11  1.27920000e-07  1.52151854e-14 
 1.29920000e-07  5.01808829e-11  1.29920000e-07  1.58746475e-14 
 1.31920000e-07  5.01808829e-11  1.31920000e-07  1.65498597e-14 
 1.33920000e-07  5.01808829e-11  1.33920000e-07  1.72407916e-14 
 1.35920000e-07  5.01808829e-11  1.35920000e-07  1.79474031e-14 
 1.37920000e-07  5.01808829e-11  1.37920000e-07  1.86696440e-14 
 1.39920000e-07  5.01808829e-11  1.39920000e-07  1.94074542e-14 
 1.41920000e-07  5.01808829e-11  1.41920000e-07  2.01607640e-14 
 1.43920000e-07  5.01808829e-11  1.43920000e-07  2.09294934e-14 
 1.45920000e-07  5.01808829e-11  1.45920000e-07  2.17135532e-14 
 1.47920000e-07  5.01808829e-11  1.47920000e-07  2.25128442e-14 
 1.49920000e-07  5.01808829e-11  1.49920000e-07  2.33272576e-14 
 1.51920000e-07  5.01808829e-11  1.51920000e-07  2.41566751e-14 
 1.53920000e-07  5.01808829e-11  1.53920000e-07  2.50009688e-14 
 1.55920000e-07  5.01808829e-11  1.55920000e-07  2.58600015e-14 
 1.57920000e-07  5.01808829e-11  1.57920000e-07  2.67336267e-14 
 1.59920000e-07  5.01808829e-11  1.59920000e-07  2.76216885e-14 
 1.61920000e-07  5.01808829e-11  1.61920000e-07  2.85240220e-14 
 1.63920000e-07  5.01808829e-11  1.63920000e-07  2.94404533e-14 
 1.65920000e-07  5.01808829e-11  1.65920000e-07  3.03707995e-14 
 1.67920000e-07  5.01808829e-11  1.67920000e-07  3.13148689e-14 
 1.69920000e-07  5.01808829e-11  1.69920000e-07  3.22724613e-14 
 1.71920000e-07  5.01808829e-11  1.71920000e-07  3.32433677e-14 
 1.73920000e-07  5.01808829e-11  1.73920000e-07  3.42273708e-14 
 1.75920000e-07  5.01808829e-11  1.75920000e-07  3.52242451e-14 
 1.77920000e-07  5.01808829e-11  1.77920000e-07  3.62337567e-14 
 1.79920000e-07  5.01808829e-11  1.79920000e-07  3.72556640e-14 
 1.81920000e-07  5.01808829e-11  1.81920000e-07  3.82897174e-14 
 1.83920000e-07  5.01808829e-11  1.83920000e-07  3.93356598e-14 
 1.85920000e-07  5.01808829e-11  1.85920000e-07  4.03932262e-14 
 1.87920000e-07  5.01808829e-11  1.87920000e-07  4.14621447e-14 
 1.89920000e-07  5.01808829e-11  1.89920000e-07  4.25421359e-14 
 1.91920000e-07  5.01808829e-11  1.91920000e-07  4.36329136e-14 
 1.93920000e-07  5.01808829e-11  1.93920000e-07  4.47341846e-14 
 1.95920000e-07  5.01808829e-11  1.95920000e-07  4.58456493e-14 
 1.97920000e-07  5.01808829e-11  1.97920000e-07  4.69670015e-14 
 1.99920000e-07  5.01808829e-11  1.99920000e-07  4.80979287e-14 
 2.01920000e-07  5.01808829e-11  2.01920000e-07  4.92381125e-14 
 2.03920000e-07  5.01808829e-11  2.03920000e-07  5.03872285e-14 
 2.05920000e-07  5.01808829e-11  2.05920000e-07  5.15449468e-14 
 2.07920000e-07  5.01808829e-11  2.07920000e-07  5.27109320e-14 
 2.09920000e-07  5.01808829e-11  2.09920000e-07  5.38848434e-14 
 2.11920000e-07  5.01808829e-11  2.11920000e-07  5.50663354e-14 
 2.13920000e-07  5.01808829e-11  2.13920000e-07  5.62550576e-14 
 2.15920000e-07  5.01808829e-11  2.15920000e-07  5.74506550e-14 
 2.17920000e-07  5.01808829e-11  2.17920000e-07  5.86527681e-14 
 2.19920000e-07  5.01808829e-11  2.19920000e-07  5.98610337e-14 
 2.21920000e-07  5.01808829e-11  2.21920000e-07  6.10750843e-14 
 2.23920000e-07  5.01808829e-11  2.23920000e-07  6.22945489e-14 
 2.25920000e-07  5.01808829e-11  2.25920000e-07  6.35190531e-14 
 2.27920000e-07  5.01808829e-11  2.27920000e-07  6.47482193e-14 
 2.29920000e-07  5.01808829e-11  2.29920000e-07  6.59816670e-14 
 2.31920000e-07  5.01808829e-11  2.31920000e-07  6.72190129e-14 
 2.33920000e-07  5.01808829e-11  2.33920000e-07  6.84598714e-14 
 2.35920000e-07  5.01808829e-11  2.35920000e-07  6.97038544e-14 
 2.37920000e-07  5.01808829e-11  2.37920000e-07  7.09505721e-14 
 2.39920000e-07  5.01808829e-11  2.39920000e-07  7.21996329e-14 
 2.41920000e-07  5.01808829e-11  2.41920000e-07  7.34506437e-14 
 2.43920000e-07  5.01808829e-11  2.43920000e-07  7.47032101e-14 
 2.45920000e-07  5.01808829e-11  2.45920000e-07  7.59569370e-14 
 2.47920000e-07  5.01808829e-11  2.47920000e-07  7.72114281e-14 
 2.49920000e-07  5.01808829e-11  2.49920000e-07  7.84662871e-14 
 2.51920000e-07  5.01808829e-11  2.51920000e-07  7.97211171e-14 
 2.53920000e-07  5.01808829e-11  2.53920000e-07  8.09755215e-14 
 2.55920000e-07  5.01808829e-11  2.55920000e-07  8.22291038e-14 
 2.57920000e-07  5.01808829e-11  2.57920000e-07  8.34814682e-14 
 2.59920000e-07  5.01808829e-11  2.59920000e-07  8.47322194e-14 
 2.61920000e-07  5.01808829e-11  2.61920000e-07  8.59809634e-14 
 2.63920000e-07  5.01808829e-11  2.63920000e-07  8.72273073e-14 
 2.65920000e-07  5.01808829e-11  2.65920000e-07  8.84708598e-14 
 2.67920000e-07  5.01808829e-11  2.67920000e-07  8.97112314e-14 
 2.69920000e-07  5.01808829e-11  2.69920000e-07  9.09480345e-14 
 2.71920000e-07  5.01808829e-11  2.71920000e-07  9.21808838e-14 
 2.73920000e-07  5.01808829e-11  2.73920000e-07  9.34093967e-14 
 2.75920000e-07  5.01808829e-11  2.75920000e-07  9.46331929e-14 
 2.77920000e-07  5.01808829e-11  2.77920000e-07  9.58518957e-14 
 2.79920000e-07  5.01808829e-11  2.79920000e-07  9.70651310e-14 
 2.81920000e-07  5.01808829e-11  2.81920000e-07  9.82725287e-14 
 2.83920000e-07  5.01808829e-11  2.83920000e-07  9.94737220e-14 
 2.85920000e-07  5.01808829e-11  2.85920000e-07  1.00668348e-13 
 2.87920000e-07  5.01808829e-11  2.87920000e-07  1.01856049e-13 
 2.89920000e-07  5.01808829e-11  2.89920000e-07  1.03036469e-13 
 2.91920000e-07  5.01808829e-11  2.91920000e-07  1.04209261e-13 
 2.93920000e-07  5.01808829e-11  2.93920000e-07  1.05374078e-13 
 2.95920000e-07  5.01808829e-11  2.95920000e-07  1.06530581e-13 
 2.97920000e-07  5.01808829e-11  2.97920000e-07  1.07678436e-13 
 2.99920000e-07  5.01808829e-11  2.99920000e-07  1.08817314e-13 
 3.01920000e-07  5.01808829e-11  3.01920000e-07  1.09946891e-13 
 3.03920000e-07  5.01808829e-11  3.03920000e-07  1.11066851e-13 
 3.05920000e-07  5.01808829e-11  3.05920000e-07  1.12176881e-13 
 3.07920000e-07  5.01808829e-11  3.07920000e-07  1.13276677e-13 
 3.09920000e-07  5.01808829e-11  3.09920000e-07  1.14365940e-13 
 3.11920000e-07  5.01808829e-11  3.11920000e-07  1.15444378e-13 
 3.13920000e-07  5.01808829e-11  3.13920000e-07  1.16511706e-13 
 3.15920000e-07  5.01808829e-11  3.15920000e-07  1.17567647e-13 
 3.17920000e-07  5.01808829e-11  3.17920000e-07  1.18611929e-13 
 3.19920000e-07  5.01808829e-11  3.19920000e-07  1.19644289e-13 
 3.21920000e-07  5.01808829e-11  3.21920000e-07  1.20664471e-13 
 3.23920000e-07  5.01808829e-11  3.23920000e-07  1.21672226e-13 
 3.25920000e-07  5.01808829e-11  3.25920000e-07  1.22667316e-13 
 3.27920000e-07  5.01808829e-11  3.27920000e-07  1.23649506e-13 
 3.29920000e-07  5.01808829e-11  3.29920000e-07  1.24618573e-13 
 3.31920000e-07  5.01808829e-11  3.31920000e-07  1.25574302e-13 
 3.33920000e-07  5.01808829e-11  3.33920000e-07  1.26516484e-13 
 3.35920000e-07  5.01808829e-11  3.35920000e-07  1.27444920e-13 
 3.37920000e-07  5.01808829e-11  3.37920000e-07  1.28359422e-13 
 3.39920000e-07  5.01808829e-11  3.39920000e-07  1.29259806e-13 
 3.41920000e-07  5.01808829e-11  3.41920000e-07  1.30145902e-13 
 3.43920000e-07  5.01808829e-11  3.43920000e-07  1.31017544e-13 
 3.45920000e-07  5.01808829e-11  3.45920000e-07  1.31874580e-13 
 3.47920000e-07  5.01808829e-11  3.47920000e-07  1.32716864e-13 
 3.49920000e-07  5.01808829e-11  3.49920000e-07  1.33544260e-13 
 3.51920000e-07  5.01808829e-11  3.51920000e-07  1.34356643e-13 
 3.53920000e-07  5.01808829e-11  3.53920000e-07  1.35153894e-13 
 3.55920000e-07  5.01808829e-11  3.55920000e-07  1.35935908e-13 
 3.57920000e-07  5.01808829e-11  3.57920000e-07  1.36702586e-13 
 3.59920000e-07  5.01808829e-11  3.59920000e-07  1.37453840e-13 
 3.61920000e-07  5.01808829e-11  3.61920000e-07  1.38189593e-13 
 3.63920000e-07  5.01808829e-11  3.63920000e-07  1.38909776e-13 
 3.65920000e-07  5.01808829e-11  3.65920000e-07  1.39614330e-13 
 3.67920000e-07  5.01808829e-11  3.67920000e-07  1.40303207e-13 
 3.69920000e-07  5.01808829e-11  3.69920000e-07  1.40976368e-13 
 3.71920000e-07  5.01808829e-11  3.71920000e-07  1.41633785e-13 
 3.73920000e-07  5.01808829e-11  3.73920000e-07  1.42275438e-13 
 3.75920000e-07  5.01808829e-11  3.75920000e-07  1.42901318e-13 
 3.77920000e-07  5.01808829e-11  3.77920000e-07  1.43511427e-13 
 3.79920000e-07  5.01808829e-11  3.79920000e-07  1.44105776e-13 
 3.81920000e-07  5.01808829e-11  3.81920000e-07  1.44684386e-13 
 3.83920000e-07  5.01808829e-11  3.83920000e-07  1.45247287e-13 
 3.85920000e-07  5.01808829e-11  3.85920000e-07  1.45794522e-13 
 3.87920000e-07  5.01808829e-11  3.87920000e-07  1.46326139e-13 
 3.89920000e-07  5.01808829e-11  3.89920000e-07  1.46842201e-13 
 3.91920000e-07  5.01808829e-11  3.91920000e-07  1.47342777e-13 
 3.93920000e-07  5.01808829e-11  3.93920000e-07  1.47827948e-13 
 3.95920000e-07  5.01808829e-11  3.95920000e-07  1.48297804e-13 
 3.97920000e-07  5.01808829e-11  3.97920000e-07  1.48752444e-13 
 3.99920000e-07  5.01808829e-11  3.99920000e-07  1.49191979e-13 
 4.01920000e-07  5.01808829e-11  4.01920000e-07  1.49616526e-13 
 4.03920000e-07  5.01808829e-11  4.03920000e-07  1.50026214e-13 
 4.05920000e-07  5.01808829e-11  4.05920000e-07  1.50421181e-13 
 4.07920000e-07  5.01808829e-11  4.07920000e-07  1.50801573e-13 
 4.09920000e-07  5.01808829e-11  4.09920000e-07  1.51167548e-13 
 4.11920000e-07  5.01808829e-11  4.11920000e-07  1.51519270e-13 
 4.13920000e-07  5.01808829e-11  4.13920000e-07  1.51856913e-13 
 4.15920000e-07  5.01808829e-11  4.15920000e-07  1.52180662e-13 
 4.17920000e-07  5.01808829e-11  4.17920000e-07  1.52490707e-13 
 4.19920000e-07  5.01808829e-11  4.19920000e-07  1.52787250e-13 
 4.21920000e-07  5.01808829e-11  4.21920000e-07  1.53070499e-13 
 4.23920000e-07  5.01808829e-11  4.23920000e-07  1.53340673e-13 
 4.25920000e-07  5.01808829e-11  4.25920000e-07  1.53597997e-13 
 4.27920000e-07  5.01808829e-11  4.27920000e-07  1.53842705e-13 
 4.29920000e-07  5.01808829e-11  4.29920000e-07  1.54075038e-13 
 4.31920000e-07  5.01808829e-11  4.31920000e-07  1.54295248e-13 
 4.33920000e-07  5.01808829e-11  4.33920000e-07  1.54503591e-13 
 4.35920000e-07  5.01808829e-11  4.35920000e-07  1.54700331e-13 
 4.37920000e-07  5.01808829e-11  4.37920000e-07  1.54885742e-13 
 4.39920000e-07  5.01808829e-11  4.39920000e-07  1.55060102e-13 
 4.41920000e-07  5.01808829e-11  4.41920000e-07  1.55223698e-13 
 4.43920000e-07  5.01808829e-11  4.43920000e-07  1.55376824e-13 
 4.45920000e-07  5.01808829e-11  4.45920000e-07  1.55519778e-13 
 4.47920000e-07  5.01808829e-11  4.47920000e-07  1.55652866e-13 
 4.49920000e-07  5.01808829e-11  4.49920000e-07  1.55776402e-13 
 4.51920000e-07  5.01808829e-11  4.51920000e-07  1.55890704e-13 
 4.53920000e-07  5.01808829e-11  4.53920000e-07  1.55996096e-13 
 4.55920000e-07  5.01808829e-11  4.55920000e-07  1.56092907e-13 
 4.57920000e-07  5.01808829e-11  4.57920000e-07  1.56181474e-13 
 4.59920000e-07  5.01808829e-11  4.59920000e-07  1.56262136e-13 
 4.61920000e-07  5.01808829e-11  4.61920000e-07  1.56335239e-13 
 4.63920000e-07  5.01808829e-11  4.63920000e-07  1.56401133e-13 
 4.65920000e-07  5.01808829e-11  4.65920000e-07  1.56460173e-13 
 4.67920000e-07  5.01808829e-11  4.67920000e-07  1.56512718e-13 
 4.69920000e-07  5.01808829e-11  4.69920000e-07  1.56559131e-13 
 4.71920000e-07  5.01808829e-11  4.71920000e-07  1.56599780e-13 
 4.73920000e-07  5.01808829e-11  4.73920000e-07  1.56635034e-13 
 4.75920000e-07  5.01808829e-11  4.75920000e-07  1.56665269e-13 
 4.77920000e-07  5.01808829e-11  4.77920000e-07  1.56690861e-13 
 4.79920000e-07  5.01808829e-11  4.79920000e-07  1.56712190e-13 
 4.81920000e-07  5.01808829e-11  4.81920000e-07  1.56729639e-13 
 4.83920000e-07  5.01808829e-11  4.83920000e-07  1.56743594e-13 
 4.85920000e-07  5.01808829e-11  4.85920000e-07  1.56754442e-13 
 4.87920000e-07  5.01808829e-11  4.87920000e-07  1.56762572e-13 
 4.89920000e-07  5.01808829e-11  4.89920000e-07  1.56768376e-13 
 4.91920000e-07  5.01808829e-11  4.91920000e-07  1.56772245e-13 
 4.93920000e-07  5.01808829e-11  4.93920000e-07  1.56774575e-13 
 4.95920000e-07  5.01808829e-11  4.95920000e-07  1.56775759e-13 
 4.97920000e-07  5.01808829e-11  4.97920000e-07  1.56776194e-13 
 4.99920000e-07  5.01808829e-11  4.99920000e-07  1.56776274e-13 
 5.01920000e-07  5.01808829e-11  5.01920000e-07  1.56776396e-13 
 5.03920000e-07  5.01808829e-11  5.03920000e-07  1.56776957e-13 
 5.05920000e-07  5.01808829e-11  5.05920000e-07  1.56778351e-13 
 5.07920000e-07  5.01808829e-11  5.07920000e-07  1.56780975e-13 
 5.09920000e-07  5.01808829e-11  5.09920000e-07  1.56785222e-13 
 5.11920000e-07  5.01808829e-11  5.11920000e-07  1.56791486e-13 
 5.13920000e-07  5.01808829e-11  5.13920000e-07  1.56800160e-13 
 5.15920000e-07  5.01808829e-11  5.15920000e-07  1.56811633e-13 
 5.17920000e-07  5.01808829e-11  5.17920000e-07  1.56826295e-13 
 5.19920000e-07  5.01808829e-11  5.19920000e-07  1.56844532e-13 
 5.21920000e-07  5.01808829e-11  5.21920000e-07  1.56866729e-13 
 5.23920000e-07  5.01808829e-11  5.23920000e-07  1.56893268e-13 
 5.25920000e-07  5.01808829e-11  5.25920000e-07  1.56924528e-13 
 5.27920000e-07  5.01808829e-11  5.27920000e-07  1.56960885e-13 
 5.29920000e-07  5.01808829e-11  5.29920000e-07  1.57002712e-13 
 5.31920000e-07  5.01808829e-11  5.31920000e-07  1.57050379e-13 
 5.33920000e-07  5.01808829e-11  5.33920000e-07  1.57104252e-13 
 5.35920000e-07  5.01808829e-11  5.35920000e-07  1.57164692e-13 
 5.37920000e-07  5.01808829e-11  5.37920000e-07  1.57232057e-13 
 5.39920000e-07  5.01808829e-11  5.39920000e-07  1.57306700e-13 
 5.41920000e-07  5.01808829e-11  5.41920000e-07  1.57388970e-13 
 5.43920000e-07  5.01808829e-11  5.43920000e-07  1.57479211e-13 
 5.45920000e-07  5.01808829e-11  5.45920000e-07  1.57577762e-13 
 5.47920000e-07  5.01808829e-11  5.47920000e-07  1.57684956e-13 
 5.49920000e-07  5.01808829e-11  5.49920000e-07  1.57801121e-13 
 5.51920000e-07  5.01808829e-11  5.51920000e-07  1.57926580e-13 
 5.53920000e-07  5.01808829e-11  5.53920000e-07  1.58061648e-13 
 5.55920000e-07  5.01808829e-11  5.55920000e-07  1.58206638e-13 
 5.57920000e-07  5.01808829e-11  5.57920000e-07  1.58361851e-13 
 5.59920000e-07  5.01808829e-11  5.59920000e-07  1.58527587e-13 
 5.61920000e-07  5.01808829e-11  5.61920000e-07  1.58704136e-13 
 5.63920000e-07  5.01808829e-11  5.63920000e-07  1.58891782e-13 
 5.65920000e-07  5.01808829e-11  5.65920000e-07  1.59090802e-13 
 5.67920000e-07  5.01808829e-11  5.67920000e-07  1.59301466e-13 
 5.69920000e-07  5.01808829e-11  5.69920000e-07  1.59524037e-13 
 5.71920000e-07  5.01808829e-11  5.71920000e-07  1.59758770e-13 
 5.73920000e-07  5.01808829e-11  5.73920000e-07  1.60005911e-13 
 5.75920000e-07  5.01808829e-11  5.75920000e-07  1.60265700e-13 
 5.77920000e-07  5.01808829e-11  5.77920000e-07  1.60538369e-13 
 5.79920000e-07  5.01808829e-11  5.79920000e-07  1.60824141e-13 
 5.81920000e-07  5.01808829e-11  5.81920000e-07  1.61123230e-13 
 5.83920000e-07  5.01808829e-11  5.83920000e-07  1.61435843e-13 
 5.85920000e-07  5.01808829e-11  5.85920000e-07  1.61762179e-13 
 5.87920000e-07  5.01808829e-11  5.87920000e-07  1.62102426e-13 
 5.89920000e-07  5.01808829e-11  5.89920000e-07  1.62456764e-13 
 5.91920000e-07  5.01808829e-11  5.91920000e-07  1.62825366e-13 
 5.93920000e-07  5.01808829e-11  5.93920000e-07  1.63208394e-13 
 5.95920000e-07  5.01808829e-11  5.95920000e-07  1.63606001e-13 
 5.97920000e-07  5.01808829e-11  5.97920000e-07  1.64018331e-13 
 5.99920000e-07  5.01808829e-11  5.99920000e-07  1.64445519e-13 
 6.01920000e-07  5.01808829e-11  6.01920000e-07  1.64887691e-13 
 6.03920000e-07  5.01808829e-11  6.03920000e-07  1.65344962e-13 
 6.05920000e-07  5.01808829e-11  6.05920000e-07  1.65817439e-13 
 6.07920000e-07  5.01808829e-11  6.07920000e-07  1.66305219e-13 
 6.09920000e-07  5.01808829e-11  6.09920000e-07  1.66808388e-13 
 6.11920000e-07  5.01808829e-11  6.11920000e-07  1.67327024e-13 
 6.13920000e-07  5.01808829e-11  6.13920000e-07  1.67861195e-13 
 6.15920000e-07  5.01808829e-11  6.15920000e-07  1.68410957e-13 
 6.17920000e-07  5.01808829e-11  6.17920000e-07  1.68976360e-13 
 6.19920000e-07  5.01808829e-11  6.19920000e-07  1.69557441e-13 
 6.21920000e-07  5.01808829e-11  6.21920000e-07  1.70154227e-13 
 6.23920000e-07  5.01808829e-11  6.23920000e-07  1.70766738e-13 
 6.25920000e-07  5.01808829e-11  6.25920000e-07  1.71394981e-13 
 6.27920000e-07  5.01808829e-11  6.27920000e-07  1.72038954e-13 
 6.29920000e-07  5.01808829e-11  6.29920000e-07  1.72698646e-13 
 6.31920000e-07  5.01808829e-11  6.31920000e-07  1.73374034e-13 
 6.33920000e-07  5.01808829e-11  6.33920000e-07  1.74065088e-13 
 6.35920000e-07  5.01808829e-11  6.35920000e-07  1.74771766e-13 
 6.37920000e-07  5.01808829e-11  6.37920000e-07  1.75494016e-13 
 6.39920000e-07  5.01808829e-11  6.39920000e-07  1.76231776e-13 
 6.41920000e-07  5.01808829e-11  6.41920000e-07  1.76984977e-13 
 6.43920000e-07  5.01808829e-11  6.43920000e-07  1.77753537e-13 
 6.45920000e-07  5.01808829e-11  6.45920000e-07  1.78537365e-13 
 6.47920000e-07  5.01808829e-11  6.47920000e-07  1.79336361e-13 
 6.49920000e-07  5.01808829e-11  6.49920000e-07  1.80150416e-13 
 6.51920000e-07  5.01808829e-11  6.51920000e-07  1.80979409e-13 
 6.53920000e-07  5.01808829e-11  6.53920000e-07  1.81823213e-13 
 6.55920000e-07  5.01808829e-11  6.55920000e-07  1.82681689e-13 
 6.57920000e-07  5.01808829e-11  6.57920000e-07  1.83554689e-13 
 6.59920000e-07  5.01808829e-11  6.59920000e-07  1.84442057e-13 
 6.61920000e-07  5.01808829e-11  6.61920000e-07  1.85343628e-13 
 6.63920000e-07  5.01808829e-11  6.63920000e-07  1.86259225e-13 
 6.65920000e-07  5.01808829e-11  6.65920000e-07  1.87188667e-13 
 6.67920000e-07  5.01808829e-11  6.67920000e-07  1.88131760e-13 
 6.69920000e-07  5.01808829e-11  6.69920000e-07  1.89088304e-13 
 6.71920000e-07  5.01808829e-11  6.71920000e-07  1.90058089e-13 
 6.73920000e-07  5.01808829e-11  6.73920000e-07  1.91040898e-13 
 6.75920000e-07  5.01808829e-11  6.75920000e-07  1.92036503e-13 
 6.77920000e-07  5.01808829e-11  6.77920000e-07  1.93044672e-13 
 6.79920000e-07  5.01808829e-11  6.79920000e-07  1.94065161e-13 
 6.81920000e-07  5.01808829e-11  6.81920000e-07  1.95097722e-13 
 6.83920000e-07  5.01808829e-11  6.83920000e-07  1.96142096e-13 
 6.85920000e-07  5.01808829e-11  6.85920000e-07  1.97198018e-13 
 6.87920000e-07  5.01808829e-11  6.87920000e-07  1.98265216e-13 
 6.89920000e-07  5.01808829e-11  6.89920000e-07  1.99343412e-13 
 6.91920000e-07  5.01808829e-11  6.91920000e-07  2.00432317e-13 
 6.93920000e-07  5.01808829e-11  6.93920000e-07  2.01531640e-13 
 6.95920000e-07  5.01808829e-11  6.95920000e-07  2.02641081e-13 
 6.97920000e-07  5.01808829e-11  6.97920000e-07  2.03760332e-13 
 6.99920000e-07  5.01808829e-11  6.99920000e-07  2.04889083e-13 
 7.01920000e-07  5.01808829e-11  7.01920000e-07  2.06027014e-13 
 7.03920000e-07  5.01808829e-11  7.03920000e-07  2.07173802e-13 
 7.05920000e-07  5.01808829e-11  7.05920000e-07  2.08329116e-13 
 7.07920000e-07  5.01808829e-11  7.07920000e-07  2.09492622e-13 
 7.09920000e-07  5.01808829e-11  7.09920000e-07  2.10663979e-13 
 7.11920000e-07  5.01808829e-11  7.11920000e-07  2.11842843e-13 
 7.13920000e-07  5.01808829e-11  7.13920000e-07  2.13028862e-13 
 7.15920000e-07  5.01808829e-11  7.15920000e-07  2.14221683e-13 
 7.17920000e-07  5.01808829e-11  7.17920000e-07  2.15420947e-13 
 7.19920000e-07  5.01808829e-11  7.19920000e-07  2.16626290e-13 
 7.21920000e-07  5.01808829e-11  7.21920000e-07  2.17837347e-13 
 7.23920000e-07  5.01808829e-11  7.23920000e-07  2.19053746e-13 
 7.25920000e-07  5.01808829e-11  7.25920000e-07  2.20275114e-13 
 7.27920000e-07  5.01808829e-11  7.27920000e-07  2.21501074e-13 
 7.29920000e-07  5.01808829e-11  7.29920000e-07  2.22731246e-13 
 7.31920000e-07  5.01808829e-11  7.31920000e-07  2.23965249e-13 
 7.33920000e-07  5.01808829e-11  7.33920000e-07  2.25202696e-13 
 7.35920000e-07  5.01808829e-11  7.35920000e-07  2.26443202e-13 
 7.37920000e-07  5.01808829e-11  7.37920000e-07  2.27686376e-13 
 7.39920000e-07  5.01808829e-11  7.39920000e-07  2.28931830e-13 
 7.41920000e-07  5.01808829e-11  7.41920000e-07  2.30179169e-13 
 7.43920000e-07  5.01808829e-11  7.43920000e-07  2.31428002e-13 
 7.45920000e-07  5.01808829e-11  7.45920000e-07  2.32677934e-13 
 7.47920000e-07  5.01808829e-11  7.47920000e-07  2.33928570e-13 
 7.49920000e-07  5.01808829e-11  7.49920000e-07  2.35179515e-13 
 7.51920000e-07  5.01808829e-11  7.51920000e-07  2.36430374e-13 
 7.53920000e-07  5.01808829e-11  7.53920000e-07  2.37680750e-13 
 7.55920000e-07  5.01808829e-11  7.55920000e-07  2.38930249e-13 
 7.57920000e-07  5.01808829e-11  7.57920000e-07  2.40178476e-13 
 7.59920000e-07  5.01808829e-11  7.59920000e-07  2.41425037e-13 
 7.61920000e-07  5.01808829e-11  7.61920000e-07  2.42669541e-13 
 7.63920000e-07  5.01808829e-11  7.63920000e-07  2.43911594e-13 
 7.65920000e-07  5.01808829e-11  7.65920000e-07  2.45150808e-13 
 7.67920000e-07  5.01808829e-11  7.67920000e-07  2.46386794e-13 
 7.69920000e-07  5.01808829e-11  7.69920000e-07  2.47619167e-13 
 7.71920000e-07  5.01808829e-11  7.71920000e-07  2.48847543e-13 
 7.73920000e-07  5.01808829e-11  7.73920000e-07  2.50071540e-13 
 7.75920000e-07  5.01808829e-11  7.75920000e-07  2.51290780e-13 
 7.77920000e-07  5.01808829e-11  7.77920000e-07  2.52504888e-13 
 7.79920000e-07  5.01808829e-11  7.79920000e-07  2.53713491e-13 
 7.81920000e-07  5.01808829e-11  7.81920000e-07  2.54916221e-13 
 7.83920000e-07  5.01808829e-11  7.83920000e-07  2.56112714e-13 
 7.85920000e-07  5.01808829e-11  7.85920000e-07  2.57302607e-13 
 7.87920000e-07  5.01808829e-11  7.87920000e-07  2.58485544e-13 
 7.89920000e-07  5.01808829e-11  7.89920000e-07  2.59661173e-13 
 7.91920000e-07  5.01808829e-11  7.91920000e-07  2.60829147e-13 
 7.93920000e-07  5.01808829e-11  7.93920000e-07  2.61989121e-13 
 7.95920000e-07  5.01808829e-11  7.95920000e-07  2.63140758e-13 
 7.97920000e-07  5.01808829e-11  7.97920000e-07  2.64283726e-13 
 7.99920000e-07  5.01808829e-11  7.99920000e-07  2.65417697e-13 
 8.01920000e-07  5.01808829e-11  8.01920000e-07  2.66542350e-13 
 8.03920000e-07  5.01808829e-11  8.03920000e-07  2.67657370e-13 
 8.05920000e-07  5.01808829e-11  8.05920000e-07  2.68762447e-13 
 8.07920000e-07  5.01808829e-11  8.07920000e-07  2.69857277e-13 
 8.09920000e-07  5.01808829e-11  8.09920000e-07  2.70941565e-13 
 8.11920000e-07  5.01808829e-11  8.11920000e-07  2.72015020e-13 
 8.13920000e-07  5.01808829e-11  8.13920000e-07  2.73077359e-13 
 8.15920000e-07  5.01808829e-11  8.15920000e-07  2.74128306e-13 
 8.17920000e-07  5.01808829e-11  8.17920000e-07  2.75167592e-13 
 8.19920000e-07  5.01808829e-11  8.19920000e-07  2.76194956e-13 
 8.21920000e-07  5.01808829e-11  8.21920000e-07  2.77210143e-13 
 8.23920000e-07  5.01808829e-11  8.23920000e-07  2.78212907e-13 
 8.25920000e-07  5.01808829e-11  8.25920000e-07  2.79203010e-13 
 8.27920000e-07  5.01808829e-11  8.27920000e-07  2.80180222e-13 
 8.29920000e-07  5.01808829e-11  8.29920000e-07  2.81144320e-13 
 8.31920000e-07  5.01808829e-11  8.31920000e-07  2.82095090e-13 
 8.33920000e-07  5.01808829e-11  8.33920000e-07  2.83032326e-13 
 8.35920000e-07  5.01808829e-11  8.35920000e-07  2.83955832e-13 
 8.37920000e-07  5.01808829e-11  8.37920000e-07  2.84865419e-13 
 8.39920000e-07  5.01808829e-11  8.39920000e-07  2.85760909e-13 
 8.41920000e-07  5.01808829e-11  8.41920000e-07  2.86642129e-13 
 8.43920000e-07  5.01808829e-11  8.43920000e-07  2.87508919e-13 
 8.45920000e-07  5.01808829e-11  8.45920000e-07  2.88361126e-13 
 8.47920000e-07  5.01808829e-11  8.47920000e-07  2.89198607e-13 
 8.49920000e-07  5.01808829e-11  8.49920000e-07  2.90021228e-13 
 8.51920000e-07  5.01808829e-11  8.51920000e-07  2.90828865e-13 
 8.53920000e-07  5.01808829e-11  8.53920000e-07  2.91621402e-13 
 8.55920000e-07  5.01808829e-11  8.55920000e-07  2.92398734e-13 
 8.57920000e-07  5.01808829e-11  8.57920000e-07  2.93160765e-13 
 8.59920000e-07  5.01808829e-11  8.59920000e-07  2.93907409e-13 
 8.61920000e-07  5.01808829e-11  8.61920000e-07  2.94638589e-13 
 8.63920000e-07  5.01808829e-11  8.63920000e-07  2.95354239e-13 
 8.65920000e-07  5.01808829e-11  8.65920000e-07  2.96054302e-13 
 8.67920000e-07  5.01808829e-11  8.67920000e-07  2.96738730e-13 
 8.69920000e-07  5.01808829e-11  8.69920000e-07  2.97407487e-13 
 8.71920000e-07  5.01808829e-11  8.71920000e-07  2.98060546e-13 
 8.73920000e-07  5.01808829e-11  8.73920000e-07  2.98697888e-13 
 8.75920000e-07  5.01808829e-11  8.75920000e-07  2.99319507e-13 
 8.77920000e-07  5.01808829e-11  8.77920000e-07  2.99925405e-13 
 8.79920000e-07  5.01808829e-11  8.79920000e-07  3.00515595e-13 
 8.81920000e-07  5.01808829e-11  8.81920000e-07  3.01090098e-13 
 8.83920000e-07  5.01808829e-11  8.83920000e-07  3.01648948e-13 
 8.85920000e-07  5.01808829e-11  8.85920000e-07  3.02192187e-13 
 8.87920000e-07  5.01808829e-11  8.87920000e-07  3.02719866e-13 
 8.89920000e-07  5.01808829e-11  8.89920000e-07  3.03232048e-13 
 8.91920000e-07  5.01808829e-11  8.91920000e-07  3.03728803e-13 
 8.93920000e-07  5.01808829e-11  8.93920000e-07  3.04210215e-13 
 8.95920000e-07  5.01808829e-11  8.95920000e-07  3.04676373e-13 
 8.97920000e-07  5.01808829e-11  8.97920000e-07  3.05127379e-13 
 8.99920000e-07  5.01808829e-11  8.99920000e-07  3.05563343e-13 
 9.01920000e-07  5.01808829e-11  9.01920000e-07  3.05984385e-13 
 9.03920000e-07  5.01808829e-11  9.03920000e-07  3.06390634e-13 
 9.05920000e-07  5.01808829e-11  9.05920000e-07  3.06782229e-13 
 9.07920000e-07  5.01808829e-11  9.07920000e-07  3.07159317e-13 
 9.09920000e-07  5.01808829e-11  9.09920000e-07  3.07522056e-13 
 9.11920000e-07  5.01808829e-11  9.11920000e-07  3.07870612e-13 
 9.13920000e-07  5.01808829e-11  9.13920000e-07  3.08205160e-13 
 9.15920000e-07  5.01808829e-11  9.15920000e-07  3.08525883e-13 
 9.17920000e-07  5.01808829e-11  9.17920000e-07  3.08832976e-13 
 9.19920000e-07  5.01808829e-11  9.19920000e-07  3.09126638e-13 
 9.21920000e-07  5.01808829e-11  9.21920000e-07  3.09407079e-13 
 9.23920000e-07  5.01808829e-11  9.23920000e-07  3.09674518e-13 
 9.25920000e-07  5.01808829e-11  9.25920000e-07  3.09929182e-13 
 9.27920000e-07  5.01808829e-11  9.27920000e-07  3.10171303e-13 
 9.29920000e-07  5.01808829e-11  9.29920000e-07  3.10401126e-13 
 9.31920000e-07  5.01808829e-11  9.31920000e-07  3.10618899e-13 
 9.33920000e-07  5.01808829e-11  9.33920000e-07  3.10824880e-13 
 9.35920000e-07  5.01808829e-11  9.35920000e-07  3.11019335e-13 
 9.37920000e-07  5.01808829e-11  9.37920000e-07  3.11202536e-13 
 9.39920000e-07  5.01808829e-11  9.39920000e-07  3.11374763e-13 
 9.41920000e-07  5.01808829e-11  9.41920000e-07  3.11536302e-13 
 9.43920000e-07  5.01808829e-11  9.43920000e-07  3.11687445e-13 
 9.45920000e-07  5.01808829e-11  9.45920000e-07  3.11828494e-13 
 9.47920000e-07  5.01808829e-11  9.47920000e-07  3.11959753e-13 
 9.49920000e-07  5.01808829e-11  9.49920000e-07  3.12081536e-13 
 9.51920000e-07  5.01808829e-11  9.51920000e-07  3.12194160e-13 
 9.53920000e-07  5.01808829e-11  9.53920000e-07  3.12297950e-13 
 9.55920000e-07  5.01808829e-11  9.55920000e-07  3.12393235e-13 
 9.57920000e-07  5.01808829e-11  9.57920000e-07  3.12480350e-13 
 9.59920000e-07  5.01808829e-11  9.59920000e-07  3.12559636e-13 
 9.61920000e-07  5.01808829e-11  9.61920000e-07  3.12631437e-13 
 9.63920000e-07  5.01808829e-11  9.63920000e-07  3.12696103e-13 
 9.65920000e-07  5.01808829e-11  9.65920000e-07  3.12753989e-13 
 9.67920000e-07  5.01808829e-11  9.67920000e-07  3.12805453e-13 
 9.69920000e-07  5.01808829e-11  9.69920000e-07  3.12850857e-13 
 9.71920000e-07  5.01808829e-11  9.71920000e-07  3.12890569e-13 
 9.73920000e-07  5.01808829e-11  9.73920000e-07  3.12924958e-13 
 9.75920000e-07  5.01808829e-11  9.75920000e-07  3.12954397e-13 
 9.77920000e-07  5.01808829e-11  9.77920000e-07  3.12979264e-13 
 9.79920000e-07  5.01808829e-11  9.79920000e-07  3.12999936e-13 
 9.81920000e-07  5.01808829e-11  9.81920000e-07  3.13016798e-13 
 9.83920000e-07  5.01808829e-11  9.83920000e-07  3.13030232e-13 
 9.85920000e-07  5.01808829e-11  9.85920000e-07  3.13040625e-13 
 9.87920000e-07  5.01808829e-11  9.87920000e-07  3.13048366e-13 
 9.89920000e-07  5.01808829e-11  9.89920000e-07  3.13053845e-13 
 9.91920000e-07  5.01808829e-11  9.91920000e-07  3.13057454e-13 
 9.93920000e-07  5.01808829e-11  9.93920000e-07  3.13059585e-13 
 9.95920000e-07  5.01808829e-11  9.95920000e-07  3.13060631e-13 
 9.97920000e-07  5.01808829e-11  9.97920000e-07  3.13060988e-13 
 9.99920000e-07  5.01808829e-11  9.99920000e-07  3.13061049e-13 
 1.00192000e-06  5.01808829e-11  1.00192000e-06  3.13061211e-13 
 1.00392000e-06  5.01808829e-11  1.00392000e-06  3.13061866e-13 
 1.00592000e-06  5.01808829e-11  1.00592000e-06  3.13063411e-13 
 1.00792000e-06  5.01808829e-11  1.00792000e-06  3.13066239e-13 
 1.00992000e-06  5.01808829e-11  1.00992000e-06  3.13070742e-13 
 1.01192000e-06  5.01808829e-11  1.01192000e-06  3.13077314e-13 
 1.01392000e-06  5.01808829e-11  1.01392000e-06  3.13086344e-13 
 1.01592000e-06  5.01808829e-11  1.01592000e-06  3.13098222e-13 
 1.01792000e-06  5.01808829e-11  1.01792000e-06  3.13113335e-13 
 1.01992000e-06  5.01808829e-11  1.01992000e-06  3.13132068e-13 
 1.02192000e-06  5.01808829e-11  1.02192000e-06  3.13154805e-13 
 1.02392000e-06  5.01808829e-11  1.02392000e-06  3.13181925e-13 
 1.02592000e-06  5.01808829e-11  1.02592000e-06  3.13213807e-13 
 1.02792000e-06  5.01808829e-11  1.02792000e-06  3.13250824e-13 
 1.02992000e-06  5.01808829e-11  1.02992000e-06  3.13293349e-13 
 1.03192000e-06  5.01808829e-11  1.03192000e-06  3.13341748e-13 
 1.03392000e-06  5.01808829e-11  1.03392000e-06  3.13396386e-13 
 1.03592000e-06  5.01808829e-11  1.03592000e-06  3.13457624e-13 
 1.03792000e-06  5.01808829e-11  1.03792000e-06  3.13525817e-13 
 1.03992000e-06  5.01808829e-11  1.03992000e-06  3.13601316e-13 
 1.04192000e-06  5.01808829e-11  1.04192000e-06  3.13684469e-13 
 1.04392000e-06  5.01808829e-11  1.04392000e-06  3.13775618e-13 
 1.04592000e-06  5.01808829e-11  1.04592000e-06  3.13875099e-13 
 1.04792000e-06  5.01808829e-11  1.04792000e-06  3.13983244e-13 
 1.04992000e-06  5.01808829e-11  1.04992000e-06  3.14100380e-13 
 1.05192000e-06  5.01808829e-11  1.05192000e-06  3.14226826e-13 
 1.05392000e-06  5.01808829e-11  1.05392000e-06  3.14362898e-13 
 1.05592000e-06  5.01808829e-11  1.05592000e-06  3.14508905e-13 
 1.05792000e-06  5.01808829e-11  1.05792000e-06  3.14665147e-13 
 1.05992000e-06  5.01808829e-11  1.05992000e-06  3.14831921e-13 
 1.06192000e-06  5.01808829e-11  1.06192000e-06  3.15009517e-13 
 1.06392000e-06  5.01808829e-11  1.06392000e-06  3.15198215e-13 
 1.06592000e-06  5.01808829e-11  1.06592000e-06  3.15398292e-13 
 1.06792000e-06  5.01808829e-11  1.06792000e-06  3.15610015e-13 
 1.06992000e-06  5.01808829e-11  1.06992000e-06  3.15833645e-13 
 1.07192000e-06  5.01808829e-11  1.07192000e-06  3.16069435e-13 
 1.07392000e-06  5.01808829e-11  1.07392000e-06  3.16317631e-13 
 1.07592000e-06  5.01808829e-11  1.07592000e-06  3.16578469e-13 
 1.07792000e-06  5.01808829e-11  1.07792000e-06  3.16852179e-13 
 1.07992000e-06  5.01808829e-11  1.07992000e-06  3.17138983e-13 
 1.08192000e-06  5.01808829e-11  1.08192000e-06  3.17439093e-13 
 1.08392000e-06  5.01808829e-11  1.08392000e-06  3.17752714e-13 
 1.08592000e-06  5.01808829e-11  1.08592000e-06  3.18080043e-13 
 1.08792000e-06  5.01808829e-11  1.08792000e-06  3.18421266e-13 
 1.08992000e-06  5.01808829e-11  1.08992000e-06  3.18776562e-13 
 1.09192000e-06  5.01808829e-11  1.09192000e-06  3.19146101e-13 
 1.09392000e-06  5.01808829e-11  1.09392000e-06  3.19530044e-13 
 1.09592000e-06  5.01808829e-11  1.09592000e-06  3.19928542e-13 
 1.09792000e-06  5.01808829e-11  1.09792000e-06  3.20341737e-13 
 1.09992000e-06  5.01808829e-11  1.09992000e-06  3.20769762e-13 
 1.10192000e-06  5.01808829e-11  1.10192000e-06  3.21212742e-13 
 1.10392000e-06  5.01808829e-11  1.10392000e-06  3.21670789e-13 
 1.10592000e-06  5.01808829e-11  1.10592000e-06  3.22144010e-13 
 1.10792000e-06  5.01808829e-11  1.10792000e-06  3.22632498e-13 
 1.10992000e-06  5.01808829e-11  1.10992000e-06  3.23136339e-13 
 1.11192000e-06  5.01808829e-11  1.11192000e-06  3.23655610e-13 
 1.11392000e-06  5.01808829e-11  1.11392000e-06  3.24190375e-13 
 1.11592000e-06  5.01808829e-11  1.11592000e-06  3.24740691e-13 
 1.11792000e-06  5.01808829e-11  1.11792000e-06  3.25306604e-13 
 1.11992000e-06  5.01808829e-11  1.11992000e-06  3.25888151e-13 
 1.12192000e-06  5.01808829e-11  1.12192000e-06  3.26485357e-13 
 1.12392000e-06  5.01808829e-11  1.12392000e-06  3.27098240e-13 
 1.12592000e-06  5.01808829e-11  1.12592000e-06  3.27726807e-13 
 1.12792000e-06  5.01808829e-11  1.12792000e-06  3.28371053e-13 
 1.12992000e-06  5.01808829e-11  1.12992000e-06  3.29030966e-13 
 1.13192000e-06  5.01808829e-11  1.13192000e-06  3.29706523e-13 
 1.13392000e-06  5.01808829e-11  1.13392000e-06  3.30397690e-13 
 1.13592000e-06  5.01808829e-11  1.13592000e-06  3.31104426e-13 
 1.13792000e-06  5.01808829e-11  1.13792000e-06  3.31826676e-13 
 1.13992000e-06  5.01808829e-11  1.13992000e-06  3.32564379e-13 
 1.14192000e-06  5.01808829e-11  1.14192000e-06  3.33317462e-13 
 1.14392000e-06  5.01808829e-11  1.14392000e-06  3.34085843e-13 
 1.14592000e-06  5.01808829e-11  1.14592000e-06  3.34869431e-13 
 1.14792000e-06  5.01808829e-11  1.14792000e-06  3.35668125e-13 
 1.14992000e-06  5.01808829e-11  1.14992000e-06  3.36481812e-13 
 1.15192000e-06  5.01808829e-11  1.15192000e-06  3.37310373e-13 
 1.15392000e-06  5.01808829e-11  1.15392000e-06  3.38153679e-13 
 1.15592000e-06  5.01808829e-11  1.15592000e-06  3.39011590e-13 
 1.15792000e-06  5.01808829e-11  1.15792000e-06  3.39883957e-13 
 1.15992000e-06  5.01808829e-11  1.15992000e-06  3.40770624e-13 
 1.16192000e-06  5.01808829e-11  1.16192000e-06  3.41671423e-13 
 1.16392000e-06  5.01808829e-11  1.16392000e-06  3.42586180e-13 
 1.16592000e-06  5.01808829e-11  1.16592000e-06  3.43514710e-13 
 1.16792000e-06  5.01808829e-11  1.16792000e-06  3.44456819e-13 
 1.16992000e-06  5.01808829e-11  1.16992000e-06  3.45412307e-13 
 1.17192000e-06  5.01808829e-11  1.17192000e-06  3.46380964e-13 
 1.17392000e-06  5.01808829e-11  1.17392000e-06  3.47362570e-13 
 1.17592000e-06  5.01808829e-11  1.17592000e-06  3.48356900e-13 
 1.17792000e-06  5.01808829e-11  1.17792000e-06  3.49363719e-13 
 1.17992000e-06  5.01808829e-11  1.17992000e-06  3.50382784e-13 
 1.18192000e-06  5.01808829e-11  1.18192000e-06  3.51413845e-13 
 1.18392000e-06  5.01808829e-11  1.18392000e-06  3.52456645e-13 
 1.18592000e-06  5.01808829e-11  1.18592000e-06  3.53510917e-13 
 1.18792000e-06  5.01808829e-11  1.18792000e-06  3.54576390e-13 
 1.18992000e-06  5.01808829e-11  1.18992000e-06  3.55652784e-13 
 1.19192000e-06  5.01808829e-11  1.19192000e-06  3.56739812e-13 
 1.19392000e-06  5.01808829e-11  1.19392000e-06  3.57837182e-13 
 1.19592000e-06  5.01808829e-11  1.19592000e-06  3.58944593e-13 
 1.19792000e-06  5.01808829e-11  1.19792000e-06  3.60061740e-13 
 1.19992000e-06  5.01808829e-11  1.19992000e-06  3.61188309e-13 
 1.20192000e-06  5.01808829e-11  1.20192000e-06  3.62323984e-13 
 1.20392000e-06  5.01808829e-11  1.20392000e-06  3.63468440e-13 
 1.20592000e-06  5.01808829e-11  1.20592000e-06  3.64621347e-13 
 1.20792000e-06  5.01808829e-11  1.20792000e-06  3.65782370e-13 
 1.20992000e-06  5.01808829e-11  1.20992000e-06  3.66951171e-13 
 1.21192000e-06  5.01808829e-11  1.21192000e-06  3.68127403e-13 
 1.21392000e-06  5.01808829e-11  1.21392000e-06  3.69310717e-13 
 1.21592000e-06  5.01808829e-11  1.21592000e-06  3.70500760e-13 
 1.21792000e-06  5.01808829e-11  1.21792000e-06  3.71697172e-13 
 1.21992000e-06  5.01808829e-11  1.21992000e-06  3.72899592e-13 
 1.22192000e-06  5.01808829e-11  1.22192000e-06  3.74107653e-13 
 1.22392000e-06  5.01808829e-11  1.22392000e-06  3.75320986e-13 
 1.22592000e-06  5.01808829e-11  1.22592000e-06  3.76539218e-13 
 1.22792000e-06  5.01808829e-11  1.22792000e-06  3.77761971e-13 
 1.22992000e-06  5.01808829e-11  1.22992000e-06  3.78988869e-13 
 1.23192000e-06  5.01808829e-11  1.23192000e-06  3.80219528e-13 
 1.23392000e-06  5.01808829e-11  1.23392000e-06  3.81453566e-13 
 1.23592000e-06  5.01808829e-11  1.23592000e-06  3.82690595e-13 
 1.23792000e-06  5.01808829e-11  1.23792000e-06  3.83930229e-13 
 1.23992000e-06  5.01808829e-11  1.23992000e-06  3.85172076e-13 
 1.24192000e-06  5.01808829e-11  1.24192000e-06  3.86415747e-13 
 1.24392000e-06  5.01808829e-11  1.24392000e-06  3.87660849e-13 
 1.24592000e-06  5.01808829e-11  1.24592000e-06  3.88906989e-13 
 1.24792000e-06  5.01808829e-11  1.24792000e-06  3.90153774e-13 
 1.24992000e-06  5.01808829e-11  1.24992000e-06  3.91400809e-13 
 1.25192000e-06  5.01808829e-11  1.25192000e-06  3.92647699e-13 
 1.25392000e-06  5.01808829e-11  1.25392000e-06  3.93894052e-13 
 1.25592000e-06  5.01808829e-11  1.25592000e-06  3.95139472e-13 
 1.25792000e-06  5.01808829e-11  1.25792000e-06  3.96383567e-13 
 1.25992000e-06  5.01808829e-11  1.25992000e-06  3.97625945e-13 
 1.26192000e-06  5.01808829e-11  1.26192000e-06  3.98866213e-13 
 1.26392000e-06  5.01808829e-11  1.26392000e-06  4.00103983e-13 
 1.26592000e-06  5.01808829e-11  1.26592000e-06  4.01338865e-13 
 1.26792000e-06  5.01808829e-11  1.26792000e-06  4.02570473e-13 
 1.26992000e-06  5.01808829e-11  1.26992000e-06  4.03798423e-13 
 1.27192000e-06  5.01808829e-11  1.27192000e-06  4.05022332e-13 
 1.27392000e-06  5.01808829e-11  1.27392000e-06  4.06241822e-13 
 1.27592000e-06  5.01808829e-11  1.27592000e-06  4.07456514e-13 
 1.27792000e-06  5.01808829e-11  1.27792000e-06  4.08666036e-13 
 1.27992000e-06  5.01808829e-11  1.27992000e-06  4.09870017e-13 
 1.28192000e-06  5.01808829e-11  1.28192000e-06  4.11068089e-13 
 1.28392000e-06  5.01808829e-11  1.28392000e-06  4.12259891e-13 
 1.28592000e-06  5.01808829e-11  1.28592000e-06  4.13445061e-13 
 1.28792000e-06  5.01808829e-11  1.28792000e-06  4.14623246e-13 
 1.28992000e-06  5.01808829e-11  1.28992000e-06  4.15794095e-13 
 1.29192000e-06  5.01808829e-11  1.29192000e-06  4.16957261e-13 
 1.29392000e-06  5.01808829e-11  1.29392000e-06  4.18112404e-13 
 1.29592000e-06  5.01808829e-11  1.29592000e-06  4.19259187e-13 
 1.29792000e-06  5.01808829e-11  1.29792000e-06  4.20397280e-13 
 1.29992000e-06  5.01808829e-11  1.29992000e-06  4.21526357e-13 
 1.30192000e-06  5.01808829e-11  1.30192000e-06  4.22646100e-13 
 1.30392000e-06  5.01808829e-11  1.30392000e-06  4.23756193e-13 
 1.30592000e-06  5.01808829e-11  1.30592000e-06  4.24856330e-13 
 1.30792000e-06  5.01808829e-11  1.30792000e-06  4.25946209e-13 
 1.30992000e-06  5.01808829e-11  1.30992000e-06  4.27025536e-13 
 1.31192000e-06  5.01808829e-11  1.31192000e-06  4.28094023e-13 
 1.31392000e-06  5.01808829e-11  1.31392000e-06  4.29151387e-13 
 1.31592000e-06  5.01808829e-11  1.31592000e-06  4.30197356e-13 
 1.31792000e-06  5.01808829e-11  1.31792000e-06  4.31231662e-13 
 1.31992000e-06  5.01808829e-11  1.31992000e-06  4.32254045e-13 
 1.32192000e-06  5.01808829e-11  1.32192000e-06  4.33264253e-13 
 1.32392000e-06  5.01808829e-11  1.32392000e-06  4.34262043e-13 
 1.32592000e-06  5.01808829e-11  1.32592000e-06  4.35247176e-13 
 1.32792000e-06  5.01808829e-11  1.32792000e-06  4.36219426e-13 
 1.32992000e-06  5.01808829e-11  1.32992000e-06  4.37178571e-13 
 1.33192000e-06  5.01808829e-11  1.33192000e-06  4.38124400e-13 
 1.33392000e-06  5.01808829e-11  1.33392000e-06  4.39056708e-13 
 1.33592000e-06  5.01808829e-11  1.33592000e-06  4.39975301e-13 
 1.33792000e-06  5.01808829e-11  1.33792000e-06  4.40879993e-13 
 1.33992000e-06  5.01808829e-11  1.33992000e-06  4.41770605e-13 
 1.34192000e-06  5.01808829e-11  1.34192000e-06  4.42646968e-13 
 1.34392000e-06  5.01808829e-11  1.34392000e-06  4.43508924e-13 
 1.34592000e-06  5.01808829e-11  1.34592000e-06  4.44356321e-13 
 1.34792000e-06  5.01808829e-11  1.34792000e-06  4.45189019e-13 
 1.34992000e-06  5.01808829e-11  1.34992000e-06  4.46006884e-13 
 1.35192000e-06  5.01808829e-11  1.35192000e-06  4.46809794e-13 
 1.35392000e-06  5.01808829e-11  1.35392000e-06  4.47597636e-13 
 1.35592000e-06  5.01808829e-11  1.35592000e-06  4.48370306e-13 
 1.35792000e-06  5.01808829e-11  1.35792000e-06  4.49127710e-13 
 1.35992000e-06  5.01808829e-11  1.35992000e-06  4.49869763e-13 
 1.36192000e-06  5.01808829e-11  1.36192000e-06  4.50596391e-13 
 1.36392000e-06  5.01808829e-11  1.36392000e-06  4.51307529e-13 
 1.36592000e-06  5.01808829e-11  1.36592000e-06  4.52003120e-13 
 1.36792000e-06  5.01808829e-11  1.36792000e-06  4.52683120e-13 
 1.36992000e-06  5.01808829e-11  1.36992000e-06  4.53347494e-13 
 1.37192000e-06  5.01808829e-11  1.37192000e-06  4.53996214e-13 
 1.37392000e-06  5.01808829e-11  1.37392000e-06  4.54629267e-13 
 1.37592000e-06  5.01808829e-11  1.37592000e-06  4.55246645e-13 
 1.37792000e-06  5.01808829e-11  1.37792000e-06  4.55848352e-13 
 1.37992000e-06  5.01808829e-11  1.37992000e-06  4.56434403e-13 
 1.38192000e-06  5.01808829e-11  1.38192000e-06  4.57004821e-13 
 1.38392000e-06  5.01808829e-11  1.38392000e-06  4.57559641e-13 
 1.38592000e-06  5.01808829e-11  1.38592000e-06  4.58098904e-13 
 1.38792000e-06  5.01808829e-11  1.38792000e-06  4.58622666e-13 
 1.38992000e-06  5.01808829e-11  1.38992000e-06  4.59130988e-13 
 1.39192000e-06  5.01808829e-11  1.39192000e-06  4.59623945e-13 
 1.39392000e-06  5.01808829e-11  1.39392000e-06  4.60101617e-13 
 1.39592000e-06  5.01808829e-11  1.39592000e-06  4.60564099e-13 
 1.39792000e-06  5.01808829e-11  1.39792000e-06  4.61011491e-13 
 1.39992000e-06  5.01808829e-11  1.39992000e-06  4.61443905e-13 
 1.40192000e-06  5.01808829e-11  1.40192000e-06  4.61861462e-13 
 1.40392000e-06  5.01808829e-11  1.40392000e-06  4.62264293e-13 
 1.40592000e-06  5.01808829e-11  1.40592000e-06  4.62652535e-13 
 1.40792000e-06  5.01808829e-11  1.40792000e-06  4.63026340e-13 
 1.40992000e-06  5.01808829e-11  1.40992000e-06  4.63385863e-13 
 1.41192000e-06  5.01808829e-11  1.41192000e-06  4.63731273e-13 
 1.41392000e-06  5.01808829e-11  1.41392000e-06  4.64062746e-13 
 1.41592000e-06  5.01808829e-11  1.41592000e-06  4.64380464e-13 
 1.41792000e-06  5.01808829e-11  1.41792000e-06  4.64684623e-13 
 1.41992000e-06  5.01808829e-11  1.41992000e-06  4.64975424e-13 
 1.42192000e-06  5.01808829e-11  1.42192000e-06  4.65253077e-13 
 1.42392000e-06  5.01808829e-11  1.42392000e-06  4.65517802e-13 
 1.42592000e-06  5.01808829e-11  1.42592000e-06  4.65769823e-13 
 1.42792000e-06  5.01808829e-11  1.42792000e-06  4.66009378e-13 
 1.42992000e-06  5.01808829e-11  1.42992000e-06  4.66236707e-13 
 1.43192000e-06  5.01808829e-11  1.43192000e-06  4.66452063e-13 
 1.43392000e-06  5.01808829e-11  1.43392000e-06  4.66655702e-13 
 1.43592000e-06  5.01808829e-11  1.43592000e-06  4.66847889e-13 
 1.43792000e-06  5.01808829e-11  1.43792000e-06  4.67028899e-13 
 1.43992000e-06  5.01808829e-11  1.43992000e-06  4.67199009e-13 
 1.44192000e-06  5.01808829e-11  1.44192000e-06  4.67358508e-13 
 1.44392000e-06  5.01808829e-11  1.44392000e-06  4.67507687e-13 
 1.44592000e-06  5.01808829e-11  1.44592000e-06  4.67646847e-13 
 1.44792000e-06  5.01808829e-11  1.44792000e-06  4.67776294e-13 
 1.44992000e-06  5.01808829e-11  1.44992000e-06  4.67896340e-13 
 1.45192000e-06  5.01808829e-11  1.45192000e-06  4.68007303e-13 
 1.45392000e-06  5.01808829e-11  1.45392000e-06  4.68109507e-13 
 1.45592000e-06  5.01808829e-11  1.45592000e-06  4.68203282e-13 
 1.45792000e-06  5.01808829e-11  1.45792000e-06  4.68288961e-13 
 1.45992000e-06  5.01808829e-11  1.45992000e-06  4.68366885e-13 
 1.46192000e-06  5.01808829e-11  1.46192000e-06  4.68437399e-13 
 1.46392000e-06  5.01808829e-11  1.46392000e-06  4.68500852e-13 
 1.46592000e-06  5.01808829e-11  1.46592000e-06  4.68557598e-13 
 1.46792000e-06  5.01808829e-11  1.46792000e-06  4.68607995e-13 
 1.46992000e-06  5.01808829e-11  1.46992000e-06  4.68652404e-13 
 1.47192000e-06  5.01808829e-11  1.47192000e-06  4.68691192e-13 
 1.47392000e-06  5.01808829e-11  1.47392000e-06  4.68724729e-13 
 1.47592000e-06  5.01808829e-11  1.47592000e-06  4.68753386e-13 
 1.47792000e-06  5.01808829e-11  1.47792000e-06  4.68777539e-13 
 1.47992000e-06  5.01808829e-11  1.47992000e-06  4.68797568e-13 
 1.48192000e-06  5.01808829e-11  1.48192000e-06  4.68813853e-13 
 1.48392000e-06  5.01808829e-11  1.48392000e-06  4.68826777e-13 
 1.48592000e-06  5.01808829e-11  1.48592000e-06  4.68836727e-13 
 1.48792000e-06  5.01808829e-11  1.48792000e-06  4.68844090e-13 
 1.48992000e-06  5.01808829e-11  1.48992000e-06  4.68849255e-13 
 1.49192000e-06  5.01808829e-11  1.49192000e-06  4.68852612e-13 
 1.49392000e-06  5.01808829e-11  1.49392000e-06  4.68854554e-13 
 1.49592000e-06  5.01808829e-11  1.49592000e-06  4.68855472e-13 
 1.49792000e-06  5.01808829e-11  1.49792000e-06  4.68855760e-13 
 1.49992000e-06  5.01808829e-11  1.49992000e-06  4.68855811e-13 
 1.50192000e-06  5.01808829e-11  1.50192000e-06  4.68856019e-13 
 1.50392000e-06  5.01808829e-11  1.50392000e-06  4.68856778e-13 
 1.50592000e-06  5.01808829e-11  1.50592000e-06  4.68858480e-13 
 1.50792000e-06  5.01808829e-11  1.50792000e-06  4.68861519e-13 
 1.50992000e-06  5.01808829e-11  1.50992000e-06  4.68866286e-13 
 1.51192000e-06  5.01808829e-11  1.51192000e-06  4.68873171e-13 
 1.51392000e-06  5.01808829e-11  1.51392000e-06  4.68882563e-13 
 1.51592000e-06  5.01808829e-11  1.51592000e-06  4.68894852e-13 
 1.51792000e-06  5.01808829e-11  1.51792000e-06  4.68910421e-13 
 1.51992000e-06  5.01808829e-11  1.51992000e-06  4.68929656e-13 
 1.52192000e-06  5.01808829e-11  1.52192000e-06  4.68952936e-13 
 1.52392000e-06  5.01808829e-11  1.52392000e-06  4.68980642e-13 
 1.52592000e-06  5.01808829e-11  1.52592000e-06  4.69013149e-13 
 1.52792000e-06  5.01808829e-11  1.52792000e-06  4.69050830e-13 
 1.52992000e-06  5.01808829e-11  1.52992000e-06  4.69094055e-13 
 1.53192000e-06  5.01808829e-11  1.53192000e-06  4.69143190e-13 
 1.53392000e-06  5.01808829e-11  1.53392000e-06  4.69198596e-13 
 1.53592000e-06  5.01808829e-11  1.53592000e-06  4.69260634e-13 
 1.53792000e-06  5.01808829e-11  1.53792000e-06  4.69329656e-13 
 1.53992000e-06  5.01808829e-11  1.53992000e-06  4.69406013e-13 
 1.54192000e-06  5.01808829e-11  1.54192000e-06  4.69490049e-13 
 1.54392000e-06  5.01808829e-11  1.54392000e-06  4.69582106e-13 
 1.54592000e-06  5.01808829e-11  1.54592000e-06  4.69682517e-13 
 1.54792000e-06  5.01808829e-11  1.54792000e-06  4.69791614e-13 
 1.54992000e-06  5.01808829e-11  1.54992000e-06  4.69909720e-13 
 1.55192000e-06  5.01808829e-11  1.55192000e-06  4.70037153e-13 
 1.55392000e-06  5.01808829e-11  1.55392000e-06  4.70174228e-13 
 1.55592000e-06  5.01808829e-11  1.55592000e-06  4.70321250e-13 
 1.55792000e-06  5.01808829e-11  1.55792000e-06  4.70478519e-13 
 1.55992000e-06  5.01808829e-11  1.55992000e-06  4.70646330e-13 
 1.56192000e-06  5.01808829e-11  1.56192000e-06  4.70824970e-13 
 1.56392000e-06  5.01808829e-11  1.56392000e-06  4.71014719e-13 
 1.56592000e-06  5.01808829e-11  1.56592000e-06  4.71215849e-13 
 1.56792000e-06  5.01808829e-11  1.56792000e-06  4.71428628e-13 
 1.56992000e-06  5.01808829e-11  1.56992000e-06  4.71653314e-13 
 1.57192000e-06  5.01808829e-11  1.57192000e-06  4.71890158e-13 
 1.57392000e-06  5.01808829e-11  1.57392000e-06  4.72139403e-13 
 1.57592000e-06  5.01808829e-11  1.57592000e-06  4.72401286e-13 
 1.57792000e-06  5.01808829e-11  1.57792000e-06  4.72676033e-13 
 1.57992000e-06  5.01808829e-11  1.57992000e-06  4.72963864e-13 
 1.58192000e-06  5.01808829e-11  1.58192000e-06  4.73264990e-13 
 1.58392000e-06  5.01808829e-11  1.58392000e-06  4.73579614e-13 
 1.58592000e-06  5.01808829e-11  1.58592000e-06  4.73907930e-13 
 1.58792000e-06  5.01808829e-11  1.58792000e-06  4.74250124e-13 
 1.58992000e-06  5.01808829e-11  1.58992000e-06  4.74606372e-13 
 1.59192000e-06  5.01808829e-11  1.59192000e-06  4.74976843e-13 
 1.59392000e-06  5.01808829e-11  1.59392000e-06  4.75361694e-13 
 1.59592000e-06  5.01808829e-11  1.59592000e-06  4.75761076e-13 
 1.59792000e-06  5.01808829e-11  1.59792000e-06  4.76175129e-13 
 1.59992000e-06  5.01808829e-11  1.59992000e-06  4.76603985e-13 
 1.60192000e-06  5.01808829e-11  1.60192000e-06  4.77047765e-13 
 1.60392000e-06  5.01808829e-11  1.60392000e-06  4.77506582e-13 
 1.60592000e-06  5.01808829e-11  1.60592000e-06  4.77980538e-13 
 1.60792000e-06  5.01808829e-11  1.60792000e-06  4.78469728e-13 
 1.60992000e-06  5.01808829e-11  1.60992000e-06  4.78974234e-13 
 1.61192000e-06  5.01808829e-11  1.61192000e-06  4.79494131e-13 
 1.61392000e-06  5.01808829e-11  1.61392000e-06  4.80029483e-13 
 1.61592000e-06  5.01808829e-11  1.61592000e-06  4.80580345e-13 
 1.61792000e-06  5.01808829e-11  1.61792000e-06  4.81146760e-13 
 1.61992000e-06  5.01808829e-11  1.61992000e-06  4.81728765e-13 
 1.62192000e-06  5.01808829e-11  1.62192000e-06  4.82326383e-13 
 1.62392000e-06  5.01808829e-11  1.62392000e-06  4.82939631e-13 
 1.62592000e-06  5.01808829e-11  1.62592000e-06  4.83568512e-13 
 1.62792000e-06  5.01808829e-11  1.62792000e-06  4.84213023e-13 
 1.62992000e-06  5.01808829e-11  1.62992000e-06  4.84873149e-13 
 1.63192000e-06  5.01808829e-11  1.63192000e-06  4.85548866e-13 
 1.63392000e-06  5.01808829e-11  1.63392000e-06  4.86240138e-13 
 1.63592000e-06  5.01808829e-11  1.63592000e-06  4.86946923e-13 
 1.63792000e-06  5.01808829e-11  1.63792000e-06  4.87669165e-13 
 1.63992000e-06  5.01808829e-11  1.63992000e-06  4.88406802e-13 
 1.64192000e-06  5.01808829e-11  1.64192000e-06  4.89159759e-13 
 1.64392000e-06  5.01808829e-11  1.64392000e-06  4.89927954e-13 
 1.64592000e-06  5.01808829e-11  1.64592000e-06  4.90711293e-13 
 1.64792000e-06  5.01808829e-11  1.64792000e-06  4.91509675e-13 
 1.64992000e-06  5.01808829e-11  1.64992000e-06  4.92322987e-13 
 1.65192000e-06  5.01808829e-11  1.65192000e-06  4.93151108e-13 
 1.65392000e-06  5.01808829e-11  1.65392000e-06  4.93993908e-13 
 1.65592000e-06  5.01808829e-11  1.65592000e-06  4.94851245e-13 
 1.65792000e-06  5.01808829e-11  1.65792000e-06  4.95722972e-13 
 1.65992000e-06  5.01808829e-11  1.65992000e-06  4.96608929e-13 
 1.66192000e-06  5.01808829e-11  1.66192000e-06  4.97508950e-13 
 1.66392000e-06  5.01808829e-11  1.66392000e-06  4.98422858e-13 
 1.66592000e-06  5.01808829e-11  1.66592000e-06  4.99350468e-13 
 1.66792000e-06  5.01808829e-11  1.66792000e-06  5.00291586e-13 
 1.66992000e-06  5.01808829e-11  1.66992000e-06  5.01246011e-13 
 1.67192000e-06  5.01808829e-11  1.67192000e-06  5.02213532e-13 
 1.67392000e-06  5.01808829e-11  1.67392000e-06  5.03193930e-13 
 1.67592000e-06  5.01808829e-11  1.67592000e-06  5.04186977e-13 
 1.67792000e-06  5.01808829e-11  1.67792000e-06  5.05192440e-13 
 1.67992000e-06  5.01808829e-11  1.67992000e-06  5.06210074e-13 
 1.68192000e-06  5.01808829e-11  1.68192000e-06  5.07239630e-13 
 1.68392000e-06  5.01808829e-11  1.68392000e-06  5.08280849e-13 
 1.68592000e-06  5.01808829e-11  1.68592000e-06  5.09333465e-13 
 1.68792000e-06  5.01808829e-11  1.68792000e-06  5.10397207e-13 
 1.68992000e-06  5.01808829e-11  1.68992000e-06  5.11471794e-13 
 1.69192000e-06  5.01808829e-11  1.69192000e-06  5.12556940e-13 
 1.69392000e-06  5.01808829e-11  1.69392000e-06  5.13652352e-13 
 1.69592000e-06  5.01808829e-11  1.69592000e-06  5.14757729e-13 
 1.69792000e-06  5.01808829e-11  1.69792000e-06  5.15872766e-13 
 1.69992000e-06  5.01808829e-11  1.69992000e-06  5.16997150e-13 
 1.70192000e-06  5.01808829e-11  1.70192000e-06  5.18130565e-13 
 1.70392000e-06  5.01808829e-11  1.70392000e-06  5.19272684e-13 
 1.70592000e-06  5.01808829e-11  1.70592000e-06  5.20423181e-13 
 1.70792000e-06  5.01808829e-11  1.70792000e-06  5.21581719e-13 
 1.70992000e-06  5.01808829e-11  1.70992000e-06  5.22747960e-13 
 1.71192000e-06  5.01808829e-11  1.71192000e-06  5.23921558e-13 
 1.71392000e-06  5.01808829e-11  1.71392000e-06  5.25102165e-13 
 1.71592000e-06  5.01808829e-11  1.71592000e-06  5.26289427e-13 
 1.71792000e-06  5.01808829e-11  1.71792000e-06  5.27482987e-13 
 1.71992000e-06  5.01808829e-11  1.71992000e-06  5.28682482e-13 
 1.72192000e-06  5.01808829e-11  1.72192000e-06  5.29887547e-13 
 1.72392000e-06  5.01808829e-11  1.72392000e-06  5.31097813e-13 
 1.72592000e-06  5.01808829e-11  1.72592000e-06  5.32312907e-13 
 1.72792000e-06  5.01808829e-11  1.72792000e-06  5.33532455e-13 
 1.72992000e-06  5.01808829e-11  1.72992000e-06  5.34756078e-13 
 1.73192000e-06  5.01808829e-11  1.73192000e-06  5.35983395e-13 
 1.73392000e-06  5.01808829e-11  1.73392000e-06  5.37214023e-13 
 1.73592000e-06  5.01808829e-11  1.73592000e-06  5.38447578e-13 
 1.73792000e-06  5.01808829e-11  1.73792000e-06  5.39683672e-13 
 1.73992000e-06  5.01808829e-11  1.73992000e-06  5.40921916e-13 
 1.74192000e-06  5.01808829e-11  1.74192000e-06  5.42161920e-13 
 1.74392000e-06  5.01808829e-11  1.74392000e-06  5.43403294e-13 
 1.74592000e-06  5.01808829e-11  1.74592000e-06  5.44645646e-13 
 1.74792000e-06  5.01808829e-11  1.74792000e-06  5.45888582e-13 
 1.74992000e-06  5.01808829e-11  1.74992000e-06  5.47131710e-13 
 1.75192000e-06  5.01808829e-11  1.75192000e-06  5.48374638e-13 
 1.75392000e-06  5.01808829e-11  1.75392000e-06  5.49616971e-13 
 1.75592000e-06  5.01808829e-11  1.75592000e-06  5.50858318e-13 
 1.75792000e-06  5.01808829e-11  1.75792000e-06  5.52098286e-13 
 1.75992000e-06  5.01808829e-11  1.75992000e-06  5.53336485e-13 
 1.76192000e-06  5.01808829e-11  1.76192000e-06  5.54572525e-13 
 1.76392000e-06  5.01808829e-11  1.76392000e-06  5.55806016e-13 
 1.76592000e-06  5.01808829e-11  1.76592000e-06  5.57036573e-13 
 1.76792000e-06  5.01808829e-11  1.76792000e-06  5.58263811e-13 
 1.76992000e-06  5.01808829e-11  1.76992000e-06  5.59487345e-13 
 1.77192000e-06  5.01808829e-11  1.77192000e-06  5.60706797e-13 
 1.77392000e-06  5.01808829e-11  1.77392000e-06  5.61921787e-13 
 1.77592000e-06  5.01808829e-11  1.77592000e-06  5.63131940e-13 
 1.77792000e-06  5.01808829e-11  1.77792000e-06  5.64336885e-13 
 1.77992000e-06  5.01808829e-11  1.77992000e-06  5.65536252e-13 
 1.78192000e-06  5.01808829e-11  1.78192000e-06  5.66729676e-13 
 1.78392000e-06  5.01808829e-11  1.78392000e-06  5.67916797e-13 
 1.78592000e-06  5.01808829e-11  1.78592000e-06  5.69097255e-13 
 1.78792000e-06  5.01808829e-11  1.78792000e-06  5.70270698e-13 
 1.78992000e-06  5.01808829e-11  1.78992000e-06  5.71436777e-13 
 1.79192000e-06  5.01808829e-11  1.79192000e-06  5.72595148e-13 
 1.79392000e-06  5.01808829e-11  1.79392000e-06  5.73745471e-13 
 1.79592000e-06  5.01808829e-11  1.79592000e-06  5.74887412e-13 
 1.79792000e-06  5.01808829e-11  1.79792000e-06  5.76020643e-13 
 1.79992000e-06  5.01808829e-11  1.79992000e-06  5.77144839e-13 
 1.80192000e-06  5.01808829e-11  1.80192000e-06  5.78259683e-13 
 1.80392000e-06  5.01808829e-11  1.80392000e-06  5.79364864e-13 
 1.80592000e-06  5.01808829e-11  1.80592000e-06  5.80460075e-13 
 1.80792000e-06  5.01808829e-11  1.80792000e-06  5.81545017e-13 
 1.80992000e-06  5.01808829e-11  1.80992000e-06  5.82619397e-13 
 1.81192000e-06  5.01808829e-11  1.81192000e-06  5.83682930e-13 
 1.81392000e-06  5.01808829e-11  1.81392000e-06  5.84735335e-13 
 1.81592000e-06  5.01808829e-11  1.81592000e-06  5.85776340e-13 
 1.81792000e-06  5.01808829e-11  1.81792000e-06  5.86805681e-13 
 1.81992000e-06  5.01808829e-11  1.81992000e-06  5.87823100e-13 
 1.82192000e-06  5.01808829e-11  1.82192000e-06  5.88828345e-13 
 1.82392000e-06  5.01808829e-11  1.82392000e-06  5.89821176e-13 
 1.82592000e-06  5.01808829e-11  1.82592000e-06  5.90801357e-13 
 1.82792000e-06  5.01808829e-11  1.82792000e-06  5.91768661e-13 
 1.82992000e-06  5.01808829e-11  1.82992000e-06  5.92722871e-13 
 1.83192000e-06  5.01808829e-11  1.83192000e-06  5.93663776e-13 
 1.83392000e-06  5.01808829e-11  1.83392000e-06  5.94591174e-13 
 1.83592000e-06  5.01808829e-11  1.83592000e-06  5.95504872e-13 
 1.83792000e-06  5.01808829e-11  1.83792000e-06  5.96404685e-13 
 1.83992000e-06  5.01808829e-11  1.83992000e-06  5.97290438e-13 
 1.84192000e-06  5.01808829e-11  1.84192000e-06  5.98161963e-13 
 1.84392000e-06  5.01808829e-11  1.84392000e-06  5.99019104e-13 
 1.84592000e-06  5.01808829e-11  1.84592000e-06  5.99861710e-13 
 1.84792000e-06  5.01808829e-11  1.84792000e-06  6.00689642e-13 
 1.84992000e-06  5.01808829e-11  1.84992000e-06  6.01502770e-13 
 1.85192000e-06  5.01808829e-11  1.85192000e-06  6.02300973e-13 
 1.85392000e-06  5.01808829e-11  1.85392000e-06  6.03084140e-13 
 1.85592000e-06  5.01808829e-11  1.85592000e-06  6.03852168e-13 
 1.85792000e-06  5.01808829e-11  1.85792000e-06  6.04604964e-13 
 1.85992000e-06  5.01808829e-11  1.85992000e-06  6.05342447e-13 
 1.86192000e-06  5.01808829e-11  1.86192000e-06  6.06064542e-13 
 1.86392000e-06  5.01808829e-11  1.86392000e-06  6.06771187e-13 
 1.86592000e-06  5.01808829e-11  1.86592000e-06  6.07462328e-13 
 1.86792000e-06  5.01808829e-11  1.86792000e-06  6.08137920e-13 
 1.86992000e-06  5.01808829e-11  1.86992000e-06  6.08797930e-13 
 1.87192000e-06  5.01808829e-11  1.87192000e-06  6.09442333e-13 
 1.87392000e-06  5.01808829e-11  1.87392000e-06  6.10071116e-13 
 1.87592000e-06  5.01808829e-11  1.87592000e-06  6.10684273e-13 
 1.87792000e-06  5.01808829e-11  1.87792000e-06  6.11281811e-13 
 1.87992000e-06  5.01808829e-11  1.87992000e-06  6.11863744e-13 
 1.88192000e-06  5.01808829e-11  1.88192000e-06  6.12430098e-13 
 1.88392000e-06  5.01808829e-11  1.88392000e-06  6.12980907e-13 
 1.88592000e-06  5.01808829e-11  1.88592000e-06  6.13516217e-13 
 1.88792000e-06  5.01808829e-11  1.88792000e-06  6.14036081e-13 
 1.88992000e-06  5.01808829e-11  1.88992000e-06  6.14540565e-13 
 1.89192000e-06  5.01808829e-11  1.89192000e-06  6.15029743e-13 
 1.89392000e-06  5.01808829e-11  1.89392000e-06  6.15503697e-13 
 1.89592000e-06  5.01808829e-11  1.89592000e-06  6.15962523e-13 
 1.89792000e-06  5.01808829e-11  1.89792000e-06  6.16406322e-13 
 1.89992000e-06  5.01808829e-11  1.89992000e-06  6.16835207e-13 
 1.90192000e-06  5.01808829e-11  1.90192000e-06  6.17249299e-13 
 1.90392000e-06  5.01808829e-11  1.90392000e-06  6.17648731e-13 
 1.90592000e-06  5.01808829e-11  1.90592000e-06  6.18033643e-13 
 1.90792000e-06  5.01808829e-11  1.90792000e-06  6.18404183e-13 
 1.90992000e-06  5.01808829e-11  1.90992000e-06  6.18760512e-13 
 1.91192000e-06  5.01808829e-11  1.91192000e-06  6.19102796e-13 
 1.91392000e-06  5.01808829e-11  1.91392000e-06  6.19431212e-13 
 1.91592000e-06  5.01808829e-11  1.91592000e-06  6.19745946e-13 
 1.91792000e-06  5.01808829e-11  1.91792000e-06  6.20047192e-13 
 1.91992000e-06  5.01808829e-11  1.91992000e-06  6.20335151e-13 
 1.92192000e-06  5.01808829e-11  1.92192000e-06  6.20610035e-13 
 1.92392000e-06  5.01808829e-11  1.92392000e-06  6.20872063e-13 
 1.92592000e-06  5.01808829e-11  1.92592000e-06  6.21121463e-13 
 1.92792000e-06  5.01808829e-11  1.92792000e-06  6.21358469e-13 
 1.92992000e-06  5.01808829e-11  1.92992000e-06  6.21583325e-13 
 1.93192000e-06  5.01808829e-11  1.93192000e-06  6.21796280e-13 
 1.93392000e-06  5.01808829e-11  1.93392000e-06  6.21997595e-13 
 1.93592000e-06  5.01808829e-11  1.93592000e-06  6.22187534e-13 
 1.93792000e-06  5.01808829e-11  1.93792000e-06  6.22366369e-13 
 1.93992000e-06  5.01808829e-11  1.93992000e-06  6.22534382e-13 
 1.94192000e-06  5.01808829e-11  1.94192000e-06  6.22691857e-13 
 1.94392000e-06  5.01808829e-11  1.94392000e-06  6.22839090e-13 
 1.94592000e-06  5.01808829e-11  1.94592000e-06  6.22976378e-13 
 1.94792000e-06  5.01808829e-11  1.94792000e-06  6.23104029e-13 
 1.94992000e-06  5.01808829e-11  1.94992000e-06  6.23222355e-13 
 1.95192000e-06  5.01808829e-11  1.95192000e-06  6.23331673e-13 
 1.95392000e-06  5.01808829e-11  1.95392000e-06  6.23432307e-13 
 1.95592000e-06  5.01808829e-11  1.95592000e-06  6.23524587e-13 
 1.95792000e-06  5.01808829e-11  1.95792000e-06  6.23608846e-13 
 1.95992000e-06  5.01808829e-11  1.95992000e-06  6.23685424e-13 
 1.96192000e-06  5.01808829e-11  1.96192000e-06  6.23754666e-13 
 1.96392000e-06  5.01808829e-11  1.96392000e-06  6.23816920e-13 
 1.96592000e-06  5.01808829e-11  1.96592000e-06  6.23872540e-13 
 1.96792000e-06  5.01808829e-11  1.96792000e-06  6.23921883e-13 
 1.96992000e-06  5.01808829e-11  1.96992000e-06  6.23965311e-13 
 1.97192000e-06  5.01808829e-11  1.97192000e-06  6.24003189e-13 
 1.97392000e-06  5.01808829e-11  1.97392000e-06  6.24035886e-13 
 1.97592000e-06  5.01808829e-11  1.97592000e-06  6.24063773e-13 
 1.97792000e-06  5.01808829e-11  1.97792000e-06  6.24087226e-13 
 1.97992000e-06  5.01808829e-11  1.97992000e-06  6.24106622e-13 
 1.98192000e-06  5.01808829e-11  1.98192000e-06  6.24122342e-13 
 1.98392000e-06  5.01808829e-11  1.98392000e-06  6.24134769e-13 
 1.98592000e-06  5.01808829e-11  1.98592000e-06  6.24144286e-13 
 1.98792000e-06  5.01808829e-11  1.98792000e-06  6.24151282e-13 
 1.98992000e-06  5.01808829e-11  1.98992000e-06  6.24156142e-13 
 1.99192000e-06  5.01808829e-11  1.99192000e-06  6.24159259e-13 
 1.99392000e-06  5.01808829e-11  1.99392000e-06  6.24161020e-13 
 1.99592000e-06  5.01808829e-11  1.99592000e-06  6.24161819e-13 
 1.99792000e-06  5.01808829e-11  1.99792000e-06  6.24162047e-13 
 1.99992000e-06  5.01808829e-11  1.99992000e-06  6.24162097e-13 
 2.00192000e-06  5.01808829e-11  2.00192000e-06  6.24162360e-13 
 2.00392000e-06  5.01808829e-11  2.00392000e-06  6.24163229e-13 
 2.00592000e-06  5.01808829e-11  2.00592000e-06  6.24165097e-13 
 2.00792000e-06  5.01808829e-11  2.00792000e-06  6.24168353e-13 
 2.00992000e-06  5.01808829e-11  2.00992000e-06  6.24173390e-13 
 2.01192000e-06  5.01808829e-11  2.01192000e-06  6.24180594e-13 
 2.01392000e-06  5.01808829e-11  2.01392000e-06  6.24190356e-13 
 2.01592000e-06  5.01808829e-11  2.01592000e-06  6.24203060e-13 
 2.01792000e-06  5.01808829e-11  2.01792000e-06  6.24219091e-13 
 2.01992000e-06  5.01808829e-11  2.01992000e-06  6.24238831e-13 
 2.02192000e-06  5.01808829e-11  2.02192000e-06  6.24262660e-13 
 2.02392000e-06  5.01808829e-11  2.02392000e-06  6.24290956e-13 
 2.02592000e-06  5.01808829e-11  2.02592000e-06  6.24324092e-13 
 2.02792000e-06  5.01808829e-11  2.02792000e-06  6.24362440e-13 
 2.02992000e-06  5.01808829e-11  2.02992000e-06  6.24406368e-13 
 2.03192000e-06  5.01808829e-11  2.03192000e-06  6.24456240e-13 
 2.03392000e-06  5.01808829e-11  2.03392000e-06  6.24512418e-13 
 2.03592000e-06  5.01808829e-11  2.03592000e-06  6.24575257e-13 
 2.03792000e-06  5.01808829e-11  2.03792000e-06  6.24645110e-13 
 2.03992000e-06  5.01808829e-11  2.03992000e-06  6.24722326e-13 
 2.04192000e-06  5.01808829e-11  2.04192000e-06  6.24807247e-13 
 2.04392000e-06  5.01808829e-11  2.04392000e-06  6.24900212e-13 
 2.04592000e-06  5.01808829e-11  2.04592000e-06  6.25001554e-13 
 2.04792000e-06  5.01808829e-11  2.04792000e-06  6.25111602e-13 
 2.04992000e-06  5.01808829e-11  2.04992000e-06  6.25230677e-13 
 2.05192000e-06  5.01808829e-11  2.05192000e-06  6.25359098e-13 
 2.05392000e-06  5.01808829e-11  2.05392000e-06  6.25497173e-13 
 2.05592000e-06  5.01808829e-11  2.05592000e-06  6.25645209e-13 
 2.05792000e-06  5.01808829e-11  2.05792000e-06  6.25803504e-13 
 2.05992000e-06  5.01808829e-11  2.05992000e-06  6.25972350e-13 
 2.06192000e-06  5.01808829e-11  2.06192000e-06  6.26152032e-13 
 2.06392000e-06  5.01808829e-11  2.06392000e-06  6.26342827e-13 
 2.06592000e-06  5.01808829e-11  2.06592000e-06  6.26545009e-13 
 2.06792000e-06  5.01808829e-11  2.06792000e-06  6.26758841e-13 
 2.06992000e-06  5.01808829e-11  2.06992000e-06  6.26984579e-13 
 2.07192000e-06  5.01808829e-11  2.07192000e-06  6.27222473e-13 
 2.07392000e-06  5.01808829e-11  2.07392000e-06  6.27472764e-13 
 2.07592000e-06  5.01808829e-11  2.07592000e-06  6.27735687e-13 
 2.07792000e-06  5.01808829e-11  2.07792000e-06  6.28011466e-13 
 2.07992000e-06  5.01808829e-11  2.07992000e-06  6.28300320e-13 
 2.08192000e-06  5.01808829e-11  2.08192000e-06  6.28602457e-13 
 2.08392000e-06  5.01808829e-11  2.08392000e-06  6.28918079e-13 
 2.08592000e-06  5.01808829e-11  2.08592000e-06  6.29247377e-13 
 2.08792000e-06  5.01808829e-11  2.08792000e-06  6.29590536e-13 
 2.08992000e-06  5.01808829e-11  2.08992000e-06  6.29947730e-13 
 2.09192000e-06  5.01808829e-11  2.09192000e-06  6.30319125e-13 
 2.09392000e-06  5.01808829e-11  2.09392000e-06  6.30704879e-13 
 2.09592000e-06  5.01808829e-11  2.09592000e-06  6.31105139e-13 
 2.09792000e-06  5.01808829e-11  2.09792000e-06  6.31520044e-13 
 2.09992000e-06  5.01808829e-11  2.09992000e-06  6.31949723e-13 
 2.10192000e-06  5.01808829e-11  2.10192000e-06  6.32394297e-13 
 2.10392000e-06  5.01808829e-11  2.10392000e-06  6.32853876e-13 
 2.10592000e-06  5.01808829e-11  2.10592000e-06  6.33328561e-13 
 2.10792000e-06  5.01808829e-11  2.10792000e-06  6.33818444e-13 
 2.10992000e-06  5.01808829e-11  2.10992000e-06  6.34323608e-13 
 2.11192000e-06  5.01808829e-11  2.11192000e-06  6.34844124e-13 
 2.11392000e-06  5.01808829e-11  2.11392000e-06  6.35380055e-13 
 2.11592000e-06  5.01808829e-11  2.11592000e-06  6.35931454e-13 
 2.11792000e-06  5.01808829e-11  2.11792000e-06  6.36498364e-13 
 2.11992000e-06  5.01808829e-11  2.11992000e-06  6.37080819e-13 
 2.12192000e-06  5.01808829e-11  2.12192000e-06  6.37678841e-13 
 2.12392000e-06  5.01808829e-11  2.12392000e-06  6.38292444e-13 
 2.12592000e-06  5.01808829e-11  2.12592000e-06  6.38921633e-13 
 2.12792000e-06  5.01808829e-11  2.12792000e-06  6.39566400e-13 
 2.12992000e-06  5.01808829e-11  2.12992000e-06  6.40226731e-13 
 2.13192000e-06  5.01808829e-11  2.13192000e-06  6.40902599e-13 
 2.13392000e-06  5.01808829e-11  2.13392000e-06  6.41593968e-13 
 2.13592000e-06  5.01808829e-11  2.13592000e-06  6.42300793e-13 
 2.13792000e-06  5.01808829e-11  2.13792000e-06  6.43023019e-13 
 2.13992000e-06  5.01808829e-11  2.13992000e-06  6.43760581e-13 
 2.14192000e-06  5.01808829e-11  2.14192000e-06  6.44513404e-13 
 2.14392000e-06  5.01808829e-11  2.14392000e-06  6.45281404e-13 
 2.14592000e-06  5.01808829e-11  2.14592000e-06  6.46064487e-13 
 2.14792000e-06  5.01808829e-11  2.14792000e-06  6.46862549e-13 
 2.14992000e-06  5.01808829e-11  2.14992000e-06  6.47675477e-13 
 2.15192000e-06  5.01808829e-11  2.15192000e-06  6.48503150e-13 
 2.15392000e-06  5.01808829e-11  2.15392000e-06  6.49345434e-13 
 2.15592000e-06  5.01808829e-11  2.15592000e-06  6.50202191e-13 
 2.15792000e-06  5.01808829e-11  2.15792000e-06  6.51073269e-13 
 2.15992000e-06  5.01808829e-11  2.15992000e-06  6.51958509e-13 
 2.16192000e-06  5.01808829e-11  2.16192000e-06  6.52857743e-13 
 2.16392000e-06  5.01808829e-11  2.16392000e-06  6.53770794e-13 
 2.16592000e-06  5.01808829e-11  2.16592000e-06  6.54697478e-13 
 2.16792000e-06  5.01808829e-11  2.16792000e-06  6.55637598e-13 
 2.16992000e-06  5.01808829e-11  2.16992000e-06  6.56590953e-13 
 2.17192000e-06  5.01808829e-11  2.17192000e-06  6.57557331e-13 
 2.17392000e-06  5.01808829e-11  2.17392000e-06  6.58536513e-13 
 2.17592000e-06  5.01808829e-11  2.17592000e-06  6.59528271e-13 
 2.17792000e-06  5.01808829e-11  2.17792000e-06  6.60532371e-13 
 2.17992000e-06  5.01808829e-11  2.17992000e-06  6.61548568e-13 
 2.18192000e-06  5.01808829e-11  2.18192000e-06  6.62576612e-13 
 2.18392000e-06  5.01808829e-11  2.18392000e-06  6.63616244e-13 
 2.18592000e-06  5.01808829e-11  2.18592000e-06  6.64667199e-13 
 2.18792000e-06  5.01808829e-11  2.18792000e-06  6.65729204e-13 
 2.18992000e-06  5.01808829e-11  2.18992000e-06  6.66801979e-13 
 2.19192000e-06  5.01808829e-11  2.19192000e-06  6.67885237e-13 
 2.19392000e-06  5.01808829e-11  2.19392000e-06  6.68978686e-13 
 2.19592000e-06  5.01808829e-11  2.19592000e-06  6.70082025e-13 
 2.19792000e-06  5.01808829e-11  2.19792000e-06  6.71194948e-13 
 2.19992000e-06  5.01808829e-11  2.19992000e-06  6.72317143e-13 
 2.20192000e-06  5.01808829e-11  2.20192000e-06  6.73448293e-13 
 2.20392000e-06  5.01808829e-11  2.20392000e-06  6.74588073e-13 
 2.20592000e-06  5.01808829e-11  2.20592000e-06  6.75736155e-13 
 2.20792000e-06  5.01808829e-11  2.20792000e-06  6.76892205e-13 
 2.20992000e-06  5.01808829e-11  2.20992000e-06  6.78055883e-13 
 2.21192000e-06  5.01808829e-11  2.21192000e-06  6.79226846e-13 
 2.21392000e-06  5.01808829e-11  2.21392000e-06  6.80404743e-13 
 2.21592000e-06  5.01808829e-11  2.21592000e-06  6.81589223e-13 
 2.21792000e-06  5.01808829e-11  2.21792000e-06  6.82779928e-13 
 2.21992000e-06  5.01808829e-11  2.21992000e-06  6.83976497e-13 
 2.22192000e-06  5.01808829e-11  2.22192000e-06  6.85178564e-13 
 2.22392000e-06  5.01808829e-11  2.22392000e-06  6.86385763e-13 
 2.22592000e-06  5.01808829e-11  2.22592000e-06  6.87597720e-13 
 2.22792000e-06  5.01808829e-11  2.22792000e-06  6.88814062e-13 
 2.22992000e-06  5.01808829e-11  2.22992000e-06  6.90034410e-13 
 2.23192000e-06  5.01808829e-11  2.23192000e-06  6.91258386e-13 
 2.23392000e-06  5.01808829e-11  2.23392000e-06  6.92485606e-13 
 2.23592000e-06  5.01808829e-11  2.23592000e-06  6.93715688e-13 
 2.23792000e-06  5.01808829e-11  2.23792000e-06  6.94948243e-13 
 2.23992000e-06  5.01808829e-11  2.23992000e-06  6.96182886e-13 
 2.24192000e-06  5.01808829e-11  2.24192000e-06  6.97419226e-13 
 2.24392000e-06  5.01808829e-11  2.24392000e-06  6.98656875e-13 
 2.24592000e-06  5.01808829e-11  2.24592000e-06  6.99895441e-13 
 2.24792000e-06  5.01808829e-11  2.24792000e-06  7.01134533e-13 
 2.24992000e-06  5.01808829e-11  2.24992000e-06  7.02373758e-13 
 2.25192000e-06  5.01808829e-11  2.25192000e-06  7.03612726e-13 
 2.25392000e-06  5.01808829e-11  2.25392000e-06  7.04851045e-13 
 2.25592000e-06  5.01808829e-11  2.25592000e-06  7.06088323e-13 
 2.25792000e-06  5.01808829e-11  2.25792000e-06  7.07324170e-13 
 2.25992000e-06  5.01808829e-11  2.25992000e-06  7.08558196e-13 
 2.26192000e-06  5.01808829e-11  2.26192000e-06  7.09790013e-13 
 2.26392000e-06  5.01808829e-11  2.26392000e-06  7.11019234e-13 
 2.26592000e-06  5.01808829e-11  2.26592000e-06  7.12245472e-13 
 2.26792000e-06  5.01808829e-11  2.26792000e-06  7.13468346e-13 
 2.26992000e-06  5.01808829e-11  2.26992000e-06  7.14687473e-13 
 2.27192000e-06  5.01808829e-11  2.27192000e-06  7.15902474e-13 
 2.27392000e-06  5.01808829e-11  2.27392000e-06  7.17112972e-13 
 2.27592000e-06  5.01808829e-11  2.27592000e-06  7.18318595e-13 
 2.27792000e-06  5.01808829e-11  2.27792000e-06  7.19518972e-13 
 2.27992000e-06  5.01808829e-11  2.27992000e-06  7.20713735e-13 
 2.28192000e-06  5.01808829e-11  2.28192000e-06  7.21902521e-13 
 2.28392000e-06  5.01808829e-11  2.28392000e-06  7.23084970e-13 
 2.28592000e-06  5.01808829e-11  2.28592000e-06  7.24260726e-13 
 2.28792000e-06  5.01808829e-11  2.28792000e-06  7.25429439e-13 
 2.28992000e-06  5.01808829e-11  2.28992000e-06  7.26590759e-13 
 2.29192000e-06  5.01808829e-11  2.29192000e-06  7.27744346e-13 
 2.29392000e-06  5.01808829e-11  2.29392000e-06  7.28889861e-13 
 2.29592000e-06  5.01808829e-11  2.29592000e-06  7.30026973e-13 
 2.29792000e-06  5.01808829e-11  2.29792000e-06  7.31155353e-13 
 2.29992000e-06  5.01808829e-11  2.29992000e-06  7.32274681e-13 
 2.30192000e-06  5.01808829e-11  2.30192000e-06  7.33384640e-13 
 2.30392000e-06  5.01808829e-11  2.30392000e-06  7.34484921e-13 
 2.30592000e-06  5.01808829e-11  2.30592000e-06  7.35575220e-13 
 2.30792000e-06  5.01808829e-11  2.30792000e-06  7.36655239e-13 
 2.30992000e-06  5.01808829e-11  2.30992000e-06  7.37724687e-13 
 2.31192000e-06  5.01808829e-11  2.31192000e-06  7.38783280e-13 
 2.31392000e-06  5.01808829e-11  2.31392000e-06  7.39830741e-13 
 2.31592000e-06  5.01808829e-11  2.31592000e-06  7.40866798e-13 
 2.31792000e-06  5.01808829e-11  2.31792000e-06  7.41891189e-13 
 2.31992000e-06  5.01808829e-11  2.31992000e-06  7.42903659e-13 
 2.32192000e-06  5.01808829e-11  2.32192000e-06  7.43903958e-13 
 2.32392000e-06  5.01808829e-11  2.32392000e-06  7.44891846e-13 
 2.32592000e-06  5.01808829e-11  2.32592000e-06  7.45867091e-13 
 2.32792000e-06  5.01808829e-11  2.32792000e-06  7.46829467e-13 
 2.32992000e-06  5.01808829e-11  2.32992000e-06  7.47778758e-13 
 2.33192000e-06  5.01808829e-11  2.33192000e-06  7.48714757e-13 
 2.33392000e-06  5.01808829e-11  2.33392000e-06  7.49637262e-13 
 2.33592000e-06  5.01808829e-11  2.33592000e-06  7.50546082e-13 
 2.33792000e-06  5.01808829e-11  2.33792000e-06  7.51441035e-13 
 2.33992000e-06  5.01808829e-11  2.33992000e-06  7.52321947e-13 
 2.34192000e-06  5.01808829e-11  2.34192000e-06  7.53188653e-13 
 2.34392000e-06  5.01808829e-11  2.34392000e-06  7.54040996e-13 
 2.34592000e-06  5.01808829e-11  2.34592000e-06  7.54878829e-13 
 2.34792000e-06  5.01808829e-11  2.34792000e-06  7.55702016e-13 
 2.34992000e-06  5.01808829e-11  2.34992000e-06  7.56510426e-13 
 2.35192000e-06  5.01808829e-11  2.35192000e-06  7.57303942e-13 
 2.35392000e-06  5.01808829e-11  2.35392000e-06  7.58082452e-13 
 2.35592000e-06  5.01808829e-11  2.35592000e-06  7.58845857e-13 
 2.35792000e-06  5.01808829e-11  2.35792000e-06  7.59594066e-13 
 2.35992000e-06  5.01808829e-11  2.35992000e-06  7.60326998e-13 
 2.36192000e-06  5.01808829e-11  2.36192000e-06  7.61044580e-13 
 2.36392000e-06  5.01808829e-11  2.36392000e-06  7.61746753e-13 
 2.36592000e-06  5.01808829e-11  2.36592000e-06  7.62433462e-13 
 2.36792000e-06  5.01808829e-11  2.36792000e-06  7.63104667e-13 
 2.36992000e-06  5.01808829e-11  2.36992000e-06  7.63760334e-13 
 2.37192000e-06  5.01808829e-11  2.37192000e-06  7.64400440e-13 
 2.37392000e-06  5.01808829e-11  2.37392000e-06  7.65024974e-13 
 2.37592000e-06  5.01808829e-11  2.37592000e-06  7.65633931e-13 
 2.37792000e-06  5.01808829e-11  2.37792000e-06  7.66227320e-13 
 2.37992000e-06  5.01808829e-11  2.37992000e-06  7.66805155e-13 
 2.38192000e-06  5.01808829e-11  2.38192000e-06  7.67367465e-13 
 2.38392000e-06  5.01808829e-11  2.38392000e-06  7.67914285e-13 
 2.38592000e-06  5.01808829e-11  2.38592000e-06  7.68445661e-13 
 2.38792000e-06  5.01808829e-11  2.38792000e-06  7.68961649e-13 
 2.38992000e-06  5.01808829e-11  2.38992000e-06  7.69462316e-13 
 2.39192000e-06  5.01808829e-11  2.39192000e-06  7.69947735e-13 
 2.39392000e-06  5.01808829e-11  2.39392000e-06  7.70417992e-13 
 2.39592000e-06  5.01808829e-11  2.39592000e-06  7.70873182e-13 
 2.39792000e-06  5.01808829e-11  2.39792000e-06  7.71313408e-13 
 2.39992000e-06  5.01808829e-11  2.39992000e-06  7.71738784e-13 
 2.40192000e-06  5.01808829e-11  2.40192000e-06  7.72149433e-13 
 2.40392000e-06  5.01808829e-11  2.40392000e-06  7.72545487e-13 
 2.40592000e-06  5.01808829e-11  2.40592000e-06  7.72927088e-13 
 2.40792000e-06  5.01808829e-11  2.40792000e-06  7.73294385e-13 
 2.40992000e-06  5.01808829e-11  2.40992000e-06  7.73647538e-13 
 2.41192000e-06  5.01808829e-11  2.41192000e-06  7.73986716e-13 
 2.41392000e-06  5.01808829e-11  2.41392000e-06  7.74312097e-13 
 2.41592000e-06  5.01808829e-11  2.41592000e-06  7.74623865e-13 
 2.41792000e-06  5.01808829e-11  2.41792000e-06  7.74922217e-13 
 2.41992000e-06  5.01808829e-11  2.41992000e-06  7.75207354e-13 
 2.42192000e-06  5.01808829e-11  2.42192000e-06  7.75479488e-13 
 2.42392000e-06  5.01808829e-11  2.42392000e-06  7.75738840e-13 
 2.42592000e-06  5.01808829e-11  2.42592000e-06  7.75985636e-13 
 2.42792000e-06  5.01808829e-11  2.42792000e-06  7.76220113e-13 
 2.42992000e-06  5.01808829e-11  2.42992000e-06  7.76442513e-13 
 2.43192000e-06  5.01808829e-11  2.43192000e-06  7.76653088e-13 
 2.43392000e-06  5.01808829e-11  2.43392000e-06  7.76852096e-13 
 2.43592000e-06  5.01808829e-11  2.43592000e-06  7.77039804e-13 
 2.43792000e-06  5.01808829e-11  2.43792000e-06  7.77216483e-13 
 2.43992000e-06  5.01808829e-11  2.43992000e-06  7.77382415e-13 
 2.44192000e-06  5.01808829e-11  2.44192000e-06  7.77537885e-13 
 2.44392000e-06  5.01808829e-11  2.44392000e-06  7.77683188e-13 
 2.44592000e-06  5.01808829e-11  2.44592000e-06  7.77818622e-13 
 2.44792000e-06  5.01808829e-11  2.44792000e-06  7.77944494e-13 
 2.44992000e-06  5.01808829e-11  2.44992000e-06  7.78061116e-13 
 2.45192000e-06  5.01808829e-11  2.45192000e-06  7.78168805e-13 
 2.45392000e-06  5.01808829e-11  2.45392000e-06  7.78267885e-13 
 2.45592000e-06  5.01808829e-11  2.45592000e-06  7.78358685e-13 
 2.45792000e-06  5.01808829e-11  2.45792000e-06  7.78441539e-13 
 2.45992000e-06  5.01808829e-11  2.45992000e-06  7.78516786e-13 
 2.46192000e-06  5.01808829e-11  2.46192000e-06  7.78584771e-13 
 2.46392000e-06  5.01808829e-11  2.46392000e-06  7.78645841e-13 
 2.46592000e-06  5.01808829e-11  2.46592000e-06  7.78700349e-13 
 2.46792000e-06  5.01808829e-11  2.46792000e-06  7.78748653e-13 
 2.46992000e-06  5.01808829e-11  2.46992000e-06  7.78791113e-13 
 2.47192000e-06  5.01808829e-11  2.47192000e-06  7.78828094e-13 
 2.47392000e-06  5.01808829e-11  2.47392000e-06  7.78859963e-13 
 2.47592000e-06  5.01808829e-11  2.47592000e-06  7.78887093e-13 
 2.47792000e-06  5.01808829e-11  2.47792000e-06  7.78909858e-13 
 2.47992000e-06  5.01808829e-11  2.47992000e-06  7.78928634e-13 
 2.48192000e-06  5.01808829e-11  2.48192000e-06  7.78943800e-13 
 2.48392000e-06  5.01808829e-11  2.48392000e-06  7.78955740e-13 
 2.48592000e-06  5.01808829e-11  2.48592000e-06  7.78964836e-13 
 2.48792000e-06  5.01808829e-11  2.48792000e-06  7.78971474e-13 
 2.48992000e-06  5.01808829e-11  2.48992000e-06  7.78976041e-13 
 2.49192000e-06  5.01808829e-11  2.49192000e-06  7.78978925e-13 
 2.49392000e-06  5.01808829e-11  2.49392000e-06  7.78980517e-13 
 2.49592000e-06  5.01808829e-11  2.49592000e-06  7.78981206e-13 
 2.49792000e-06  5.01808829e-11  2.49792000e-06  7.78981383e-13 
 2.49992000e-06  5.01808829e-11  2.49992000e-06  7.78981439e-13 
 2.50192000e-06  5.01808829e-11  2.50192000e-06  7.78981765e-13 
 2.50392000e-06  5.01808829e-11  2.50392000e-06  7.78982753e-13 
 2.50592000e-06  5.01808829e-11  2.50592000e-06  7.78984793e-13 
 2.50792000e-06  5.01808829e-11  2.50792000e-06  7.78988274e-13 
 2.50992000e-06  5.01808829e-11  2.50992000e-06  7.78993586e-13 
 2.51192000e-06  5.01808829e-11  2.51192000e-06  7.79001117e-13 
 2.51392000e-06  5.01808829e-11  2.51392000e-06  7.79011253e-13 
 2.51592000e-06  5.01808829e-11  2.51592000e-06  7.79024378e-13 
 2.51792000e-06  5.01808829e-11  2.51792000e-06  7.79040876e-13 
 2.51992000e-06  5.01808829e-11  2.51992000e-06  7.79061127e-13 
 2.52192000e-06  5.01808829e-11  2.52192000e-06  7.79085509e-13 
 2.52392000e-06  5.01808829e-11  2.52392000e-06  7.79114398e-13 
 2.52592000e-06  5.01808829e-11  2.52592000e-06  7.79148167e-13 
 2.52792000e-06  5.01808829e-11  2.52792000e-06  7.79187185e-13 
 2.52992000e-06  5.01808829e-11  2.52992000e-06  7.79231820e-13 
 2.53192000e-06  5.01808829e-11  2.53192000e-06  7.79282432e-13 
 2.53392000e-06  5.01808829e-11  2.53392000e-06  7.79339383e-13 
 2.53592000e-06  5.01808829e-11  2.53592000e-06  7.79403025e-13 
 2.53792000e-06  5.01808829e-11  2.53792000e-06  7.79473711e-13 
 2.53992000e-06  5.01808829e-11  2.53992000e-06  7.79551787e-13 
 2.54192000e-06  5.01808829e-11  2.54192000e-06  7.79637593e-13 
 2.54392000e-06  5.01808829e-11  2.54392000e-06  7.79731467e-13 
 2.54592000e-06  5.01808829e-11  2.54592000e-06  7.79833740e-13 
 2.54792000e-06  5.01808829e-11  2.54792000e-06  7.79944739e-13 
 2.54992000e-06  5.01808829e-11  2.54992000e-06  7.80064784e-13 
 2.55192000e-06  5.01808829e-11  2.55192000e-06  7.80194189e-13 
 2.55392000e-06  5.01808829e-11  2.55392000e-06  7.80333265e-13 
 2.55592000e-06  5.01808829e-11  2.55592000e-06  7.80482314e-13 
 2.55792000e-06  5.01808829e-11  2.55792000e-06  7.80641633e-13 
 2.55992000e-06  5.01808829e-11  2.55992000e-06  7.80811511e-13 
 2.56192000e-06  5.01808829e-11  2.56192000e-06  7.80992232e-13 
 2.56392000e-06  5.01808829e-11  2.56392000e-06  7.81184073e-13 
 2.56592000e-06  5.01808829e-11  2.56592000e-06  7.81387303e-13 
 2.56792000e-06  5.01808829e-11  2.56792000e-06  7.81602183e-13 
 2.56992000e-06  5.01808829e-11  2.56992000e-06  7.81828970e-13 
 2.57192000e-06  5.01808829e-11  2.57192000e-06  7.82067911e-13 
 2.57392000e-06  5.01808829e-11  2.57392000e-06  7.82319244e-13 
 2.57592000e-06  5.01808829e-11  2.57592000e-06  7.82583203e-13 
 2.57792000e-06  5.01808829e-11  2.57792000e-06  7.82860010e-13 
 2.57992000e-06  5.01808829e-11  2.57992000e-06  7.83149881e-13 
 2.58192000e-06  5.01808829e-11  2.58192000e-06  7.83453025e-13 
 2.58392000e-06  5.01808829e-11  2.58392000e-06  7.83769639e-13 
 2.58592000e-06  5.01808829e-11  2.58592000e-06  7.84099914e-13 
 2.58792000e-06  5.01808829e-11  2.58792000e-06  7.84444032e-13 
 2.58992000e-06  5.01808829e-11  2.58992000e-06  7.84802166e-13 
 2.59192000e-06  5.01808829e-11  2.59192000e-06  7.85174480e-13 
 2.59392000e-06  5.01808829e-11  2.59392000e-06  7.85561130e-13 
 2.59592000e-06  5.01808829e-11  2.59592000e-06  7.85962261e-13 
 2.59792000e-06  5.01808829e-11  2.59792000e-06  7.86378011e-13 
 2.59992000e-06  5.01808829e-11  2.59992000e-06  7.86808506e-13 
 2.60192000e-06  5.01808829e-11  2.60192000e-06  7.87253867e-13 
 2.60392000e-06  5.01808829e-11  2.60392000e-06  7.87714201e-13 
 2.60592000e-06  5.01808829e-11  2.60592000e-06  7.88189608e-13 
 2.60792000e-06  5.01808829e-11  2.60792000e-06  7.88680178e-13 
 2.60992000e-06  5.01808829e-11  2.60992000e-06  7.89185991e-13 
 2.61192000e-06  5.01808829e-11  2.61192000e-06  7.89707119e-13 
 2.61392000e-06  5.01808829e-11  2.61392000e-06  7.90243621e-13 
 2.61592000e-06  5.01808829e-11  2.61592000e-06  7.90795550e-13 
 2.61792000e-06  5.01808829e-11  2.61792000e-06  7.91362946e-13 
 2.61992000e-06  5.01808829e-11  2.61992000e-06  7.91945842e-13 
 2.62192000e-06  5.01808829e-11  2.62192000e-06  7.92544260e-13 
 2.62392000e-06  5.01808829e-11  2.62392000e-06  7.93158212e-13 
 2.62592000e-06  5.01808829e-11  2.62592000e-06  7.93787699e-13 
 2.62792000e-06  5.01808829e-11  2.62792000e-06  7.94432715e-13 
 2.62992000e-06  5.01808829e-11  2.62992000e-06  7.95093242e-13 
 2.63192000e-06  5.01808829e-11  2.63192000e-06  7.95769252e-13 
 2.63392000e-06  5.01808829e-11  2.63392000e-06  7.96460710e-13 
 2.63592000e-06  5.01808829e-11  2.63592000e-06  7.97167567e-13 
 2.63792000e-06  5.01808829e-11  2.63792000e-06  7.97889769e-13 
 2.63992000e-06  5.01808829e-11  2.63992000e-06  7.98627248e-13 
 2.64192000e-06  5.01808829e-11  2.64192000e-06  7.99379928e-13 
 2.64392000e-06  5.01808829e-11  2.64392000e-06  8.00147724e-13 
 2.64592000e-06  5.01808829e-11  2.64592000e-06  8.00930542e-13 
 2.64792000e-06  5.01808829e-11  2.64792000e-06  8.01728276e-13 
 2.64992000e-06  5.01808829e-11  2.64992000e-06  8.02540813e-13 
 2.65192000e-06  5.01808829e-11  2.65192000e-06  8.03368029e-13 
 2.65392000e-06  5.01808829e-11  2.65392000e-06  8.04209791e-13 
 2.65592000e-06  5.01808829e-11  2.65592000e-06  8.05065958e-13 
 2.65792000e-06  5.01808829e-11  2.65792000e-06  8.05936379e-13 
 2.65992000e-06  5.01808829e-11  2.65992000e-06  8.06820894e-13 
 2.66192000e-06  5.01808829e-11  2.66192000e-06  8.07719335e-13 
 2.66392000e-06  5.01808829e-11  2.66392000e-06  8.08631522e-13 
 2.66592000e-06  5.01808829e-11  2.66592000e-06  8.09557271e-13 
 2.66792000e-06  5.01808829e-11  2.66792000e-06  8.10496385e-13 
 2.66992000e-06  5.01808829e-11  2.66992000e-06  8.11448663e-13 
 2.67192000e-06  5.01808829e-11  2.67192000e-06  8.12413891e-13 
 2.67392000e-06  5.01808829e-11  2.67392000e-06  8.13391850e-13 
 2.67592000e-06  5.01808829e-11  2.67592000e-06  8.14382313e-13 
 2.67792000e-06  5.01808829e-11  2.67792000e-06  8.15385043e-13 
 2.67992000e-06  5.01808829e-11  2.67992000e-06  8.16399797e-13 
 2.68192000e-06  5.01808829e-11  2.68192000e-06  8.17426323e-13 
 2.68392000e-06  5.01808829e-11  2.68392000e-06  8.18464363e-13 
 2.68592000e-06  5.01808829e-11  2.68592000e-06  8.19513650e-13 
 2.68792000e-06  5.01808829e-11  2.68792000e-06  8.20573913e-13 
 2.68992000e-06  5.01808829e-11  2.68992000e-06  8.21644871e-13 
 2.69192000e-06  5.01808829e-11  2.69192000e-06  8.22726236e-13 
 2.69392000e-06  5.01808829e-11  2.69392000e-06  8.23817717e-13 
 2.69592000e-06  5.01808829e-11  2.69592000e-06  8.24919012e-13 
 2.69792000e-06  5.01808829e-11  2.69792000e-06  8.26029817e-13 
 2.69992000e-06  5.01808829e-11  2.69992000e-06  8.27149819e-13 
 2.70192000e-06  5.01808829e-11  2.70192000e-06  8.28278700e-13 
 2.70392000e-06  5.01808829e-11  2.70392000e-06  8.29416138e-13 
 2.70592000e-06  5.01808829e-11  2.70592000e-06  8.30561803e-13 
 2.70792000e-06  5.01808829e-11  2.70792000e-06  8.31715361e-13 
 2.70992000e-06  5.01808829e-11  2.70992000e-06  8.32876474e-13 
 2.71192000e-06  5.01808829e-11  2.71192000e-06  8.34044798e-13 
 2.71392000e-06  5.01808829e-11  2.71392000e-06  8.35219983e-13 
 2.71592000e-06  5.01808829e-11  2.71592000e-06  8.36401679e-13 
 2.71792000e-06  5.01808829e-11  2.71792000e-06  8.37589528e-13 
 2.71992000e-06  5.01808829e-11  2.71992000e-06  8.38783170e-13 
 2.72192000e-06  5.01808829e-11  2.72192000e-06  8.39982239e-13 
 2.72392000e-06  5.01808829e-11  2.72392000e-06  8.41186369e-13 
 2.72592000e-06  5.01808829e-11  2.72592000e-06  8.42395189e-13 
 2.72792000e-06  5.01808829e-11  2.72792000e-06  8.43608325e-13 
 2.72992000e-06  5.01808829e-11  2.72992000e-06  8.44825399e-13 
 2.73192000e-06  5.01808829e-11  2.73192000e-06  8.46046034e-13 
 2.73392000e-06  5.01808829e-11  2.73392000e-06  8.47269848e-13 
 2.73592000e-06  5.01808829e-11  2.73592000e-06  8.48496457e-13 
 2.73792000e-06  5.01808829e-11  2.73792000e-06  8.49725476e-13 
 2.73992000e-06  5.01808829e-11  2.73992000e-06  8.50956520e-13 
 2.74192000e-06  5.01808829e-11  2.74192000e-06  8.52189199e-13 
 2.74392000e-06  5.01808829e-11  2.74392000e-06  8.53423125e-13 
 2.74592000e-06  5.01808829e-11  2.74592000e-06  8.54657908e-13 
 2.74792000e-06  5.01808829e-11  2.74792000e-06  8.55893159e-13 
 2.74992000e-06  5.01808829e-11  2.74992000e-06  8.57128486e-13 
 2.75192000e-06  5.01808829e-11  2.75192000e-06  8.58363499e-13 
 2.75392000e-06  5.01808829e-11  2.75392000e-06  8.59597808e-13 
 2.75592000e-06  5.01808829e-11  2.75592000e-06  8.60831022e-13 
 2.75792000e-06  5.01808829e-11  2.75792000e-06  8.62062753e-13 
 2.75992000e-06  5.01808829e-11  2.75992000e-06  8.63292612e-13 
 2.76192000e-06  5.01808829e-11  2.76192000e-06  8.64520212e-13 
 2.76392000e-06  5.01808829e-11  2.76392000e-06  8.65745168e-13 
 2.76592000e-06  5.01808829e-11  2.76592000e-06  8.66967095e-13 
 2.76792000e-06  5.01808829e-11  2.76792000e-06  8.68185612e-13 
 2.76992000e-06  5.01808829e-11  2.76992000e-06  8.69400339e-13 
 2.77192000e-06  5.01808829e-11  2.77192000e-06  8.70610897e-13 
 2.77392000e-06  5.01808829e-11  2.77392000e-06  8.71816913e-13 
 2.77592000e-06  5.01808829e-11  2.77592000e-06  8.73018014e-13 
 2.77792000e-06  5.01808829e-11  2.77792000e-06  8.74213831e-13 
 2.77992000e-06  5.01808829e-11  2.77992000e-06  8.75404000e-13 
 2.78192000e-06  5.01808829e-11  2.78192000e-06  8.76588157e-13 
 2.78392000e-06  5.01808829e-11  2.78392000e-06  8.77765945e-13 
 2.78592000e-06  5.01808829e-11  2.78592000e-06  8.78937010e-13 
 2.78792000e-06  5.01808829e-11  2.78792000e-06  8.80101002e-13 
 2.78992000e-06  5.01808829e-11  2.78992000e-06  8.81257575e-13 
 2.79192000e-06  5.01808829e-11  2.79192000e-06  8.82406389e-13 
 2.79392000e-06  5.01808829e-11  2.79392000e-06  8.83547108e-13 
 2.79592000e-06  5.01808829e-11  2.79592000e-06  8.84679402e-13 
 2.79792000e-06  5.01808829e-11  2.79792000e-06  8.85802945e-13 
 2.79992000e-06  5.01808829e-11  2.79992000e-06  8.86917417e-13 
 2.80192000e-06  5.01808829e-11  2.80192000e-06  8.88022505e-13 
 2.80392000e-06  5.01808829e-11  2.80392000e-06  8.89117899e-13 
 2.80592000e-06  5.01808829e-11  2.80592000e-06  8.90203299e-13 
 2.80792000e-06  5.01808829e-11  2.80792000e-06  8.91278409e-13 
 2.80992000e-06  5.01808829e-11  2.80992000e-06  8.92342939e-13 
 2.81192000e-06  5.01808829e-11  2.81192000e-06  8.93396608e-13 
 2.81392000e-06  5.01808829e-11  2.81392000e-06  8.94439138e-13 
 2.81592000e-06  5.01808829e-11  2.81592000e-06  8.95470263e-13 
 2.81792000e-06  5.01808829e-11  2.81792000e-06  8.96489720e-13 
 2.81992000e-06  5.01808829e-11  2.81992000e-06  8.97497256e-13 
 2.82192000e-06  5.01808829e-11  2.82192000e-06  8.98492625e-13 
 2.82392000e-06  5.01808829e-11  2.82392000e-06  8.99475587e-13 
 2.82592000e-06  5.01808829e-11  2.82592000e-06  9.00445912e-13 
 2.82792000e-06  5.01808829e-11  2.82792000e-06  9.01403377e-13 
 2.82992000e-06  5.01808829e-11  2.82992000e-06  9.02347767e-13 
 2.83192000e-06  5.01808829e-11  2.83192000e-06  9.03278875e-13 
 2.83392000e-06  5.01808829e-11  2.83392000e-06  9.04196505e-13 
 2.83592000e-06  5.01808829e-11  2.83592000e-06  9.05100466e-13 
 2.83792000e-06  5.01808829e-11  2.83792000e-06  9.05990576e-13 
 2.83992000e-06  5.01808829e-11  2.83992000e-06  9.06866666e-13 
 2.84192000e-06  5.01808829e-11  2.84192000e-06  9.07728570e-13 
 2.84392000e-06  5.01808829e-11  2.84392000e-06  9.08576134e-13 
 2.84592000e-06  5.01808829e-11  2.84592000e-06  9.09409214e-13 
 2.84792000e-06  5.01808829e-11  2.84792000e-06  9.10227674e-13 
 2.84992000e-06  5.01808829e-11  2.84992000e-06  9.11031385e-13 
 2.85192000e-06  5.01808829e-11  2.85192000e-06  9.11820232e-13 
 2.85392000e-06  5.01808829e-11  2.85392000e-06  9.12594106e-13 
 2.85592000e-06  5.01808829e-11  2.85592000e-06  9.13352907e-13 
 2.85792000e-06  5.01808829e-11  2.85792000e-06  9.14096548e-13 
 2.85992000e-06  5.01808829e-11  2.85992000e-06  9.14824949e-13 
 2.86192000e-06  5.01808829e-11  2.86192000e-06  9.15538039e-13 
 2.86392000e-06  5.01808829e-11  2.86392000e-06  9.16235759e-13 
 2.86592000e-06  5.01808829e-11  2.86592000e-06  9.16918057e-13 
 2.86792000e-06  5.01808829e-11  2.86792000e-06  9.17584894e-13 
 2.86992000e-06  5.01808829e-11  2.86992000e-06  9.18236238e-13 
 2.87192000e-06  5.01808829e-11  2.87192000e-06  9.18872068e-13 
 2.87392000e-06  5.01808829e-11  2.87392000e-06  9.19492373e-13 
 2.87592000e-06  5.01808829e-11  2.87592000e-06  9.20097151e-13 
 2.87792000e-06  5.01808829e-11  2.87792000e-06  9.20686411e-13 
 2.87992000e-06  5.01808829e-11  2.87992000e-06  9.21260170e-13 
 2.88192000e-06  5.01808829e-11  2.88192000e-06  9.21818456e-13 
 2.88392000e-06  5.01808829e-11  2.88392000e-06  9.22361307e-13 
 2.88592000e-06  5.01808829e-11  2.88592000e-06  9.22888770e-13 
 2.88792000e-06  5.01808829e-11  2.88792000e-06  9.23400903e-13 
 2.88992000e-06  5.01808829e-11  2.88992000e-06  9.23897772e-13 
 2.89192000e-06  5.01808829e-11  2.89192000e-06  9.24379454e-13 
 2.89392000e-06  5.01808829e-11  2.89392000e-06  9.24846034e-13 
 2.89592000e-06  5.01808829e-11  2.89592000e-06  9.25297609e-13 
 2.89792000e-06  5.01808829e-11  2.89792000e-06  9.25734283e-13 
 2.89992000e-06  5.01808829e-11  2.89992000e-06  9.26156171e-13 
 2.90192000e-06  5.01808829e-11  2.90192000e-06  9.26563396e-13 
 2.90392000e-06  5.01808829e-11  2.90392000e-06  9.26956092e-13 
 2.90592000e-06  5.01808829e-11  2.90592000e-06  9.27334402e-13 
 2.90792000e-06  5.01808829e-11  2.90792000e-06  9.27698475e-13 
 2.90992000e-06  5.01808829e-11  2.90992000e-06  9.28048474e-13 
 2.91192000e-06  5.01808829e-11  2.91192000e-06  9.28384566e-13 
 2.91392000e-06  5.01808829e-11  2.91392000e-06  9.28706930e-13 
 2.91592000e-06  5.01808829e-11  2.91592000e-06  9.29015753e-13 
 2.91792000e-06  5.01808829e-11  2.91792000e-06  9.29311230e-13 
 2.91992000e-06  5.01808829e-11  2.91992000e-06  9.29593565e-13 
 2.92192000e-06  5.01808829e-11  2.92192000e-06  9.29862969e-13 
 2.92392000e-06  5.01808829e-11  2.92392000e-06  9.30119662e-13 
 2.92592000e-06  5.01808829e-11  2.92592000e-06  9.30363874e-13 
 2.92792000e-06  5.01808829e-11  2.92792000e-06  9.30595840e-13 
 2.92992000e-06  5.01808829e-11  2.92992000e-06  9.30815803e-13 
 2.93192000e-06  5.01808829e-11  2.93192000e-06  9.31024015e-13 
 2.93392000e-06  5.01808829e-11  2.93392000e-06  9.31220736e-13 
 2.93592000e-06  5.01808829e-11  2.93592000e-06  9.31406230e-13 
 2.93792000e-06  5.01808829e-11  2.93792000e-06  9.31580772e-13 
 2.93992000e-06  5.01808829e-11  2.93992000e-06  9.31744640e-13 
 2.94192000e-06  5.01808829e-11  2.94192000e-06  9.31898122e-13 
 2.94392000e-06  5.01808829e-11  2.94392000e-06  9.32041512e-13 
 2.94592000e-06  5.01808829e-11  2.94592000e-06  9.32175109e-13 
 2.94792000e-06  5.01808829e-11  2.94792000e-06  9.32299218e-13 
 2.94992000e-06  5.01808829e-11  2.94992000e-06  9.32414152e-13 
 2.95192000e-06  5.01808829e-11  2.95192000e-06  9.32520228e-13 
 2.95392000e-06  5.01808829e-11  2.95392000e-06  9.32617770e-13 
 2.95592000e-06  5.01808829e-11  2.95592000e-06  9.32707107e-13 
 2.95792000e-06  5.01808829e-11  2.95792000e-06  9.32788571e-13 
 2.95992000e-06  5.01808829e-11  2.95992000e-06  9.32862502e-13 
 2.96192000e-06  5.01808829e-11  2.96192000e-06  9.32929243e-13 
 2.96392000e-06  5.01808829e-11  2.96392000e-06  9.32989143e-13 
 2.96592000e-06  5.01808829e-11  2.96592000e-06  9.33042554e-13 
 2.96792000e-06  5.01808829e-11  2.96792000e-06  9.33089832e-13 
 2.96992000e-06  5.01808829e-11  2.96992000e-06  9.33131337e-13 
 2.97192000e-06  5.01808829e-11  2.97192000e-06  9.33167434e-13 
 2.97392000e-06  5.01808829e-11  2.97392000e-06  9.33198490e-13 
 2.97592000e-06  5.01808829e-11  2.97592000e-06  9.33224875e-13 
 2.97792000e-06  5.01808829e-11  2.97792000e-06  9.33246963e-13 
 2.97992000e-06  5.01808829e-11  2.97992000e-06  9.33265131e-13 
 2.98192000e-06  5.01808829e-11  2.98192000e-06  9.33279756e-13 
 2.98392000e-06  5.01808829e-11  2.98392000e-06  9.33291219e-13 
 2.98592000e-06  5.01808829e-11  2.98592000e-06  9.33299904e-13 
 2.98792000e-06  5.01808829e-11  2.98792000e-06  9.33306195e-13 
 2.98992000e-06  5.01808829e-11  2.98992000e-06  9.33310479e-13 
 2.99192000e-06  5.01808829e-11  2.99192000e-06  9.33313141e-13 
 2.99392000e-06  5.01808829e-11  2.99392000e-06  9.33314572e-13 
 2.99592000e-06  5.01808829e-11  2.99592000e-06  9.33315160e-13 
 2.99792000e-06  5.01808829e-11  2.99792000e-06  9.33315294e-13 
 2.99992000e-06  5.01808829e-11  2.99992000e-06  9.33315365e-13 
 3.00192000e-06  5.01808829e-11  3.00192000e-06  9.33315763e-13 
 3.00392000e-06  5.01808829e-11  3.00392000e-06  9.33316876e-13 
 3.00592000e-06  5.01808829e-11  3.00592000e-06  9.33319096e-13 
 3.00792000e-06  5.01808829e-11  3.00792000e-06  9.33322809e-13 
 3.00992000e-06  5.01808829e-11  3.00992000e-06  9.33328404e-13 
 3.01192000e-06  5.01808829e-11  3.01192000e-06  9.33336267e-13 
 3.01392000e-06  5.01808829e-11  3.01392000e-06  9.33346782e-13 
 3.01592000e-06  5.01808829e-11  3.01592000e-06  9.33360334e-13 
 3.01792000e-06  5.01808829e-11  3.01792000e-06  9.33377304e-13 
 3.01992000e-06  5.01808829e-11  3.01992000e-06  9.33398070e-13 
 3.02192000e-06  5.01808829e-11  3.02192000e-06  9.33423009e-13 
 3.02392000e-06  5.01808829e-11  3.02392000e-06  9.33452496e-13 
 3.02592000e-06  5.01808829e-11  3.02592000e-06  9.33486901e-13 
 3.02792000e-06  5.01808829e-11  3.02792000e-06  9.33526593e-13 
 3.02992000e-06  5.01808829e-11  3.02992000e-06  9.33571937e-13 
 3.03192000e-06  5.01808829e-11  3.03192000e-06  9.33623292e-13 
 3.03392000e-06  5.01808829e-11  3.03392000e-06  9.33681017e-13 
 3.03592000e-06  5.01808829e-11  3.03592000e-06  9.33745465e-13 
 3.03792000e-06  5.01808829e-11  3.03792000e-06  9.33816985e-13 
 3.03992000e-06  5.01808829e-11  3.03992000e-06  9.33895922e-13 
 3.04192000e-06  5.01808829e-11  3.04192000e-06  9.33982614e-13 
 3.04392000e-06  5.01808829e-11  3.04392000e-06  9.34077398e-13 
 3.04592000e-06  5.01808829e-11  3.04592000e-06  9.34180602e-13 
 3.04792000e-06  5.01808829e-11  3.04792000e-06  9.34292552e-13 
 3.04992000e-06  5.01808829e-11  3.04992000e-06  9.34413565e-13 
 3.05192000e-06  5.01808829e-11  3.05192000e-06  9.34543956e-13 
 3.05392000e-06  5.01808829e-11  3.05392000e-06  9.34684031e-13 
 3.05592000e-06  5.01808829e-11  3.05592000e-06  9.34834091e-13 
 3.05792000e-06  5.01808829e-11  3.05792000e-06  9.34994431e-13 
 3.05992000e-06  5.01808829e-11  3.05992000e-06  9.35165340e-13 
 3.06192000e-06  5.01808829e-11  3.06192000e-06  9.35347098e-13 
 3.06392000e-06  5.01808829e-11  3.06392000e-06  9.35539981e-13 
 3.06592000e-06  5.01808829e-11  3.06592000e-06  9.35744256e-13 
 3.06792000e-06  5.01808829e-11  3.06792000e-06  9.35960183e-13 
 3.06992000e-06  5.01808829e-11  3.06992000e-06  9.36188015e-13 
 3.07192000e-06  5.01808829e-11  3.07192000e-06  9.36427998e-13 
 3.07392000e-06  5.01808829e-11  3.07392000e-06  9.36680370e-13 
 3.07592000e-06  5.01808829e-11  3.07592000e-06  9.36945360e-13 
 3.07792000e-06  5.01808829e-11  3.07792000e-06  9.37223190e-13 
 3.07992000e-06  5.01808829e-11  3.07992000e-06  9.37514074e-13 
 3.08192000e-06  5.01808829e-11  3.08192000e-06  9.37818219e-13 
 3.08392000e-06  5.01808829e-11  3.08392000e-06  9.38135819e-13 
 3.08592000e-06  5.01808829e-11  3.08592000e-06  9.38467066e-13 
 3.08792000e-06  5.01808829e-11  3.08792000e-06  9.38812137e-13 
 3.08992000e-06  5.01808829e-11  3.08992000e-06  9.39171206e-13 
 3.09192000e-06  5.01808829e-11  3.09192000e-06  9.39544433e-13 
 3.09392000e-06  5.01808829e-11  3.09392000e-06  9.39931972e-13 
 3.09592000e-06  5.01808829e-11  3.09592000e-06  9.40333968e-13 
 3.09792000e-06  5.01808829e-11  3.09792000e-06  9.40750556e-13 
 3.09992000e-06  5.01808829e-11  3.09992000e-06  9.41181862e-13 
 3.10192000e-06  5.01808829e-11  3.10192000e-06  9.41628002e-13 
 3.10392000e-06  5.01808829e-11  3.10392000e-06  9.42089084e-13 
 3.10592000e-06  5.01808829e-11  3.10592000e-06  9.42565205e-13 
 3.10792000e-06  5.01808829e-11  3.10792000e-06  9.43056454e-13 
 3.10992000e-06  5.01808829e-11  3.10992000e-06  9.43562910e-13 
 3.11192000e-06  5.01808829e-11  3.11192000e-06  9.44084641e-13 
 3.11392000e-06  5.01808829e-11  3.11392000e-06  9.44621707e-13 
 3.11592000e-06  5.01808829e-11  3.11592000e-06  9.45174157e-13 
 3.11792000e-06  5.01808829e-11  3.11792000e-06  9.45742032e-13 
 3.11992000e-06  5.01808829e-11  3.11992000e-06  9.46325362e-13 
 3.12192000e-06  5.01808829e-11  3.12192000e-06  9.46924168e-13 
 3.12392000e-06  5.01808829e-11  3.12392000e-06  9.47538459e-13 
 3.12592000e-06  5.01808829e-11  3.12592000e-06  9.48168237e-13 
 3.12792000e-06  5.01808829e-11  3.12792000e-06  9.48813492e-13 
 3.12992000e-06  5.01808829e-11  3.12992000e-06  9.49474207e-13 
 3.13192000e-06  5.01808829e-11  3.13192000e-06  9.50150352e-13 
 3.13392000e-06  5.01808829e-11  3.13392000e-06  9.50841890e-13 
 3.13592000e-06  5.01808829e-11  3.13592000e-06  9.51548772e-13 
 3.13792000e-06  5.01808829e-11  3.13792000e-06  9.52270940e-13 
 3.13992000e-06  5.01808829e-11  3.13992000e-06  9.53008327e-13 
 3.14192000e-06  5.01808829e-11  3.14192000e-06  9.53760857e-13 
 3.14392000e-06  5.01808829e-11  3.14392000e-06  9.54528441e-13 
 3.14592000e-06  5.01808829e-11  3.14592000e-06  9.55310986e-13 
 3.14792000e-06  5.01808829e-11  3.14792000e-06  9.56108384e-13 
 3.14992000e-06  5.01808829e-11  3.14992000e-06  9.56920520e-13 
 3.15192000e-06  5.01808829e-11  3.15192000e-06  9.57747271e-13 
 3.15392000e-06  5.01808829e-11  3.15392000e-06  9.58588503e-13 
 3.15592000e-06  5.01808829e-11  3.15592000e-06  9.59444074e-13 
 3.15792000e-06  5.01808829e-11  3.15792000e-06  9.60313830e-13 
 3.15992000e-06  5.01808829e-11  3.15992000e-06  9.61197612e-13 
 3.16192000e-06  5.01808829e-11  3.16192000e-06  9.62095251e-13 
 3.16392000e-06  5.01808829e-11  3.16392000e-06  9.63006567e-13 
 3.16592000e-06  5.01808829e-11  3.16592000e-06  9.63931373e-13 
 3.16792000e-06  5.01808829e-11  3.16792000e-06  9.64869475e-13 
 3.16992000e-06  5.01808829e-11  3.16992000e-06  9.65820668e-13 
 3.17192000e-06  5.01808829e-11  3.17192000e-06  9.66784739e-13 
 3.17392000e-06  5.01808829e-11  3.17392000e-06  9.67761470e-13 
 3.17592000e-06  5.01808829e-11  3.17592000e-06  9.68750630e-13 
 3.17792000e-06  5.01808829e-11  3.17792000e-06  9.69751984e-13 
 3.17992000e-06  5.01808829e-11  3.17992000e-06  9.70765287e-13 
 3.18192000e-06  5.01808829e-11  3.18192000e-06  9.71790290e-13 
 3.18392000e-06  5.01808829e-11  3.18392000e-06  9.72826731e-13 
 3.18592000e-06  5.01808829e-11  3.18592000e-06  9.73874346e-13 
 3.18792000e-06  5.01808829e-11  3.18792000e-06  9.74932861e-13 
 3.18992000e-06  5.01808829e-11  3.18992000e-06  9.76001996e-13 
 3.19192000e-06  5.01808829e-11  3.19192000e-06  9.77081464e-13 
 3.19392000e-06  5.01808829e-11  3.19392000e-06  9.78170971e-13 
 3.19592000e-06  5.01808829e-11  3.19592000e-06  9.79270219e-13 
 3.19792000e-06  5.01808829e-11  3.19792000e-06  9.80378901e-13 
 3.19992000e-06  5.01808829e-11  3.19992000e-06  9.81496706e-13 
 3.20192000e-06  5.01808829e-11  3.20192000e-06  9.82623315e-13 
 3.20392000e-06  5.01808829e-11  3.20392000e-06  9.83758406e-13 
 3.20592000e-06  5.01808829e-11  3.20592000e-06  9.84901651e-13 
 3.20792000e-06  5.01808829e-11  3.20792000e-06  9.86052715e-13 
 3.20992000e-06  5.01808829e-11  3.20992000e-06  9.87211259e-13 
 3.21192000e-06  5.01808829e-11  3.21192000e-06  9.88376942e-13 
 3.21392000e-06  5.01808829e-11  3.21392000e-06  9.89549414e-13 
 3.21592000e-06  5.01808829e-11  3.21592000e-06  9.90728324e-13 
 3.21792000e-06  5.01808829e-11  3.21792000e-06  9.91913315e-13 
 3.21992000e-06  5.01808829e-11  3.21992000e-06  9.93104028e-13 
 3.22192000e-06  5.01808829e-11  3.22192000e-06  9.94300099e-13 
 3.22392000e-06  5.01808829e-11  3.22392000e-06  9.95501160e-13 
 3.22592000e-06  5.01808829e-11  3.22592000e-06  9.96706843e-13 
 3.22792000e-06  5.01808829e-11  3.22792000e-06  9.97916772e-13 
 3.22992000e-06  5.01808829e-11  3.22992000e-06  9.99130573e-13 
 3.23192000e-06  5.01808829e-11  3.23192000e-06  1.00034787e-12 
 3.23392000e-06  5.01808829e-11  3.23392000e-06  1.00156828e-12 
 3.23592000e-06  5.01808829e-11  3.23592000e-06  1.00279141e-12 
 3.23792000e-06  5.01808829e-11  3.23792000e-06  1.00401690e-12 
 3.23992000e-06  5.01808829e-11  3.23992000e-06  1.00524435e-12 
 3.24192000e-06  5.01808829e-11  3.24192000e-06  1.00647337e-12 
 3.24392000e-06  5.01808829e-11  3.24392000e-06  1.00770357e-12 
 3.24592000e-06  5.01808829e-11  3.24592000e-06  1.00893458e-12 
 3.24792000e-06  5.01808829e-11  3.24792000e-06  1.01016599e-12 
 3.24992000e-06  5.01808829e-11  3.24992000e-06  1.01139742e-12 
 3.25192000e-06  5.01808829e-11  3.25192000e-06  1.01262848e-12 
 3.25392000e-06  5.01808829e-11  3.25392000e-06  1.01385879e-12 
 3.25592000e-06  5.01808829e-11  3.25592000e-06  1.01508794e-12 
 3.25792000e-06  5.01808829e-11  3.25792000e-06  1.01631556e-12 
 3.25992000e-06  5.01808829e-11  3.25992000e-06  1.01754126e-12 
 3.26192000e-06  5.01808829e-11  3.26192000e-06  1.01876465e-12 
 3.26392000e-06  5.01808829e-11  3.26392000e-06  1.01998535e-12 
 3.26592000e-06  5.01808829e-11  3.26592000e-06  1.02120297e-12 
 3.26792000e-06  5.01808829e-11  3.26792000e-06  1.02241714e-12 
 3.26992000e-06  5.01808829e-11  3.26992000e-06  1.02362747e-12 
 3.27192000e-06  5.01808829e-11  3.27192000e-06  1.02483360e-12 
 3.27392000e-06  5.01808829e-11  3.27392000e-06  1.02603514e-12 
 3.27592000e-06  5.01808829e-11  3.27592000e-06  1.02723172e-12 
 3.27792000e-06  5.01808829e-11  3.27792000e-06  1.02842299e-12 
 3.27992000e-06  5.01808829e-11  3.27992000e-06  1.02960858e-12 
 3.28192000e-06  5.01808829e-11  3.28192000e-06  1.03078811e-12 
 3.28392000e-06  5.01808829e-11  3.28392000e-06  1.03196125e-12 
 3.28592000e-06  5.01808829e-11  3.28592000e-06  1.03312763e-12 
 3.28792000e-06  5.01808829e-11  3.28792000e-06  1.03428692e-12 
 3.28992000e-06  5.01808829e-11  3.28992000e-06  1.03543875e-12 
 3.29192000e-06  5.01808829e-11  3.29192000e-06  1.03658281e-12 
 3.29392000e-06  5.01808829e-11  3.29392000e-06  1.03771874e-12 
 3.29592000e-06  5.01808829e-11  3.29592000e-06  1.03884623e-12 
 3.29792000e-06  5.01808829e-11  3.29792000e-06  1.03996495e-12 
 3.29992000e-06  5.01808829e-11  3.29992000e-06  1.04107458e-12 
 3.30192000e-06  5.01808829e-11  3.30192000e-06  1.04217481e-12 
 3.30392000e-06  5.01808829e-11  3.30392000e-06  1.04326533e-12 
 3.30592000e-06  5.01808829e-11  3.30592000e-06  1.04434584e-12 
 3.30792000e-06  5.01808829e-11  3.30792000e-06  1.04541606e-12 
 3.30992000e-06  5.01808829e-11  3.30992000e-06  1.04647568e-12 
 3.31192000e-06  5.01808829e-11  3.31192000e-06  1.04752444e-12 
 3.31392000e-06  5.01808829e-11  3.31392000e-06  1.04856206e-12 
 3.31592000e-06  5.01808829e-11  3.31592000e-06  1.04958826e-12 
 3.31792000e-06  5.01808829e-11  3.31792000e-06  1.05060280e-12 
 3.31992000e-06  5.01808829e-11  3.31992000e-06  1.05160542e-12 
 3.32192000e-06  5.01808829e-11  3.32192000e-06  1.05259588e-12 
 3.32392000e-06  5.01808829e-11  3.32392000e-06  1.05357393e-12 
 3.32592000e-06  5.01808829e-11  3.32592000e-06  1.05453935e-12 
 3.32792000e-06  5.01808829e-11  3.32792000e-06  1.05549192e-12 
 3.32992000e-06  5.01808829e-11  3.32992000e-06  1.05643142e-12 
 3.33192000e-06  5.01808829e-11  3.33192000e-06  1.05735766e-12 
 3.33392000e-06  5.01808829e-11  3.33392000e-06  1.05827043e-12 
 3.33592000e-06  5.01808829e-11  3.33592000e-06  1.05916955e-12 
 3.33792000e-06  5.01808829e-11  3.33792000e-06  1.06005484e-12 
 3.33992000e-06  5.01808829e-11  3.33992000e-06  1.06092612e-12 
 3.34192000e-06  5.01808829e-11  3.34192000e-06  1.06178324e-12 
 3.34392000e-06  5.01808829e-11  3.34392000e-06  1.06262605e-12 
 3.34592000e-06  5.01808829e-11  3.34592000e-06  1.06345439e-12 
 3.34792000e-06  5.01808829e-11  3.34792000e-06  1.06426814e-12 
 3.34992000e-06  5.01808829e-11  3.34992000e-06  1.06506718e-12 
 3.35192000e-06  5.01808829e-11  3.35192000e-06  1.06585137e-12 
 3.35392000e-06  5.01808829e-11  3.35392000e-06  1.06662063e-12 
 3.35592000e-06  5.01808829e-11  3.35592000e-06  1.06737485e-12 
 3.35792000e-06  5.01808829e-11  3.35792000e-06  1.06811394e-12 
 3.35992000e-06  5.01808829e-11  3.35992000e-06  1.06883783e-12 
 3.36192000e-06  5.01808829e-11  3.36192000e-06  1.06954645e-12 
 3.36392000e-06  5.01808829e-11  3.36392000e-06  1.07023973e-12 
 3.36592000e-06  5.01808829e-11  3.36592000e-06  1.07091764e-12 
 3.36792000e-06  5.01808829e-11  3.36792000e-06  1.07158013e-12 
 3.36992000e-06  5.01808829e-11  3.36992000e-06  1.07222717e-12 
 3.37192000e-06  5.01808829e-11  3.37192000e-06  1.07285875e-12 
 3.37392000e-06  5.01808829e-11  3.37392000e-06  1.07347484e-12 
 3.37592000e-06  5.01808829e-11  3.37592000e-06  1.07407546e-12 
 3.37792000e-06  5.01808829e-11  3.37792000e-06  1.07466061e-12 
 3.37992000e-06  5.01808829e-11  3.37992000e-06  1.07523032e-12 
 3.38192000e-06  5.01808829e-11  3.38192000e-06  1.07578460e-12 
 3.38392000e-06  5.01808829e-11  3.38392000e-06  1.07632350e-12 
 3.38592000e-06  5.01808829e-11  3.38592000e-06  1.07684707e-12 
 3.38792000e-06  5.01808829e-11  3.38792000e-06  1.07735537e-12 
 3.38992000e-06  5.01808829e-11  3.38992000e-06  1.07784846e-12 
 3.39192000e-06  5.01808829e-11  3.39192000e-06  1.07832643e-12 
 3.39392000e-06  5.01808829e-11  3.39392000e-06  1.07878935e-12 
 3.39592000e-06  5.01808829e-11  3.39592000e-06  1.07923733e-12 
 3.39792000e-06  5.01808829e-11  3.39792000e-06  1.07967047e-12 
 3.39992000e-06  5.01808829e-11  3.39992000e-06  1.08008889e-12 
 3.40192000e-06  5.01808829e-11  3.40192000e-06  1.08049272e-12 
 3.40392000e-06  5.01808829e-11  3.40392000e-06  1.08088207e-12 
 3.40592000e-06  5.01808829e-11  3.40592000e-06  1.08125711e-12 
 3.40792000e-06  5.01808829e-11  3.40792000e-06  1.08161798e-12 
 3.40992000e-06  5.01808829e-11  3.40992000e-06  1.08196485e-12 
 3.41192000e-06  5.01808829e-11  3.41192000e-06  1.08229787e-12 
 3.41392000e-06  5.01808829e-11  3.41392000e-06  1.08261724e-12 
 3.41592000e-06  5.01808829e-11  3.41592000e-06  1.08292314e-12 
 3.41792000e-06  5.01808829e-11  3.41792000e-06  1.08321576e-12 
 3.41992000e-06  5.01808829e-11  3.41992000e-06  1.08349531e-12 
 3.42192000e-06  5.01808829e-11  3.42192000e-06  1.08376200e-12 
 3.42392000e-06  5.01808829e-11  3.42392000e-06  1.08401606e-12 
 3.42592000e-06  5.01808829e-11  3.42592000e-06  1.08425770e-12 
 3.42792000e-06  5.01808829e-11  3.42792000e-06  1.08448718e-12 
 3.42992000e-06  5.01808829e-11  3.42992000e-06  1.08470472e-12 
 3.43192000e-06  5.01808829e-11  3.43192000e-06  1.08491059e-12 
 3.43392000e-06  5.01808829e-11  3.43392000e-06  1.08510504e-12 
 3.43592000e-06  5.01808829e-11  3.43592000e-06  1.08528834e-12 
 3.43792000e-06  5.01808829e-11  3.43792000e-06  1.08546076e-12 
 3.43992000e-06  5.01808829e-11  3.43992000e-06  1.08562258e-12 
 3.44192000e-06  5.01808829e-11  3.44192000e-06  1.08577409e-12 
 3.44392000e-06  5.01808829e-11  3.44392000e-06  1.08591559e-12 
 3.44592000e-06  5.01808829e-11  3.44592000e-06  1.08604736e-12 
 3.44792000e-06  5.01808829e-11  3.44792000e-06  1.08616973e-12 
 3.44992000e-06  5.01808829e-11  3.44992000e-06  1.08628299e-12 
 3.45192000e-06  5.01808829e-11  3.45192000e-06  1.08638747e-12 
 3.45392000e-06  5.01808829e-11  3.45392000e-06  1.08648349e-12 
 3.45592000e-06  5.01808829e-11  3.45592000e-06  1.08657138e-12 
 3.45792000e-06  5.01808829e-11  3.45792000e-06  1.08665147e-12 
 3.45992000e-06  5.01808829e-11  3.45992000e-06  1.08672410e-12 
 3.46192000e-06  5.01808829e-11  3.46192000e-06  1.08678961e-12 
 3.46392000e-06  5.01808829e-11  3.46392000e-06  1.08684835e-12 
 3.46592000e-06  5.01808829e-11  3.46592000e-06  1.08690068e-12 
 3.46792000e-06  5.01808829e-11  3.46792000e-06  1.08694695e-12 
 3.46992000e-06  5.01808829e-11  3.46992000e-06  1.08698751e-12 
 3.47192000e-06  5.01808829e-11  3.47192000e-06  1.08702274e-12 
 3.47392000e-06  5.01808829e-11  3.47392000e-06  1.08705299e-12 
 3.47592000e-06  5.01808829e-11  3.47592000e-06  1.08707864e-12 
 3.47792000e-06  5.01808829e-11  3.47792000e-06  1.08710007e-12 
 3.47992000e-06  5.01808829e-11  3.47992000e-06  1.08711764e-12 
 3.48192000e-06  5.01808829e-11  3.48192000e-06  1.08713173e-12 
 3.48392000e-06  5.01808829e-11  3.48392000e-06  1.08714273e-12 
 3.48592000e-06  5.01808829e-11  3.48592000e-06  1.08715102e-12 
 3.48792000e-06  5.01808829e-11  3.48792000e-06  1.08715697e-12 
 3.48992000e-06  5.01808829e-11  3.48992000e-06  1.08716098e-12 
 3.49192000e-06  5.01808829e-11  3.49192000e-06  1.08716343e-12 
 3.49392000e-06  5.01808829e-11  3.49392000e-06  1.08716471e-12 
 3.49592000e-06  5.01808829e-11  3.49592000e-06  1.08716520e-12 
 3.49792000e-06  5.01808829e-11  3.49792000e-06  1.08716530e-12 
 3.49992000e-06  5.01808829e-11  3.49992000e-06  1.08716540e-12 
 3.50192000e-06  5.01808829e-11  3.50192000e-06  1.08716588e-12 
 3.50392000e-06  5.01808829e-11  3.50392000e-06  1.08716712e-12 
 3.50592000e-06  5.01808829e-11  3.50592000e-06  1.08716953e-12 
 3.50792000e-06  5.01808829e-11  3.50792000e-06  1.08717348e-12 
 3.50992000e-06  5.01808829e-11  3.50992000e-06  1.08717936e-12 
 3.51192000e-06  5.01808829e-11  3.51192000e-06  1.08718757e-12 
 3.51392000e-06  5.01808829e-11  3.51392000e-06  1.08719847e-12 
 3.51592000e-06  5.01808829e-11  3.51592000e-06  1.08721245e-12 
 3.51792000e-06  5.01808829e-11  3.51792000e-06  1.08722990e-12 
 3.51992000e-06  5.01808829e-11  3.51992000e-06  1.08725118e-12 
 3.52192000e-06  5.01808829e-11  3.52192000e-06  1.08727668e-12 
 3.52392000e-06  5.01808829e-11  3.52392000e-06  1.08730677e-12 
 3.52592000e-06  5.01808829e-11  3.52592000e-06  1.08734182e-12 
 3.52792000e-06  5.01808829e-11  3.52792000e-06  1.08738219e-12 
 3.52992000e-06  5.01808829e-11  3.52992000e-06  1.08742824e-12 
 3.53192000e-06  5.01808829e-11  3.53192000e-06  1.08748034e-12 
 3.53392000e-06  5.01808829e-11  3.53392000e-06  1.08753884e-12 
 3.53592000e-06  5.01808829e-11  3.53592000e-06  1.08760410e-12 
 3.53792000e-06  5.01808829e-11  3.53792000e-06  1.08767645e-12 
 3.53992000e-06  5.01808829e-11  3.53992000e-06  1.08775625e-12 
 3.54192000e-06  5.01808829e-11  3.54192000e-06  1.08784383e-12 
 3.54392000e-06  5.01808829e-11  3.54392000e-06  1.08793953e-12 
 3.54592000e-06  5.01808829e-11  3.54592000e-06  1.08804366e-12 
 3.54792000e-06  5.01808829e-11  3.54792000e-06  1.08815656e-12 
 3.54992000e-06  5.01808829e-11  3.54992000e-06  1.08827854e-12 
 3.55192000e-06  5.01808829e-11  3.55192000e-06  1.08840992e-12 
 3.55392000e-06  5.01808829e-11  3.55392000e-06  1.08855099e-12 
 3.55592000e-06  5.01808829e-11  3.55592000e-06  1.08870206e-12 
 3.55792000e-06  5.01808829e-11  3.55792000e-06  1.08886342e-12 
 3.55992000e-06  5.01808829e-11  3.55992000e-06  1.08903536e-12 
 3.56192000e-06  5.01808829e-11  3.56192000e-06  1.08921815e-12 
 3.56392000e-06  5.01808829e-11  3.56392000e-06  1.08941207e-12 
 3.56592000e-06  5.01808829e-11  3.56592000e-06  1.08961739e-12 
 3.56792000e-06  5.01808829e-11  3.56792000e-06  1.08983436e-12 
 3.56992000e-06  5.01808829e-11  3.56992000e-06  1.09006323e-12 
 3.57192000e-06  5.01808829e-11  3.57192000e-06  1.09030426e-12 
 3.57392000e-06  5.01808829e-11  3.57392000e-06  1.09055766e-12 
 3.57592000e-06  5.01808829e-11  3.57592000e-06  1.09082368e-12 
 3.57792000e-06  5.01808829e-11  3.57792000e-06  1.09110253e-12 
 3.57992000e-06  5.01808829e-11  3.57992000e-06  1.09139442e-12 
 3.58192000e-06  5.01808829e-11  3.58192000e-06  1.09169956e-12 
 3.58392000e-06  5.01808829e-11  3.58392000e-06  1.09201814e-12 
 3.58592000e-06  5.01808829e-11  3.58592000e-06  1.09235035e-12 
 3.58792000e-06  5.01808829e-11  3.58792000e-06  1.09269637e-12 
 3.58992000e-06  5.01808829e-11  3.58992000e-06  1.09305637e-12 
 3.59192000e-06  5.01808829e-11  3.59192000e-06  1.09343050e-12 
 3.59392000e-06  5.01808829e-11  3.59392000e-06  1.09381893e-12 
 3.59592000e-06  5.01808829e-11  3.59592000e-06  1.09422178e-12 
 3.59792000e-06  5.01808829e-11  3.59792000e-06  1.09463920e-12 
 3.59992000e-06  5.01808829e-11  3.59992000e-06  1.09507131e-12 
 3.60192000e-06  5.01808829e-11  3.60192000e-06  1.09551822e-12 
 3.60392000e-06  5.01808829e-11  3.60392000e-06  1.09598005e-12 
 3.60592000e-06  5.01808829e-11  3.60592000e-06  1.09645687e-12 
 3.60792000e-06  5.01808829e-11  3.60792000e-06  1.09694879e-12 
 3.60992000e-06  5.01808829e-11  3.60992000e-06  1.09745588e-12 
 3.61192000e-06  5.01808829e-11  3.61192000e-06  1.09797821e-12 
 3.61392000e-06  5.01808829e-11  3.61392000e-06  1.09851583e-12 
 3.61592000e-06  5.01808829e-11  3.61592000e-06  1.09906880e-12 
 3.61792000e-06  5.01808829e-11  3.61792000e-06  1.09963714e-12 
 3.61992000e-06  5.01808829e-11  3.61992000e-06  1.10022090e-12 
 3.62192000e-06  5.01808829e-11  3.62192000e-06  1.10082008e-12 
 3.62392000e-06  5.01808829e-11  3.62392000e-06  1.10143471e-12 
 3.62592000e-06  5.01808829e-11  3.62592000e-06  1.10206477e-12 
 3.62792000e-06  5.01808829e-11  3.62792000e-06  1.10271025e-12 
 3.62992000e-06  5.01808829e-11  3.62992000e-06  1.10337115e-12 
 3.63192000e-06  5.01808829e-11  3.63192000e-06  1.10404742e-12 
 3.63392000e-06  5.01808829e-11  3.63392000e-06  1.10473903e-12 
 3.63592000e-06  5.01808829e-11  3.63592000e-06  1.10544593e-12 
 3.63792000e-06  5.01808829e-11  3.63792000e-06  1.10616805e-12 
 3.63992000e-06  5.01808829e-11  3.63992000e-06  1.10690534e-12 
 3.64192000e-06  5.01808829e-11  3.64192000e-06  1.10765771e-12 
 3.64392000e-06  5.01808829e-11  3.64392000e-06  1.10842508e-12 
 3.64592000e-06  5.01808829e-11  3.64592000e-06  1.10920734e-12 
 3.64792000e-06  5.01808829e-11  3.64792000e-06  1.11000439e-12 
 3.64992000e-06  5.01808829e-11  3.64992000e-06  1.11081612e-12 
 3.65192000e-06  5.01808829e-11  3.65192000e-06  1.11164240e-12 
 3.65392000e-06  5.01808829e-11  3.65392000e-06  1.11248309e-12 
 3.65592000e-06  5.01808829e-11  3.65592000e-06  1.11333806e-12 
 3.65792000e-06  5.01808829e-11  3.65792000e-06  1.11420714e-12 
 3.65992000e-06  5.01808829e-11  3.65992000e-06  1.11509018e-12 
 3.66192000e-06  5.01808829e-11  3.66192000e-06  1.11598701e-12 
 3.66392000e-06  5.01808829e-11  3.66392000e-06  1.11689745e-12 
 3.66592000e-06  5.01808829e-11  3.66592000e-06  1.11782131e-12 
 3.66792000e-06  5.01808829e-11  3.66792000e-06  1.11875839e-12 
 3.66992000e-06  5.01808829e-11  3.66992000e-06  1.11970849e-12 
 3.67192000e-06  5.01808829e-11  3.67192000e-06  1.12067140e-12 
 3.67392000e-06  5.01808829e-11  3.67392000e-06  1.12164689e-12 
 3.67592000e-06  5.01808829e-11  3.67592000e-06  1.12263474e-12 
 3.67792000e-06  5.01808829e-11  3.67792000e-06  1.12363471e-12 
 3.67992000e-06  5.01808829e-11  3.67992000e-06  1.12464656e-12 
 3.68192000e-06  5.01808829e-11  3.68192000e-06  1.12567003e-12 
 3.68392000e-06  5.01808829e-11  3.68392000e-06  1.12670487e-12 
 3.68592000e-06  5.01808829e-11  3.68592000e-06  1.12775081e-12 
 3.68792000e-06  5.01808829e-11  3.68792000e-06  1.12880757e-12 
 3.68992000e-06  5.01808829e-11  3.68992000e-06  1.12987488e-12 
 3.69192000e-06  5.01808829e-11  3.69192000e-06  1.13095244e-12 
 3.69392000e-06  5.01808829e-11  3.69392000e-06  1.13203997e-12 
 3.69592000e-06  5.01808829e-11  3.69592000e-06  1.13313717e-12 
 3.69792000e-06  5.01808829e-11  3.69792000e-06  1.13424372e-12 
 3.69992000e-06  5.01808829e-11  3.69992000e-06  1.13535933e-12 
 3.70192000e-06  5.01808829e-11  3.70192000e-06  1.13648366e-12 
 3.70392000e-06  5.01808829e-11  3.70392000e-06  1.13761640e-12 
 3.70592000e-06  5.01808829e-11  3.70592000e-06  1.13875722e-12 
 3.70792000e-06  5.01808829e-11  3.70792000e-06  1.13990579e-12 
 3.70992000e-06  5.01808829e-11  3.70992000e-06  1.14106176e-12 
 3.71192000e-06  5.01808829e-11  3.71192000e-06  1.14222480e-12 
 3.71392000e-06  5.01808829e-11  3.71392000e-06  1.14339456e-12 
 3.71592000e-06  5.01808829e-11  3.71592000e-06  1.14457068e-12 
 3.71792000e-06  5.01808829e-11  3.71792000e-06  1.14575281e-12 
 3.71992000e-06  5.01808829e-11  3.71992000e-06  1.14694060e-12 
 3.72192000e-06  5.01808829e-11  3.72192000e-06  1.14813367e-12 
 3.72392000e-06  5.01808829e-11  3.72392000e-06  1.14933166e-12 
 3.72592000e-06  5.01808829e-11  3.72592000e-06  1.15053420e-12 
 3.72792000e-06  5.01808829e-11  3.72792000e-06  1.15174093e-12 
 3.72992000e-06  5.01808829e-11  3.72992000e-06  1.15295146e-12 
 3.73192000e-06  5.01808829e-11  3.73192000e-06  1.15416541e-12 
 3.73392000e-06  5.01808829e-11  3.73392000e-06  1.15538241e-12 
 3.73592000e-06  5.01808829e-11  3.73592000e-06  1.15660208e-12 
 3.73792000e-06  5.01808829e-11  3.73792000e-06  1.15782404e-12 
 3.73992000e-06  5.01808829e-11  3.73992000e-06  1.15904789e-12 
 3.74192000e-06  5.01808829e-11  3.74192000e-06  1.16027325e-12 
 3.74392000e-06  5.01808829e-11  3.74392000e-06  1.16149974e-12 
 3.74592000e-06  5.01808829e-11  3.74592000e-06  1.16272697e-12 
 3.74792000e-06  5.01808829e-11  3.74792000e-06  1.16395455e-12 
 3.74992000e-06  5.01808829e-11  3.74992000e-06  1.16518209e-12 
 3.75192000e-06  5.01808829e-11  3.75192000e-06  1.16640921e-12 
 3.75392000e-06  5.01808829e-11  3.75392000e-06  1.16763551e-12 
 3.75592000e-06  5.01808829e-11  3.75592000e-06  1.16886061e-12 
 3.75792000e-06  5.01808829e-11  3.75792000e-06  1.17008413e-12 
 3.75992000e-06  5.01808829e-11  3.75992000e-06  1.17130567e-12 
 3.76192000e-06  5.01808829e-11  3.76192000e-06  1.17252485e-12 
 3.76392000e-06  5.01808829e-11  3.76392000e-06  1.17374130e-12 
 3.76592000e-06  5.01808829e-11  3.76592000e-06  1.17495462e-12 
 3.76792000e-06  5.01808829e-11  3.76792000e-06  1.17616445e-12 
 3.76992000e-06  5.01808829e-11  3.76992000e-06  1.17737040e-12 
 3.77192000e-06  5.01808829e-11  3.77192000e-06  1.17857209e-12 
 3.77392000e-06  5.01808829e-11  3.77392000e-06  1.17976917e-12 
 3.77592000e-06  5.01808829e-11  3.77592000e-06  1.18096125e-12 
 3.77792000e-06  5.01808829e-11  3.77792000e-06  1.18214798e-12 
 3.77992000e-06  5.01808829e-11  3.77992000e-06  1.18332899e-12 
 3.78192000e-06  5.01808829e-11  3.78192000e-06  1.18450391e-12 
 3.78392000e-06  5.01808829e-11  3.78392000e-06  1.18567241e-12 
 3.78592000e-06  5.01808829e-11  3.78592000e-06  1.18683412e-12 
 3.78792000e-06  5.01808829e-11  3.78792000e-06  1.18798871e-12 
 3.78992000e-06  5.01808829e-11  3.78992000e-06  1.18913582e-12 
 3.79192000e-06  5.01808829e-11  3.79192000e-06  1.19027512e-12 
 3.79392000e-06  5.01808829e-11  3.79392000e-06  1.19140628e-12 
 3.79592000e-06  5.01808829e-11  3.79592000e-06  1.19252898e-12 
 3.79792000e-06  5.01808829e-11  3.79792000e-06  1.19364288e-12 
 3.79992000e-06  5.01808829e-11  3.79992000e-06  1.19474768e-12 
 3.80192000e-06  5.01808829e-11  3.80192000e-06  1.19584307e-12 
 3.80392000e-06  5.01808829e-11  3.80392000e-06  1.19692873e-12 
 3.80592000e-06  5.01808829e-11  3.80592000e-06  1.19800437e-12 
 3.80792000e-06  5.01808829e-11  3.80792000e-06  1.19906971e-12 
 3.80992000e-06  5.01808829e-11  3.80992000e-06  1.20012444e-12 
 3.81192000e-06  5.01808829e-11  3.81192000e-06  1.20116831e-12 
 3.81392000e-06  5.01808829e-11  3.81392000e-06  1.20220102e-12 
 3.81592000e-06  5.01808829e-11  3.81592000e-06  1.20322233e-12 
 3.81792000e-06  5.01808829e-11  3.81792000e-06  1.20423196e-12 
 3.81992000e-06  5.01808829e-11  3.81992000e-06  1.20522968e-12 
 3.82192000e-06  5.01808829e-11  3.82192000e-06  1.20621523e-12 
 3.82392000e-06  5.01808829e-11  3.82392000e-06  1.20718839e-12 
 3.82592000e-06  5.01808829e-11  3.82592000e-06  1.20814893e-12 
 3.82792000e-06  5.01808829e-11  3.82792000e-06  1.20909662e-12 
 3.82992000e-06  5.01808829e-11  3.82992000e-06  1.21003126e-12 
 3.83192000e-06  5.01808829e-11  3.83192000e-06  1.21095264e-12 
 3.83392000e-06  5.01808829e-11  3.83392000e-06  1.21186057e-12 
 3.83592000e-06  5.01808829e-11  3.83592000e-06  1.21275486e-12 
 3.83792000e-06  5.01808829e-11  3.83792000e-06  1.21363534e-12 
 3.83992000e-06  5.01808829e-11  3.83992000e-06  1.21450184e-12 
 3.84192000e-06  5.01808829e-11  3.84192000e-06  1.21535420e-12 
 3.84392000e-06  5.01808829e-11  3.84392000e-06  1.21619226e-12 
 3.84592000e-06  5.01808829e-11  3.84592000e-06  1.21701589e-12 
 3.84792000e-06  5.01808829e-11  3.84792000e-06  1.21782495e-12 
 3.84992000e-06  5.01808829e-11  3.84992000e-06  1.21861932e-12 
 3.85192000e-06  5.01808829e-11  3.85192000e-06  1.21939889e-12 
 3.85392000e-06  5.01808829e-11  3.85392000e-06  1.22016355e-12 
 3.85592000e-06  5.01808829e-11  3.85592000e-06  1.22091320e-12 
 3.85792000e-06  5.01808829e-11  3.85792000e-06  1.22164776e-12 
 3.85992000e-06  5.01808829e-11  3.85992000e-06  1.22236716e-12 
 3.86192000e-06  5.01808829e-11  3.86192000e-06  1.22307133e-12 
 3.86392000e-06  5.01808829e-11  3.86392000e-06  1.22376020e-12 
 3.86592000e-06  5.01808829e-11  3.86592000e-06  1.22443374e-12 
 3.86792000e-06  5.01808829e-11  3.86792000e-06  1.22509190e-12 
 3.86992000e-06  5.01808829e-11  3.86992000e-06  1.22573466e-12 
 3.87192000e-06  5.01808829e-11  3.87192000e-06  1.22636200e-12 
 3.87392000e-06  5.01808829e-11  3.87392000e-06  1.22697391e-12 
 3.87592000e-06  5.01808829e-11  3.87592000e-06  1.22757039e-12 
 3.87792000e-06  5.01808829e-11  3.87792000e-06  1.22815145e-12 
 3.87992000e-06  5.01808829e-11  3.87992000e-06  1.22871712e-12 
 3.88192000e-06  5.01808829e-11  3.88192000e-06  1.22926742e-12 
 3.88392000e-06  5.01808829e-11  3.88392000e-06  1.22980239e-12 
 3.88592000e-06  5.01808829e-11  3.88592000e-06  1.23032209e-12 
 3.88792000e-06  5.01808829e-11  3.88792000e-06  1.23082657e-12 
 3.88992000e-06  5.01808829e-11  3.88992000e-06  1.23131591e-12 
 3.89192000e-06  5.01808829e-11  3.89192000e-06  1.23179018e-12 
 3.89392000e-06  5.01808829e-11  3.89392000e-06  1.23224946e-12 
 3.89592000e-06  5.01808829e-11  3.89592000e-06  1.23269387e-12 
 3.89792000e-06  5.01808829e-11  3.89792000e-06  1.23312350e-12 
 3.89992000e-06  5.01808829e-11  3.89992000e-06  1.23353847e-12 
 3.90192000e-06  5.01808829e-11  3.90192000e-06  1.23393891e-12 
 3.90392000e-06  5.01808829e-11  3.90392000e-06  1.23432495e-12 
 3.90592000e-06  5.01808829e-11  3.90592000e-06  1.23469674e-12 
 3.90792000e-06  5.01808829e-11  3.90792000e-06  1.23505443e-12 
 3.90992000e-06  5.01808829e-11  3.90992000e-06  1.23539818e-12 
 3.91192000e-06  5.01808829e-11  3.91192000e-06  1.23572816e-12 
 3.91392000e-06  5.01808829e-11  3.91392000e-06  1.23604455e-12 
 3.91592000e-06  5.01808829e-11  3.91592000e-06  1.23634754e-12 
 3.91792000e-06  5.01808829e-11  3.91792000e-06  1.23663732e-12 
 3.91992000e-06  5.01808829e-11  3.91992000e-06  1.23691411e-12 
 3.92192000e-06  5.01808829e-11  3.92192000e-06  1.23717811e-12 
 3.92392000e-06  5.01808829e-11  3.92392000e-06  1.23742955e-12 
 3.92592000e-06  5.01808829e-11  3.92592000e-06  1.23766864e-12 
 3.92792000e-06  5.01808829e-11  3.92792000e-06  1.23789564e-12 
 3.92992000e-06  5.01808829e-11  3.92992000e-06  1.23811079e-12 
 3.93192000e-06  5.01808829e-11  3.93192000e-06  1.23831433e-12 
 3.93392000e-06  5.01808829e-11  3.93392000e-06  1.23850653e-12 
 3.93592000e-06  5.01808829e-11  3.93592000e-06  1.23868765e-12 
 3.93792000e-06  5.01808829e-11  3.93792000e-06  1.23885797e-12 
 3.93992000e-06  5.01808829e-11  3.93992000e-06  1.23901776e-12 
 3.94192000e-06  5.01808829e-11  3.94192000e-06  1.23916732e-12 
 3.94392000e-06  5.01808829e-11  3.94392000e-06  1.23930694e-12 
 3.94592000e-06  5.01808829e-11  3.94592000e-06  1.23943691e-12 
 3.94792000e-06  5.01808829e-11  3.94792000e-06  1.23955754e-12 
 3.94992000e-06  5.01808829e-11  3.94992000e-06  1.23966915e-12 
 3.95192000e-06  5.01808829e-11  3.95192000e-06  1.23977205e-12 
 3.95392000e-06  5.01808829e-11  3.95392000e-06  1.23986656e-12 
 3.95592000e-06  5.01808829e-11  3.95592000e-06  1.23995301e-12 
 3.95792000e-06  5.01808829e-11  3.95792000e-06  1.24003174e-12 
 3.95992000e-06  5.01808829e-11  3.95992000e-06  1.24010309e-12 
 3.96192000e-06  5.01808829e-11  3.96192000e-06  1.24016739e-12 
 3.96392000e-06  5.01808829e-11  3.96392000e-06  1.24022499e-12 
 3.96592000e-06  5.01808829e-11  3.96592000e-06  1.24027625e-12 
 3.96792000e-06  5.01808829e-11  3.96792000e-06  1.24032151e-12 
 3.96992000e-06  5.01808829e-11  3.96992000e-06  1.24036115e-12 
 3.97192000e-06  5.01808829e-11  3.97192000e-06  1.24039552e-12 
 3.97392000e-06  5.01808829e-11  3.97392000e-06  1.24042498e-12 
 3.97592000e-06  5.01808829e-11  3.97592000e-06  1.24044992e-12 
 3.97792000e-06  5.01808829e-11  3.97792000e-06  1.24047069e-12 
 3.97992000e-06  5.01808829e-11  3.97992000e-06  1.24048767e-12 
 3.98192000e-06  5.01808829e-11  3.98192000e-06  1.24050125e-12 
 3.98392000e-06  5.01808829e-11  3.98392000e-06  1.24051179e-12 
 3.98592000e-06  5.01808829e-11  3.98592000e-06  1.24051969e-12 
 3.98792000e-06  5.01808829e-11  3.98792000e-06  1.24052532e-12 
 3.98992000e-06  5.01808829e-11  3.98992000e-06  1.24052906e-12 
 3.99192000e-06  5.01808829e-11  3.99192000e-06  1.24053131e-12 
 3.99392000e-06  5.01808829e-11  3.99392000e-06  1.24053245e-12 
 3.99592000e-06  5.01808829e-11  3.99592000e-06  1.24053286e-12 
 3.99792000e-06  5.01808829e-11  3.99792000e-06  1.24053293e-12 
 3.99992000e-06  5.01808829e-11  3.99992000e-06  1.24053306e-12 
 4.00192000e-06  5.01808829e-11  4.00192000e-06  1.24053362e-12 
 4.00392000e-06  5.01808829e-11  4.00392000e-06  1.24053501e-12 
 4.00592000e-06  5.01808829e-11  4.00592000e-06  1.24053761e-12 
 4.00792000e-06  5.01808829e-11  4.00792000e-06  1.24054181e-12 
 4.00992000e-06  5.01808829e-11  4.00992000e-06  1.24054799e-12 
 4.01192000e-06  5.01808829e-11  4.01192000e-06  1.24055653e-12 
 4.01392000e-06  5.01808829e-11  4.01392000e-06  1.24056782e-12 
 4.01592000e-06  5.01808829e-11  4.01592000e-06  1.24058225e-12 
 4.01792000e-06  5.01808829e-11  4.01792000e-06  1.24060017e-12 
 4.01992000e-06  5.01808829e-11  4.01992000e-06  1.24062198e-12 
 4.02192000e-06  5.01808829e-11  4.02192000e-06  1.24064805e-12 
 4.02392000e-06  5.01808829e-11  4.02392000e-06  1.24067874e-12 
 4.02592000e-06  5.01808829e-11  4.02592000e-06  1.24071443e-12 
 4.02792000e-06  5.01808829e-11  4.02792000e-06  1.24075548e-12 
 4.02992000e-06  5.01808829e-11  4.02992000e-06  1.24080225e-12 
 4.03192000e-06  5.01808829e-11  4.03192000e-06  1.24085510e-12 
 4.03392000e-06  5.01808829e-11  4.03392000e-06  1.24091438e-12 
 4.03592000e-06  5.01808829e-11  4.03592000e-06  1.24098044e-12 
 4.03792000e-06  5.01808829e-11  4.03792000e-06  1.24105364e-12 
 4.03992000e-06  5.01808829e-11  4.03992000e-06  1.24113430e-12 
 4.04192000e-06  5.01808829e-11  4.04192000e-06  1.24122277e-12 
 4.04392000e-06  5.01808829e-11  4.04392000e-06  1.24131937e-12 
 4.04592000e-06  5.01808829e-11  4.04592000e-06  1.24142444e-12 
 4.04792000e-06  5.01808829e-11  4.04792000e-06  1.24153829e-12 
 4.04992000e-06  5.01808829e-11  4.04992000e-06  1.24166123e-12 
 4.05192000e-06  5.01808829e-11  4.05192000e-06  1.24179359e-12 
 4.05392000e-06  5.01808829e-11  4.05392000e-06  1.24193566e-12 
 4.05592000e-06  5.01808829e-11  4.05592000e-06  1.24208774e-12 
 4.05792000e-06  5.01808829e-11  4.05792000e-06  1.24225012e-12 
 4.05992000e-06  5.01808829e-11  4.05992000e-06  1.24242308e-12 
 4.06192000e-06  5.01808829e-11  4.06192000e-06  1.24260691e-12 
 4.06392000e-06  5.01808829e-11  4.06392000e-06  1.24280187e-12 
 4.06592000e-06  5.01808829e-11  4.06592000e-06  1.24300822e-12 
 4.06792000e-06  5.01808829e-11  4.06792000e-06  1.24322623e-12 
 4.06992000e-06  5.01808829e-11  4.06992000e-06  1.24345614e-12 
 4.07192000e-06  5.01808829e-11  4.07192000e-06  1.24369820e-12 
 4.07392000e-06  5.01808829e-11  4.07392000e-06  1.24395263e-12 
 4.07592000e-06  5.01808829e-11  4.07592000e-06  1.24421967e-12 
 4.07792000e-06  5.01808829e-11  4.07792000e-06  1.24449954e-12 
 4.07992000e-06  5.01808829e-11  4.07992000e-06  1.24479243e-12 
 4.08192000e-06  5.01808829e-11  4.08192000e-06  1.24509856e-12 
 4.08392000e-06  5.01808829e-11  4.08392000e-06  1.24541812e-12 
 4.08592000e-06  5.01808829e-11  4.08592000e-06  1.24575130e-12 
 4.08792000e-06  5.01808829e-11  4.08792000e-06  1.24609826e-12 
 4.08992000e-06  5.01808829e-11  4.08992000e-06  1.24645918e-12 
 4.09192000e-06  5.01808829e-11  4.09192000e-06  1.24683421e-12 
 4.09392000e-06  5.01808829e-11  4.09392000e-06  1.24722351e-12 
 4.09592000e-06  5.01808829e-11  4.09592000e-06  1.24762722e-12 
 4.09792000e-06  5.01808829e-11  4.09792000e-06  1.24804546e-12 
 4.09992000e-06  5.01808829e-11  4.09992000e-06  1.24847837e-12 
 4.10192000e-06  5.01808829e-11  4.10192000e-06  1.24892605e-12 
 4.10392000e-06  5.01808829e-11  4.10392000e-06  1.24938860e-12 
 4.10592000e-06  5.01808829e-11  4.10592000e-06  1.24986613e-12 
 4.10792000e-06  5.01808829e-11  4.10792000e-06  1.25035871e-12 
 4.10992000e-06  5.01808829e-11  4.10992000e-06  1.25086643e-12 
 4.11192000e-06  5.01808829e-11  4.11192000e-06  1.25138935e-12 
 4.11392000e-06  5.01808829e-11  4.11392000e-06  1.25192752e-12 
 4.11592000e-06  5.01808829e-11  4.11592000e-06  1.25248099e-12 
 4.11792000e-06  5.01808829e-11  4.11792000e-06  1.25304980e-12 
 4.11992000e-06  5.01808829e-11  4.11992000e-06  1.25363397e-12 
 4.12192000e-06  5.01808829e-11  4.12192000e-06  1.25423353e-12 
 4.12392000e-06  5.01808829e-11  4.12392000e-06  1.25484847e-12 
 4.12592000e-06  5.01808829e-11  4.12592000e-06  1.25547881e-12 
 4.12792000e-06  5.01808829e-11  4.12792000e-06  1.25612452e-12 
 4.12992000e-06  5.01808829e-11  4.12992000e-06  1.25678558e-12 
 4.13192000e-06  5.01808829e-11  4.13192000e-06  1.25746197e-12 
 4.13392000e-06  5.01808829e-11  4.13392000e-06  1.25815365e-12 
 4.13592000e-06  5.01808829e-11  4.13592000e-06  1.25886055e-12 
 4.13792000e-06  5.01808829e-11  4.13792000e-06  1.25958263e-12 
 4.13992000e-06  5.01808829e-11  4.13992000e-06  1.26031981e-12 
 4.14192000e-06  5.01808829e-11  4.14192000e-06  1.26107201e-12 
 4.14392000e-06  5.01808829e-11  4.14392000e-06  1.26183915e-12 
 4.14592000e-06  5.01808829e-11  4.14592000e-06  1.26262112e-12 
 4.14792000e-06  5.01808829e-11  4.14792000e-06  1.26341782e-12 
 4.14992000e-06  5.01808829e-11  4.14992000e-06  1.26422913e-12 
 4.15192000e-06  5.01808829e-11  4.15192000e-06  1.26505493e-12 
 4.15392000e-06  5.01808829e-11  4.15392000e-06  1.26589508e-12 
 4.15592000e-06  5.01808829e-11  4.15592000e-06  1.26674943e-12 
 4.15792000e-06  5.01808829e-11  4.15792000e-06  1.26761783e-12 
 4.15992000e-06  5.01808829e-11  4.15992000e-06  1.26850013e-12 
 4.16192000e-06  5.01808829e-11  4.16192000e-06  1.26939614e-12 
 4.16392000e-06  5.01808829e-11  4.16392000e-06  1.27030569e-12 
 4.16592000e-06  5.01808829e-11  4.16592000e-06  1.27122859e-12 
 4.16792000e-06  5.01808829e-11  4.16792000e-06  1.27216464e-12 
 4.16992000e-06  5.01808829e-11  4.16992000e-06  1.27311365e-12 
 4.17192000e-06  5.01808829e-11  4.17192000e-06  1.27407538e-12 
 4.17392000e-06  5.01808829e-11  4.17392000e-06  1.27504964e-12 
 4.17592000e-06  5.01808829e-11  4.17592000e-06  1.27603617e-12 
 4.17792000e-06  5.01808829e-11  4.17792000e-06  1.27703475e-12 
 4.17992000e-06  5.01808829e-11  4.17992000e-06  1.27804514e-12 
 4.18192000e-06  5.01808829e-11  4.18192000e-06  1.27906708e-12 
 4.18392000e-06  5.01808829e-11  4.18392000e-06  1.28010030e-12 
 4.18592000e-06  5.01808829e-11  4.18592000e-06  1.28114455e-12 
 4.18792000e-06  5.01808829e-11  4.18792000e-06  1.28219956e-12 
 4.18992000e-06  5.01808829e-11  4.18992000e-06  1.28326503e-12 
 4.19192000e-06  5.01808829e-11  4.19192000e-06  1.28434069e-12 
 4.19392000e-06  5.01808829e-11  4.19392000e-06  1.28542624e-12 
 4.19592000e-06  5.01808829e-11  4.19592000e-06  1.28652138e-12 
 4.19792000e-06  5.01808829e-11  4.19792000e-06  1.28762580e-12 
 4.19992000e-06  5.01808829e-11  4.19992000e-06  1.28873920e-12 
 4.20192000e-06  5.01808829e-11  4.20192000e-06  1.28986125e-12 
 4.20392000e-06  5.01808829e-11  4.20392000e-06  1.29099164e-12 
 4.20592000e-06  5.01808829e-11  4.20592000e-06  1.29213003e-12 
 4.20792000e-06  5.01808829e-11  4.20792000e-06  1.29327610e-12 
 4.20992000e-06  5.01808829e-11  4.20992000e-06  1.29442950e-12 
 4.21192000e-06  5.01808829e-11  4.21192000e-06  1.29558989e-12 
 4.21392000e-06  5.01808829e-11  4.21392000e-06  1.29675693e-12 
 4.21592000e-06  5.01808829e-11  4.21592000e-06  1.29793027e-12 
 4.21792000e-06  5.01808829e-11  4.21792000e-06  1.29910954e-12 
 4.21992000e-06  5.01808829e-11  4.21992000e-06  1.30029439e-12 
 4.22192000e-06  5.01808829e-11  4.22192000e-06  1.30148446e-12 
 4.22392000e-06  5.01808829e-11  4.22392000e-06  1.30267938e-12 
 4.22592000e-06  5.01808829e-11  4.22592000e-06  1.30387879e-12 
 4.22792000e-06  5.01808829e-11  4.22792000e-06  1.30508231e-12 
 4.22992000e-06  5.01808829e-11  4.22992000e-06  1.30628956e-12 
 4.23192000e-06  5.01808829e-11  4.23192000e-06  1.30750018e-12 
 4.23392000e-06  5.01808829e-11  4.23392000e-06  1.30871378e-12 
 4.23592000e-06  5.01808829e-11  4.23592000e-06  1.30992998e-12 
 4.23792000e-06  5.01808829e-11  4.23792000e-06  1.31114841e-12 
 4.23992000e-06  5.01808829e-11  4.23992000e-06  1.31236866e-12 
 4.24192000e-06  5.01808829e-11  4.24192000e-06  1.31359037e-12 
 4.24392000e-06  5.01808829e-11  4.24392000e-06  1.31481315e-12 
 4.24592000e-06  5.01808829e-11  4.24592000e-06  1.31603661e-12 
 4.24792000e-06  5.01808829e-11  4.24792000e-06  1.31726035e-12 
 4.24992000e-06  5.01808829e-11  4.24992000e-06  1.31848401e-12 
 4.25192000e-06  5.01808829e-11  4.25192000e-06  1.31970718e-12 
 4.25392000e-06  5.01808829e-11  4.25392000e-06  1.32092949e-12 
 4.25592000e-06  5.01808829e-11  4.25592000e-06  1.32215054e-12 
 4.25792000e-06  5.01808829e-11  4.25792000e-06  1.32336996e-12 
 4.25992000e-06  5.01808829e-11  4.25992000e-06  1.32458735e-12 
 4.26192000e-06  5.01808829e-11  4.26192000e-06  1.32580234e-12 
 4.26392000e-06  5.01808829e-11  4.26392000e-06  1.32701454e-12 
 4.26592000e-06  5.01808829e-11  4.26592000e-06  1.32822357e-12 
 4.26792000e-06  5.01808829e-11  4.26792000e-06  1.32942906e-12 
 4.26992000e-06  5.01808829e-11  4.26992000e-06  1.33063063e-12 
 4.27192000e-06  5.01808829e-11  4.27192000e-06  1.33182791e-12 
 4.27392000e-06  5.01808829e-11  4.27392000e-06  1.33302053e-12 
 4.27592000e-06  5.01808829e-11  4.27592000e-06  1.33420812e-12 
 4.27792000e-06  5.01808829e-11  4.27792000e-06  1.33539031e-12 
 4.27992000e-06  5.01808829e-11  4.27992000e-06  1.33656675e-12 
 4.28192000e-06  5.01808829e-11  4.28192000e-06  1.33773708e-12 
 4.28392000e-06  5.01808829e-11  4.28392000e-06  1.33890095e-12 
 4.28592000e-06  5.01808829e-11  4.28592000e-06  1.34005800e-12 
 4.28792000e-06  5.01808829e-11  4.28792000e-06  1.34120789e-12 
 4.28992000e-06  5.01808829e-11  4.28992000e-06  1.34235029e-12 
 4.29192000e-06  5.01808829e-11  4.29192000e-06  1.34348486e-12 
 4.29392000e-06  5.01808829e-11  4.29392000e-06  1.34461126e-12 
 4.29592000e-06  5.01808829e-11  4.29592000e-06  1.34572917e-12 
 4.29792000e-06  5.01808829e-11  4.29792000e-06  1.34683828e-12 
 4.29992000e-06  5.01808829e-11  4.29992000e-06  1.34793826e-12 
 4.30192000e-06  5.01808829e-11  4.30192000e-06  1.34902881e-12 
 4.30392000e-06  5.01808829e-11  4.30392000e-06  1.35010962e-12 
 4.30592000e-06  5.01808829e-11  4.30592000e-06  1.35118041e-12 
 4.30792000e-06  5.01808829e-11  4.30792000e-06  1.35224088e-12 
 4.30992000e-06  5.01808829e-11  4.30992000e-06  1.35329074e-12 
 4.31192000e-06  5.01808829e-11  4.31192000e-06  1.35432972e-12 
 4.31392000e-06  5.01808829e-11  4.31392000e-06  1.35535755e-12 
 4.31592000e-06  5.01808829e-11  4.31592000e-06  1.35637397e-12 
 4.31792000e-06  5.01808829e-11  4.31792000e-06  1.35737872e-12 
 4.31992000e-06  5.01808829e-11  4.31992000e-06  1.35837155e-12 
 4.32192000e-06  5.01808829e-11  4.32192000e-06  1.35935222e-12 
 4.32392000e-06  5.01808829e-11  4.32392000e-06  1.36032050e-12 
 4.32592000e-06  5.01808829e-11  4.32592000e-06  1.36127617e-12 
 4.32792000e-06  5.01808829e-11  4.32792000e-06  1.36221900e-12 
 4.32992000e-06  5.01808829e-11  4.32992000e-06  1.36314878e-12 
 4.33192000e-06  5.01808829e-11  4.33192000e-06  1.36406533e-12 
 4.33392000e-06  5.01808829e-11  4.33392000e-06  1.36496844e-12 
 4.33592000e-06  5.01808829e-11  4.33592000e-06  1.36585792e-12 
 4.33792000e-06  5.01808829e-11  4.33792000e-06  1.36673361e-12 
 4.33992000e-06  5.01808829e-11  4.33992000e-06  1.36759534e-12 
 4.34192000e-06  5.01808829e-11  4.34192000e-06  1.36844295e-12 
 4.34392000e-06  5.01808829e-11  4.34392000e-06  1.36927629e-12 
 4.34592000e-06  5.01808829e-11  4.34592000e-06  1.37009522e-12 
 4.34792000e-06  5.01808829e-11  4.34792000e-06  1.37089961e-12 
 4.34992000e-06  5.01808829e-11  4.34992000e-06  1.37168934e-12 
 4.35192000e-06  5.01808829e-11  4.35192000e-06  1.37246430e-12 
 4.35392000e-06  5.01808829e-11  4.35392000e-06  1.37322438e-12 
 4.35592000e-06  5.01808829e-11  4.35592000e-06  1.37396949e-12 
 4.35792000e-06  5.01808829e-11  4.35792000e-06  1.37469954e-12 
 4.35992000e-06  5.01808829e-11  4.35992000e-06  1.37541447e-12 
 4.36192000e-06  5.01808829e-11  4.36192000e-06  1.37611420e-12 
 4.36392000e-06  5.01808829e-11  4.36392000e-06  1.37679868e-12 
 4.36592000e-06  5.01808829e-11  4.36592000e-06  1.37746787e-12 
 4.36792000e-06  5.01808829e-11  4.36792000e-06  1.37812172e-12 
 4.36992000e-06  5.01808829e-11  4.36992000e-06  1.37876022e-12 
 4.37192000e-06  5.01808829e-11  4.37192000e-06  1.37938334e-12 
 4.37392000e-06  5.01808829e-11  4.37392000e-06  1.37999108e-12 
 4.37592000e-06  5.01808829e-11  4.37592000e-06  1.38058344e-12 
 4.37792000e-06  5.01808829e-11  4.37792000e-06  1.38116044e-12 
 4.37992000e-06  5.01808829e-11  4.37992000e-06  1.38172209e-12 
 4.38192000e-06  5.01808829e-11  4.38192000e-06  1.38226843e-12 
 4.38392000e-06  5.01808829e-11  4.38392000e-06  1.38279949e-12 
 4.38592000e-06  5.01808829e-11  4.38592000e-06  1.38331534e-12 
 4.38792000e-06  5.01808829e-11  4.38792000e-06  1.38381603e-12 
 4.38992000e-06  5.01808829e-11  4.38992000e-06  1.38430163e-12 
 4.39192000e-06  5.01808829e-11  4.39192000e-06  1.38477222e-12 
 4.39392000e-06  5.01808829e-11  4.39392000e-06  1.38522789e-12 
 4.39592000e-06  5.01808829e-11  4.39592000e-06  1.38566875e-12 
 4.39792000e-06  5.01808829e-11  4.39792000e-06  1.38609489e-12 
 4.39992000e-06  5.01808829e-11  4.39992000e-06  1.38650643e-12 
 4.40192000e-06  5.01808829e-11  4.40192000e-06  1.38690351e-12 
 4.40392000e-06  5.01808829e-11  4.40392000e-06  1.38728625e-12 
 4.40592000e-06  5.01808829e-11  4.40592000e-06  1.38765481e-12 
 4.40792000e-06  5.01808829e-11  4.40792000e-06  1.38800933e-12 
 4.40992000e-06  5.01808829e-11  4.40992000e-06  1.38834998e-12 
 4.41192000e-06  5.01808829e-11  4.41192000e-06  1.38867694e-12 
 4.41392000e-06  5.01808829e-11  4.41392000e-06  1.38899037e-12 
 4.41592000e-06  5.01808829e-11  4.41592000e-06  1.38929047e-12 
 4.41792000e-06  5.01808829e-11  4.41792000e-06  1.38957744e-12 
 4.41992000e-06  5.01808829e-11  4.41992000e-06  1.38985148e-12 
 4.42192000e-06  5.01808829e-11  4.42192000e-06  1.39011281e-12 
 4.42392000e-06  5.01808829e-11  4.42392000e-06  1.39036165e-12 
 4.42592000e-06  5.01808829e-11  4.42592000e-06  1.39059822e-12 
 4.42792000e-06  5.01808829e-11  4.42792000e-06  1.39082276e-12 
 4.42992000e-06  5.01808829e-11  4.42992000e-06  1.39103552e-12 
 4.43192000e-06  5.01808829e-11  4.43192000e-06  1.39123676e-12 
 4.43392000e-06  5.01808829e-11  4.43392000e-06  1.39142672e-12 
 4.43592000e-06  5.01808829e-11  4.43592000e-06  1.39160568e-12 
 4.43792000e-06  5.01808829e-11  4.43792000e-06  1.39177392e-12 
 4.43992000e-06  5.01808829e-11  4.43992000e-06  1.39193170e-12 
 4.44192000e-06  5.01808829e-11  4.44192000e-06  1.39207932e-12 
 4.44392000e-06  5.01808829e-11  4.44392000e-06  1.39221707e-12 
 4.44592000e-06  5.01808829e-11  4.44592000e-06  1.39234526e-12 
 4.44792000e-06  5.01808829e-11  4.44792000e-06  1.39246418e-12 
 4.44992000e-06  5.01808829e-11  4.44992000e-06  1.39257414e-12 
 4.45192000e-06  5.01808829e-11  4.45192000e-06  1.39267548e-12 
 4.45392000e-06  5.01808829e-11  4.45392000e-06  1.39276850e-12 
 4.45592000e-06  5.01808829e-11  4.45592000e-06  1.39285354e-12 
 4.45792000e-06  5.01808829e-11  4.45792000e-06  1.39293092e-12 
 4.45992000e-06  5.01808829e-11  4.45992000e-06  1.39300099e-12 
 4.46192000e-06  5.01808829e-11  4.46192000e-06  1.39306409e-12 
 4.46392000e-06  5.01808829e-11  4.46392000e-06  1.39312057e-12 
 4.46592000e-06  5.01808829e-11  4.46592000e-06  1.39317077e-12 
 4.46792000e-06  5.01808829e-11  4.46792000e-06  1.39321505e-12 
 4.46992000e-06  5.01808829e-11  4.46992000e-06  1.39325377e-12 
 4.47192000e-06  5.01808829e-11  4.47192000e-06  1.39328729e-12 
 4.47392000e-06  5.01808829e-11  4.47392000e-06  1.39331598e-12 
 4.47592000e-06  5.01808829e-11  4.47592000e-06  1.39334021e-12 
 4.47792000e-06  5.01808829e-11  4.47792000e-06  1.39336034e-12 
 4.47992000e-06  5.01808829e-11  4.47992000e-06  1.39337675e-12 
 4.48192000e-06  5.01808829e-11  4.48192000e-06  1.39338982e-12 
 4.48392000e-06  5.01808829e-11  4.48392000e-06  1.39339992e-12 
 4.48592000e-06  5.01808829e-11  4.48592000e-06  1.39340744e-12 
 4.48792000e-06  5.01808829e-11  4.48792000e-06  1.39341275e-12 
 4.48992000e-06  5.01808829e-11  4.48992000e-06  1.39341624e-12 
 4.49192000e-06  5.01808829e-11  4.49192000e-06  1.39341829e-12 
 4.49392000e-06  5.01808829e-11  4.49392000e-06  1.39341930e-12 
 4.49592000e-06  5.01808829e-11  4.49592000e-06  1.39341964e-12 
 4.49792000e-06  5.01808829e-11  4.49792000e-06  1.39341969e-12 
 4.49992000e-06  5.01808829e-11  4.49992000e-06  1.39341986e-12 
 4.50192000e-06  5.01808829e-11  4.50192000e-06  1.39342052e-12 
 4.50392000e-06  5.01808829e-11  4.50392000e-06  1.39342205e-12 
 4.50592000e-06  5.01808829e-11  4.50592000e-06  1.39342485e-12 
 4.50792000e-06  5.01808829e-11  4.50792000e-06  1.39342930e-12 
 4.50992000e-06  5.01808829e-11  4.50992000e-06  1.39343578e-12 
 4.51192000e-06  5.01808829e-11  4.51192000e-06  1.39344468e-12 
 4.51392000e-06  5.01808829e-11  4.51392000e-06  1.39345637e-12 
 4.51592000e-06  5.01808829e-11  4.51592000e-06  1.39347123e-12 
 4.51792000e-06  5.01808829e-11  4.51792000e-06  1.39348965e-12 
 4.51992000e-06  5.01808829e-11  4.51992000e-06  1.39351198e-12 
 4.52192000e-06  5.01808829e-11  4.52192000e-06  1.39353862e-12 
 4.52392000e-06  5.01808829e-11  4.52392000e-06  1.39356992e-12 
 4.52592000e-06  5.01808829e-11  4.52592000e-06  1.39360626e-12 
 4.52792000e-06  5.01808829e-11  4.52792000e-06  1.39364799e-12 
 4.52992000e-06  5.01808829e-11  4.52992000e-06  1.39369548e-12 
 4.53192000e-06  5.01808829e-11  4.53192000e-06  1.39374908e-12 
 4.53392000e-06  5.01808829e-11  4.53392000e-06  1.39380914e-12 
 4.53592000e-06  5.01808829e-11  4.53592000e-06  1.39387601e-12 
 4.53792000e-06  5.01808829e-11  4.53792000e-06  1.39395004e-12 
 4.53992000e-06  5.01808829e-11  4.53992000e-06  1.39403157e-12 
 4.54192000e-06  5.01808829e-11  4.54192000e-06  1.39412092e-12 
 4.54392000e-06  5.01808829e-11  4.54392000e-06  1.39421844e-12 
 4.54592000e-06  5.01808829e-11  4.54592000e-06  1.39432444e-12 
 4.54792000e-06  5.01808829e-11  4.54792000e-06  1.39443924e-12 
 4.54992000e-06  5.01808829e-11  4.54992000e-06  1.39456315e-12 
 4.55192000e-06  5.01808829e-11  4.55192000e-06  1.39469649e-12 
 4.55392000e-06  5.01808829e-11  4.55392000e-06  1.39483956e-12 
 4.55592000e-06  5.01808829e-11  4.55592000e-06  1.39499264e-12 
 4.55792000e-06  5.01808829e-11  4.55792000e-06  1.39515604e-12 
 4.55992000e-06  5.01808829e-11  4.55992000e-06  1.39533002e-12 
 4.56192000e-06  5.01808829e-11  4.56192000e-06  1.39551488e-12 
 4.56392000e-06  5.01808829e-11  4.56392000e-06  1.39571087e-12 
 4.56592000e-06  5.01808829e-11  4.56592000e-06  1.39591826e-12 
 4.56792000e-06  5.01808829e-11  4.56792000e-06  1.39613731e-12 
 4.56992000e-06  5.01808829e-11  4.56992000e-06  1.39636825e-12 
 4.57192000e-06  5.01808829e-11  4.57192000e-06  1.39661134e-12 
 4.57392000e-06  5.01808829e-11  4.57392000e-06  1.39686680e-12 
 4.57592000e-06  5.01808829e-11  4.57592000e-06  1.39713486e-12 
 4.57792000e-06  5.01808829e-11  4.57792000e-06  1.39741573e-12 
 4.57992000e-06  5.01808829e-11  4.57992000e-06  1.39770963e-12 
 4.58192000e-06  5.01808829e-11  4.58192000e-06  1.39801675e-12 
 4.58392000e-06  5.01808829e-11  4.58392000e-06  1.39833728e-12 
 4.58592000e-06  5.01808829e-11  4.58592000e-06  1.39867140e-12 
 4.58792000e-06  5.01808829e-11  4.58792000e-06  1.39901930e-12 
 4.58992000e-06  5.01808829e-11  4.58992000e-06  1.39938114e-12 
 4.59192000e-06  5.01808829e-11  4.59192000e-06  1.39975706e-12 
 4.59392000e-06  5.01808829e-11  4.59392000e-06  1.40014723e-12 
 4.59592000e-06  5.01808829e-11  4.59592000e-06  1.40055179e-12 
 4.59792000e-06  5.01808829e-11  4.59792000e-06  1.40097085e-12 
 4.59992000e-06  5.01808829e-11  4.59992000e-06  1.40140454e-12 
 4.60192000e-06  5.01808829e-11  4.60192000e-06  1.40185298e-12 
 4.60392000e-06  5.01808829e-11  4.60392000e-06  1.40231626e-12 
 4.60592000e-06  5.01808829e-11  4.60592000e-06  1.40279448e-12 
 4.60792000e-06  5.01808829e-11  4.60792000e-06  1.40328773e-12 
 4.60992000e-06  5.01808829e-11  4.60992000e-06  1.40379606e-12 
 4.61192000e-06  5.01808829e-11  4.61192000e-06  1.40431956e-12 
 4.61392000e-06  5.01808829e-11  4.61392000e-06  1.40485827e-12 
 4.61592000e-06  5.01808829e-11  4.61592000e-06  1.40541224e-12 
 4.61792000e-06  5.01808829e-11  4.61792000e-06  1.40598150e-12 
 4.61992000e-06  5.01808829e-11  4.61992000e-06  1.40656609e-12 
 4.62192000e-06  5.01808829e-11  4.62192000e-06  1.40716600e-12 
 4.62392000e-06  5.01808829e-11  4.62392000e-06  1.40778127e-12 
 4.62592000e-06  5.01808829e-11  4.62592000e-06  1.40841187e-12 
 4.62792000e-06  5.01808829e-11  4.62792000e-06  1.40905779e-12 
 4.62992000e-06  5.01808829e-11  4.62992000e-06  1.40971902e-12 
 4.63192000e-06  5.01808829e-11  4.63192000e-06  1.41039552e-12 
 4.63392000e-06  5.01808829e-11  4.63392000e-06  1.41108725e-12 
 4.63592000e-06  5.01808829e-11  4.63592000e-06  1.41179415e-12 
 4.63792000e-06  5.01808829e-11  4.63792000e-06  1.41251617e-12 
 4.63992000e-06  5.01808829e-11  4.63992000e-06  1.41325324e-12 
 4.64192000e-06  5.01808829e-11  4.64192000e-06  1.41400526e-12 
 4.64392000e-06  5.01808829e-11  4.64392000e-06  1.41477216e-12 
 4.64592000e-06  5.01808829e-11  4.64592000e-06  1.41555384e-12 
 4.64792000e-06  5.01808829e-11  4.64792000e-06  1.41635018e-12 
 4.64992000e-06  5.01808829e-11  4.64992000e-06  1.41716107e-12 
 4.65192000e-06  5.01808829e-11  4.65192000e-06  1.41798637e-12 
 4.65392000e-06  5.01808829e-11  4.65392000e-06  1.41882597e-12 
 4.65592000e-06  5.01808829e-11  4.65592000e-06  1.41967970e-12 
 4.65792000e-06  5.01808829e-11  4.65792000e-06  1.42054742e-12 
 4.65992000e-06  5.01808829e-11  4.65992000e-06  1.42142895e-12 
 4.66192000e-06  5.01808829e-11  4.66192000e-06  1.42232414e-12 
 4.66392000e-06  5.01808829e-11  4.66392000e-06  1.42323280e-12 
 4.66592000e-06  5.01808829e-11  4.66592000e-06  1.42415473e-12 
 4.66792000e-06  5.01808829e-11  4.66792000e-06  1.42508975e-12 
 4.66992000e-06  5.01808829e-11  4.66992000e-06  1.42603765e-12 
 4.67192000e-06  5.01808829e-11  4.67192000e-06  1.42699821e-12 
 4.67392000e-06  5.01808829e-11  4.67392000e-06  1.42797121e-12 
 4.67592000e-06  5.01808829e-11  4.67592000e-06  1.42895643e-12 
 4.67792000e-06  5.01808829e-11  4.67792000e-06  1.42995361e-12 
 4.67992000e-06  5.01808829e-11  4.67992000e-06  1.43096253e-12 
 4.68192000e-06  5.01808829e-11  4.68192000e-06  1.43198292e-12 
 4.68392000e-06  5.01808829e-11  4.68392000e-06  1.43301454e-12 
 4.68592000e-06  5.01808829e-11  4.68592000e-06  1.43405710e-12 
 4.68792000e-06  5.01808829e-11  4.68792000e-06  1.43511034e-12 
 4.68992000e-06  5.01808829e-11  4.68992000e-06  1.43617397e-12 
 4.69192000e-06  5.01808829e-11  4.69192000e-06  1.43724772e-12 
 4.69392000e-06  5.01808829e-11  4.69392000e-06  1.43833128e-12 
 4.69592000e-06  5.01808829e-11  4.69592000e-06  1.43942436e-12 
 4.69792000e-06  5.01808829e-11  4.69792000e-06  1.44052665e-12 
 4.69992000e-06  5.01808829e-11  4.69992000e-06  1.44163783e-12 
 4.70192000e-06  5.01808829e-11  4.70192000e-06  1.44275761e-12 
 4.70392000e-06  5.01808829e-11  4.70392000e-06  1.44388564e-12 
 4.70592000e-06  5.01808829e-11  4.70592000e-06  1.44502160e-12 
 4.70792000e-06  5.01808829e-11  4.70792000e-06  1.44616516e-12 
 4.70992000e-06  5.01808829e-11  4.70992000e-06  1.44731599e-12 
 4.71192000e-06  5.01808829e-11  4.71192000e-06  1.44847373e-12 
 4.71392000e-06  5.01808829e-11  4.71392000e-06  1.44963805e-12 
 4.71592000e-06  5.01808829e-11  4.71592000e-06  1.45080859e-12 
 4.71792000e-06  5.01808829e-11  4.71792000e-06  1.45198501e-12 
 4.71992000e-06  5.01808829e-11  4.71992000e-06  1.45316693e-12 
 4.72192000e-06  5.01808829e-11  4.72192000e-06  1.45435400e-12 
 4.72392000e-06  5.01808829e-11  4.72392000e-06  1.45554585e-12 
 4.72592000e-06  5.01808829e-11  4.72592000e-06  1.45674212e-12 
 4.72792000e-06  5.01808829e-11  4.72792000e-06  1.45794243e-12 
 4.72992000e-06  5.01808829e-11  4.72992000e-06  1.45914641e-12 
 4.73192000e-06  5.01808829e-11  4.73192000e-06  1.46035369e-12 
 4.73392000e-06  5.01808829e-11  4.73392000e-06  1.46156389e-12 
 4.73592000e-06  5.01808829e-11  4.73592000e-06  1.46277663e-12 
 4.73792000e-06  5.01808829e-11  4.73792000e-06  1.46399152e-12 
 4.73992000e-06  5.01808829e-11  4.73992000e-06  1.46520819e-12 
 4.74192000e-06  5.01808829e-11  4.74192000e-06  1.46642625e-12 
 4.74392000e-06  5.01808829e-11  4.74392000e-06  1.46764531e-12 
 4.74592000e-06  5.01808829e-11  4.74592000e-06  1.46886500e-12 
 4.74792000e-06  5.01808829e-11  4.74792000e-06  1.47008492e-12 
 4.74992000e-06  5.01808829e-11  4.74992000e-06  1.47130469e-12 
 4.75192000e-06  5.01808829e-11  4.75192000e-06  1.47252393e-12 
 4.75392000e-06  5.01808829e-11  4.75392000e-06  1.47374225e-12 
 4.75592000e-06  5.01808829e-11  4.75592000e-06  1.47495926e-12 
 4.75792000e-06  5.01808829e-11  4.75792000e-06  1.47617458e-12 
 4.75992000e-06  5.01808829e-11  4.75992000e-06  1.47738783e-12 
 4.76192000e-06  5.01808829e-11  4.76192000e-06  1.47859862e-12 
 4.76392000e-06  5.01808829e-11  4.76392000e-06  1.47980658e-12 
 4.76592000e-06  5.01808829e-11  4.76592000e-06  1.48101133e-12 
 4.76792000e-06  5.01808829e-11  4.76792000e-06  1.48221249e-12 
 4.76992000e-06  5.01808829e-11  4.76992000e-06  1.48340970e-12 
 4.77192000e-06  5.01808829e-11  4.77192000e-06  1.48460256e-12 
 4.77392000e-06  5.01808829e-11  4.77392000e-06  1.48579073e-12 
 4.77592000e-06  5.01808829e-11  4.77592000e-06  1.48697383e-12 
 4.77792000e-06  5.01808829e-11  4.77792000e-06  1.48815150e-12 
 4.77992000e-06  5.01808829e-11  4.77992000e-06  1.48932338e-12 
 4.78192000e-06  5.01808829e-11  4.78192000e-06  1.49048912e-12 
 4.78392000e-06  5.01808829e-11  4.78392000e-06  1.49164837e-12 
 4.78592000e-06  5.01808829e-11  4.78592000e-06  1.49280077e-12 
 4.78792000e-06  5.01808829e-11  4.78792000e-06  1.49394599e-12 
 4.78992000e-06  5.01808829e-11  4.78992000e-06  1.49508369e-12 
 4.79192000e-06  5.01808829e-11  4.79192000e-06  1.49621352e-12 
 4.79392000e-06  5.01808829e-11  4.79392000e-06  1.49733518e-12 
 4.79592000e-06  5.01808829e-11  4.79592000e-06  1.49844832e-12 
 4.79792000e-06  5.01808829e-11  4.79792000e-06  1.49955264e-12 
 4.79992000e-06  5.01808829e-11  4.79992000e-06  1.50064781e-12 
 4.80192000e-06  5.01808829e-11  4.80192000e-06  1.50173354e-12 
 4.80392000e-06  5.01808829e-11  4.80392000e-06  1.50280953e-12 
 4.80592000e-06  5.01808829e-11  4.80592000e-06  1.50387547e-12 
 4.80792000e-06  5.01808829e-11  4.80792000e-06  1.50493108e-12 
 4.80992000e-06  5.01808829e-11  4.80992000e-06  1.50597609e-12 
 4.81192000e-06  5.01808829e-11  4.81192000e-06  1.50701020e-12 
 4.81392000e-06  5.01808829e-11  4.81392000e-06  1.50803316e-12 
 4.81592000e-06  5.01808829e-11  4.81592000e-06  1.50904471e-12 
 4.81792000e-06  5.01808829e-11  4.81792000e-06  1.51004458e-12 
 4.81992000e-06  5.01808829e-11  4.81992000e-06  1.51103254e-12 
 4.82192000e-06  5.01808829e-11  4.82192000e-06  1.51200835e-12 
 4.82392000e-06  5.01808829e-11  4.82392000e-06  1.51297177e-12 
 4.82592000e-06  5.01808829e-11  4.82592000e-06  1.51392258e-12 
 4.82792000e-06  5.01808829e-11  4.82792000e-06  1.51486056e-12 
 4.82992000e-06  5.01808829e-11  4.82992000e-06  1.51578552e-12 
 4.83192000e-06  5.01808829e-11  4.83192000e-06  1.51669724e-12 
 4.83392000e-06  5.01808829e-11  4.83392000e-06  1.51759554e-12 
 4.83592000e-06  5.01808829e-11  4.83592000e-06  1.51848024e-12 
 4.83792000e-06  5.01808829e-11  4.83792000e-06  1.51935116e-12 
 4.83992000e-06  5.01808829e-11  4.83992000e-06  1.52020814e-12 
 4.84192000e-06  5.01808829e-11  4.84192000e-06  1.52105102e-12 
 4.84392000e-06  5.01808829e-11  4.84392000e-06  1.52187966e-12 
 4.84592000e-06  5.01808829e-11  4.84592000e-06  1.52269391e-12 
 4.84792000e-06  5.01808829e-11  4.84792000e-06  1.52349365e-12 
 4.84992000e-06  5.01808829e-11  4.84992000e-06  1.52427876e-12 
 4.85192000e-06  5.01808829e-11  4.85192000e-06  1.52504912e-12 
 4.85392000e-06  5.01808829e-11  4.85392000e-06  1.52580464e-12 
 4.85592000e-06  5.01808829e-11  4.85592000e-06  1.52654522e-12 
 4.85792000e-06  5.01808829e-11  4.85792000e-06  1.52727079e-12 
 4.85992000e-06  5.01808829e-11  4.85992000e-06  1.52798126e-12 
 4.86192000e-06  5.01808829e-11  4.86192000e-06  1.52867658e-12 
 4.86392000e-06  5.01808829e-11  4.86392000e-06  1.52935668e-12 
 4.86592000e-06  5.01808829e-11  4.86592000e-06  1.53002154e-12 
 4.86792000e-06  5.01808829e-11  4.86792000e-06  1.53067111e-12 
 4.86992000e-06  5.01808829e-11  4.86992000e-06  1.53130536e-12 
 4.87192000e-06  5.01808829e-11  4.87192000e-06  1.53192429e-12 
 4.87392000e-06  5.01808829e-11  4.87392000e-06  1.53252788e-12 
 4.87592000e-06  5.01808829e-11  4.87592000e-06  1.53311614e-12 
 4.87792000e-06  5.01808829e-11  4.87792000e-06  1.53368909e-12 
 4.87992000e-06  5.01808829e-11  4.87992000e-06  1.53424675e-12 
 4.88192000e-06  5.01808829e-11  4.88192000e-06  1.53478914e-12 
 4.88392000e-06  5.01808829e-11  4.88392000e-06  1.53531632e-12 
 4.88592000e-06  5.01808829e-11  4.88592000e-06  1.53582834e-12 
 4.88792000e-06  5.01808829e-11  4.88792000e-06  1.53632526e-12 
 4.88992000e-06  5.01808829e-11  4.88992000e-06  1.53680714e-12 
 4.89192000e-06  5.01808829e-11  4.89192000e-06  1.53727408e-12 
 4.89392000e-06  5.01808829e-11  4.89392000e-06  1.53772615e-12 
 4.89592000e-06  5.01808829e-11  4.89592000e-06  1.53816347e-12 
 4.89792000e-06  5.01808829e-11  4.89792000e-06  1.53858614e-12 
 4.89992000e-06  5.01808829e-11  4.89992000e-06  1.53899428e-12 
 4.90192000e-06  5.01808829e-11  4.90192000e-06  1.53938801e-12 
 4.90392000e-06  5.01808829e-11  4.90392000e-06  1.53976748e-12 
 4.90592000e-06  5.01808829e-11  4.90592000e-06  1.54013282e-12 
 4.90792000e-06  5.01808829e-11  4.90792000e-06  1.54048420e-12 
 4.90992000e-06  5.01808829e-11  4.90992000e-06  1.54082178e-12 
 4.91192000e-06  5.01808829e-11  4.91192000e-06  1.54114572e-12 
 4.91392000e-06  5.01808829e-11  4.91392000e-06  1.54145622e-12 
 4.91592000e-06  5.01808829e-11  4.91592000e-06  1.54175345e-12 
 4.91792000e-06  5.01808829e-11  4.91792000e-06  1.54203763e-12 
 4.91992000e-06  5.01808829e-11  4.91992000e-06  1.54230894e-12 
 4.92192000e-06  5.01808829e-11  4.92192000e-06  1.54256762e-12 
 4.92392000e-06  5.01808829e-11  4.92392000e-06  1.54281387e-12 
 4.92592000e-06  5.01808829e-11  4.92592000e-06  1.54304793e-12 
 4.92792000e-06  5.01808829e-11  4.92792000e-06  1.54327004e-12 
 4.92992000e-06  5.01808829e-11  4.92992000e-06  1.54348044e-12 
 4.93192000e-06  5.01808829e-11  4.93192000e-06  1.54367938e-12 
 4.93392000e-06  5.01808829e-11  4.93392000e-06  1.54386713e-12 
 4.93592000e-06  5.01808829e-11  4.93592000e-06  1.54404395e-12 
 4.93792000e-06  5.01808829e-11  4.93792000e-06  1.54421011e-12 
 4.93992000e-06  5.01808829e-11  4.93992000e-06  1.54436590e-12 
 4.94192000e-06  5.01808829e-11  4.94192000e-06  1.54451160e-12 
 4.94392000e-06  5.01808829e-11  4.94392000e-06  1.54464751e-12 
 4.94592000e-06  5.01808829e-11  4.94592000e-06  1.54477392e-12 
 4.94792000e-06  5.01808829e-11  4.94792000e-06  1.54489114e-12 
 4.94992000e-06  5.01808829e-11  4.94992000e-06  1.54499949e-12 
 4.95192000e-06  5.01808829e-11  4.95192000e-06  1.54509927e-12 
 4.95392000e-06  5.01808829e-11  4.95392000e-06  1.54519082e-12 
 4.95592000e-06  5.01808829e-11  4.95592000e-06  1.54527445e-12 
 4.95792000e-06  5.01808829e-11  4.95792000e-06  1.54535051e-12 
 4.95992000e-06  5.01808829e-11  4.95992000e-06  1.54541932e-12 
 4.96192000e-06  5.01808829e-11  4.96192000e-06  1.54548123e-12 
 4.96392000e-06  5.01808829e-11  4.96392000e-06  1.54553660e-12 
 4.96592000e-06  5.01808829e-11  4.96592000e-06  1.54558575e-12 
 4.96792000e-06  5.01808829e-11  4.96792000e-06  1.54562906e-12 
 4.96992000e-06  5.01808829e-11  4.96992000e-06  1.54566688e-12 
 4.97192000e-06  5.01808829e-11  4.97192000e-06  1.54569957e-12 
 4.97392000e-06  5.01808829e-11  4.97392000e-06  1.54572750e-12 
 4.97592000e-06  5.01808829e-11  4.97592000e-06  1.54575103e-12 
 4.97792000e-06  5.01808829e-11  4.97792000e-06  1.54577053e-12 
 4.97992000e-06  5.01808829e-11  4.97992000e-06  1.54578638e-12 
 4.98192000e-06  5.01808829e-11  4.98192000e-06  1.54579895e-12 
 4.98392000e-06  5.01808829e-11  4.98392000e-06  1.54580862e-12 
 4.98592000e-06  5.01808829e-11  4.98592000e-06  1.54581577e-12 
 4.98792000e-06  5.01808829e-11  4.98792000e-06  1.54582078e-12 
 4.98992000e-06  5.01808829e-11  4.98992000e-06  1.54582402e-12 
 4.99192000e-06  5.01808829e-11  4.99192000e-06  1.54582589e-12 
 4.99392000e-06  5.01808829e-11  4.99392000e-06  1.54582677e-12 
 4.99592000e-06  5.01808829e-11  4.99592000e-06  1.54582704e-12 
 4.99792000e-06  5.01808829e-11  4.99792000e-06  1.54582709e-12 
 4.99992000e-06  5.01808829e-11  4.99992000e-06  1.54582731e-12 
 5.00192000e-06  5.01808829e-11  5.00192000e-06  1.54582807e-12 
 5.00392000e-06  5.01808829e-11  5.00392000e-06  1.54582976e-12 
 5.00592000e-06  5.01808829e-11  5.00592000e-06  1.54583277e-12 
 5.00792000e-06  5.01808829e-11  5.00792000e-06  1.54583747e-12 
 5.00992000e-06  5.01808829e-11  5.00992000e-06  1.54584426e-12 
 5.01192000e-06  5.01808829e-11  5.01192000e-06  1.54585351e-12 
 5.01392000e-06  5.01808829e-11  5.01392000e-06  1.54586560e-12 
 5.01592000e-06  5.01808829e-11  5.01592000e-06  1.54588092e-12 
 5.01792000e-06  5.01808829e-11  5.01792000e-06  1.54589982e-12 
 5.01992000e-06  5.01808829e-11  5.01992000e-06  1.54592269e-12 
 5.02192000e-06  5.01808829e-11  5.02192000e-06  1.54594990e-12 
 5.02392000e-06  5.01808829e-11  5.02392000e-06  1.54598182e-12 
 5.02592000e-06  5.01808829e-11  5.02592000e-06  1.54601880e-12 
 5.02792000e-06  5.01808829e-11  5.02792000e-06  1.54606122e-12 
 5.02992000e-06  5.01808829e-11  5.02992000e-06  1.54610943e-12 
 5.03192000e-06  5.01808829e-11  5.03192000e-06  1.54616378e-12 
 5.03392000e-06  5.01808829e-11  5.03392000e-06  1.54622463e-12 
 5.03592000e-06  5.01808829e-11  5.03592000e-06  1.54629231e-12 
 5.03792000e-06  5.01808829e-11  5.03792000e-06  1.54636718e-12 
 5.03992000e-06  5.01808829e-11  5.03992000e-06  1.54644957e-12 
 5.04192000e-06  5.01808829e-11  5.04192000e-06  1.54653982e-12 
 5.04392000e-06  5.01808829e-11  5.04392000e-06  1.54663824e-12 
 5.04592000e-06  5.01808829e-11  5.04592000e-06  1.54674517e-12 
 5.04792000e-06  5.01808829e-11  5.04792000e-06  1.54686092e-12 
 5.04992000e-06  5.01808829e-11  5.04992000e-06  1.54698580e-12 
 5.05192000e-06  5.01808829e-11  5.05192000e-06  1.54712012e-12 
 5.05392000e-06  5.01808829e-11  5.05392000e-06  1.54726418e-12 
 5.05592000e-06  5.01808829e-11  5.05592000e-06  1.54741827e-12 
 5.05792000e-06  5.01808829e-11  5.05792000e-06  1.54758268e-12 
 5.05992000e-06  5.01808829e-11  5.05992000e-06  1.54775769e-12 
 5.06192000e-06  5.01808829e-11  5.06192000e-06  1.54794357e-12 
 5.06392000e-06  5.01808829e-11  5.06392000e-06  1.54814059e-12 
 5.06592000e-06  5.01808829e-11  5.06592000e-06  1.54834902e-12 
 5.06792000e-06  5.01808829e-11  5.06792000e-06  1.54856910e-12 
 5.06992000e-06  5.01808829e-11  5.06992000e-06  1.54880107e-12 
 5.07192000e-06  5.01808829e-11  5.07192000e-06  1.54904519e-12 
 5.07392000e-06  5.01808829e-11  5.07392000e-06  1.54930167e-12 
 5.07592000e-06  5.01808829e-11  5.07592000e-06  1.54957075e-12 
 5.07792000e-06  5.01808829e-11  5.07792000e-06  1.54985262e-12 
 5.07992000e-06  5.01808829e-11  5.07992000e-06  1.55014751e-12 
 5.08192000e-06  5.01808829e-11  5.08192000e-06  1.55045561e-12 
 5.08392000e-06  5.01808829e-11  5.08392000e-06  1.55077710e-12 
 5.08592000e-06  5.01808829e-11  5.08592000e-06  1.55111218e-12 
 5.08792000e-06  5.01808829e-11  5.08792000e-06  1.55146101e-12 
 5.08992000e-06  5.01808829e-11  5.08992000e-06  1.55182375e-12 
 5.09192000e-06  5.01808829e-11  5.09192000e-06  1.55220057e-12 
 5.09392000e-06  5.01808829e-11  5.09392000e-06  1.55259161e-12 
 5.09592000e-06  5.01808829e-11  5.09592000e-06  1.55299700e-12 
 5.09792000e-06  5.01808829e-11  5.09792000e-06  1.55341687e-12 
 5.09992000e-06  5.01808829e-11  5.09992000e-06  1.55385135e-12 
 5.10192000e-06  5.01808829e-11  5.10192000e-06  1.55430054e-12 
 5.10392000e-06  5.01808829e-11  5.10392000e-06  1.55476454e-12 
 5.10592000e-06  5.01808829e-11  5.10592000e-06  1.55524345e-12 
 5.10792000e-06  5.01808829e-11  5.10792000e-06  1.55573734e-12 
 5.10992000e-06  5.01808829e-11  5.10992000e-06  1.55624629e-12 
 5.11192000e-06  5.01808829e-11  5.11192000e-06  1.55677035e-12 
 5.11392000e-06  5.01808829e-11  5.11392000e-06  1.55730960e-12 
 5.11592000e-06  5.01808829e-11  5.11592000e-06  1.55786406e-12 
 5.11792000e-06  5.01808829e-11  5.11792000e-06  1.55843377e-12 
 5.11992000e-06  5.01808829e-11  5.11992000e-06  1.55901875e-12 
 5.12192000e-06  5.01808829e-11  5.12192000e-06  1.55961903e-12 
 5.12392000e-06  5.01808829e-11  5.12392000e-06  1.56023460e-12 
 5.12592000e-06  5.01808829e-11  5.12592000e-06  1.56086545e-12 
 5.12792000e-06  5.01808829e-11  5.12792000e-06  1.56151159e-12 
 5.12992000e-06  5.01808829e-11  5.12992000e-06  1.56217297e-12 
 5.13192000e-06  5.01808829e-11  5.13192000e-06  1.56284957e-12 
 5.13392000e-06  5.01808829e-11  5.13392000e-06  1.56354135e-12 
 5.13592000e-06  5.01808829e-11  5.13592000e-06  1.56424824e-12 
 5.13792000e-06  5.01808829e-11  5.13792000e-06  1.56497019e-12 
 5.13992000e-06  5.01808829e-11  5.13992000e-06  1.56570713e-12 
 5.14192000e-06  5.01808829e-11  5.14192000e-06  1.56645898e-12 
 5.14392000e-06  5.01808829e-11  5.14392000e-06  1.56722563e-12 
 5.14592000e-06  5.01808829e-11  5.14592000e-06  1.56800700e-12 
 5.14792000e-06  5.01808829e-11  5.14792000e-06  1.56880297e-12 
 5.14992000e-06  5.01808829e-11  5.14992000e-06  1.56961343e-12 
 5.15192000e-06  5.01808829e-11  5.15192000e-06  1.57043824e-12 
 5.15392000e-06  5.01808829e-11  5.15392000e-06  1.57127727e-12 
 5.15592000e-06  5.01808829e-11  5.15592000e-06  1.57213037e-12 
 5.15792000e-06  5.01808829e-11  5.15792000e-06  1.57299739e-12 
 5.15992000e-06  5.01808829e-11  5.15992000e-06  1.57387817e-12 
 5.16192000e-06  5.01808829e-11  5.16192000e-06  1.57477252e-12 
 5.16392000e-06  5.01808829e-11  5.16392000e-06  1.57568028e-12 
 5.16592000e-06  5.01808829e-11  5.16592000e-06  1.57660125e-12 
 5.16792000e-06  5.01808829e-11  5.16792000e-06  1.57753522e-12 
 5.16992000e-06  5.01808829e-11  5.16992000e-06  1.57848201e-12 
 5.17192000e-06  5.01808829e-11  5.17192000e-06  1.57944138e-12 
 5.17392000e-06  5.01808829e-11  5.17392000e-06  1.58041313e-12 
 5.17592000e-06  5.01808829e-11  5.17592000e-06  1.58139701e-12 
 5.17792000e-06  5.01808829e-11  5.17792000e-06  1.58239280e-12 
 5.17992000e-06  5.01808829e-11  5.17992000e-06  1.58340024e-12 
 5.18192000e-06  5.01808829e-11  5.18192000e-06  1.58441909e-12 
 5.18392000e-06  5.01808829e-11  5.18392000e-06  1.58544908e-12 
 5.18592000e-06  5.01808829e-11  5.18592000e-06  1.58648995e-12 
 5.18792000e-06  5.01808829e-11  5.18792000e-06  1.58754142e-12 
 5.18992000e-06  5.01808829e-11  5.18992000e-06  1.58860321e-12 
 5.19192000e-06  5.01808829e-11  5.19192000e-06  1.58967504e-12 
 5.19392000e-06  5.01808829e-11  5.19392000e-06  1.59075661e-12 
 5.19592000e-06  5.01808829e-11  5.19592000e-06  1.59184762e-12 
 5.19792000e-06  5.01808829e-11  5.19792000e-06  1.59294777e-12 
 5.19992000e-06  5.01808829e-11  5.19992000e-06  1.59405674e-12 
 5.20192000e-06  5.01808829e-11  5.20192000e-06  1.59517423e-12 
 5.20392000e-06  5.01808829e-11  5.20392000e-06  1.59629990e-12 
 5.20592000e-06  5.01808829e-11  5.20592000e-06  1.59743343e-12 
 5.20792000e-06  5.01808829e-11  5.20792000e-06  1.59857449e-12 
 5.20992000e-06  5.01808829e-11  5.20992000e-06  1.59972273e-12 
 5.21192000e-06  5.01808829e-11  5.21192000e-06  1.60087783e-12 
 5.21392000e-06  5.01808829e-11  5.21392000e-06  1.60203943e-12 
 5.21592000e-06  5.01808829e-11  5.21592000e-06  1.60320718e-12 
 5.21792000e-06  5.01808829e-11  5.21792000e-06  1.60438072e-12 
 5.21992000e-06  5.01808829e-11  5.21992000e-06  1.60555971e-12 
 5.22192000e-06  5.01808829e-11  5.22192000e-06  1.60674378e-12 
 5.22392000e-06  5.01808829e-11  5.22392000e-06  1.60793256e-12 
 5.22592000e-06  5.01808829e-11  5.22592000e-06  1.60912569e-12 
 5.22792000e-06  5.01808829e-11  5.22792000e-06  1.61032280e-12 
 5.22992000e-06  5.01808829e-11  5.22992000e-06  1.61152351e-12 
 5.23192000e-06  5.01808829e-11  5.23192000e-06  1.61272746e-12 
 5.23392000e-06  5.01808829e-11  5.23392000e-06  1.61393425e-12 
 5.23592000e-06  5.01808829e-11  5.23592000e-06  1.61514352e-12 
 5.23792000e-06  5.01808829e-11  5.23792000e-06  1.61635489e-12 
 5.23992000e-06  5.01808829e-11  5.23992000e-06  1.61756797e-12 
 5.24192000e-06  5.01808829e-11  5.24192000e-06  1.61878238e-12 
 5.24392000e-06  5.01808829e-11  5.24392000e-06  1.61999774e-12 
 5.24592000e-06  5.01808829e-11  5.24592000e-06  1.62121366e-12 
 5.24792000e-06  5.01808829e-11  5.24792000e-06  1.62242976e-12 
 5.24992000e-06  5.01808829e-11  5.24992000e-06  1.62364565e-12 
 5.25192000e-06  5.01808829e-11  5.25192000e-06  1.62486096e-12 
 5.25392000e-06  5.01808829e-11  5.25392000e-06  1.62607529e-12 
 5.25592000e-06  5.01808829e-11  5.25592000e-06  1.62728826e-12 
 5.25792000e-06  5.01808829e-11  5.25792000e-06  1.62849949e-12 
 5.25992000e-06  5.01808829e-11  5.25992000e-06  1.62970860e-12 
 5.26192000e-06  5.01808829e-11  5.26192000e-06  1.63091521e-12 
 5.26392000e-06  5.01808829e-11  5.26392000e-06  1.63211894e-12 
 5.26592000e-06  5.01808829e-11  5.26592000e-06  1.63331941e-12 
 5.26792000e-06  5.01808829e-11  5.26792000e-06  1.63451625e-12 
 5.26992000e-06  5.01808829e-11  5.26992000e-06  1.63570909e-12 
 5.27192000e-06  5.01808829e-11  5.27192000e-06  1.63689756e-12 
 5.27392000e-06  5.01808829e-11  5.27392000e-06  1.63808128e-12 
 5.27592000e-06  5.01808829e-11  5.27592000e-06  1.63925991e-12 
 5.27792000e-06  5.01808829e-11  5.27792000e-06  1.64043306e-12 
 5.27992000e-06  5.01808829e-11  5.27992000e-06  1.64160040e-12 
 5.28192000e-06  5.01808829e-11  5.28192000e-06  1.64276156e-12 
 5.28392000e-06  5.01808829e-11  5.28392000e-06  1.64391619e-12 
 5.28592000e-06  5.01808829e-11  5.28592000e-06  1.64506396e-12 
 5.28792000e-06  5.01808829e-11  5.28792000e-06  1.64620451e-12 
 5.28992000e-06  5.01808829e-11  5.28992000e-06  1.64733751e-12 
 5.29192000e-06  5.01808829e-11  5.29192000e-06  1.64846263e-12 
 5.29392000e-06  5.01808829e-11  5.29392000e-06  1.64957955e-12 
 5.29592000e-06  5.01808829e-11  5.29592000e-06  1.65068793e-12 
 5.29792000e-06  5.01808829e-11  5.29792000e-06  1.65178748e-12 
 5.29992000e-06  5.01808829e-11  5.29992000e-06  1.65287786e-12 
 5.30192000e-06  5.01808829e-11  5.30192000e-06  1.65395879e-12 
 5.30392000e-06  5.01808829e-11  5.30392000e-06  1.65502995e-12 
 5.30592000e-06  5.01808829e-11  5.30592000e-06  1.65609106e-12 
 5.30792000e-06  5.01808829e-11  5.30792000e-06  1.65714184e-12 
 5.30992000e-06  5.01808829e-11  5.30992000e-06  1.65818199e-12 
 5.31192000e-06  5.01808829e-11  5.31192000e-06  1.65921126e-12 
 5.31392000e-06  5.01808829e-11  5.31392000e-06  1.66022936e-12 
 5.31592000e-06  5.01808829e-11  5.31592000e-06  1.66123605e-12 
 5.31792000e-06  5.01808829e-11  5.31792000e-06  1.66223107e-12 
 5.31992000e-06  5.01808829e-11  5.31992000e-06  1.66321417e-12 
 5.32192000e-06  5.01808829e-11  5.32192000e-06  1.66418513e-12 
 5.32392000e-06  5.01808829e-11  5.32392000e-06  1.66514370e-12 
 5.32592000e-06  5.01808829e-11  5.32592000e-06  1.66608968e-12 
 5.32792000e-06  5.01808829e-11  5.32792000e-06  1.66702283e-12 
 5.32992000e-06  5.01808829e-11  5.32992000e-06  1.66794297e-12 
 5.33192000e-06  5.01808829e-11  5.33192000e-06  1.66884989e-12 
 5.33392000e-06  5.01808829e-11  5.33392000e-06  1.66974341e-12 
 5.33592000e-06  5.01808829e-11  5.33592000e-06  1.67062333e-12 
 5.33792000e-06  5.01808829e-11  5.33792000e-06  1.67148950e-12 
 5.33992000e-06  5.01808829e-11  5.33992000e-06  1.67234175e-12 
 5.34192000e-06  5.01808829e-11  5.34192000e-06  1.67317992e-12 
 5.34392000e-06  5.01808829e-11  5.34392000e-06  1.67400387e-12 
 5.34592000e-06  5.01808829e-11  5.34592000e-06  1.67481346e-12 
 5.34792000e-06  5.01808829e-11  5.34792000e-06  1.67560856e-12 
 5.34992000e-06  5.01808829e-11  5.34992000e-06  1.67638907e-12 
 5.35192000e-06  5.01808829e-11  5.35192000e-06  1.67715486e-12 
 5.35392000e-06  5.01808829e-11  5.35392000e-06  1.67790583e-12 
 5.35592000e-06  5.01808829e-11  5.35592000e-06  1.67864191e-12 
 5.35792000e-06  5.01808829e-11  5.35792000e-06  1.67936300e-12 
 5.35992000e-06  5.01808829e-11  5.35992000e-06  1.68006904e-12 
 5.36192000e-06  5.01808829e-11  5.36192000e-06  1.68075997e-12 
 5.36392000e-06  5.01808829e-11  5.36392000e-06  1.68143572e-12 
 5.36592000e-06  5.01808829e-11  5.36592000e-06  1.68209627e-12 
 5.36792000e-06  5.01808829e-11  5.36792000e-06  1.68274157e-12 
 5.36992000e-06  5.01808829e-11  5.36992000e-06  1.68337160e-12 
 5.37192000e-06  5.01808829e-11  5.37192000e-06  1.68398635e-12 
 5.37392000e-06  5.01808829e-11  5.37392000e-06  1.68458582e-12 
 5.37592000e-06  5.01808829e-11  5.37592000e-06  1.68517000e-12 
 5.37792000e-06  5.01808829e-11  5.37792000e-06  1.68573892e-12 
 5.37992000e-06  5.01808829e-11  5.37992000e-06  1.68629260e-12 
 5.38192000e-06  5.01808829e-11  5.38192000e-06  1.68683108e-12 
 5.38392000e-06  5.01808829e-11  5.38392000e-06  1.68735439e-12 
 5.38592000e-06  5.01808829e-11  5.38592000e-06  1.68786260e-12 
 5.38792000e-06  5.01808829e-11  5.38792000e-06  1.68835576e-12 
 5.38992000e-06  5.01808829e-11  5.38992000e-06  1.68883395e-12 
 5.39192000e-06  5.01808829e-11  5.39192000e-06  1.68929725e-12 
 5.39392000e-06  5.01808829e-11  5.39392000e-06  1.68974575e-12 
 5.39592000e-06  5.01808829e-11  5.39592000e-06  1.69017955e-12 
 5.39792000e-06  5.01808829e-11  5.39792000e-06  1.69059877e-12 
 5.39992000e-06  5.01808829e-11  5.39992000e-06  1.69100352e-12 
 5.40192000e-06  5.01808829e-11  5.40192000e-06  1.69139393e-12 
 5.40392000e-06  5.01808829e-11  5.40392000e-06  1.69177014e-12 
 5.40592000e-06  5.01808829e-11  5.40592000e-06  1.69213229e-12 
 5.40792000e-06  5.01808829e-11  5.40792000e-06  1.69248055e-12 
 5.40992000e-06  5.01808829e-11  5.40992000e-06  1.69281507e-12 
 5.41192000e-06  5.01808829e-11  5.41192000e-06  1.69313603e-12 
 5.41392000e-06  5.01808829e-11  5.41392000e-06  1.69344361e-12 
 5.41592000e-06  5.01808829e-11  5.41592000e-06  1.69373799e-12 
 5.41792000e-06  5.01808829e-11  5.41792000e-06  1.69401939e-12 
 5.41992000e-06  5.01808829e-11  5.41992000e-06  1.69428799e-12 
 5.42192000e-06  5.01808829e-11  5.42192000e-06  1.69454403e-12 
 5.42392000e-06  5.01808829e-11  5.42392000e-06  1.69478772e-12 
 5.42592000e-06  5.01808829e-11  5.42592000e-06  1.69501929e-12 
 5.42792000e-06  5.01808829e-11  5.42792000e-06  1.69523898e-12 
 5.42992000e-06  5.01808829e-11  5.42992000e-06  1.69544703e-12 
 5.43192000e-06  5.01808829e-11  5.43192000e-06  1.69564371e-12 
 5.43392000e-06  5.01808829e-11  5.43392000e-06  1.69582926e-12 
 5.43592000e-06  5.01808829e-11  5.43592000e-06  1.69600395e-12 
 5.43792000e-06  5.01808829e-11  5.43792000e-06  1.69616806e-12 
 5.43992000e-06  5.01808829e-11  5.43992000e-06  1.69632187e-12 
 5.44192000e-06  5.01808829e-11  5.44192000e-06  1.69646567e-12 
 5.44392000e-06  5.01808829e-11  5.44392000e-06  1.69659975e-12 
 5.44592000e-06  5.01808829e-11  5.44592000e-06  1.69672441e-12 
 5.44792000e-06  5.01808829e-11  5.44792000e-06  1.69683995e-12 
 5.44992000e-06  5.01808829e-11  5.44992000e-06  1.69694669e-12 
 5.45192000e-06  5.01808829e-11  5.45192000e-06  1.69704494e-12 
 5.45392000e-06  5.01808829e-11  5.45392000e-06  1.69713502e-12 
 5.45592000e-06  5.01808829e-11  5.45592000e-06  1.69721727e-12 
 5.45792000e-06  5.01808829e-11  5.45792000e-06  1.69729201e-12 
 5.45992000e-06  5.01808829e-11  5.45992000e-06  1.69735958e-12 
 5.46192000e-06  5.01808829e-11  5.46192000e-06  1.69742032e-12 
 5.46392000e-06  5.01808829e-11  5.46392000e-06  1.69747458e-12 
 5.46592000e-06  5.01808829e-11  5.46592000e-06  1.69752271e-12 
 5.46792000e-06  5.01808829e-11  5.46792000e-06  1.69756507e-12 
 5.46992000e-06  5.01808829e-11  5.46992000e-06  1.69760200e-12 
 5.47192000e-06  5.01808829e-11  5.47192000e-06  1.69763387e-12 
 5.47392000e-06  5.01808829e-11  5.47392000e-06  1.69766104e-12 
 5.47592000e-06  5.01808829e-11  5.47592000e-06  1.69768389e-12 
 5.47792000e-06  5.01808829e-11  5.47792000e-06  1.69770277e-12 
 5.47992000e-06  5.01808829e-11  5.47992000e-06  1.69771807e-12 
 5.48192000e-06  5.01808829e-11  5.48192000e-06  1.69773015e-12 
 5.48392000e-06  5.01808829e-11  5.48392000e-06  1.69773940e-12 
 5.48592000e-06  5.01808829e-11  5.48592000e-06  1.69774619e-12 
 5.48792000e-06  5.01808829e-11  5.48792000e-06  1.69775090e-12 
 5.48992000e-06  5.01808829e-11  5.48992000e-06  1.69775391e-12 
 5.49192000e-06  5.01808829e-11  5.49192000e-06  1.69775561e-12 
 5.49392000e-06  5.01808829e-11  5.49392000e-06  1.69775638e-12 
 5.49592000e-06  5.01808829e-11  5.49592000e-06  1.69775659e-12 
 5.49792000e-06  5.01808829e-11  5.49792000e-06  1.69775664e-12 
 5.49992000e-06  5.01808829e-11  5.49992000e-06  1.69775691e-12 
 5.50192000e-06  5.01808829e-11  5.50192000e-06  1.69775778e-12 
 5.50392000e-06  5.01808829e-11  5.50392000e-06  1.69775963e-12 
 5.50592000e-06  5.01808829e-11  5.50592000e-06  1.69776285e-12 
 5.50792000e-06  5.01808829e-11  5.50792000e-06  1.69776782e-12 
 5.50992000e-06  5.01808829e-11  5.50992000e-06  1.69777493e-12 
 5.51192000e-06  5.01808829e-11  5.51192000e-06  1.69778454e-12 
 5.51392000e-06  5.01808829e-11  5.51392000e-06  1.69779704e-12 
 5.51592000e-06  5.01808829e-11  5.51592000e-06  1.69781280e-12 
 5.51792000e-06  5.01808829e-11  5.51792000e-06  1.69783221e-12 
 5.51992000e-06  5.01808829e-11  5.51992000e-06  1.69785562e-12 
 5.52192000e-06  5.01808829e-11  5.52192000e-06  1.69788340e-12 
 5.52392000e-06  5.01808829e-11  5.52392000e-06  1.69791593e-12 
 5.52592000e-06  5.01808829e-11  5.52592000e-06  1.69795357e-12 
 5.52792000e-06  5.01808829e-11  5.52792000e-06  1.69799668e-12 
 5.52992000e-06  5.01808829e-11  5.52992000e-06  1.69804561e-12 
 5.53192000e-06  5.01808829e-11  5.53192000e-06  1.69810071e-12 
 5.53392000e-06  5.01808829e-11  5.53392000e-06  1.69816235e-12 
 5.53592000e-06  5.01808829e-11  5.53592000e-06  1.69823085e-12 
 5.53792000e-06  5.01808829e-11  5.53792000e-06  1.69830656e-12 
 5.53992000e-06  5.01808829e-11  5.53992000e-06  1.69838981e-12 
 5.54192000e-06  5.01808829e-11  5.54192000e-06  1.69848095e-12 
 5.54392000e-06  5.01808829e-11  5.54392000e-06  1.69858028e-12 
 5.54592000e-06  5.01808829e-11  5.54592000e-06  1.69868814e-12 
 5.54792000e-06  5.01808829e-11  5.54792000e-06  1.69880484e-12 
 5.54992000e-06  5.01808829e-11  5.54992000e-06  1.69893069e-12 
 5.55192000e-06  5.01808829e-11  5.55192000e-06  1.69906599e-12 
 5.55392000e-06  5.01808829e-11  5.55392000e-06  1.69921104e-12 
 5.55592000e-06  5.01808829e-11  5.55592000e-06  1.69936613e-12 
 5.55792000e-06  5.01808829e-11  5.55792000e-06  1.69953155e-12 
 5.55992000e-06  5.01808829e-11  5.55992000e-06  1.69970758e-12 
 5.56192000e-06  5.01808829e-11  5.56192000e-06  1.69989449e-12 
 5.56392000e-06  5.01808829e-11  5.56392000e-06  1.70009254e-12 
 5.56592000e-06  5.01808829e-11  5.56592000e-06  1.70030199e-12 
 5.56792000e-06  5.01808829e-11  5.56792000e-06  1.70052310e-12 
 5.56992000e-06  5.01808829e-11  5.56992000e-06  1.70075611e-12 
 5.57192000e-06  5.01808829e-11  5.57192000e-06  1.70100124e-12 
 5.57392000e-06  5.01808829e-11  5.57392000e-06  1.70125875e-12 
 5.57592000e-06  5.01808829e-11  5.57592000e-06  1.70152883e-12 
 5.57792000e-06  5.01808829e-11  5.57792000e-06  1.70181170e-12 
 5.57992000e-06  5.01808829e-11  5.57992000e-06  1.70210758e-12 
 5.58192000e-06  5.01808829e-11  5.58192000e-06  1.70241665e-12 
 5.58392000e-06  5.01808829e-11  5.58392000e-06  1.70273911e-12 
 5.58592000e-06  5.01808829e-11  5.58592000e-06  1.70307513e-12 
 5.58792000e-06  5.01808829e-11  5.58792000e-06  1.70342488e-12 
 5.58992000e-06  5.01808829e-11  5.58992000e-06  1.70378853e-12 
 5.59192000e-06  5.01808829e-11  5.59192000e-06  1.70416623e-12 
 5.59392000e-06  5.01808829e-11  5.59392000e-06  1.70455813e-12 
 5.59592000e-06  5.01808829e-11  5.59592000e-06  1.70496435e-12 
 5.59792000e-06  5.01808829e-11  5.59792000e-06  1.70538503e-12 
 5.59992000e-06  5.01808829e-11  5.59992000e-06  1.70582028e-12 
 5.60192000e-06  5.01808829e-11  5.60192000e-06  1.70627022e-12 
 5.60392000e-06  5.01808829e-11  5.60392000e-06  1.70673493e-12 
 5.60592000e-06  5.01808829e-11  5.60592000e-06  1.70721451e-12 
 5.60792000e-06  5.01808829e-11  5.60792000e-06  1.70770905e-12 
 5.60992000e-06  5.01808829e-11  5.60992000e-06  1.70821860e-12 
 5.61192000e-06  5.01808829e-11  5.61192000e-06  1.70874324e-12 
 5.61392000e-06  5.01808829e-11  5.61392000e-06  1.70928300e-12 
 5.61592000e-06  5.01808829e-11  5.61592000e-06  1.70983795e-12 
 5.61792000e-06  5.01808829e-11  5.61792000e-06  1.71040809e-12 
 5.61992000e-06  5.01808829e-11  5.61992000e-06  1.71099347e-12 
 5.62192000e-06  5.01808829e-11  5.62192000e-06  1.71159410e-12 
 5.62392000e-06  5.01808829e-11  5.62392000e-06  1.71220996e-12 
 5.62592000e-06  5.01808829e-11  5.62592000e-06  1.71284107e-12 
 5.62792000e-06  5.01808829e-11  5.62792000e-06  1.71348740e-12 
 5.62992000e-06  5.01808829e-11  5.62992000e-06  1.71414893e-12 
 5.63192000e-06  5.01808829e-11  5.63192000e-06  1.71482563e-12 
 5.63392000e-06  5.01808829e-11  5.63392000e-06  1.71551744e-12 
 5.63592000e-06  5.01808829e-11  5.63592000e-06  1.71622432e-12 
 5.63792000e-06  5.01808829e-11  5.63792000e-06  1.71694620e-12 
 5.63992000e-06  5.01808829e-11  5.63992000e-06  1.71768300e-12 
 5.64192000e-06  5.01808829e-11  5.64192000e-06  1.71843465e-12 
 5.64392000e-06  5.01808829e-11  5.64392000e-06  1.71920106e-12 
 5.64592000e-06  5.01808829e-11  5.64592000e-06  1.71998211e-12 
 5.64792000e-06  5.01808829e-11  5.64792000e-06  1.72077771e-12 
 5.64992000e-06  5.01808829e-11  5.64992000e-06  1.72158772e-12 
 5.65192000e-06  5.01808829e-11  5.65192000e-06  1.72241203e-12 
 5.65392000e-06  5.01808829e-11  5.65392000e-06  1.72325049e-12 
 5.65592000e-06  5.01808829e-11  5.65592000e-06  1.72410296e-12 
 5.65792000e-06  5.01808829e-11  5.65792000e-06  1.72496927e-12 
 5.65992000e-06  5.01808829e-11  5.65992000e-06  1.72584928e-12 
 5.66192000e-06  5.01808829e-11  5.66192000e-06  1.72674279e-12 
 5.66392000e-06  5.01808829e-11  5.66392000e-06  1.72764964e-12 
 5.66592000e-06  5.01808829e-11  5.66592000e-06  1.72856963e-12 
 5.66792000e-06  5.01808829e-11  5.66792000e-06  1.72950256e-12 
 5.66992000e-06  5.01808829e-11  5.66992000e-06  1.73044822e-12 
 5.67192000e-06  5.01808829e-11  5.67192000e-06  1.73140641e-12 
 5.67392000e-06  5.01808829e-11  5.67392000e-06  1.73237689e-12 
 5.67592000e-06  5.01808829e-11  5.67592000e-06  1.73335944e-12 
 5.67792000e-06  5.01808829e-11  5.67792000e-06  1.73435382e-12 
 5.67992000e-06  5.01808829e-11  5.67992000e-06  1.73535978e-12 
 5.68192000e-06  5.01808829e-11  5.68192000e-06  1.73637707e-12 
 5.68392000e-06  5.01808829e-11  5.68392000e-06  1.73740544e-12 
 5.68592000e-06  5.01808829e-11  5.68592000e-06  1.73844460e-12 
 5.68792000e-06  5.01808829e-11  5.68792000e-06  1.73949430e-12 
 5.68992000e-06  5.01808829e-11  5.68992000e-06  1.74055424e-12 
 5.69192000e-06  5.01808829e-11  5.69192000e-06  1.74162415e-12 
 5.69392000e-06  5.01808829e-11  5.69392000e-06  1.74270372e-12 
 5.69592000e-06  5.01808829e-11  5.69592000e-06  1.74379266e-12 
 5.69792000e-06  5.01808829e-11  5.69792000e-06  1.74489067e-12 
 5.69992000e-06  5.01808829e-11  5.69992000e-06  1.74599743e-12 
 5.70192000e-06  5.01808829e-11  5.70192000e-06  1.74711262e-12 
 5.70392000e-06  5.01808829e-11  5.70392000e-06  1.74823593e-12 
 5.70592000e-06  5.01808829e-11  5.70592000e-06  1.74936702e-12 
 5.70792000e-06  5.01808829e-11  5.70792000e-06  1.75050557e-12 
 5.70992000e-06  5.01808829e-11  5.70992000e-06  1.75165124e-12 
 5.71192000e-06  5.01808829e-11  5.71192000e-06  1.75280368e-12 
 5.71392000e-06  5.01808829e-11  5.71392000e-06  1.75396256e-12 
 5.71592000e-06  5.01808829e-11  5.71592000e-06  1.75512751e-12 
 5.71792000e-06  5.01808829e-11  5.71792000e-06  1.75629820e-12 
 5.71992000e-06  5.01808829e-11  5.71992000e-06  1.75747425e-12 
 5.72192000e-06  5.01808829e-11  5.72192000e-06  1.75865531e-12 
 5.72392000e-06  5.01808829e-11  5.72392000e-06  1.75984103e-12 
 5.72592000e-06  5.01808829e-11  5.72592000e-06  1.76103102e-12 
 5.72792000e-06  5.01808829e-11  5.72792000e-06  1.76222492e-12 
 5.72992000e-06  5.01808829e-11  5.72992000e-06  1.76342236e-12 
 5.73192000e-06  5.01808829e-11  5.73192000e-06  1.76462297e-12 
 5.73392000e-06  5.01808829e-11  5.73392000e-06  1.76582637e-12 
 5.73592000e-06  5.01808829e-11  5.73592000e-06  1.76703218e-12 
 5.73792000e-06  5.01808829e-11  5.73792000e-06  1.76824002e-12 
 5.73992000e-06  5.01808829e-11  5.73992000e-06  1.76944952e-12 
 5.74192000e-06  5.01808829e-11  5.74192000e-06  1.77066028e-12 
 5.74392000e-06  5.01808829e-11  5.74392000e-06  1.77187193e-12 
 5.74592000e-06  5.01808829e-11  5.74592000e-06  1.77308409e-12 
 5.74792000e-06  5.01808829e-11  5.74792000e-06  1.77429637e-12 
 5.74992000e-06  5.01808829e-11  5.74992000e-06  1.77550839e-12 
 5.75192000e-06  5.01808829e-11  5.75192000e-06  1.77671977e-12 
 5.75392000e-06  5.01808829e-11  5.75392000e-06  1.77793011e-12 
 5.75592000e-06  5.01808829e-11  5.75592000e-06  1.77913905e-12 
 5.75792000e-06  5.01808829e-11  5.75792000e-06  1.78034620e-12 
 5.75992000e-06  5.01808829e-11  5.75992000e-06  1.78155118e-12 
 5.76192000e-06  5.01808829e-11  5.76192000e-06  1.78275361e-12 
 5.76392000e-06  5.01808829e-11  5.76392000e-06  1.78395311e-12 
 5.76592000e-06  5.01808829e-11  5.76592000e-06  1.78514932e-12 
 5.76792000e-06  5.01808829e-11  5.76792000e-06  1.78634185e-12 
 5.76992000e-06  5.01808829e-11  5.76992000e-06  1.78753033e-12 
 5.77192000e-06  5.01808829e-11  5.77192000e-06  1.78871440e-12 
 5.77392000e-06  5.01808829e-11  5.77392000e-06  1.78989369e-12 
 5.77592000e-06  5.01808829e-11  5.77592000e-06  1.79106785e-12 
 5.77792000e-06  5.01808829e-11  5.77792000e-06  1.79223650e-12 
 5.77992000e-06  5.01808829e-11  5.77992000e-06  1.79339929e-12 
 5.78192000e-06  5.01808829e-11  5.78192000e-06  1.79455588e-12 
 5.78392000e-06  5.01808829e-11  5.78392000e-06  1.79570592e-12 
 5.78592000e-06  5.01808829e-11  5.78592000e-06  1.79684905e-12 
 5.78792000e-06  5.01808829e-11  5.78792000e-06  1.79798495e-12 
 5.78992000e-06  5.01808829e-11  5.78992000e-06  1.79911327e-12 
 5.79192000e-06  5.01808829e-11  5.79192000e-06  1.80023369e-12 
 5.79392000e-06  5.01808829e-11  5.79392000e-06  1.80134588e-12 
 5.79592000e-06  5.01808829e-11  5.79592000e-06  1.80244952e-12 
 5.79792000e-06  5.01808829e-11  5.79792000e-06  1.80354430e-12 
 5.79992000e-06  5.01808829e-11  5.79992000e-06  1.80462991e-12 
 5.80192000e-06  5.01808829e-11  5.80192000e-06  1.80570604e-12 
 5.80392000e-06  5.01808829e-11  5.80392000e-06  1.80677240e-12 
 5.80592000e-06  5.01808829e-11  5.80592000e-06  1.80782869e-12 
 5.80792000e-06  5.01808829e-11  5.80792000e-06  1.80887464e-12 
 5.80992000e-06  5.01808829e-11  5.80992000e-06  1.80990996e-12 
 5.81192000e-06  5.01808829e-11  5.81192000e-06  1.81093439e-12 
 5.81392000e-06  5.01808829e-11  5.81392000e-06  1.81194766e-12 
 5.81592000e-06  5.01808829e-11  5.81592000e-06  1.81294950e-12 
 5.81792000e-06  5.01808829e-11  5.81792000e-06  1.81393968e-12 
 5.81992000e-06  5.01808829e-11  5.81992000e-06  1.81491795e-12 
 5.82192000e-06  5.01808829e-11  5.82192000e-06  1.81588407e-12 
 5.82392000e-06  5.01808829e-11  5.82392000e-06  1.81683781e-12 
 5.82592000e-06  5.01808829e-11  5.82592000e-06  1.81777896e-12 
 5.82792000e-06  5.01808829e-11  5.82792000e-06  1.81870731e-12 
 5.82992000e-06  5.01808829e-11  5.82992000e-06  1.81962265e-12 
 5.83192000e-06  5.01808829e-11  5.83192000e-06  1.82052478e-12 
 5.83392000e-06  5.01808829e-11  5.83392000e-06  1.82141353e-12 
 5.83592000e-06  5.01808829e-11  5.83592000e-06  1.82228870e-12 
 5.83792000e-06  5.01808829e-11  5.83792000e-06  1.82315013e-12 
 5.83992000e-06  5.01808829e-11  5.83992000e-06  1.82399766e-12 
 5.84192000e-06  5.01808829e-11  5.84192000e-06  1.82483114e-12 
 5.84392000e-06  5.01808829e-11  5.84392000e-06  1.82565042e-12 
 5.84592000e-06  5.01808829e-11  5.84592000e-06  1.82645537e-12 
 5.84792000e-06  5.01808829e-11  5.84792000e-06  1.82724586e-12 
 5.84992000e-06  5.01808829e-11  5.84992000e-06  1.82802178e-12 
 5.85192000e-06  5.01808829e-11  5.85192000e-06  1.82878302e-12 
 5.85392000e-06  5.01808829e-11  5.85392000e-06  1.82952947e-12 
 5.85592000e-06  5.01808829e-11  5.85592000e-06  1.83026106e-12 
 5.85792000e-06  5.01808829e-11  5.85792000e-06  1.83097771e-12 
 5.85992000e-06  5.01808829e-11  5.85992000e-06  1.83167933e-12 
 5.86192000e-06  5.01808829e-11  5.86192000e-06  1.83236588e-12 
 5.86392000e-06  5.01808829e-11  5.86392000e-06  1.83303730e-12 
 5.86592000e-06  5.01808829e-11  5.86592000e-06  1.83369355e-12 
 5.86792000e-06  5.01808829e-11  5.86792000e-06  1.83433461e-12 
 5.86992000e-06  5.01808829e-11  5.86992000e-06  1.83496044e-12 
 5.87192000e-06  5.01808829e-11  5.87192000e-06  1.83557103e-12 
 5.87392000e-06  5.01808829e-11  5.87392000e-06  1.83616639e-12 
 5.87592000e-06  5.01808829e-11  5.87592000e-06  1.83674652e-12 
 5.87792000e-06  5.01808829e-11  5.87792000e-06  1.83731143e-12 
 5.87992000e-06  5.01808829e-11  5.87992000e-06  1.83786116e-12 
 5.88192000e-06  5.01808829e-11  5.88192000e-06  1.83839573e-12 
 5.88392000e-06  5.01808829e-11  5.88392000e-06  1.83891520e-12 
 5.88592000e-06  5.01808829e-11  5.88592000e-06  1.83941961e-12 
 5.88792000e-06  5.01808829e-11  5.88792000e-06  1.83990904e-12 
 5.88992000e-06  5.01808829e-11  5.88992000e-06  1.84038356e-12 
 5.89192000e-06  5.01808829e-11  5.89192000e-06  1.84084324e-12 
 5.89392000e-06  5.01808829e-11  5.89392000e-06  1.84128819e-12 
 5.89592000e-06  5.01808829e-11  5.89592000e-06  1.84171850e-12 
 5.89792000e-06  5.01808829e-11  5.89792000e-06  1.84213428e-12 
 5.89992000e-06  5.01808829e-11  5.89992000e-06  1.84253567e-12 
 5.90192000e-06  5.01808829e-11  5.90192000e-06  1.84292277e-12 
 5.90392000e-06  5.01808829e-11  5.90392000e-06  1.84329574e-12 
 5.90592000e-06  5.01808829e-11  5.90592000e-06  1.84365473e-12 
 5.90792000e-06  5.01808829e-11  5.90792000e-06  1.84399988e-12 
 5.90992000e-06  5.01808829e-11  5.90992000e-06  1.84433136e-12 
 5.91192000e-06  5.01808829e-11  5.91192000e-06  1.84464935e-12 
 5.91392000e-06  5.01808829e-11  5.91392000e-06  1.84495403e-12 
 5.91592000e-06  5.01808829e-11  5.91592000e-06  1.84524559e-12 
 5.91792000e-06  5.01808829e-11  5.91792000e-06  1.84552422e-12 
 5.91992000e-06  5.01808829e-11  5.91992000e-06  1.84579014e-12 
 5.92192000e-06  5.01808829e-11  5.92192000e-06  1.84604356e-12 
 5.92392000e-06  5.01808829e-11  5.92392000e-06  1.84628471e-12 
 5.92592000e-06  5.01808829e-11  5.92592000e-06  1.84651380e-12 
 5.92792000e-06  5.01808829e-11  5.92792000e-06  1.84673109e-12 
 5.92992000e-06  5.01808829e-11  5.92992000e-06  1.84693682e-12 
 5.93192000e-06  5.01808829e-11  5.93192000e-06  1.84713124e-12 
 5.93392000e-06  5.01808829e-11  5.93392000e-06  1.84731461e-12 
 5.93592000e-06  5.01808829e-11  5.93592000e-06  1.84748719e-12 
 5.93792000e-06  5.01808829e-11  5.93792000e-06  1.84764927e-12 
 5.93992000e-06  5.01808829e-11  5.93992000e-06  1.84780112e-12 
 5.94192000e-06  5.01808829e-11  5.94192000e-06  1.84794304e-12 
 5.94392000e-06  5.01808829e-11  5.94392000e-06  1.84807530e-12 
 5.94592000e-06  5.01808829e-11  5.94592000e-06  1.84819822e-12 
 5.94792000e-06  5.01808829e-11  5.94792000e-06  1.84831210e-12 
 5.94992000e-06  5.01808829e-11  5.94992000e-06  1.84841724e-12 
 5.95192000e-06  5.01808829e-11  5.95192000e-06  1.84851397e-12 
 5.95392000e-06  5.01808829e-11  5.95392000e-06  1.84860261e-12 
 5.95592000e-06  5.01808829e-11  5.95592000e-06  1.84868348e-12 
 5.95792000e-06  5.01808829e-11  5.95792000e-06  1.84875692e-12 
 5.95992000e-06  5.01808829e-11  5.95992000e-06  1.84882327e-12 
 5.96192000e-06  5.01808829e-11  5.96192000e-06  1.84888285e-12 
 5.96392000e-06  5.01808829e-11  5.96392000e-06  1.84893603e-12 
 5.96592000e-06  5.01808829e-11  5.96592000e-06  1.84898314e-12 
 5.96792000e-06  5.01808829e-11  5.96792000e-06  1.84902455e-12 
 5.96992000e-06  5.01808829e-11  5.96992000e-06  1.84906061e-12 
 5.97192000e-06  5.01808829e-11  5.97192000e-06  1.84909167e-12 
 5.97392000e-06  5.01808829e-11  5.97392000e-06  1.84911810e-12 
 5.97592000e-06  5.01808829e-11  5.97592000e-06  1.84914028e-12 
 5.97792000e-06  5.01808829e-11  5.97792000e-06  1.84915856e-12 
 5.97992000e-06  5.01808829e-11  5.97992000e-06  1.84917332e-12 
 5.98192000e-06  5.01808829e-11  5.98192000e-06  1.84918493e-12 
 5.98392000e-06  5.01808829e-11  5.98392000e-06  1.84919376e-12 
 5.98592000e-06  5.01808829e-11  5.98592000e-06  1.84920020e-12 
 5.98792000e-06  5.01808829e-11  5.98792000e-06  1.84920463e-12 
 5.98992000e-06  5.01808829e-11  5.98992000e-06  1.84920742e-12 
 5.99192000e-06  5.01808829e-11  5.99192000e-06  1.84920895e-12 
 5.99392000e-06  5.01808829e-11  5.99392000e-06  1.84920961e-12 
 5.99592000e-06  5.01808829e-11  5.99592000e-06  1.84920977e-12 
 5.99792000e-06  5.01808829e-11  5.99792000e-06  1.84920983e-12 
 5.99992000e-06  5.01808829e-11  5.99992000e-06  1.84921016e-12 
 6.00192000e-06  5.01808829e-11  6.00192000e-06  1.84921114e-12 
 6.00392000e-06  5.01808829e-11  6.00392000e-06  1.84921317e-12 
 6.00592000e-06  5.01808829e-11  6.00592000e-06  1.84921661e-12 
 6.00792000e-06  5.01808829e-11  6.00792000e-06  1.84922186e-12 
 6.00992000e-06  5.01808829e-11  6.00992000e-06  1.84922928e-12 
 6.01192000e-06  5.01808829e-11  6.01192000e-06  1.84923926e-12 
 6.01392000e-06  5.01808829e-11  6.01392000e-06  1.84925217e-12 
 6.01592000e-06  5.01808829e-11  6.01592000e-06  1.84926839e-12 
 6.01792000e-06  5.01808829e-11  6.01792000e-06  1.84928830e-12 
 6.01992000e-06  5.01808829e-11  6.01992000e-06  1.84931225e-12 
 6.02192000e-06  5.01808829e-11  6.02192000e-06  1.84934062e-12 
 6.02392000e-06  5.01808829e-11  6.02392000e-06  1.84937377e-12 
 6.02592000e-06  5.01808829e-11  6.02592000e-06  1.84941206e-12 
 6.02792000e-06  5.01808829e-11  6.02792000e-06  1.84945586e-12 
 6.02992000e-06  5.01808829e-11  6.02992000e-06  1.84950552e-12 
 6.03192000e-06  5.01808829e-11  6.03192000e-06  1.84956138e-12 
 6.03392000e-06  5.01808829e-11  6.03392000e-06  1.84962380e-12 
 6.03592000e-06  5.01808829e-11  6.03592000e-06  1.84969311e-12 
 6.03792000e-06  5.01808829e-11  6.03792000e-06  1.84976966e-12 
 6.03992000e-06  5.01808829e-11  6.03992000e-06  1.84985379e-12 
 6.04192000e-06  5.01808829e-11  6.04192000e-06  1.84994581e-12 
 6.04392000e-06  5.01808829e-11  6.04392000e-06  1.85004606e-12 
 6.04592000e-06  5.01808829e-11  6.04592000e-06  1.85015485e-12 
 6.04792000e-06  5.01808829e-11  6.04792000e-06  1.85027249e-12 
 6.04992000e-06  5.01808829e-11  6.04992000e-06  1.85039931e-12 
 6.05192000e-06  5.01808829e-11  6.05192000e-06  1.85053558e-12 
 6.05392000e-06  5.01808829e-11  6.05392000e-06  1.85068163e-12 
 6.05592000e-06  5.01808829e-11  6.05592000e-06  1.85083772e-12 
 6.05792000e-06  5.01808829e-11  6.05792000e-06  1.85100415e-12 
 6.05992000e-06  5.01808829e-11  6.05992000e-06  1.85118120e-12 
 6.06192000e-06  5.01808829e-11  6.06192000e-06  1.85136913e-12 
 6.06392000e-06  5.01808829e-11  6.06392000e-06  1.85156820e-12 
 6.06592000e-06  5.01808829e-11  6.06592000e-06  1.85177869e-12 
 6.06792000e-06  5.01808829e-11  6.06792000e-06  1.85200082e-12 
 6.06992000e-06  5.01808829e-11  6.06992000e-06  1.85223485e-12 
 6.07192000e-06  5.01808829e-11  6.07192000e-06  1.85248101e-12 
 6.07392000e-06  5.01808829e-11  6.07392000e-06  1.85273952e-12 
 6.07592000e-06  5.01808829e-11  6.07592000e-06  1.85301061e-12 
 6.07792000e-06  5.01808829e-11  6.07792000e-06  1.85329448e-12 
 6.07992000e-06  5.01808829e-11  6.07992000e-06  1.85359134e-12 
 6.08192000e-06  5.01808829e-11  6.08192000e-06  1.85390138e-12 
 6.08392000e-06  5.01808829e-11  6.08392000e-06  1.85422479e-12 
 6.08592000e-06  5.01808829e-11  6.08592000e-06  1.85456175e-12 
 6.08792000e-06  5.01808829e-11  6.08792000e-06  1.85491242e-12 
 6.08992000e-06  5.01808829e-11  6.08992000e-06  1.85527697e-12 
 6.09192000e-06  5.01808829e-11  6.09192000e-06  1.85565555e-12 
 6.09392000e-06  5.01808829e-11  6.09392000e-06  1.85604829e-12 
 6.09592000e-06  5.01808829e-11  6.09592000e-06  1.85645534e-12 
 6.09792000e-06  5.01808829e-11  6.09792000e-06  1.85687682e-12 
 6.09992000e-06  5.01808829e-11  6.09992000e-06  1.85731284e-12 
 6.10192000e-06  5.01808829e-11  6.10192000e-06  1.85776351e-12 
 6.10392000e-06  5.01808829e-11  6.10392000e-06  1.85822893e-12 
 6.10592000e-06  5.01808829e-11  6.10592000e-06  1.85870919e-12 
 6.10792000e-06  5.01808829e-11  6.10792000e-06  1.85920436e-12 
 6.10992000e-06  5.01808829e-11  6.10992000e-06  1.85971451e-12 
 6.11192000e-06  5.01808829e-11  6.11192000e-06  1.86023970e-12 
 6.11392000e-06  5.01808829e-11  6.11392000e-06  1.86077998e-12 
 6.11592000e-06  5.01808829e-11  6.11592000e-06  1.86133540e-12 
 6.11792000e-06  5.01808829e-11  6.11792000e-06  1.86190598e-12 
 6.11992000e-06  5.01808829e-11  6.11992000e-06  1.86249175e-12 
 6.12192000e-06  5.01808829e-11  6.12192000e-06  1.86309271e-12 
 6.12392000e-06  5.01808829e-11  6.12392000e-06  1.86370887e-12 
 6.12592000e-06  5.01808829e-11  6.12592000e-06  1.86434022e-12 
 6.12792000e-06  5.01808829e-11  6.12792000e-06  1.86498674e-12 
 6.12992000e-06  5.01808829e-11  6.12992000e-06  1.86564841e-12 
 6.13192000e-06  5.01808829e-11  6.13192000e-06  1.86632519e-12 
 6.13392000e-06  5.01808829e-11  6.13392000e-06  1.86701703e-12 
 6.13592000e-06  5.01808829e-11  6.13592000e-06  1.86772388e-12 
 6.13792000e-06  5.01808829e-11  6.13792000e-06  1.86844568e-12 
 6.13992000e-06  5.01808829e-11  6.13992000e-06  1.86918234e-12 
 6.14192000e-06  5.01808829e-11  6.14192000e-06  1.86993379e-12 
 6.14392000e-06  5.01808829e-11  6.14392000e-06  1.87069994e-12 
 6.14592000e-06  5.01808829e-11  6.14592000e-06  1.87148067e-12 
 6.14792000e-06  5.01808829e-11  6.14792000e-06  1.87227588e-12 
 6.14992000e-06  5.01808829e-11  6.14992000e-06  1.87308545e-12 
 6.15192000e-06  5.01808829e-11  6.15192000e-06  1.87390924e-12 
 6.15392000e-06  5.01808829e-11  6.15392000e-06  1.87474712e-12 
 6.15592000e-06  5.01808829e-11  6.15592000e-06  1.87559895e-12 
 6.15792000e-06  5.01808829e-11  6.15792000e-06  1.87646455e-12 
 6.15992000e-06  5.01808829e-11  6.15992000e-06  1.87734378e-12 
 6.16192000e-06  5.01808829e-11  6.16192000e-06  1.87823645e-12 
 6.16392000e-06  5.01808829e-11  6.16392000e-06  1.87914238e-12 
 6.16592000e-06  5.01808829e-11  6.16592000e-06  1.88006138e-12 
 6.16792000e-06  5.01808829e-11  6.16792000e-06  1.88099325e-12 
 6.16992000e-06  5.01808829e-11  6.16992000e-06  1.88193779e-12 
 6.17192000e-06  5.01808829e-11  6.17192000e-06  1.88289478e-12 
 6.17392000e-06  5.01808829e-11  6.17392000e-06  1.88386399e-12 
 6.17592000e-06  5.01808829e-11  6.17592000e-06  1.88484520e-12 
 6.17792000e-06  5.01808829e-11  6.17792000e-06  1.88583817e-12 
 6.17992000e-06  5.01808829e-11  6.17992000e-06  1.88684264e-12 
 6.18192000e-06  5.01808829e-11  6.18192000e-06  1.88785837e-12 
 6.18392000e-06  5.01808829e-11  6.18392000e-06  1.88888510e-12 
 6.18592000e-06  5.01808829e-11  6.18592000e-06  1.88992256e-12 
 6.18792000e-06  5.01808829e-11  6.18792000e-06  1.89097048e-12 
 6.18992000e-06  5.01808829e-11  6.18992000e-06  1.89202857e-12 
 6.19192000e-06  5.01808829e-11  6.19192000e-06  1.89309655e-12 
 6.19392000e-06  5.01808829e-11  6.19392000e-06  1.89417412e-12 
 6.19592000e-06  5.01808829e-11  6.19592000e-06  1.89526099e-12 
 6.19792000e-06  5.01808829e-11  6.19792000e-06  1.89635685e-12 
 6.19992000e-06  5.01808829e-11  6.19992000e-06  1.89746139e-12 
 6.20192000e-06  5.01808829e-11  6.20192000e-06  1.89857429e-12 
 6.20392000e-06  5.01808829e-11  6.20392000e-06  1.89969523e-12 
 6.20592000e-06  5.01808829e-11  6.20592000e-06  1.90082388e-12 
 6.20792000e-06  5.01808829e-11  6.20792000e-06  1.90195992e-12 
 6.20992000e-06  5.01808829e-11  6.20992000e-06  1.90310301e-12 
 6.21192000e-06  5.01808829e-11  6.21192000e-06  1.90425279e-12 
 6.21392000e-06  5.01808829e-11  6.21392000e-06  1.90540894e-12 
 6.21592000e-06  5.01808829e-11  6.21592000e-06  1.90657110e-12 
 6.21792000e-06  5.01808829e-11  6.21792000e-06  1.90773892e-12 
 6.21992000e-06  5.01808829e-11  6.21992000e-06  1.90891204e-12 
 6.22192000e-06  5.01808829e-11  6.22192000e-06  1.91009010e-12 
 6.22392000e-06  5.01808829e-11  6.22392000e-06  1.91127274e-12 
 6.22592000e-06  5.01808829e-11  6.22592000e-06  1.91245960e-12 
 6.22792000e-06  5.01808829e-11  6.22792000e-06  1.91365030e-12 
 6.22992000e-06  5.01808829e-11  6.22992000e-06  1.91484447e-12 
 6.23192000e-06  5.01808829e-11  6.23192000e-06  1.91604174e-12 
 6.23392000e-06  5.01808829e-11  6.23392000e-06  1.91724174e-12 
 6.23592000e-06  5.01808829e-11  6.23592000e-06  1.91844409e-12 
 6.23792000e-06  5.01808829e-11  6.23792000e-06  1.91964841e-12 
 6.23992000e-06  5.01808829e-11  6.23992000e-06  1.92085432e-12 
 6.24192000e-06  5.01808829e-11  6.24192000e-06  1.92206144e-12 
 6.24392000e-06  5.01808829e-11  6.24392000e-06  1.92326940e-12 
 6.24592000e-06  5.01808829e-11  6.24592000e-06  1.92447779e-12 
 6.24792000e-06  5.01808829e-11  6.24792000e-06  1.92568626e-12 
 6.24992000e-06  5.01808829e-11  6.24992000e-06  1.92689441e-12 
 6.25192000e-06  5.01808829e-11  6.25192000e-06  1.92810186e-12 
 6.25392000e-06  5.01808829e-11  6.25392000e-06  1.92930823e-12 
 6.25592000e-06  5.01808829e-11  6.25592000e-06  1.93051314e-12 
 6.25792000e-06  5.01808829e-11  6.25792000e-06  1.93171621e-12 
 6.25992000e-06  5.01808829e-11  6.25992000e-06  1.93291707e-12 
 6.26192000e-06  5.01808829e-11  6.26192000e-06  1.93411532e-12 
 6.26392000e-06  5.01808829e-11  6.26392000e-06  1.93531061e-12 
 6.26592000e-06  5.01808829e-11  6.26592000e-06  1.93650255e-12 
 6.26792000e-06  5.01808829e-11  6.26792000e-06  1.93769077e-12 
 6.26992000e-06  5.01808829e-11  6.26992000e-06  1.93887491e-12 
 6.27192000e-06  5.01808829e-11  6.27192000e-06  1.94005459e-12 
 6.27392000e-06  5.01808829e-11  6.27392000e-06  1.94122946e-12 
 6.27592000e-06  5.01808829e-11  6.27592000e-06  1.94239915e-12 
 6.27792000e-06  5.01808829e-11  6.27792000e-06  1.94356331e-12 
 6.27992000e-06  5.01808829e-11  6.27992000e-06  1.94472158e-12 
 6.28192000e-06  5.01808829e-11  6.28192000e-06  1.94587361e-12 
 6.28392000e-06  5.01808829e-11  6.28392000e-06  1.94701905e-12 
 6.28592000e-06  5.01808829e-11  6.28592000e-06  1.94815757e-12 
 6.28792000e-06  5.01808829e-11  6.28792000e-06  1.94928882e-12 
 6.28992000e-06  5.01808829e-11  6.28992000e-06  1.95041247e-12 
 6.29192000e-06  5.01808829e-11  6.29192000e-06  1.95152820e-12 
 6.29392000e-06  5.01808829e-11  6.29392000e-06  1.95263567e-12 
 6.29592000e-06  5.01808829e-11  6.29592000e-06  1.95373458e-12 
 6.29792000e-06  5.01808829e-11  6.29792000e-06  1.95482461e-12 
 6.29992000e-06  5.01808829e-11  6.29992000e-06  1.95590545e-12 
 6.30192000e-06  5.01808829e-11  6.30192000e-06  1.95697680e-12 
 6.30392000e-06  5.01808829e-11  6.30392000e-06  1.95803837e-12 
 6.30592000e-06  5.01808829e-11  6.30592000e-06  1.95908986e-12 
 6.30792000e-06  5.01808829e-11  6.30792000e-06  1.96013100e-12 
 6.30992000e-06  5.01808829e-11  6.30992000e-06  1.96116150e-12 
 6.31192000e-06  5.01808829e-11  6.31192000e-06  1.96218111e-12 
 6.31392000e-06  5.01808829e-11  6.31392000e-06  1.96318955e-12 
 6.31592000e-06  5.01808829e-11  6.31592000e-06  1.96418657e-12 
 6.31792000e-06  5.01808829e-11  6.31792000e-06  1.96517192e-12 
 6.31992000e-06  5.01808829e-11  6.31992000e-06  1.96614536e-12 
 6.32192000e-06  5.01808829e-11  6.32192000e-06  1.96710666e-12 
 6.32392000e-06  5.01808829e-11  6.32392000e-06  1.96805560e-12 
 6.32592000e-06  5.01808829e-11  6.32592000e-06  1.96899194e-12 
 6.32792000e-06  5.01808829e-11  6.32792000e-06  1.96991550e-12 
 6.32992000e-06  5.01808829e-11  6.32992000e-06  1.97082605e-12 
 6.33192000e-06  5.01808829e-11  6.33192000e-06  1.97172342e-12 
 6.33392000e-06  5.01808829e-11  6.33392000e-06  1.97260740e-12 
 6.33592000e-06  5.01808829e-11  6.33592000e-06  1.97347784e-12 
 6.33792000e-06  5.01808829e-11  6.33792000e-06  1.97433456e-12 
 6.33992000e-06  5.01808829e-11  6.33992000e-06  1.97517739e-12 
 6.34192000e-06  5.01808829e-11  6.34192000e-06  1.97600620e-12 
 6.34392000e-06  5.01808829e-11  6.34392000e-06  1.97682083e-12 
 6.34592000e-06  5.01808829e-11  6.34592000e-06  1.97762115e-12 
 6.34792000e-06  5.01808829e-11  6.34792000e-06  1.97840705e-12 
 6.34992000e-06  5.01808829e-11  6.34992000e-06  1.97917840e-12 
 6.35192000e-06  5.01808829e-11  6.35192000e-06  1.97993510e-12 
 6.35392000e-06  5.01808829e-11  6.35392000e-06  1.98067705e-12 
 6.35592000e-06  5.01808829e-11  6.35592000e-06  1.98140418e-12 
 6.35792000e-06  5.01808829e-11  6.35792000e-06  1.98211639e-12 
 6.35992000e-06  5.01808829e-11  6.35992000e-06  1.98281362e-12 
 6.36192000e-06  5.01808829e-11  6.36192000e-06  1.98349581e-12 
 6.36392000e-06  5.01808829e-11  6.36392000e-06  1.98416292e-12 
 6.36592000e-06  5.01808829e-11  6.36592000e-06  1.98481490e-12 
 6.36792000e-06  5.01808829e-11  6.36792000e-06  1.98545173e-12 
 6.36992000e-06  5.01808829e-11  6.36992000e-06  1.98607337e-12 
 6.37192000e-06  5.01808829e-11  6.37192000e-06  1.98667983e-12 
 6.37392000e-06  5.01808829e-11  6.37392000e-06  1.98727110e-12 
 6.37592000e-06  5.01808829e-11  6.37592000e-06  1.98784719e-12 
 6.37792000e-06  5.01808829e-11  6.37792000e-06  1.98840812e-12 
 6.37992000e-06  5.01808829e-11  6.37992000e-06  1.98895391e-12 
 6.38192000e-06  5.01808829e-11  6.38192000e-06  1.98948460e-12 
 6.38392000e-06  5.01808829e-11  6.38392000e-06  1.99000024e-12 
 6.38592000e-06  5.01808829e-11  6.38592000e-06  1.99050089e-12 
 6.38792000e-06  5.01808829e-11  6.38792000e-06  1.99098660e-12 
 6.38992000e-06  5.01808829e-11  6.38992000e-06  1.99145746e-12 
 6.39192000e-06  5.01808829e-11  6.39192000e-06  1.99191355e-12 
 6.39392000e-06  5.01808829e-11  6.39392000e-06  1.99235496e-12 
 6.39592000e-06  5.01808829e-11  6.39592000e-06  1.99278180e-12 
 6.39792000e-06  5.01808829e-11  6.39792000e-06  1.99319418e-12 
 6.39992000e-06  5.01808829e-11  6.39992000e-06  1.99359221e-12 
 6.40192000e-06  5.01808829e-11  6.40192000e-06  1.99397603e-12 
 6.40392000e-06  5.01808829e-11  6.40392000e-06  1.99434579e-12 
 6.40592000e-06  5.01808829e-11  6.40592000e-06  1.99470162e-12 
 6.40792000e-06  5.01808829e-11  6.40792000e-06  1.99504369e-12 
 6.40992000e-06  5.01808829e-11  6.40992000e-06  1.99537215e-12 
 6.41192000e-06  5.01808829e-11  6.41192000e-06  1.99568719e-12 
 6.41392000e-06  5.01808829e-11  6.41392000e-06  1.99598899e-12 
 6.41592000e-06  5.01808829e-11  6.41592000e-06  1.99627774e-12 
 6.41792000e-06  5.01808829e-11  6.41792000e-06  1.99655363e-12 
 6.41992000e-06  5.01808829e-11  6.41992000e-06  1.99681688e-12 
 6.42192000e-06  5.01808829e-11  6.42192000e-06  1.99706771e-12 
 6.42392000e-06  5.01808829e-11  6.42392000e-06  1.99730632e-12 
 6.42592000e-06  5.01808829e-11  6.42592000e-06  1.99753296e-12 
 6.42792000e-06  5.01808829e-11  6.42792000e-06  1.99774787e-12 
 6.42992000e-06  5.01808829e-11  6.42992000e-06  1.99795129e-12 
 6.43192000e-06  5.01808829e-11  6.43192000e-06  1.99814347e-12 
 6.43392000e-06  5.01808829e-11  6.43392000e-06  1.99832468e-12 
 6.43592000e-06  5.01808829e-11  6.43592000e-06  1.99849517e-12 
 6.43792000e-06  5.01808829e-11  6.43792000e-06  1.99865523e-12 
 6.43992000e-06  5.01808829e-11  6.43992000e-06  1.99880514e-12 
 6.44192000e-06  5.01808829e-11  6.44192000e-06  1.99894519e-12 
 6.44392000e-06  5.01808829e-11  6.44392000e-06  1.99907566e-12 
 6.44592000e-06  5.01808829e-11  6.44592000e-06  1.99919685e-12 
 6.44792000e-06  5.01808829e-11  6.44792000e-06  1.99930908e-12 
 6.44992000e-06  5.01808829e-11  6.44992000e-06  1.99941265e-12 
 6.45192000e-06  5.01808829e-11  6.45192000e-06  1.99950788e-12 
 6.45392000e-06  5.01808829e-11  6.45392000e-06  1.99959509e-12 
 6.45592000e-06  5.01808829e-11  6.45592000e-06  1.99967460e-12 
 6.45792000e-06  5.01808829e-11  6.45792000e-06  1.99974675e-12 
 6.45992000e-06  5.01808829e-11  6.45992000e-06  1.99981188e-12 
 6.46192000e-06  5.01808829e-11  6.46192000e-06  1.99987033e-12 
 6.46392000e-06  5.01808829e-11  6.46392000e-06  1.99992243e-12 
 6.46592000e-06  5.01808829e-11  6.46592000e-06  1.99996854e-12 
 6.46792000e-06  5.01808829e-11  6.46792000e-06  2.00000902e-12 
 6.46992000e-06  5.01808829e-11  6.46992000e-06  2.00004421e-12 
 6.47192000e-06  5.01808829e-11  6.47192000e-06  2.00007448e-12 
 6.47392000e-06  5.01808829e-11  6.47392000e-06  2.00010019e-12 
 6.47592000e-06  5.01808829e-11  6.47592000e-06  2.00012170e-12 
 6.47792000e-06  5.01808829e-11  6.47792000e-06  2.00013939e-12 
 6.47992000e-06  5.01808829e-11  6.47992000e-06  2.00015362e-12 
 6.48192000e-06  5.01808829e-11  6.48192000e-06  2.00016476e-12 
 6.48392000e-06  5.01808829e-11  6.48392000e-06  2.00017320e-12 
 6.48592000e-06  5.01808829e-11  6.48592000e-06  2.00017930e-12 
 6.48792000e-06  5.01808829e-11  6.48792000e-06  2.00018345e-12 
 6.48992000e-06  5.01808829e-11  6.48992000e-06  2.00018602e-12 
 6.49192000e-06  5.01808829e-11  6.49192000e-06  2.00018740e-12 
 6.49392000e-06  5.01808829e-11  6.49392000e-06  2.00018796e-12 
 6.49592000e-06  5.01808829e-11  6.49592000e-06  2.00018808e-12 
 6.49792000e-06  5.01808829e-11  6.49792000e-06  2.00018816e-12 
 6.49992000e-06  5.01808829e-11  6.49992000e-06  2.00018856e-12 
 6.50192000e-06  5.01808829e-11  6.50192000e-06  2.00018967e-12 
 6.50392000e-06  5.01808829e-11  6.50392000e-06  2.00019187e-12 
 6.50592000e-06  5.01808829e-11  6.50592000e-06  2.00019554e-12 
 6.50792000e-06  5.01808829e-11  6.50792000e-06  2.00020106e-12 
 6.50992000e-06  5.01808829e-11  6.50992000e-06  2.00020881e-12 
 6.51192000e-06  5.01808829e-11  6.51192000e-06  2.00021916e-12 
 6.51392000e-06  5.01808829e-11  6.51392000e-06  2.00023250e-12 
 6.51592000e-06  5.01808829e-11  6.51592000e-06  2.00024918e-12 
 6.51792000e-06  5.01808829e-11  6.51792000e-06  2.00026959e-12 
 6.51992000e-06  5.01808829e-11  6.51992000e-06  2.00029408e-12 
 6.52192000e-06  5.01808829e-11  6.52192000e-06  2.00032304e-12 
 6.52392000e-06  5.01808829e-11  6.52392000e-06  2.00035681e-12 
 6.52592000e-06  5.01808829e-11  6.52592000e-06  2.00039577e-12 
 6.52792000e-06  5.01808829e-11  6.52792000e-06  2.00044026e-12 
 6.52992000e-06  5.01808829e-11  6.52992000e-06  2.00049064e-12 
 6.53192000e-06  5.01808829e-11  6.53192000e-06  2.00054726e-12 
 6.53392000e-06  5.01808829e-11  6.53392000e-06  2.00061047e-12 
 6.53592000e-06  5.01808829e-11  6.53592000e-06  2.00068060e-12 
 6.53792000e-06  5.01808829e-11  6.53792000e-06  2.00075800e-12 
 6.53992000e-06  5.01808829e-11  6.53992000e-06  2.00084299e-12 
 6.54192000e-06  5.01808829e-11  6.54192000e-06  2.00093590e-12 
 6.54392000e-06  5.01808829e-11  6.54392000e-06  2.00103706e-12 
 6.54592000e-06  5.01808829e-11  6.54592000e-06  2.00114678e-12 
 6.54792000e-06  5.01808829e-11  6.54792000e-06  2.00126538e-12 
 6.54992000e-06  5.01808829e-11  6.54992000e-06  2.00139315e-12 
 6.55192000e-06  5.01808829e-11  6.55192000e-06  2.00153041e-12 
 6.55392000e-06  5.01808829e-11  6.55392000e-06  2.00167744e-12 
 6.55592000e-06  5.01808829e-11  6.55592000e-06  2.00183453e-12 
 6.55792000e-06  5.01808829e-11  6.55792000e-06  2.00200197e-12 
 6.55992000e-06  5.01808829e-11  6.55992000e-06  2.00218003e-12 
 6.56192000e-06  5.01808829e-11  6.56192000e-06  2.00236898e-12 
 6.56392000e-06  5.01808829e-11  6.56392000e-06  2.00256908e-12 
 6.56592000e-06  5.01808829e-11  6.56592000e-06  2.00278059e-12 
 6.56792000e-06  5.01808829e-11  6.56792000e-06  2.00300374e-12 
 6.56992000e-06  5.01808829e-11  6.56992000e-06  2.00323879e-12 
 6.57192000e-06  5.01808829e-11  6.57192000e-06  2.00348596e-12 
 6.57392000e-06  5.01808829e-11  6.57392000e-06  2.00374549e-12 
 6.57592000e-06  5.01808829e-11  6.57592000e-06  2.00401757e-12 
 6.57792000e-06  5.01808829e-11  6.57792000e-06  2.00430244e-12 
 6.57992000e-06  5.01808829e-11  6.57992000e-06  2.00460028e-12 
 6.58192000e-06  5.01808829e-11  6.58192000e-06  2.00491129e-12 
 6.58392000e-06  5.01808829e-11  6.58392000e-06  2.00523565e-12 
 6.58592000e-06  5.01808829e-11  6.58592000e-06  2.00557354e-12 
 6.58792000e-06  5.01808829e-11  6.58792000e-06  2.00592512e-12 
 6.58992000e-06  5.01808829e-11  6.58992000e-06  2.00629056e-12 
 6.59192000e-06  5.01808829e-11  6.59192000e-06  2.00667001e-12 
 6.59392000e-06  5.01808829e-11  6.59392000e-06  2.00706360e-12 
 6.59592000e-06  5.01808829e-11  6.59592000e-06  2.00747147e-12 
 6.59792000e-06  5.01808829e-11  6.59792000e-06  2.00789374e-12 
 6.59992000e-06  5.01808829e-11  6.59992000e-06  2.00833052e-12 
 6.60192000e-06  5.01808829e-11  6.60192000e-06  2.00878192e-12 
 6.60392000e-06  5.01808829e-11  6.60392000e-06  2.00924804e-12 
 6.60592000e-06  5.01808829e-11  6.60592000e-06  2.00972896e-12 
 6.60792000e-06  5.01808829e-11  6.60792000e-06  2.01022475e-12 
 6.60992000e-06  5.01808829e-11  6.60992000e-06  2.01073549e-12 
 6.61192000e-06  5.01808829e-11  6.61192000e-06  2.01126124e-12 
 6.61392000e-06  5.01808829e-11  6.61392000e-06  2.01180203e-12 
 6.61592000e-06  5.01808829e-11  6.61592000e-06  2.01235792e-12 
 6.61792000e-06  5.01808829e-11  6.61792000e-06  2.01292892e-12 
 6.61992000e-06  5.01808829e-11  6.61992000e-06  2.01351506e-12 
 6.62192000e-06  5.01808829e-11  6.62192000e-06  2.01411635e-12 
 6.62392000e-06  5.01808829e-11  6.62392000e-06  2.01473280e-12 
 6.62592000e-06  5.01808829e-11  6.62592000e-06  2.01536438e-12 
 6.62792000e-06  5.01808829e-11  6.62792000e-06  2.01601109e-12 
 6.62992000e-06  5.01808829e-11  6.62992000e-06  2.01667289e-12 
 6.63192000e-06  5.01808829e-11  6.63192000e-06  2.01734974e-12 
 6.63392000e-06  5.01808829e-11  6.63392000e-06  2.01804161e-12 
 6.63592000e-06  5.01808829e-11  6.63592000e-06  2.01874843e-12 
 6.63792000e-06  5.01808829e-11  6.63792000e-06  2.01947013e-12 
 6.63992000e-06  5.01808829e-11  6.63992000e-06  2.02020665e-12 
 6.64192000e-06  5.01808829e-11  6.64192000e-06  2.02095789e-12 
 6.64392000e-06  5.01808829e-11  6.64392000e-06  2.02172376e-12 
 6.64592000e-06  5.01808829e-11  6.64592000e-06  2.02250416e-12 
 6.64792000e-06  5.01808829e-11  6.64792000e-06  2.02329898e-12 
 6.64992000e-06  5.01808829e-11  6.64992000e-06  2.02410809e-12 
 6.65192000e-06  5.01808829e-11  6.65192000e-06  2.02493137e-12 
 6.65392000e-06  5.01808829e-11  6.65392000e-06  2.02576866e-12 
 6.65592000e-06  5.01808829e-11  6.65592000e-06  2.02661984e-12 
 6.65792000e-06  5.01808829e-11  6.65792000e-06  2.02748472e-12 
 6.65992000e-06  5.01808829e-11  6.65992000e-06  2.02836316e-12 
 6.66192000e-06  5.01808829e-11  6.66192000e-06  2.02925498e-12 
 6.66392000e-06  5.01808829e-11  6.66392000e-06  2.03015999e-12 
 6.66592000e-06  5.01808829e-11  6.66592000e-06  2.03107799e-12 
 6.66792000e-06  5.01808829e-11  6.66792000e-06  2.03200881e-12 
 6.66992000e-06  5.01808829e-11  6.66992000e-06  2.03295221e-12 
 6.67192000e-06  5.01808829e-11  6.67192000e-06  2.03390799e-12 
 6.67392000e-06  5.01808829e-11  6.67392000e-06  2.03487593e-12 
 6.67592000e-06  5.01808829e-11  6.67592000e-06  2.03585579e-12 
 6.67792000e-06  5.01808829e-11  6.67792000e-06  2.03684734e-12 
 6.67992000e-06  5.01808829e-11  6.67992000e-06  2.03785032e-12 
 6.68192000e-06  5.01808829e-11  6.68192000e-06  2.03886449e-12 
 6.68392000e-06  5.01808829e-11  6.68392000e-06  2.03988958e-12 
 6.68592000e-06  5.01808829e-11  6.68592000e-06  2.04092533e-12 
 6.68792000e-06  5.01808829e-11  6.68792000e-06  2.04197146e-12 
 6.68992000e-06  5.01808829e-11  6.68992000e-06  2.04302769e-12 
 6.69192000e-06  5.01808829e-11  6.69192000e-06  2.04409374e-12 
 6.69392000e-06  5.01808829e-11  6.69392000e-06  2.04516931e-12 
 6.69592000e-06  5.01808829e-11  6.69592000e-06  2.04625410e-12 
 6.69792000e-06  5.01808829e-11  6.69792000e-06  2.04734780e-12 
 6.69992000e-06  5.01808829e-11  6.69992000e-06  2.04845012e-12 
 6.70192000e-06  5.01808829e-11  6.70192000e-06  2.04956072e-12 
 6.70392000e-06  5.01808829e-11  6.70392000e-06  2.05067929e-12 
 6.70592000e-06  5.01808829e-11  6.70592000e-06  2.05180551e-12 
 6.70792000e-06  5.01808829e-11  6.70792000e-06  2.05293903e-12 
 6.70992000e-06  5.01808829e-11  6.70992000e-06  2.05407953e-12 
 6.71192000e-06  5.01808829e-11  6.71192000e-06  2.05522666e-12 
 6.71392000e-06  5.01808829e-11  6.71392000e-06  2.05638008e-12 
 6.71592000e-06  5.01808829e-11  6.71592000e-06  2.05753944e-12 
 6.71792000e-06  5.01808829e-11  6.71792000e-06  2.05870440e-12 
 6.71992000e-06  5.01808829e-11  6.71992000e-06  2.05987458e-12 
 6.72192000e-06  5.01808829e-11  6.72192000e-06  2.06104964e-12 
 6.72392000e-06  5.01808829e-11  6.72392000e-06  2.06222921e-12 
 6.72592000e-06  5.01808829e-11  6.72592000e-06  2.06341293e-12 
 6.72792000e-06  5.01808829e-11  6.72792000e-06  2.06460042e-12 
 6.72992000e-06  5.01808829e-11  6.72992000e-06  2.06579132e-12 
 6.73192000e-06  5.01808829e-11  6.73192000e-06  2.06698526e-12 
 6.73392000e-06  5.01808829e-11  6.73392000e-06  2.06818187e-12 
 6.73592000e-06  5.01808829e-11  6.73592000e-06  2.06938076e-12 
 6.73792000e-06  5.01808829e-11  6.73792000e-06  2.07058156e-12 
 6.73992000e-06  5.01808829e-11  6.73992000e-06  2.07178389e-12 
 6.74192000e-06  5.01808829e-11  6.74192000e-06  2.07298737e-12 
 6.74392000e-06  5.01808829e-11  6.74392000e-06  2.07419162e-12 
 6.74592000e-06  5.01808829e-11  6.74592000e-06  2.07539626e-12 
 6.74792000e-06  5.01808829e-11  6.74792000e-06  2.07660092e-12 
 6.74992000e-06  5.01808829e-11  6.74992000e-06  2.07780520e-12 
 6.75192000e-06  5.01808829e-11  6.75192000e-06  2.07900873e-12 
 6.75392000e-06  5.01808829e-11  6.75392000e-06  2.08021113e-12 
 6.75592000e-06  5.01808829e-11  6.75592000e-06  2.08141202e-12 
 6.75792000e-06  5.01808829e-11  6.75792000e-06  2.08261102e-12 
 6.75992000e-06  5.01808829e-11  6.75992000e-06  2.08380775e-12 
 6.76192000e-06  5.01808829e-11  6.76192000e-06  2.08500184e-12 
 6.76392000e-06  5.01808829e-11  6.76392000e-06  2.08619292e-12 
 6.76592000e-06  5.01808829e-11  6.76592000e-06  2.08738060e-12 
 6.76792000e-06  5.01808829e-11  6.76792000e-06  2.08856453e-12 
 6.76992000e-06  5.01808829e-11  6.76992000e-06  2.08974432e-12 
 6.77192000e-06  5.01808829e-11  6.77192000e-06  2.09091963e-12 
 6.77392000e-06  5.01808829e-11  6.77392000e-06  2.09209008e-12 
 6.77592000e-06  5.01808829e-11  6.77592000e-06  2.09325532e-12 
 6.77792000e-06  5.01808829e-11  6.77792000e-06  2.09441499e-12 
 6.77992000e-06  5.01808829e-11  6.77992000e-06  2.09556874e-12 
 6.78192000e-06  5.01808829e-11  6.78192000e-06  2.09671622e-12 
 6.78392000e-06  5.01808829e-11  6.78392000e-06  2.09785708e-12 
 6.78592000e-06  5.01808829e-11  6.78592000e-06  2.09899099e-12 
 6.78792000e-06  5.01808829e-11  6.78792000e-06  2.10011761e-12 
 6.78992000e-06  5.01808829e-11  6.78992000e-06  2.10123660e-12 
 6.79192000e-06  5.01808829e-11  6.79192000e-06  2.10234765e-12 
 6.79392000e-06  5.01808829e-11  6.79392000e-06  2.10345042e-12 
 6.79592000e-06  5.01808829e-11  6.79592000e-06  2.10454461e-12 
 6.79792000e-06  5.01808829e-11  6.79792000e-06  2.10562990e-12 
 6.79992000e-06  5.01808829e-11  6.79992000e-06  2.10670599e-12 
 6.80192000e-06  5.01808829e-11  6.80192000e-06  2.10777257e-12 
 6.80392000e-06  5.01808829e-11  6.80392000e-06  2.10882936e-12 
 6.80592000e-06  5.01808829e-11  6.80592000e-06  2.10987606e-12 
 6.80792000e-06  5.01808829e-11  6.80792000e-06  2.11091240e-12 
 6.80992000e-06  5.01808829e-11  6.80992000e-06  2.11193811e-12 
 6.81192000e-06  5.01808829e-11  6.81192000e-06  2.11295290e-12 
 6.81392000e-06  5.01808829e-11  6.81392000e-06  2.11395653e-12 
 6.81592000e-06  5.01808829e-11  6.81592000e-06  2.11494874e-12 
 6.81792000e-06  5.01808829e-11  6.81792000e-06  2.11592928e-12 
 6.81992000e-06  5.01808829e-11  6.81992000e-06  2.11689791e-12 
 6.82192000e-06  5.01808829e-11  6.82192000e-06  2.11785441e-12 
 6.82392000e-06  5.01808829e-11  6.82392000e-06  2.11879855e-12 
 6.82592000e-06  5.01808829e-11  6.82592000e-06  2.11973011e-12 
 6.82792000e-06  5.01808829e-11  6.82792000e-06  2.12064888e-12 
 6.82992000e-06  5.01808829e-11  6.82992000e-06  2.12155467e-12 
 6.83192000e-06  5.01808829e-11  6.83192000e-06  2.12244729e-12 
 6.83392000e-06  5.01808829e-11  6.83392000e-06  2.12332654e-12 
 6.83592000e-06  5.01808829e-11  6.83592000e-06  2.12419226e-12 
 6.83792000e-06  5.01808829e-11  6.83792000e-06  2.12504427e-12 
 6.83992000e-06  5.01808829e-11  6.83992000e-06  2.12588243e-12 
 6.84192000e-06  5.01808829e-11  6.84192000e-06  2.12670658e-12 
 6.84392000e-06  5.01808829e-11  6.84392000e-06  2.12751657e-12 
 6.84592000e-06  5.01808829e-11  6.84592000e-06  2.12831229e-12 
 6.84792000e-06  5.01808829e-11  6.84792000e-06  2.12909361e-12 
 6.84992000e-06  5.01808829e-11  6.84992000e-06  2.12986042e-12 
 6.85192000e-06  5.01808829e-11  6.85192000e-06  2.13061260e-12 
 6.85392000e-06  5.01808829e-11  6.85392000e-06  2.13135007e-12 
 6.85592000e-06  5.01808829e-11  6.85592000e-06  2.13207275e-12 
 6.85792000e-06  5.01808829e-11  6.85792000e-06  2.13278054e-12 
 6.85992000e-06  5.01808829e-11  6.85992000e-06  2.13347340e-12 
 6.86192000e-06  5.01808829e-11  6.86192000e-06  2.13415126e-12 
 6.86392000e-06  5.01808829e-11  6.86392000e-06  2.13481407e-12 
 6.86592000e-06  5.01808829e-11  6.86592000e-06  2.13546180e-12 
 6.86792000e-06  5.01808829e-11  6.86792000e-06  2.13609442e-12 
 6.86992000e-06  5.01808829e-11  6.86992000e-06  2.13671190e-12 
 6.87192000e-06  5.01808829e-11  6.87192000e-06  2.13731425e-12 
 6.87392000e-06  5.01808829e-11  6.87392000e-06  2.13790145e-12 
 6.87592000e-06  5.01808829e-11  6.87592000e-06  2.13847352e-12 
 6.87792000e-06  5.01808829e-11  6.87792000e-06  2.13903048e-12 
 6.87992000e-06  5.01808829e-11  6.87992000e-06  2.13957236e-12 
 6.88192000e-06  5.01808829e-11  6.88192000e-06  2.14009919e-12 
 6.88392000e-06  5.01808829e-11  6.88392000e-06  2.14061102e-12 
 6.88592000e-06  5.01808829e-11  6.88592000e-06  2.14110792e-12 
 6.88792000e-06  5.01808829e-11  6.88792000e-06  2.14158994e-12 
 6.88992000e-06  5.01808829e-11  6.88992000e-06  2.14205716e-12 
 6.89192000e-06  5.01808829e-11  6.89192000e-06  2.14250968e-12 
 6.89392000e-06  5.01808829e-11  6.89392000e-06  2.14294757e-12 
 6.89592000e-06  5.01808829e-11  6.89592000e-06  2.14337096e-12 
 6.89792000e-06  5.01808829e-11  6.89792000e-06  2.14377994e-12 
 6.89992000e-06  5.01808829e-11  6.89992000e-06  2.14417465e-12 
 6.90192000e-06  5.01808829e-11  6.90192000e-06  2.14455521e-12 
 6.90392000e-06  5.01808829e-11  6.90392000e-06  2.14492177e-12 
 6.90592000e-06  5.01808829e-11  6.90592000e-06  2.14527446e-12 
 6.90792000e-06  5.01808829e-11  6.90792000e-06  2.14561346e-12 
 6.90992000e-06  5.01808829e-11  6.90992000e-06  2.14593893e-12 
 6.91192000e-06  5.01808829e-11  6.91192000e-06  2.14625104e-12 
 6.91392000e-06  5.01808829e-11  6.91392000e-06  2.14654998e-12 
 6.91592000e-06  5.01808829e-11  6.91592000e-06  2.14683594e-12 
 6.91792000e-06  5.01808829e-11  6.91792000e-06  2.14710911e-12 
 6.91992000e-06  5.01808829e-11  6.91992000e-06  2.14736971e-12 
 6.92192000e-06  5.01808829e-11  6.92192000e-06  2.14761795e-12 
 6.92392000e-06  5.01808829e-11  6.92392000e-06  2.14785406e-12 
 6.92592000e-06  5.01808829e-11  6.92592000e-06  2.14807827e-12 
 6.92792000e-06  5.01808829e-11  6.92792000e-06  2.14829081e-12 
 6.92992000e-06  5.01808829e-11  6.92992000e-06  2.14849194e-12 
 6.93192000e-06  5.01808829e-11  6.93192000e-06  2.14868190e-12 
 6.93392000e-06  5.01808829e-11  6.93392000e-06  2.14886096e-12 
 6.93592000e-06  5.01808829e-11  6.93592000e-06  2.14902938e-12 
 6.93792000e-06  5.01808829e-11  6.93792000e-06  2.14918745e-12 
 6.93992000e-06  5.01808829e-11  6.93992000e-06  2.14933543e-12 
 6.94192000e-06  5.01808829e-11  6.94192000e-06  2.14947362e-12 
 6.94392000e-06  5.01808829e-11  6.94392000e-06  2.14960231e-12 
 6.94592000e-06  5.01808829e-11  6.94592000e-06  2.14972180e-12 
 6.94792000e-06  5.01808829e-11  6.94792000e-06  2.14983239e-12 
 6.94992000e-06  5.01808829e-11  6.94992000e-06  2.14993440e-12 
 6.95192000e-06  5.01808829e-11  6.95192000e-06  2.15002814e-12 
 6.95392000e-06  5.01808829e-11  6.95392000e-06  2.15011393e-12 
 6.95592000e-06  5.01808829e-11  6.95592000e-06  2.15019211e-12 
 6.95792000e-06  5.01808829e-11  6.95792000e-06  2.15026299e-12 
 6.95992000e-06  5.01808829e-11  6.95992000e-06  2.15032692e-12 
 6.96192000e-06  5.01808829e-11  6.96192000e-06  2.15038423e-12 
 6.96392000e-06  5.01808829e-11  6.96392000e-06  2.15043528e-12 
 6.96592000e-06  5.01808829e-11  6.96592000e-06  2.15048040e-12 
 6.96792000e-06  5.01808829e-11  6.96792000e-06  2.15051996e-12 
 6.96992000e-06  5.01808829e-11  6.96992000e-06  2.15055430e-12 
 6.97192000e-06  5.01808829e-11  6.97192000e-06  2.15058378e-12 
 6.97392000e-06  5.01808829e-11  6.97392000e-06  2.15060878e-12 
 6.97592000e-06  5.01808829e-11  6.97592000e-06  2.15062964e-12 
 6.97792000e-06  5.01808829e-11  6.97792000e-06  2.15064675e-12 
 6.97992000e-06  5.01808829e-11  6.97992000e-06  2.15066046e-12 
 6.98192000e-06  5.01808829e-11  6.98192000e-06  2.15067115e-12 
 6.98392000e-06  5.01808829e-11  6.98392000e-06  2.15067920e-12 
 6.98592000e-06  5.01808829e-11  6.98592000e-06  2.15068497e-12 
 6.98792000e-06  5.01808829e-11  6.98792000e-06  2.15068886e-12 
 6.98992000e-06  5.01808829e-11  6.98992000e-06  2.15069122e-12 
 6.99192000e-06  5.01808829e-11  6.99192000e-06  2.15069245e-12 
 6.99392000e-06  5.01808829e-11  6.99392000e-06  2.15069292e-12 
 6.99592000e-06  5.01808829e-11  6.99592000e-06  2.15069302e-12 
 6.99792000e-06  5.01808829e-11  6.99792000e-06  2.15069311e-12 
 6.99992000e-06  5.01808829e-11  6.99992000e-06  2.15069359e-12 
 7.00192000e-06  5.01808829e-11  7.00192000e-06  2.15069483e-12 
 7.00392000e-06  5.01808829e-11  7.00392000e-06  2.15069722e-12 
 7.00592000e-06  5.01808829e-11  7.00592000e-06  2.15070113e-12 
 7.00792000e-06  5.01808829e-11  7.00792000e-06  2.15070693e-12 
 7.00992000e-06  5.01808829e-11  7.00992000e-06  2.15071501e-12 
 7.01192000e-06  5.01808829e-11  7.01192000e-06  2.15072574e-12 
 7.01392000e-06  5.01808829e-11  7.01392000e-06  2.15073950e-12 
 7.01592000e-06  5.01808829e-11  7.01592000e-06  2.15075665e-12 
 7.01792000e-06  5.01808829e-11  7.01792000e-06  2.15077757e-12 
 7.01992000e-06  5.01808829e-11  7.01992000e-06  2.15080261e-12 
 7.02192000e-06  5.01808829e-11  7.02192000e-06  2.15083216e-12 
 7.02392000e-06  5.01808829e-11  7.02392000e-06  2.15086656e-12 
 7.02592000e-06  5.01808829e-11  7.02592000e-06  2.15090618e-12 
 7.02792000e-06  5.01808829e-11  7.02792000e-06  2.15095137e-12 
 7.02992000e-06  5.01808829e-11  7.02992000e-06  2.15100248e-12 
 7.03192000e-06  5.01808829e-11  7.03192000e-06  2.15105986e-12 
 7.03392000e-06  5.01808829e-11  7.03392000e-06  2.15112386e-12 
 7.03592000e-06  5.01808829e-11  7.03592000e-06  2.15119481e-12 
 7.03792000e-06  5.01808829e-11  7.03792000e-06  2.15127305e-12 
 7.03992000e-06  5.01808829e-11  7.03992000e-06  2.15135891e-12 
 7.04192000e-06  5.01808829e-11  7.04192000e-06  2.15145271e-12 
 7.04392000e-06  5.01808829e-11  7.04392000e-06  2.15155478e-12 
 7.04592000e-06  5.01808829e-11  7.04592000e-06  2.15166543e-12 
 7.04792000e-06  5.01808829e-11  7.04792000e-06  2.15178497e-12 
 7.04992000e-06  5.01808829e-11  7.04992000e-06  2.15191371e-12 
 7.05192000e-06  5.01808829e-11  7.05192000e-06  2.15205194e-12 
 7.05392000e-06  5.01808829e-11  7.05392000e-06  2.15219996e-12 
 7.05592000e-06  5.01808829e-11  7.05592000e-06  2.15235806e-12 
 7.05792000e-06  5.01808829e-11  7.05792000e-06  2.15252650e-12 
 7.05992000e-06  5.01808829e-11  7.05992000e-06  2.15270557e-12 
 7.06192000e-06  5.01808829e-11  7.06192000e-06  2.15289554e-12 
 7.06392000e-06  5.01808829e-11  7.06392000e-06  2.15309666e-12 
 7.06592000e-06  5.01808829e-11  7.06592000e-06  2.15330918e-12 
 7.06792000e-06  5.01808829e-11  7.06792000e-06  2.15353336e-12 
 7.06992000e-06  5.01808829e-11  7.06992000e-06  2.15376942e-12 
 7.07192000e-06  5.01808829e-11  7.07192000e-06  2.15401761e-12 
 7.07392000e-06  5.01808829e-11  7.07392000e-06  2.15427813e-12 
 7.07592000e-06  5.01808829e-11  7.07592000e-06  2.15455122e-12 
 7.07792000e-06  5.01808829e-11  7.07792000e-06  2.15483707e-12 
 7.07992000e-06  5.01808829e-11  7.07992000e-06  2.15513588e-12 
 7.08192000e-06  5.01808829e-11  7.08192000e-06  2.15544785e-12 
 7.08392000e-06  5.01808829e-11  7.08392000e-06  2.15577316e-12 
 7.08592000e-06  5.01808829e-11  7.08592000e-06  2.15611197e-12 
 7.08792000e-06  5.01808829e-11  7.08792000e-06  2.15646447e-12 
 7.08992000e-06  5.01808829e-11  7.08992000e-06  2.15683079e-12 
 7.09192000e-06  5.01808829e-11  7.09192000e-06  2.15721110e-12 
 7.09392000e-06  5.01808829e-11  7.09392000e-06  2.15760553e-12 
 7.09592000e-06  5.01808829e-11  7.09592000e-06  2.15801421e-12 
 7.09792000e-06  5.01808829e-11  7.09792000e-06  2.15843727e-12 
 7.09992000e-06  5.01808829e-11  7.09992000e-06  2.15887481e-12 
 7.10192000e-06  5.01808829e-11  7.10192000e-06  2.15932693e-12 
 7.10392000e-06  5.01808829e-11  7.10392000e-06  2.15979374e-12 
 7.10592000e-06  5.01808829e-11  7.10592000e-06  2.16027531e-12 
 7.10792000e-06  5.01808829e-11  7.10792000e-06  2.16077173e-12 
 7.10992000e-06  5.01808829e-11  7.10992000e-06  2.16128305e-12 
 7.11192000e-06  5.01808829e-11  7.11192000e-06  2.16180934e-12 
 7.11392000e-06  5.01808829e-11  7.11392000e-06  2.16235063e-12 
 7.11592000e-06  5.01808829e-11  7.11592000e-06  2.16290698e-12 
 7.11792000e-06  5.01808829e-11  7.11792000e-06  2.16347840e-12 
 7.11992000e-06  5.01808829e-11  7.11992000e-06  2.16406491e-12 
 7.12192000e-06  5.01808829e-11  7.12192000e-06  2.16466653e-12 
 7.12392000e-06  5.01808829e-11  7.12392000e-06  2.16528324e-12 
 7.12592000e-06  5.01808829e-11  7.12592000e-06  2.16591505e-12 
 7.12792000e-06  5.01808829e-11  7.12792000e-06  2.16656193e-12 
 7.12992000e-06  5.01808829e-11  7.12992000e-06  2.16722385e-12 
 7.13192000e-06  5.01808829e-11  7.13192000e-06  2.16790078e-12 
 7.13392000e-06  5.01808829e-11  7.13392000e-06  2.16859266e-12 
 7.13592000e-06  5.01808829e-11  7.13592000e-06  2.16929944e-12 
 7.13792000e-06  5.01808829e-11  7.13792000e-06  2.17002104e-12 
 7.13992000e-06  5.01808829e-11  7.13992000e-06  2.17075740e-12 
 7.14192000e-06  5.01808829e-11  7.14192000e-06  2.17150843e-12 
 7.14392000e-06  5.01808829e-11  7.14392000e-06  2.17227402e-12 
 7.14592000e-06  5.01808829e-11  7.14592000e-06  2.17305409e-12 
 7.14792000e-06  5.01808829e-11  7.14792000e-06  2.17384850e-12 
 7.14992000e-06  5.01808829e-11  7.14992000e-06  2.17465715e-12 
 7.15192000e-06  5.01808829e-11  7.15192000e-06  2.17547990e-12 
 7.15392000e-06  5.01808829e-11  7.15392000e-06  2.17631660e-12 
 7.15592000e-06  5.01808829e-11  7.15592000e-06  2.17716711e-12 
 7.15792000e-06  5.01808829e-11  7.15792000e-06  2.17803127e-12 
 7.15992000e-06  5.01808829e-11  7.15992000e-06  2.17890892e-12 
 7.16192000e-06  5.01808829e-11  7.16192000e-06  2.17979987e-12 
 7.16392000e-06  5.01808829e-11  7.16392000e-06  2.18070395e-12 
 7.16592000e-06  5.01808829e-11  7.16592000e-06  2.18162096e-12 
 7.16792000e-06  5.01808829e-11  7.16792000e-06  2.18255070e-12 
 7.16992000e-06  5.01808829e-11  7.16992000e-06  2.18349297e-12 
 7.17192000e-06  5.01808829e-11  7.17192000e-06  2.18444754e-12 
 7.17392000e-06  5.01808829e-11  7.17392000e-06  2.18541419e-12 
 7.17592000e-06  5.01808829e-11  7.17592000e-06  2.18639270e-12 
 7.17792000e-06  5.01808829e-11  7.17792000e-06  2.18738282e-12 
 7.17992000e-06  5.01808829e-11  7.17992000e-06  2.18838430e-12 
 7.18192000e-06  5.01808829e-11  7.18192000e-06  2.18939690e-12 
 7.18392000e-06  5.01808829e-11  7.18392000e-06  2.19042035e-12 
 7.18592000e-06  5.01808829e-11  7.18592000e-06  2.19145438e-12 
 7.18792000e-06  5.01808829e-11  7.18792000e-06  2.19249872e-12 
 7.18992000e-06  5.01808829e-11  7.18992000e-06  2.19355309e-12 
 7.19192000e-06  5.01808829e-11  7.19192000e-06  2.19461720e-12 
 7.19392000e-06  5.01808829e-11  7.19392000e-06  2.19569076e-12 
 7.19592000e-06  5.01808829e-11  7.19592000e-06  2.19677347e-12 
 7.19792000e-06  5.01808829e-11  7.19792000e-06  2.19786502e-12 
 7.19992000e-06  5.01808829e-11  7.19992000e-06  2.19896511e-12 
 7.20192000e-06  5.01808829e-11  7.20192000e-06  2.20007341e-12 
 7.20392000e-06  5.01808829e-11  7.20392000e-06  2.20118961e-12 
 7.20592000e-06  5.01808829e-11  7.20592000e-06  2.20231338e-12 
 7.20792000e-06  5.01808829e-11  7.20792000e-06  2.20344438e-12 
 7.20992000e-06  5.01808829e-11  7.20992000e-06  2.20458229e-12 
 7.21192000e-06  5.01808829e-11  7.21192000e-06  2.20572677e-12 
 7.21392000e-06  5.01808829e-11  7.21392000e-06  2.20687746e-12 
 7.21592000e-06  5.01808829e-11  7.21592000e-06  2.20803403e-12 
 7.21792000e-06  5.01808829e-11  7.21792000e-06  2.20919611e-12 
 7.21992000e-06  5.01808829e-11  7.21992000e-06  2.21036336e-12 
 7.22192000e-06  5.01808829e-11  7.22192000e-06  2.21153541e-12 
 7.22392000e-06  5.01808829e-11  7.22392000e-06  2.21271191e-12 
 7.22592000e-06  5.01808829e-11  7.22592000e-06  2.21389249e-12 
 7.22792000e-06  5.01808829e-11  7.22792000e-06  2.21507678e-12 
 7.22992000e-06  5.01808829e-11  7.22992000e-06  2.21626442e-12 
 7.23192000e-06  5.01808829e-11  7.23192000e-06  2.21745503e-12 
 7.23392000e-06  5.01808829e-11  7.23392000e-06  2.21864823e-12 
 7.23592000e-06  5.01808829e-11  7.23592000e-06  2.21984367e-12 
 7.23792000e-06  5.01808829e-11  7.23792000e-06  2.22104095e-12 
 7.23992000e-06  5.01808829e-11  7.23992000e-06  2.22223970e-12 
 7.24192000e-06  5.01808829e-11  7.24192000e-06  2.22343954e-12 
 7.24392000e-06  5.01808829e-11  7.24392000e-06  2.22464010e-12 
 7.24592000e-06  5.01808829e-11  7.24592000e-06  2.22584099e-12 
 7.24792000e-06  5.01808829e-11  7.24792000e-06  2.22704184e-12 
 7.24992000e-06  5.01808829e-11  7.24992000e-06  2.22824226e-12 
 7.25192000e-06  5.01808829e-11  7.25192000e-06  2.22944188e-12 
 7.25392000e-06  5.01808829e-11  7.25392000e-06  2.23064031e-12 
 7.25592000e-06  5.01808829e-11  7.25592000e-06  2.23183718e-12 
 7.25792000e-06  5.01808829e-11  7.25792000e-06  2.23303211e-12 
 7.25992000e-06  5.01808829e-11  7.25992000e-06  2.23422473e-12 
 7.26192000e-06  5.01808829e-11  7.26192000e-06  2.23541466e-12 
 7.26392000e-06  5.01808829e-11  7.26392000e-06  2.23660153e-12 
 7.26592000e-06  5.01808829e-11  7.26592000e-06  2.23778496e-12 
 7.26792000e-06  5.01808829e-11  7.26792000e-06  2.23896460e-12 
 7.26992000e-06  5.01808829e-11  7.26992000e-06  2.24014007e-12 
 7.27192000e-06  5.01808829e-11  7.27192000e-06  2.24131100e-12 
 7.27392000e-06  5.01808829e-11  7.27392000e-06  2.24247705e-12 
 7.27592000e-06  5.01808829e-11  7.27592000e-06  2.24363784e-12 
 7.27792000e-06  5.01808829e-11  7.27792000e-06  2.24479304e-12 
 7.27992000e-06  5.01808829e-11  7.27992000e-06  2.24594227e-12 
 7.28192000e-06  5.01808829e-11  7.28192000e-06  2.24708521e-12 
 7.28392000e-06  5.01808829e-11  7.28392000e-06  2.24822151e-12 
 7.28592000e-06  5.01808829e-11  7.28592000e-06  2.24935082e-12 
 7.28792000e-06  5.01808829e-11  7.28792000e-06  2.25047281e-12 
 7.28992000e-06  5.01808829e-11  7.28992000e-06  2.25158716e-12 
 7.29192000e-06  5.01808829e-11  7.29192000e-06  2.25269354e-12 
 7.29392000e-06  5.01808829e-11  7.29392000e-06  2.25379162e-12 
 7.29592000e-06  5.01808829e-11  7.29592000e-06  2.25488110e-12 
 7.29792000e-06  5.01808829e-11  7.29792000e-06  2.25596166e-12 
 7.29992000e-06  5.01808829e-11  7.29992000e-06  2.25703301e-12 
 7.30192000e-06  5.01808829e-11  7.30192000e-06  2.25809484e-12 
 7.30392000e-06  5.01808829e-11  7.30392000e-06  2.25914686e-12 
 7.30592000e-06  5.01808829e-11  7.30592000e-06  2.26018879e-12 
 7.30792000e-06  5.01808829e-11  7.30792000e-06  2.26122035e-12 
 7.30992000e-06  5.01808829e-11  7.30992000e-06  2.26224126e-12 
 7.31192000e-06  5.01808829e-11  7.31192000e-06  2.26325126e-12 
 7.31392000e-06  5.01808829e-11  7.31392000e-06  2.26425010e-12 
 7.31592000e-06  5.01808829e-11  7.31592000e-06  2.26523751e-12 
 7.31792000e-06  5.01808829e-11  7.31792000e-06  2.26621325e-12 
 7.31992000e-06  5.01808829e-11  7.31992000e-06  2.26717710e-12 
 7.32192000e-06  5.01808829e-11  7.32192000e-06  2.26812881e-12 
 7.32392000e-06  5.01808829e-11  7.32392000e-06  2.26906816e-12 
 7.32592000e-06  5.01808829e-11  7.32592000e-06  2.26999495e-12 
 7.32792000e-06  5.01808829e-11  7.32792000e-06  2.27090897e-12 
 7.32992000e-06  5.01808829e-11  7.32992000e-06  2.27181001e-12 
 7.33192000e-06  5.01808829e-11  7.33192000e-06  2.27269788e-12 
 7.33392000e-06  5.01808829e-11  7.33392000e-06  2.27357242e-12 
 7.33592000e-06  5.01808829e-11  7.33592000e-06  2.27443343e-12 
 7.33792000e-06  5.01808829e-11  7.33792000e-06  2.27528077e-12 
 7.33992000e-06  5.01808829e-11  7.33992000e-06  2.27611426e-12 
 7.34192000e-06  5.01808829e-11  7.34192000e-06  2.27693377e-12 
 7.34392000e-06  5.01808829e-11  7.34392000e-06  2.27773916e-12 
 7.34592000e-06  5.01808829e-11  7.34592000e-06  2.27853029e-12 
 7.34792000e-06  5.01808829e-11  7.34792000e-06  2.27930705e-12 
 7.34992000e-06  5.01808829e-11  7.34992000e-06  2.28006932e-12 
 7.35192000e-06  5.01808829e-11  7.35192000e-06  2.28081701e-12 
 7.35392000e-06  5.01808829e-11  7.35392000e-06  2.28155002e-12 
 7.35592000e-06  5.01808829e-11  7.35592000e-06  2.28226826e-12 
 7.35792000e-06  5.01808829e-11  7.35792000e-06  2.28297167e-12 
 7.35992000e-06  5.01808829e-11  7.35992000e-06  2.28366017e-12 
 7.36192000e-06  5.01808829e-11  7.36192000e-06  2.28433371e-12 
 7.36392000e-06  5.01808829e-11  7.36392000e-06  2.28499225e-12 
 7.36592000e-06  5.01808829e-11  7.36592000e-06  2.28563575e-12 
 7.36792000e-06  5.01808829e-11  7.36792000e-06  2.28626418e-12 
 7.36992000e-06  5.01808829e-11  7.36992000e-06  2.28687752e-12 
 7.37192000e-06  5.01808829e-11  7.37192000e-06  2.28747577e-12 
 7.37392000e-06  5.01808829e-11  7.37392000e-06  2.28805892e-12 
 7.37592000e-06  5.01808829e-11  7.37592000e-06  2.28862700e-12 
 7.37792000e-06  5.01808829e-11  7.37792000e-06  2.28918001e-12 
 7.37992000e-06  5.01808829e-11  7.37992000e-06  2.28971799e-12 
 7.38192000e-06  5.01808829e-11  7.38192000e-06  2.29024098e-12 
 7.38392000e-06  5.01808829e-11  7.38392000e-06  2.29074903e-12 
 7.38592000e-06  5.01808829e-11  7.38592000e-06  2.29124219e-12 
 7.38792000e-06  5.01808829e-11  7.38792000e-06  2.29172054e-12 
 7.38992000e-06  5.01808829e-11  7.38992000e-06  2.29218415e-12 
 7.39192000e-06  5.01808829e-11  7.39192000e-06  2.29263311e-12 
 7.39392000e-06  5.01808829e-11  7.39392000e-06  2.29306751e-12 
 7.39592000e-06  5.01808829e-11  7.39592000e-06  2.29348746e-12 
 7.39792000e-06  5.01808829e-11  7.39792000e-06  2.29389307e-12 
 7.39992000e-06  5.01808829e-11  7.39992000e-06  2.29428447e-12 
 7.40192000e-06  5.01808829e-11  7.40192000e-06  2.29466179e-12 
 7.40392000e-06  5.01808829e-11  7.40392000e-06  2.29502517e-12 
 7.40592000e-06  5.01808829e-11  7.40592000e-06  2.29537475e-12 
 7.40792000e-06  5.01808829e-11  7.40792000e-06  2.29571071e-12 
 7.40992000e-06  5.01808829e-11  7.40992000e-06  2.29603320e-12 
 7.41192000e-06  5.01808829e-11  7.41192000e-06  2.29634240e-12 
 7.41392000e-06  5.01808829e-11  7.41392000e-06  2.29663849e-12 
 7.41592000e-06  5.01808829e-11  7.41592000e-06  2.29692167e-12 
 7.41792000e-06  5.01808829e-11  7.41792000e-06  2.29719215e-12 
 7.41992000e-06  5.01808829e-11  7.41992000e-06  2.29745011e-12 
 7.42192000e-06  5.01808829e-11  7.42192000e-06  2.29769580e-12 
 7.42392000e-06  5.01808829e-11  7.42392000e-06  2.29792941e-12 
 7.42592000e-06  5.01808829e-11  7.42592000e-06  2.29815120e-12 
 7.42792000e-06  5.01808829e-11  7.42792000e-06  2.29836140e-12 
 7.42992000e-06  5.01808829e-11  7.42992000e-06  2.29856025e-12 
 7.43192000e-06  5.01808829e-11  7.43192000e-06  2.29874801e-12 
 7.43392000e-06  5.01808829e-11  7.43392000e-06  2.29892494e-12 
 7.43592000e-06  5.01808829e-11  7.43592000e-06  2.29909131e-12 
 7.43792000e-06  5.01808829e-11  7.43792000e-06  2.29924739e-12 
 7.43992000e-06  5.01808829e-11  7.43992000e-06  2.29939347e-12 
 7.44192000e-06  5.01808829e-11  7.44192000e-06  2.29952982e-12 
 7.44392000e-06  5.01808829e-11  7.44392000e-06  2.29965674e-12 
 7.44592000e-06  5.01808829e-11  7.44592000e-06  2.29977454e-12 
 7.44792000e-06  5.01808829e-11  7.44792000e-06  2.29988352e-12 
 7.44992000e-06  5.01808829e-11  7.44992000e-06  2.29998398e-12 
 7.45192000e-06  5.01808829e-11  7.45192000e-06  2.30007625e-12 
 7.45392000e-06  5.01808829e-11  7.45392000e-06  2.30016064e-12 
 7.45592000e-06  5.01808829e-11  7.45592000e-06  2.30023749e-12 
 7.45792000e-06  5.01808829e-11  7.45792000e-06  2.30030711e-12 
 7.45992000e-06  5.01808829e-11  7.45992000e-06  2.30036986e-12 
 7.46192000e-06  5.01808829e-11  7.46192000e-06  2.30042606e-12 
 7.46392000e-06  5.01808829e-11  7.46392000e-06  2.30047606e-12 
 7.46592000e-06  5.01808829e-11  7.46592000e-06  2.30052021e-12 
 7.46792000e-06  5.01808829e-11  7.46792000e-06  2.30055885e-12 
 7.46992000e-06  5.01808829e-11  7.46992000e-06  2.30059236e-12 
 7.47192000e-06  5.01808829e-11  7.47192000e-06  2.30062107e-12 
 7.47392000e-06  5.01808829e-11  7.47392000e-06  2.30064537e-12 
 7.47592000e-06  5.01808829e-11  7.47592000e-06  2.30066559e-12 
 7.47792000e-06  5.01808829e-11  7.47792000e-06  2.30068213e-12 
 7.47992000e-06  5.01808829e-11  7.47992000e-06  2.30069533e-12 
 7.48192000e-06  5.01808829e-11  7.48192000e-06  2.30070558e-12 
 7.48392000e-06  5.01808829e-11  7.48392000e-06  2.30071325e-12 
 7.48592000e-06  5.01808829e-11  7.48592000e-06  2.30071871e-12 
 7.48792000e-06  5.01808829e-11  7.48792000e-06  2.30072233e-12 
 7.48992000e-06  5.01808829e-11  7.48992000e-06  2.30072450e-12 
 7.49192000e-06  5.01808829e-11  7.49192000e-06  2.30072559e-12 
 7.49392000e-06  5.01808829e-11  7.49392000e-06  2.30072598e-12 
 7.49592000e-06  5.01808829e-11  7.49592000e-06  2.30072605e-12 
 7.49792000e-06  5.01808829e-11  7.49792000e-06  2.30072618e-12 
 7.49992000e-06  5.01808829e-11  7.49992000e-06  2.30072675e-12 
 7.50192000e-06  5.01808829e-11  7.50192000e-06  2.30072813e-12 
 7.50392000e-06  5.01808829e-11  7.50392000e-06  2.30073071e-12 
 7.50592000e-06  5.01808829e-11  7.50592000e-06  2.30073485e-12 
 7.50792000e-06  5.01808829e-11  7.50792000e-06  2.30074095e-12 
 7.50992000e-06  5.01808829e-11  7.50992000e-06  2.30074937e-12 
 7.51192000e-06  5.01808829e-11  7.51192000e-06  2.30076048e-12 
 7.51392000e-06  5.01808829e-11  7.51392000e-06  2.30077467e-12 
 7.51592000e-06  5.01808829e-11  7.51592000e-06  2.30079229e-12 
 7.51792000e-06  5.01808829e-11  7.51792000e-06  2.30081372e-12 
 7.51992000e-06  5.01808829e-11  7.51992000e-06  2.30083932e-12 
 7.52192000e-06  5.01808829e-11  7.52192000e-06  2.30086946e-12 
 7.52392000e-06  5.01808829e-11  7.52392000e-06  2.30090449e-12 
 7.52592000e-06  5.01808829e-11  7.52592000e-06  2.30094478e-12 
 7.52792000e-06  5.01808829e-11  7.52792000e-06  2.30099066e-12 
 7.52992000e-06  5.01808829e-11  7.52992000e-06  2.30104251e-12 
 7.53192000e-06  5.01808829e-11  7.53192000e-06  2.30110065e-12 
 7.53392000e-06  5.01808829e-11  7.53392000e-06  2.30116544e-12 
 7.53592000e-06  5.01808829e-11  7.53592000e-06  2.30123721e-12 
 7.53792000e-06  5.01808829e-11  7.53792000e-06  2.30131630e-12 
 7.53992000e-06  5.01808829e-11  7.53992000e-06  2.30140302e-12 
 7.54192000e-06  5.01808829e-11  7.54192000e-06  2.30149772e-12 
 7.54392000e-06  5.01808829e-11  7.54392000e-06  2.30160070e-12 
 7.54592000e-06  5.01808829e-11  7.54592000e-06  2.30171228e-12 
 7.54792000e-06  5.01808829e-11  7.54792000e-06  2.30183277e-12 
 7.54992000e-06  5.01808829e-11  7.54992000e-06  2.30196247e-12 
 7.55192000e-06  5.01808829e-11  7.55192000e-06  2.30210168e-12 
 7.55392000e-06  5.01808829e-11  7.55392000e-06  2.30225068e-12 
 7.55592000e-06  5.01808829e-11  7.55592000e-06  2.30240977e-12 
 7.55792000e-06  5.01808829e-11  7.55792000e-06  2.30257922e-12 
 7.55992000e-06  5.01808829e-11  7.55992000e-06  2.30275930e-12 
 7.56192000e-06  5.01808829e-11  7.56192000e-06  2.30295028e-12 
 7.56392000e-06  5.01808829e-11  7.56392000e-06  2.30315242e-12 
 7.56592000e-06  5.01808829e-11  7.56592000e-06  2.30336596e-12 
 7.56792000e-06  5.01808829e-11  7.56792000e-06  2.30359115e-12 
 7.56992000e-06  5.01808829e-11  7.56992000e-06  2.30382823e-12 
 7.57192000e-06  5.01808829e-11  7.57192000e-06  2.30407742e-12 
 7.57392000e-06  5.01808829e-11  7.57392000e-06  2.30433895e-12 
 7.57592000e-06  5.01808829e-11  7.57592000e-06  2.30461302e-12 
 7.57792000e-06  5.01808829e-11  7.57792000e-06  2.30489985e-12 
 7.57992000e-06  5.01808829e-11  7.57992000e-06  2.30519964e-12 
 7.58192000e-06  5.01808829e-11  7.58192000e-06  2.30551256e-12 
 7.58392000e-06  5.01808829e-11  7.58392000e-06  2.30583880e-12 
 7.58592000e-06  5.01808829e-11  7.58592000e-06  2.30617854e-12 
 7.58792000e-06  5.01808829e-11  7.58792000e-06  2.30653194e-12 
 7.58992000e-06  5.01808829e-11  7.58992000e-06  2.30689915e-12 
 7.59192000e-06  5.01808829e-11  7.59192000e-06  2.30728031e-12 
 7.59392000e-06  5.01808829e-11  7.59392000e-06  2.30767557e-12 
 7.59592000e-06  5.01808829e-11  7.59592000e-06  2.30808506e-12 
 7.59792000e-06  5.01808829e-11  7.59792000e-06  2.30850889e-12 
 7.59992000e-06  5.01808829e-11  7.59992000e-06  2.30894718e-12 
 7.60192000e-06  5.01808829e-11  7.60192000e-06  2.30940003e-12 
 7.60392000e-06  5.01808829e-11  7.60392000e-06  2.30986752e-12 
 7.60592000e-06  5.01808829e-11  7.60592000e-06  2.31034974e-12 
 7.60792000e-06  5.01808829e-11  7.60792000e-06  2.31084677e-12 
 7.60992000e-06  5.01808829e-11  7.60992000e-06  2.31135867e-12 
 7.61192000e-06  5.01808829e-11  7.61192000e-06  2.31188549e-12 
 7.61392000e-06  5.01808829e-11  7.61392000e-06  2.31242728e-12 
 7.61592000e-06  5.01808829e-11  7.61592000e-06  2.31298407e-12 
 7.61792000e-06  5.01808829e-11  7.61792000e-06  2.31355590e-12 
 7.61992000e-06  5.01808829e-11  7.61992000e-06  2.31414277e-12 
 7.62192000e-06  5.01808829e-11  7.62192000e-06  2.31474471e-12 
 7.62392000e-06  5.01808829e-11  7.62392000e-06  2.31536169e-12 
 7.62592000e-06  5.01808829e-11  7.62592000e-06  2.31599372e-12 
 7.62792000e-06  5.01808829e-11  7.62792000e-06  2.31664076e-12 
 7.62992000e-06  5.01808829e-11  7.62992000e-06  2.31730280e-12 
 7.63192000e-06  5.01808829e-11  7.63192000e-06  2.31797978e-12 
 7.63392000e-06  5.01808829e-11  7.63392000e-06  2.31867167e-12 
 7.63592000e-06  5.01808829e-11  7.63592000e-06  2.31937840e-12 
 7.63792000e-06  5.01808829e-11  7.63792000e-06  2.32009990e-12 
 7.63992000e-06  5.01808829e-11  7.63992000e-06  2.32083609e-12 
 7.64192000e-06  5.01808829e-11  7.64192000e-06  2.32158689e-12 
 7.64392000e-06  5.01808829e-11  7.64392000e-06  2.32235220e-12 
 7.64592000e-06  5.01808829e-11  7.64592000e-06  2.32313192e-12 
 7.64792000e-06  5.01808829e-11  7.64792000e-06  2.32392593e-12 
 7.64992000e-06  5.01808829e-11  7.64992000e-06  2.32473410e-12 
 7.65192000e-06  5.01808829e-11  7.65192000e-06  2.32555631e-12 
 7.65392000e-06  5.01808829e-11  7.65392000e-06  2.32639241e-12 
 7.65592000e-06  5.01808829e-11  7.65592000e-06  2.32724226e-12 
 7.65792000e-06  5.01808829e-11  7.65792000e-06  2.32810569e-12 
 7.65992000e-06  5.01808829e-11  7.65992000e-06  2.32898253e-12 
 7.66192000e-06  5.01808829e-11  7.66192000e-06  2.32987262e-12 
 7.66392000e-06  5.01808829e-11  7.66392000e-06  2.33077576e-12 
 7.66592000e-06  5.01808829e-11  7.66592000e-06  2.33169176e-12 
 7.66792000e-06  5.01808829e-11  7.66792000e-06  2.33262043e-12 
 7.66992000e-06  5.01808829e-11  7.66992000e-06  2.33356154e-12 
 7.67192000e-06  5.01808829e-11  7.67192000e-06  2.33451490e-12 
 7.67392000e-06  5.01808829e-11  7.67392000e-06  2.33548027e-12 
 7.67592000e-06  5.01808829e-11  7.67592000e-06  2.33645741e-12 
 7.67792000e-06  5.01808829e-11  7.67792000e-06  2.33744610e-12 
 7.67992000e-06  5.01808829e-11  7.67992000e-06  2.33844608e-12 
 7.68192000e-06  5.01808829e-11  7.68192000e-06  2.33945710e-12 
 7.68392000e-06  5.01808829e-11  7.68392000e-06  2.34047890e-12 
 7.68592000e-06  5.01808829e-11  7.68592000e-06  2.34151121e-12 
 7.68792000e-06  5.01808829e-11  7.68792000e-06  2.34255375e-12 
 7.68992000e-06  5.01808829e-11  7.68992000e-06  2.34360625e-12 
 7.69192000e-06  5.01808829e-11  7.69192000e-06  2.34466842e-12 
 7.69392000e-06  5.01808829e-11  7.69392000e-06  2.34573997e-12 
 7.69592000e-06  5.01808829e-11  7.69592000e-06  2.34682059e-12 
 7.69792000e-06  5.01808829e-11  7.69792000e-06  2.34790998e-12 
 7.69992000e-06  5.01808829e-11  7.69992000e-06  2.34900784e-12 
 7.70192000e-06  5.01808829e-11  7.70192000e-06  2.35011384e-12 
 7.70392000e-06  5.01808829e-11  7.70392000e-06  2.35122766e-12 
 7.70592000e-06  5.01808829e-11  7.70592000e-06  2.35234898e-12 
 7.70792000e-06  5.01808829e-11  7.70792000e-06  2.35347747e-12 
 7.70992000e-06  5.01808829e-11  7.70992000e-06  2.35461279e-12 
 7.71192000e-06  5.01808829e-11  7.71192000e-06  2.35575460e-12 
 7.71392000e-06  5.01808829e-11  7.71392000e-06  2.35690257e-12 
 7.71592000e-06  5.01808829e-11  7.71592000e-06  2.35805633e-12 
 7.71792000e-06  5.01808829e-11  7.71792000e-06  2.35921555e-12 
 7.71992000e-06  5.01808829e-11  7.71992000e-06  2.36037986e-12 
 7.72192000e-06  5.01808829e-11  7.72192000e-06  2.36154891e-12 
 7.72392000e-06  5.01808829e-11  7.72392000e-06  2.36272234e-12 
 7.72592000e-06  5.01808829e-11  7.72592000e-06  2.36389978e-12 
 7.72792000e-06  5.01808829e-11  7.72792000e-06  2.36508087e-12 
 7.72992000e-06  5.01808829e-11  7.72992000e-06  2.36626523e-12 
 7.73192000e-06  5.01808829e-11  7.73192000e-06  2.36745251e-12 
 7.73392000e-06  5.01808829e-11  7.73392000e-06  2.36864233e-12 
 7.73592000e-06  5.01808829e-11  7.73592000e-06  2.36983430e-12 
 7.73792000e-06  5.01808829e-11  7.73792000e-06  2.37102807e-12 
 7.73992000e-06  5.01808829e-11  7.73992000e-06  2.37222324e-12 
 7.74192000e-06  5.01808829e-11  7.74192000e-06  2.37341945e-12 
 7.74392000e-06  5.01808829e-11  7.74392000e-06  2.37461632e-12 
 7.74592000e-06  5.01808829e-11  7.74592000e-06  2.37581346e-12 
 7.74792000e-06  5.01808829e-11  7.74792000e-06  2.37701051e-12 
 7.74992000e-06  5.01808829e-11  7.74992000e-06  2.37820707e-12 
 7.75192000e-06  5.01808829e-11  7.75192000e-06  2.37940278e-12 
 7.75392000e-06  5.01808829e-11  7.75392000e-06  2.38059725e-12 
 7.75592000e-06  5.01808829e-11  7.75592000e-06  2.38179011e-12 
 7.75792000e-06  5.01808829e-11  7.75792000e-06  2.38298098e-12 
 7.75992000e-06  5.01808829e-11  7.75992000e-06  2.38416949e-12 
 7.76192000e-06  5.01808829e-11  7.76192000e-06  2.38535526e-12 
 7.76392000e-06  5.01808829e-11  7.76392000e-06  2.38653793e-12 
 7.76592000e-06  5.01808829e-11  7.76592000e-06  2.38771713e-12 
 7.76792000e-06  5.01808829e-11  7.76792000e-06  2.38889248e-12 
 7.76992000e-06  5.01808829e-11  7.76992000e-06  2.39006362e-12 
 7.77192000e-06  5.01808829e-11  7.77192000e-06  2.39123020e-12 
 7.77392000e-06  5.01808829e-11  7.77392000e-06  2.39239184e-12 
 7.77592000e-06  5.01808829e-11  7.77592000e-06  2.39354820e-12 
 7.77792000e-06  5.01808829e-11  7.77792000e-06  2.39469893e-12 
 7.77992000e-06  5.01808829e-11  7.77992000e-06  2.39584367e-12 
 7.78192000e-06  5.01808829e-11  7.78192000e-06  2.39698207e-12 
 7.78392000e-06  5.01808829e-11  7.78392000e-06  2.39811381e-12 
 7.78592000e-06  5.01808829e-11  7.78592000e-06  2.39923853e-12 
 7.78792000e-06  5.01808829e-11  7.78792000e-06  2.40035592e-12 
 7.78992000e-06  5.01808829e-11  7.78992000e-06  2.40146563e-12 
 7.79192000e-06  5.01808829e-11  7.79192000e-06  2.40256735e-12 
 7.79392000e-06  5.01808829e-11  7.79392000e-06  2.40366075e-12 
 7.79592000e-06  5.01808829e-11  7.79592000e-06  2.40474554e-12 
 7.79792000e-06  5.01808829e-11  7.79792000e-06  2.40582139e-12 
 7.79992000e-06  5.01808829e-11  7.79992000e-06  2.40688801e-12 
 7.80192000e-06  5.01808829e-11  7.80192000e-06  2.40794509e-12 
 7.80392000e-06  5.01808829e-11  7.80392000e-06  2.40899236e-12 
 7.80592000e-06  5.01808829e-11  7.80592000e-06  2.41002953e-12 
 7.80792000e-06  5.01808829e-11  7.80792000e-06  2.41105632e-12 
 7.80992000e-06  5.01808829e-11  7.80992000e-06  2.41207246e-12 
 7.81192000e-06  5.01808829e-11  7.81192000e-06  2.41307768e-12 
 7.81392000e-06  5.01808829e-11  7.81392000e-06  2.41407173e-12 
 7.81592000e-06  5.01808829e-11  7.81592000e-06  2.41505436e-12 
 7.81792000e-06  5.01808829e-11  7.81792000e-06  2.41602533e-12 
 7.81992000e-06  5.01808829e-11  7.81992000e-06  2.41698439e-12 
 7.82192000e-06  5.01808829e-11  7.82192000e-06  2.41793133e-12 
 7.82392000e-06  5.01808829e-11  7.82392000e-06  2.41886593e-12 
 7.82592000e-06  5.01808829e-11  7.82592000e-06  2.41978796e-12 
 7.82792000e-06  5.01808829e-11  7.82792000e-06  2.42069723e-12 
 7.82992000e-06  5.01808829e-11  7.82992000e-06  2.42159354e-12 
 7.83192000e-06  5.01808829e-11  7.83192000e-06  2.42247670e-12 
 7.83392000e-06  5.01808829e-11  7.83392000e-06  2.42334653e-12 
 7.83592000e-06  5.01808829e-11  7.83592000e-06  2.42420286e-12 
 7.83792000e-06  5.01808829e-11  7.83792000e-06  2.42504553e-12 
 7.83992000e-06  5.01808829e-11  7.83992000e-06  2.42587438e-12 
 7.84192000e-06  5.01808829e-11  7.84192000e-06  2.42668927e-12 
 7.84392000e-06  5.01808829e-11  7.84392000e-06  2.42749006e-12 
 7.84592000e-06  5.01808829e-11  7.84592000e-06  2.42827663e-12 
 7.84792000e-06  5.01808829e-11  7.84792000e-06  2.42904885e-12 
 7.84992000e-06  5.01808829e-11  7.84992000e-06  2.42980661e-12 
 7.85192000e-06  5.01808829e-11  7.85192000e-06  2.43054982e-12 
 7.85392000e-06  5.01808829e-11  7.85392000e-06  2.43127838e-12 
 7.85592000e-06  5.01808829e-11  7.85592000e-06  2.43199221e-12 
 7.85792000e-06  5.01808829e-11  7.85792000e-06  2.43269124e-12 
 7.85992000e-06  5.01808829e-11  7.85992000e-06  2.43337541e-12 
 7.86192000e-06  5.01808829e-11  7.86192000e-06  2.43404466e-12 
 7.86392000e-06  5.01808829e-11  7.86392000e-06  2.43469894e-12 
 7.86592000e-06  5.01808829e-11  7.86592000e-06  2.43533822e-12 
 7.86792000e-06  5.01808829e-11  7.86792000e-06  2.43596248e-12 
 7.86992000e-06  5.01808829e-11  7.86992000e-06  2.43657170e-12 
 7.87192000e-06  5.01808829e-11  7.87192000e-06  2.43716588e-12 
 7.87392000e-06  5.01808829e-11  7.87392000e-06  2.43774500e-12 
 7.87592000e-06  5.01808829e-11  7.87592000e-06  2.43830910e-12 
 7.87792000e-06  5.01808829e-11  7.87792000e-06  2.43885818e-12 
 7.87992000e-06  5.01808829e-11  7.87992000e-06  2.43939229e-12 
 7.88192000e-06  5.01808829e-11  7.88192000e-06  2.43991146e-12 
 7.88392000e-06  5.01808829e-11  7.88392000e-06  2.44041574e-12 
 7.88592000e-06  5.01808829e-11  7.88592000e-06  2.44090520e-12 
 7.88792000e-06  5.01808829e-11  7.88792000e-06  2.44137989e-12 
 7.88992000e-06  5.01808829e-11  7.88992000e-06  2.44183991e-12 
 7.89192000e-06  5.01808829e-11  7.89192000e-06  2.44228533e-12 
 7.89392000e-06  5.01808829e-11  7.89392000e-06  2.44271625e-12 
 7.89592000e-06  5.01808829e-11  7.89592000e-06  2.44313279e-12 
 7.89792000e-06  5.01808829e-11  7.89792000e-06  2.44353505e-12 
 7.89992000e-06  5.01808829e-11  7.89992000e-06  2.44392316e-12 
 7.90192000e-06  5.01808829e-11  7.90192000e-06  2.44429725e-12 
 7.90392000e-06  5.01808829e-11  7.90392000e-06  2.44465747e-12 
 7.90592000e-06  5.01808829e-11  7.90592000e-06  2.44500397e-12 
 7.90792000e-06  5.01808829e-11  7.90792000e-06  2.44533689e-12 
 7.90992000e-06  5.01808829e-11  7.90992000e-06  2.44565642e-12 
 7.91192000e-06  5.01808829e-11  7.91192000e-06  2.44596273e-12 
 7.91392000e-06  5.01808829e-11  7.91392000e-06  2.44625601e-12 
 7.91592000e-06  5.01808829e-11  7.91592000e-06  2.44653643e-12 
 7.91792000e-06  5.01808829e-11  7.91792000e-06  2.44680422e-12 
 7.91992000e-06  5.01808829e-11  7.91992000e-06  2.44705958e-12 
 7.92192000e-06  5.01808829e-11  7.92192000e-06  2.44730272e-12 
 7.92392000e-06  5.01808829e-11  7.92392000e-06  2.44753386e-12 
 7.92592000e-06  5.01808829e-11  7.92592000e-06  2.44775325e-12 
 7.92792000e-06  5.01808829e-11  7.92792000e-06  2.44796112e-12 
 7.92992000e-06  5.01808829e-11  7.92992000e-06  2.44815771e-12 
 7.93192000e-06  5.01808829e-11  7.93192000e-06  2.44834329e-12 
 7.93392000e-06  5.01808829e-11  7.93392000e-06  2.44851811e-12 
 7.93592000e-06  5.01808829e-11  7.93592000e-06  2.44868244e-12 
 7.93792000e-06  5.01808829e-11  7.93792000e-06  2.44883656e-12 
 7.93992000e-06  5.01808829e-11  7.93992000e-06  2.44898074e-12 
 7.94192000e-06  5.01808829e-11  7.94192000e-06  2.44911527e-12 
 7.94392000e-06  5.01808829e-11  7.94392000e-06  2.44924045e-12 
 7.94592000e-06  5.01808829e-11  7.94592000e-06  2.44935657e-12 
 7.94792000e-06  5.01808829e-11  7.94792000e-06  2.44946395e-12 
 7.94992000e-06  5.01808829e-11  7.94992000e-06  2.44956288e-12 
 7.95192000e-06  5.01808829e-11  7.95192000e-06  2.44965369e-12 
 7.95392000e-06  5.01808829e-11  7.95392000e-06  2.44973670e-12 
 7.95592000e-06  5.01808829e-11  7.95592000e-06  2.44981223e-12 
 7.95792000e-06  5.01808829e-11  7.95792000e-06  2.44988061e-12 
 7.95992000e-06  5.01808829e-11  7.95992000e-06  2.44994218e-12 
 7.96192000e-06  5.01808829e-11  7.96192000e-06  2.44999728e-12 
 7.96392000e-06  5.01808829e-11  7.96392000e-06  2.45004625e-12 
 7.96592000e-06  5.01808829e-11  7.96592000e-06  2.45008944e-12 
 7.96792000e-06  5.01808829e-11  7.96792000e-06  2.45012719e-12 
 7.96992000e-06  5.01808829e-11  7.96992000e-06  2.45015987e-12 
 7.97192000e-06  5.01808829e-11  7.97192000e-06  2.45018783e-12 
 7.97392000e-06  5.01808829e-11  7.97392000e-06  2.45021143e-12 
 7.97592000e-06  5.01808829e-11  7.97592000e-06  2.45023103e-12 
 7.97792000e-06  5.01808829e-11  7.97792000e-06  2.45024701e-12 
 7.97992000e-06  5.01808829e-11  7.97992000e-06  2.45025972e-12 
 7.98192000e-06  5.01808829e-11  7.98192000e-06  2.45026954e-12 
 7.98392000e-06  5.01808829e-11  7.98392000e-06  2.45027683e-12 
 7.98592000e-06  5.01808829e-11  7.98592000e-06  2.45028198e-12 
 7.98792000e-06  5.01808829e-11  7.98792000e-06  2.45028536e-12 
 7.98992000e-06  5.01808829e-11  7.98992000e-06  2.45028734e-12 
 7.99192000e-06  5.01808829e-11  7.99192000e-06  2.45028831e-12 
 7.99392000e-06  5.01808829e-11  7.99392000e-06  2.45028863e-12 
 7.99592000e-06  5.01808829e-11  7.99592000e-06  2.45028868e-12 
 7.99792000e-06  5.01808829e-11  7.99792000e-06  2.45028885e-12 
 7.99992000e-06  5.01808829e-11  7.99992000e-06  2.45028951e-12 
 8.00192000e-06  5.01808829e-11  8.00192000e-06  2.45029104e-12 
 8.00392000e-06  5.01808829e-11  8.00392000e-06  2.45029381e-12 
 8.00592000e-06  5.01808829e-11  8.00592000e-06  2.45029820e-12 
 8.00792000e-06  5.01808829e-11  8.00792000e-06  2.45030459e-12 
 8.00992000e-06  5.01808829e-11  8.00992000e-06  2.45031336e-12 
 8.01192000e-06  5.01808829e-11  8.01192000e-06  2.45032486e-12 
 8.01392000e-06  5.01808829e-11  8.01392000e-06  2.45033948e-12 
 8.01592000e-06  5.01808829e-11  8.01592000e-06  2.45035758e-12 
 8.01792000e-06  5.01808829e-11  8.01792000e-06  2.45037953e-12 
 8.01992000e-06  5.01808829e-11  8.01992000e-06  2.45040569e-12 
 8.02192000e-06  5.01808829e-11  8.02192000e-06  2.45043642e-12 
 8.02392000e-06  5.01808829e-11  8.02392000e-06  2.45047209e-12 
 8.02592000e-06  5.01808829e-11  8.02592000e-06  2.45051304e-12 
 8.02792000e-06  5.01808829e-11  8.02792000e-06  2.45055963e-12 
 8.02992000e-06  5.01808829e-11  8.02992000e-06  2.45061221e-12 
 8.03192000e-06  5.01808829e-11  8.03192000e-06  2.45067112e-12 
 8.03392000e-06  5.01808829e-11  8.03392000e-06  2.45073670e-12 
 8.03592000e-06  5.01808829e-11  8.03592000e-06  2.45080929e-12 
 8.03792000e-06  5.01808829e-11  8.03792000e-06  2.45088922e-12 
 8.03992000e-06  5.01808829e-11  8.03992000e-06  2.45097682e-12 
 8.04192000e-06  5.01808829e-11  8.04192000e-06  2.45107241e-12 
 8.04392000e-06  5.01808829e-11  8.04392000e-06  2.45117630e-12 
 8.04592000e-06  5.01808829e-11  8.04592000e-06  2.45128881e-12 
 8.04792000e-06  5.01808829e-11  8.04792000e-06  2.45141024e-12 
 8.04992000e-06  5.01808829e-11  8.04992000e-06  2.45154091e-12 
 8.05192000e-06  5.01808829e-11  8.05192000e-06  2.45168109e-12 
 8.05392000e-06  5.01808829e-11  8.05392000e-06  2.45183108e-12 
 8.05592000e-06  5.01808829e-11  8.05592000e-06  2.45199116e-12 
 8.05792000e-06  5.01808829e-11  8.05792000e-06  2.45216161e-12 
 8.05992000e-06  5.01808829e-11  8.05992000e-06  2.45234270e-12 
 8.06192000e-06  5.01808829e-11  8.06192000e-06  2.45253470e-12 
 8.06392000e-06  5.01808829e-11  8.06392000e-06  2.45273784e-12 
 8.06592000e-06  5.01808829e-11  8.06592000e-06  2.45295240e-12 
 8.06792000e-06  5.01808829e-11  8.06792000e-06  2.45317860e-12 
 8.06992000e-06  5.01808829e-11  8.06992000e-06  2.45341669e-12 
 8.07192000e-06  5.01808829e-11  8.07192000e-06  2.45366688e-12 
 8.07392000e-06  5.01808829e-11  8.07392000e-06  2.45392940e-12 
 8.07592000e-06  5.01808829e-11  8.07592000e-06  2.45420447e-12 
 8.07792000e-06  5.01808829e-11  8.07792000e-06  2.45449228e-12 
 8.07992000e-06  5.01808829e-11  8.07992000e-06  2.45479302e-12 
 8.08192000e-06  5.01808829e-11  8.08192000e-06  2.45510689e-12 
 8.08392000e-06  5.01808829e-11  8.08392000e-06  2.45543407e-12 
 8.08592000e-06  5.01808829e-11  8.08592000e-06  2.45577473e-12 
 8.08792000e-06  5.01808829e-11  8.08792000e-06  2.45612902e-12 
 8.08992000e-06  5.01808829e-11  8.08992000e-06  2.45649710e-12 
 8.09192000e-06  5.01808829e-11  8.09192000e-06  2.45687912e-12 
 8.09392000e-06  5.01808829e-11  8.09392000e-06  2.45727521e-12 
 8.09592000e-06  5.01808829e-11  8.09592000e-06  2.45768549e-12 
 8.09792000e-06  5.01808829e-11  8.09792000e-06  2.45811010e-12 
 8.09992000e-06  5.01808829e-11  8.09992000e-06  2.45854913e-12 
 8.10192000e-06  5.01808829e-11  8.10192000e-06  2.45900268e-12 
 8.10392000e-06  5.01808829e-11  8.10392000e-06  2.45947085e-12 
 8.10592000e-06  5.01808829e-11  8.10592000e-06  2.45995371e-12 
 8.10792000e-06  5.01808829e-11  8.10792000e-06  2.46045135e-12 
 8.10992000e-06  5.01808829e-11  8.10992000e-06  2.46096381e-12 
 8.11192000e-06  5.01808829e-11  8.11192000e-06  2.46149116e-12 
 8.11392000e-06  5.01808829e-11  8.11392000e-06  2.46203344e-12 
 8.11592000e-06  5.01808829e-11  8.11592000e-06  2.46259068e-12 
 8.11792000e-06  5.01808829e-11  8.11792000e-06  2.46316290e-12 
 8.11992000e-06  5.01808829e-11  8.11992000e-06  2.46375013e-12 
 8.12192000e-06  5.01808829e-11  8.12192000e-06  2.46435237e-12 
 8.12392000e-06  5.01808829e-11  8.12392000e-06  2.46496961e-12 
 8.12592000e-06  5.01808829e-11  8.12592000e-06  2.46560185e-12 
 8.12792000e-06  5.01808829e-11  8.12792000e-06  2.46624905e-12 
 8.12992000e-06  5.01808829e-11  8.12992000e-06  2.46691120e-12 
 8.13192000e-06  5.01808829e-11  8.13192000e-06  2.46758824e-12 
 8.13392000e-06  5.01808829e-11  8.13392000e-06  2.46828012e-12 
 8.13592000e-06  5.01808829e-11  8.13592000e-06  2.46898679e-12 
 8.13792000e-06  5.01808829e-11  8.13792000e-06  2.46970817e-12 
 8.13992000e-06  5.01808829e-11  8.13992000e-06  2.47044419e-12 
 8.14192000e-06  5.01808829e-11  8.14192000e-06  2.47119476e-12 
 8.14392000e-06  5.01808829e-11  8.14392000e-06  2.47195978e-12 
 8.14592000e-06  5.01808829e-11  8.14592000e-06  2.47273914e-12 
 8.14792000e-06  5.01808829e-11  8.14792000e-06  2.47353273e-12 
 8.14992000e-06  5.01808829e-11  8.14992000e-06  2.47434043e-12 
 8.15192000e-06  5.01808829e-11  8.15192000e-06  2.47516209e-12 
 8.15392000e-06  5.01808829e-11  8.15392000e-06  2.47599759e-12 
 8.15592000e-06  5.01808829e-11  8.15592000e-06  2.47684676e-12 
 8.15792000e-06  5.01808829e-11  8.15792000e-06  2.47770945e-12 
 8.15992000e-06  5.01808829e-11  8.15992000e-06  2.47858548e-12 
 8.16192000e-06  5.01808829e-11  8.16192000e-06  2.47947469e-12 
 8.16392000e-06  5.01808829e-11  8.16392000e-06  2.48037689e-12 
 8.16592000e-06  5.01808829e-11  8.16592000e-06  2.48129188e-12 
 8.16792000e-06  5.01808829e-11  8.16792000e-06  2.48221946e-12 
 8.16992000e-06  5.01808829e-11  8.16992000e-06  2.48315942e-12 
 8.17192000e-06  5.01808829e-11  8.17192000e-06  2.48411155e-12 
 8.17392000e-06  5.01808829e-11  8.17392000e-06  2.48507563e-12 
 8.17592000e-06  5.01808829e-11  8.17592000e-06  2.48605141e-12 
 8.17792000e-06  5.01808829e-11  8.17792000e-06  2.48703865e-12 
 8.17992000e-06  5.01808829e-11  8.17992000e-06  2.48803712e-12 
 8.18192000e-06  5.01808829e-11  8.18192000e-06  2.48904656e-12 
 8.18392000e-06  5.01808829e-11  8.18392000e-06  2.49006670e-12 
 8.18592000e-06  5.01808829e-11  8.18592000e-06  2.49109729e-12 
 8.18792000e-06  5.01808829e-11  8.18792000e-06  2.49213803e-12 
 8.18992000e-06  5.01808829e-11  8.18992000e-06  2.49318866e-12 
 8.19192000e-06  5.01808829e-11  8.19192000e-06  2.49424889e-12 
 8.19392000e-06  5.01808829e-11  8.19392000e-06  2.49531841e-12 
 8.19592000e-06  5.01808829e-11  8.19592000e-06  2.49639695e-12 
 8.19792000e-06  5.01808829e-11  8.19792000e-06  2.49748418e-12 
 8.19992000e-06  5.01808829e-11  8.19992000e-06  2.49857979e-12 
 8.20192000e-06  5.01808829e-11  8.20192000e-06  2.49968349e-12 
 8.20392000e-06  5.01808829e-11  8.20392000e-06  2.50079493e-12 
 8.20592000e-06  5.01808829e-11  8.20592000e-06  2.50191380e-12 
 8.20792000e-06  5.01808829e-11  8.20792000e-06  2.50303977e-12 
 8.20992000e-06  5.01808829e-11  8.20992000e-06  2.50417250e-12 
 8.21192000e-06  5.01808829e-11  8.21192000e-06  2.50531165e-12 
 8.21392000e-06  5.01808829e-11  8.21392000e-06  2.50645688e-12 
 8.21592000e-06  5.01808829e-11  8.21592000e-06  2.50760784e-12 
 8.21792000e-06  5.01808829e-11  8.21792000e-06  2.50876419e-12 
 8.21992000e-06  5.01808829e-11  8.21992000e-06  2.50992556e-12 
 8.22192000e-06  5.01808829e-11  8.22192000e-06  2.51109161e-12 
 8.22392000e-06  5.01808829e-11  8.22392000e-06  2.51226196e-12 
 8.22592000e-06  5.01808829e-11  8.22592000e-06  2.51343627e-12 
 8.22792000e-06  5.01808829e-11  8.22792000e-06  2.51461415e-12 
 8.22992000e-06  5.01808829e-11  8.22992000e-06  2.51579526e-12 
 8.23192000e-06  5.01808829e-11  8.23192000e-06  2.51697920e-12 
 8.23392000e-06  5.01808829e-11  8.23392000e-06  2.51816563e-12 
 8.23592000e-06  5.01808829e-11  8.23592000e-06  2.51935415e-12 
 8.23792000e-06  5.01808829e-11  8.23792000e-06  2.52054440e-12 
 8.23992000e-06  5.01808829e-11  8.23992000e-06  2.52173600e-12 
 8.24192000e-06  5.01808829e-11  8.24192000e-06  2.52292858e-12 
 8.24392000e-06  5.01808829e-11  8.24392000e-06  2.52412176e-12 
 8.24592000e-06  5.01808829e-11  8.24592000e-06  2.52531516e-12 
 8.24792000e-06  5.01808829e-11  8.24792000e-06  2.52650840e-12 
 8.24992000e-06  5.01808829e-11  8.24992000e-06  2.52770111e-12 
 8.25192000e-06  5.01808829e-11  8.25192000e-06  2.52889291e-12 
 8.25392000e-06  5.01808829e-11  8.25392000e-06  2.53008343e-12 
 8.25592000e-06  5.01808829e-11  8.25592000e-06  2.53127228e-12 
 8.25792000e-06  5.01808829e-11  8.25792000e-06  2.53245910e-12 
 8.25992000e-06  5.01808829e-11  8.25992000e-06  2.53364351e-12 
 8.26192000e-06  5.01808829e-11  8.26192000e-06  2.53482513e-12 
 8.26392000e-06  5.01808829e-11  8.26392000e-06  2.53600361e-12 
 8.26592000e-06  5.01808829e-11  8.26592000e-06  2.53717857e-12 
 8.26792000e-06  5.01808829e-11  8.26792000e-06  2.53834965e-12 
 8.26992000e-06  5.01808829e-11  8.26992000e-06  2.53951647e-12 
 8.27192000e-06  5.01808829e-11  8.27192000e-06  2.54067869e-12 
 8.27392000e-06  5.01808829e-11  8.27392000e-06  2.54183595e-12 
 8.27592000e-06  5.01808829e-11  8.27592000e-06  2.54298789e-12 
 8.27792000e-06  5.01808829e-11  8.27792000e-06  2.54413415e-12 
 8.27992000e-06  5.01808829e-11  8.27992000e-06  2.54527440e-12 
 8.28192000e-06  5.01808829e-11  8.28192000e-06  2.54640829e-12 
 8.28392000e-06  5.01808829e-11  8.28392000e-06  2.54753547e-12 
 8.28592000e-06  5.01808829e-11  8.28592000e-06  2.54865562e-12 
 8.28792000e-06  5.01808829e-11  8.28792000e-06  2.54976840e-12 
 8.28992000e-06  5.01808829e-11  8.28992000e-06  2.55087349e-12 
 8.29192000e-06  5.01808829e-11  8.29192000e-06  2.55197056e-12 
 8.29392000e-06  5.01808829e-11  8.29392000e-06  2.55305930e-12 
 8.29592000e-06  5.01808829e-11  8.29592000e-06  2.55413940e-12 
 8.29792000e-06  5.01808829e-11  8.29792000e-06  2.55521055e-12 
 8.29992000e-06  5.01808829e-11  8.29992000e-06  2.55627245e-12 
 8.30192000e-06  5.01808829e-11  8.30192000e-06  2.55732481e-12 
 8.30392000e-06  5.01808829e-11  8.30392000e-06  2.55836735e-12 
 8.30592000e-06  5.01808829e-11  8.30592000e-06  2.55939977e-12 
 8.30792000e-06  5.01808829e-11  8.30792000e-06  2.56042180e-12 
 8.30992000e-06  5.01808829e-11  8.30992000e-06  2.56143317e-12 
 8.31192000e-06  5.01808829e-11  8.31192000e-06  2.56243363e-12 
 8.31392000e-06  5.01808829e-11  8.31392000e-06  2.56342292e-12 
 8.31592000e-06  5.01808829e-11  8.31592000e-06  2.56440078e-12 
 8.31792000e-06  5.01808829e-11  8.31792000e-06  2.56536698e-12 
 8.31992000e-06  5.01808829e-11  8.31992000e-06  2.56632129e-12 
 8.32192000e-06  5.01808829e-11  8.32192000e-06  2.56726347e-12 
 8.32392000e-06  5.01808829e-11  8.32392000e-06  2.56819332e-12 
 8.32592000e-06  5.01808829e-11  8.32592000e-06  2.56911061e-12 
 8.32792000e-06  5.01808829e-11  8.32792000e-06  2.57001515e-12 
 8.32992000e-06  5.01808829e-11  8.32992000e-06  2.57090675e-12 
 8.33192000e-06  5.01808829e-11  8.33192000e-06  2.57178520e-12 
 8.33392000e-06  5.01808829e-11  8.33392000e-06  2.57265035e-12 
 8.33592000e-06  5.01808829e-11  8.33592000e-06  2.57350202e-12 
 8.33792000e-06  5.01808829e-11  8.33792000e-06  2.57434004e-12 
 8.33992000e-06  5.01808829e-11  8.33992000e-06  2.57516427e-12 
 8.34192000e-06  5.01808829e-11  8.34192000e-06  2.57597455e-12 
 8.34392000e-06  5.01808829e-11  8.34392000e-06  2.57677077e-12 
 8.34592000e-06  5.01808829e-11  8.34592000e-06  2.57755278e-12 
 8.34792000e-06  5.01808829e-11  8.34792000e-06  2.57832048e-12 
 8.34992000e-06  5.01808829e-11  8.34992000e-06  2.57907375e-12 
 8.35192000e-06  5.01808829e-11  8.35192000e-06  2.57981250e-12 
 8.35392000e-06  5.01808829e-11  8.35392000e-06  2.58053664e-12 
 8.35592000e-06  5.01808829e-11  8.35592000e-06  2.58124608e-12 
 8.35792000e-06  5.01808829e-11  8.35792000e-06  2.58194076e-12 
 8.35992000e-06  5.01808829e-11  8.35992000e-06  2.58262060e-12 
 8.36192000e-06  5.01808829e-11  8.36192000e-06  2.58328557e-12 
 8.36392000e-06  5.01808829e-11  8.36392000e-06  2.58393562e-12 
 8.36592000e-06  5.01808829e-11  8.36592000e-06  2.58457071e-12 
 8.36792000e-06  5.01808829e-11  8.36792000e-06  2.58519082e-12 
 8.36992000e-06  5.01808829e-11  8.36992000e-06  2.58579594e-12 
 8.37192000e-06  5.01808829e-11  8.37192000e-06  2.58638606e-12 
 8.37392000e-06  5.01808829e-11  8.37392000e-06  2.58696117e-12 
 8.37592000e-06  5.01808829e-11  8.37592000e-06  2.58752131e-12 
 8.37792000e-06  5.01808829e-11  8.37792000e-06  2.58806649e-12 
 8.37992000e-06  5.01808829e-11  8.37992000e-06  2.58859674e-12 
 8.38192000e-06  5.01808829e-11  8.38192000e-06  2.58911211e-12 
 8.38392000e-06  5.01808829e-11  8.38392000e-06  2.58961265e-12 
 8.38592000e-06  5.01808829e-11  8.38592000e-06  2.59009841e-12 
 8.38792000e-06  5.01808829e-11  8.38792000e-06  2.59056947e-12 
 8.38992000e-06  5.01808829e-11  8.38992000e-06  2.59102591e-12 
 8.39192000e-06  5.01808829e-11  8.39192000e-06  2.59146782e-12 
 8.39392000e-06  5.01808829e-11  8.39392000e-06  2.59189529e-12 
 8.39592000e-06  5.01808829e-11  8.39592000e-06  2.59230843e-12 
 8.39792000e-06  5.01808829e-11  8.39792000e-06  2.59270736e-12 
 8.39992000e-06  5.01808829e-11  8.39992000e-06  2.59309220e-12 
 8.40192000e-06  5.01808829e-11  8.40192000e-06  2.59346309e-12 
 8.40392000e-06  5.01808829e-11  8.40392000e-06  2.59382017e-12 
 8.40592000e-06  5.01808829e-11  8.40592000e-06  2.59416359e-12 
 8.40792000e-06  5.01808829e-11  8.40792000e-06  2.59449351e-12 
 8.40992000e-06  5.01808829e-11  8.40992000e-06  2.59481010e-12 
 8.41192000e-06  5.01808829e-11  8.41192000e-06  2.59511353e-12 
 8.41392000e-06  5.01808829e-11  8.41392000e-06  2.59540400e-12 
 8.41592000e-06  5.01808829e-11  8.41592000e-06  2.59568170e-12 
 8.41792000e-06  5.01808829e-11  8.41792000e-06  2.59594682e-12 
 8.41992000e-06  5.01808829e-11  8.41992000e-06  2.59619958e-12 
 8.42192000e-06  5.01808829e-11  8.42192000e-06  2.59644019e-12 
 8.42392000e-06  5.01808829e-11  8.42392000e-06  2.59666889e-12 
 8.42592000e-06  5.01808829e-11  8.42592000e-06  2.59688589e-12 
 8.42792000e-06  5.01808829e-11  8.42792000e-06  2.59709145e-12 
 8.42992000e-06  5.01808829e-11  8.42992000e-06  2.59728581e-12 
 8.43192000e-06  5.01808829e-11  8.43192000e-06  2.59746922e-12 
 8.43392000e-06  5.01808829e-11  8.43392000e-06  2.59764194e-12 
 8.43592000e-06  5.01808829e-11  8.43592000e-06  2.59780425e-12 
 8.43792000e-06  5.01808829e-11  8.43792000e-06  2.59795642e-12 
 8.43992000e-06  5.01808829e-11  8.43992000e-06  2.59809872e-12 
 8.44192000e-06  5.01808829e-11  8.44192000e-06  2.59823145e-12 
 8.44392000e-06  5.01808829e-11  8.44392000e-06  2.59835490e-12 
 8.44592000e-06  5.01808829e-11  8.44592000e-06  2.59846937e-12 
 8.44792000e-06  5.01808829e-11  8.44792000e-06  2.59857515e-12 
 8.44992000e-06  5.01808829e-11  8.44992000e-06  2.59867257e-12 
 8.45192000e-06  5.01808829e-11  8.45192000e-06  2.59876194e-12 
 8.45392000e-06  5.01808829e-11  8.45392000e-06  2.59884358e-12 
 8.45592000e-06  5.01808829e-11  8.45592000e-06  2.59891781e-12 
 8.45792000e-06  5.01808829e-11  8.45792000e-06  2.59898496e-12 
 8.45992000e-06  5.01808829e-11  8.45992000e-06  2.59904538e-12 
 8.46192000e-06  5.01808829e-11  8.46192000e-06  2.59909939e-12 
 8.46392000e-06  5.01808829e-11  8.46392000e-06  2.59914734e-12 
 8.46592000e-06  5.01808829e-11  8.46592000e-06  2.59918958e-12 
 8.46792000e-06  5.01808829e-11  8.46792000e-06  2.59922645e-12 
 8.46992000e-06  5.01808829e-11  8.46992000e-06  2.59925832e-12 
 8.47192000e-06  5.01808829e-11  8.47192000e-06  2.59928553e-12 
 8.47392000e-06  5.01808829e-11  8.47392000e-06  2.59930845e-12 
 8.47592000e-06  5.01808829e-11  8.47592000e-06  2.59932744e-12 
 8.47792000e-06  5.01808829e-11  8.47792000e-06  2.59934286e-12 
 8.47992000e-06  5.01808829e-11  8.47992000e-06  2.59935509e-12 
 8.48192000e-06  5.01808829e-11  8.48192000e-06  2.59936449e-12 
 8.48392000e-06  5.01808829e-11  8.48392000e-06  2.59937143e-12 
 8.48592000e-06  5.01808829e-11  8.48592000e-06  2.59937628e-12 
 8.48792000e-06  5.01808829e-11  8.48792000e-06  2.59937942e-12 
 8.48992000e-06  5.01808829e-11  8.48992000e-06  2.59938122e-12 
 8.49192000e-06  5.01808829e-11  8.49192000e-06  2.59938207e-12 
 8.49392000e-06  5.01808829e-11  8.49392000e-06  2.59938232e-12 
 8.49592000e-06  5.01808829e-11  8.49592000e-06  2.59938237e-12 
 8.49792000e-06  5.01808829e-11  8.49792000e-06  2.59938258e-12 
 8.49992000e-06  5.01808829e-11  8.49992000e-06  2.59938334e-12 
 8.50192000e-06  5.01808829e-11  8.50192000e-06  2.59938503e-12 
 8.50392000e-06  5.01808829e-11  8.50392000e-06  2.59938800e-12 
 8.50592000e-06  5.01808829e-11  8.50592000e-06  2.59939265e-12 
 8.50792000e-06  5.01808829e-11  8.50792000e-06  2.59939935e-12 
 8.50992000e-06  5.01808829e-11  8.50992000e-06  2.59940846e-12 
 8.51192000e-06  5.01808829e-11  8.51192000e-06  2.59942036e-12 
 8.51392000e-06  5.01808829e-11  8.51392000e-06  2.59943541e-12 
 8.51592000e-06  5.01808829e-11  8.51592000e-06  2.59945400e-12 
 8.51792000e-06  5.01808829e-11  8.51792000e-06  2.59947647e-12 
 8.51992000e-06  5.01808829e-11  8.51992000e-06  2.59950319e-12 
 8.52192000e-06  5.01808829e-11  8.52192000e-06  2.59953452e-12 
 8.52392000e-06  5.01808829e-11  8.52392000e-06  2.59957083e-12 
 8.52592000e-06  5.01808829e-11  8.52592000e-06  2.59961245e-12 
 8.52792000e-06  5.01808829e-11  8.52792000e-06  2.59965975e-12 
 8.52992000e-06  5.01808829e-11  8.52992000e-06  2.59971306e-12 
 8.53192000e-06  5.01808829e-11  8.53192000e-06  2.59977274e-12 
 8.53392000e-06  5.01808829e-11  8.53392000e-06  2.59983912e-12 
 8.53592000e-06  5.01808829e-11  8.53592000e-06  2.59991253e-12 
 8.53792000e-06  5.01808829e-11  8.53792000e-06  2.59999330e-12 
 8.53992000e-06  5.01808829e-11  8.53992000e-06  2.60008177e-12 
 8.54192000e-06  5.01808829e-11  8.54192000e-06  2.60017825e-12 
 8.54392000e-06  5.01808829e-11  8.54392000e-06  2.60028305e-12 
 8.54592000e-06  5.01808829e-11  8.54592000e-06  2.60039649e-12 
 8.54792000e-06  5.01808829e-11  8.54792000e-06  2.60051887e-12 
 8.54992000e-06  5.01808829e-11  8.54992000e-06  2.60065049e-12 
 8.55192000e-06  5.01808829e-11  8.55192000e-06  2.60079165e-12 
 8.55392000e-06  5.01808829e-11  8.55392000e-06  2.60094262e-12 
 8.55592000e-06  5.01808829e-11  8.55592000e-06  2.60110370e-12 
 8.55792000e-06  5.01808829e-11  8.55792000e-06  2.60127515e-12 
 8.55992000e-06  5.01808829e-11  8.55992000e-06  2.60145725e-12 
 8.56192000e-06  5.01808829e-11  8.56192000e-06  2.60165025e-12 
 8.56392000e-06  5.01808829e-11  8.56392000e-06  2.60185440e-12 
 8.56592000e-06  5.01808829e-11  8.56592000e-06  2.60206997e-12 
 8.56792000e-06  5.01808829e-11  8.56792000e-06  2.60229718e-12 
 8.56992000e-06  5.01808829e-11  8.56992000e-06  2.60253627e-12 
 8.57192000e-06  5.01808829e-11  8.57192000e-06  2.60278746e-12 
 8.57392000e-06  5.01808829e-11  8.57392000e-06  2.60305098e-12 
 8.57592000e-06  5.01808829e-11  8.57592000e-06  2.60332703e-12 
 8.57792000e-06  5.01808829e-11  8.57792000e-06  2.60361581e-12 
 8.57992000e-06  5.01808829e-11  8.57992000e-06  2.60391751e-12 
 8.58192000e-06  5.01808829e-11  8.58192000e-06  2.60423233e-12 
 8.58392000e-06  5.01808829e-11  8.58392000e-06  2.60456043e-12 
 8.58592000e-06  5.01808829e-11  8.58592000e-06  2.60490200e-12 
 8.58792000e-06  5.01808829e-11  8.58792000e-06  2.60525718e-12 
 8.58992000e-06  5.01808829e-11  8.58992000e-06  2.60562613e-12 
 8.59192000e-06  5.01808829e-11  8.59192000e-06  2.60600899e-12 
 8.59392000e-06  5.01808829e-11  8.59392000e-06  2.60640590e-12 
 8.59592000e-06  5.01808829e-11  8.59592000e-06  2.60681698e-12 
 8.59792000e-06  5.01808829e-11  8.59792000e-06  2.60724235e-12 
 8.59992000e-06  5.01808829e-11  8.59992000e-06  2.60768211e-12 
 8.60192000e-06  5.01808829e-11  8.60192000e-06  2.60813637e-12 
 8.60392000e-06  5.01808829e-11  8.60392000e-06  2.60860521e-12 
 8.60592000e-06  5.01808829e-11  8.60592000e-06  2.60908871e-12 
 8.60792000e-06  5.01808829e-11  8.60792000e-06  2.60958694e-12 
 8.60992000e-06  5.01808829e-11  8.60992000e-06  2.61009996e-12 
 8.61192000e-06  5.01808829e-11  8.61192000e-06  2.61062783e-12 
 8.61392000e-06  5.01808829e-11  8.61392000e-06  2.61117059e-12 
 8.61592000e-06  5.01808829e-11  8.61592000e-06  2.61172826e-12 
 8.61792000e-06  5.01808829e-11  8.61792000e-06  2.61230088e-12 
 8.61992000e-06  5.01808829e-11  8.61992000e-06  2.61288846e-12 
 8.62192000e-06  5.01808829e-11  8.62192000e-06  2.61349100e-12 
 8.62392000e-06  5.01808829e-11  8.62392000e-06  2.61410849e-12 
 8.62592000e-06  5.01808829e-11  8.62592000e-06  2.61474093e-12 
 8.62792000e-06  5.01808829e-11  8.62792000e-06  2.61538828e-12 
 8.62992000e-06  5.01808829e-11  8.62992000e-06  2.61605052e-12 
 8.63192000e-06  5.01808829e-11  8.63192000e-06  2.61672761e-12 
 8.63392000e-06  5.01808829e-11  8.63392000e-06  2.61741948e-12 
 8.63592000e-06  5.01808829e-11  8.63592000e-06  2.61812608e-12 
 8.63792000e-06  5.01808829e-11  8.63792000e-06  2.61884734e-12 
 8.63992000e-06  5.01808829e-11  8.63992000e-06  2.61958318e-12 
 8.64192000e-06  5.01808829e-11  8.64192000e-06  2.62033351e-12 
 8.64392000e-06  5.01808829e-11  8.64392000e-06  2.62109823e-12 
 8.64592000e-06  5.01808829e-11  8.64592000e-06  2.62187723e-12 
 8.64792000e-06  5.01808829e-11  8.64792000e-06  2.62267040e-12 
 8.64992000e-06  5.01808829e-11  8.64992000e-06  2.62347760e-12 
 8.65192000e-06  5.01808829e-11  8.65192000e-06  2.62429872e-12 
 8.65392000e-06  5.01808829e-11  8.65392000e-06  2.62513359e-12 
 8.65592000e-06  5.01808829e-11  8.65592000e-06  2.62598208e-12 
 8.65792000e-06  5.01808829e-11  8.65792000e-06  2.62684402e-12 
 8.65992000e-06  5.01808829e-11  8.65992000e-06  2.62771924e-12 
 8.66192000e-06  5.01808829e-11  8.66192000e-06  2.62860757e-12 
 8.66392000e-06  5.01808829e-11  8.66392000e-06  2.62950881e-12 
 8.66592000e-06  5.01808829e-11  8.66592000e-06  2.63042278e-12 
 8.66792000e-06  5.01808829e-11  8.66792000e-06  2.63134927e-12 
 8.66992000e-06  5.01808829e-11  8.66992000e-06  2.63228808e-12 
 8.67192000e-06  5.01808829e-11  8.67192000e-06  2.63323898e-12 
 8.67392000e-06  5.01808829e-11  8.67392000e-06  2.63420175e-12 
 8.67592000e-06  5.01808829e-11  8.67592000e-06  2.63517616e-12 
 8.67792000e-06  5.01808829e-11  8.67792000e-06  2.63616196e-12 
 8.67992000e-06  5.01808829e-11  8.67992000e-06  2.63715891e-12 
 8.68192000e-06  5.01808829e-11  8.68192000e-06  2.63816676e-12 
 8.68392000e-06  5.01808829e-11  8.68392000e-06  2.63918525e-12 
 8.68592000e-06  5.01808829e-11  8.68592000e-06  2.64021410e-12 
 8.68792000e-06  5.01808829e-11  8.68792000e-06  2.64125304e-12 
 8.68992000e-06  5.01808829e-11  8.68992000e-06  2.64230179e-12 
 8.69192000e-06  5.01808829e-11  8.69192000e-06  2.64336006e-12 
 8.69392000e-06  5.01808829e-11  8.69392000e-06  2.64442757e-12 
 8.69592000e-06  5.01808829e-11  8.69592000e-06  2.64550401e-12 
 8.69792000e-06  5.01808829e-11  8.69792000e-06  2.64658907e-12 
 8.69992000e-06  5.01808829e-11  8.69992000e-06  2.64768245e-12 
 8.70192000e-06  5.01808829e-11  8.70192000e-06  2.64878383e-12 
 8.70392000e-06  5.01808829e-11  8.70392000e-06  2.64989289e-12 
 8.70592000e-06  5.01808829e-11  8.70592000e-06  2.65100931e-12 
 8.70792000e-06  5.01808829e-11  8.70792000e-06  2.65213275e-12 
 8.70992000e-06  5.01808829e-11  8.70992000e-06  2.65326289e-12 
 8.71192000e-06  5.01808829e-11  8.71192000e-06  2.65439938e-12 
 8.71392000e-06  5.01808829e-11  8.71392000e-06  2.65554187e-12 
 8.71592000e-06  5.01808829e-11  8.71592000e-06  2.65669004e-12 
 8.71792000e-06  5.01808829e-11  8.71792000e-06  2.65784351e-12 
 8.71992000e-06  5.01808829e-11  8.71992000e-06  2.65900195e-12 
 8.72192000e-06  5.01808829e-11  8.72192000e-06  2.66016499e-12 
 8.72392000e-06  5.01808829e-11  8.72392000e-06  2.66133227e-12 
 8.72592000e-06  5.01808829e-11  8.72592000e-06  2.66250344e-12 
 8.72792000e-06  5.01808829e-11  8.72792000e-06  2.66367812e-12 
 8.72992000e-06  5.01808829e-11  8.72992000e-06  2.66485596e-12 
 8.73192000e-06  5.01808829e-11  8.73192000e-06  2.66603658e-12 
 8.73392000e-06  5.01808829e-11  8.73392000e-06  2.66721961e-12 
 8.73592000e-06  5.01808829e-11  8.73592000e-06  2.66840468e-12 
 8.73792000e-06  5.01808829e-11  8.73792000e-06  2.66959142e-12 
 8.73992000e-06  5.01808829e-11  8.73992000e-06  2.67077946e-12 
 8.74192000e-06  5.01808829e-11  8.74192000e-06  2.67196841e-12 
 8.74392000e-06  5.01808829e-11  8.74392000e-06  2.67315790e-12 
 8.74592000e-06  5.01808829e-11  8.74592000e-06  2.67434756e-12 
 8.74792000e-06  5.01808829e-11  8.74792000e-06  2.67553700e-12 
 8.74992000e-06  5.01808829e-11  8.74992000e-06  2.67672586e-12 
 8.75192000e-06  5.01808829e-11  8.75192000e-06  2.67791376e-12 
 8.75392000e-06  5.01808829e-11  8.75392000e-06  2.67910033e-12 
 8.75592000e-06  5.01808829e-11  8.75592000e-06  2.68028518e-12 
 8.75792000e-06  5.01808829e-11  8.75792000e-06  2.68146795e-12 
 8.75992000e-06  5.01808829e-11  8.75992000e-06  2.68264826e-12 
 8.76192000e-06  5.01808829e-11  8.76192000e-06  2.68382575e-12 
 8.76392000e-06  5.01808829e-11  8.76392000e-06  2.68500004e-12 
 8.76592000e-06  5.01808829e-11  8.76592000e-06  2.68617077e-12 
 8.76792000e-06  5.01808829e-11  8.76792000e-06  2.68733758e-12 
 8.76992000e-06  5.01808829e-11  8.76992000e-06  2.68850010e-12 
 8.77192000e-06  5.01808829e-11  8.77192000e-06  2.68965797e-12 
 8.77392000e-06  5.01808829e-11  8.77392000e-06  2.69081085e-12 
 8.77592000e-06  5.01808829e-11  8.77592000e-06  2.69195837e-12 
 8.77792000e-06  5.01808829e-11  8.77792000e-06  2.69310018e-12 
 8.77992000e-06  5.01808829e-11  8.77992000e-06  2.69423595e-12 
 8.78192000e-06  5.01808829e-11  8.78192000e-06  2.69536532e-12 
 8.78392000e-06  5.01808829e-11  8.78392000e-06  2.69648797e-12 
 8.78592000e-06  5.01808829e-11  8.78592000e-06  2.69760355e-12 
 8.78792000e-06  5.01808829e-11  8.78792000e-06  2.69871174e-12 
 8.78992000e-06  5.01808829e-11  8.78992000e-06  2.69981222e-12 
 8.79192000e-06  5.01808829e-11  8.79192000e-06  2.70090466e-12 
 8.79392000e-06  5.01808829e-11  8.79392000e-06  2.70198874e-12 
 8.79592000e-06  5.01808829e-11  8.79592000e-06  2.70306417e-12 
 8.79792000e-06  5.01808829e-11  8.79792000e-06  2.70413063e-12 
 8.79992000e-06  5.01808829e-11  8.79992000e-06  2.70518783e-12 
 8.80192000e-06  5.01808829e-11  8.80192000e-06  2.70623548e-12 
 8.80392000e-06  5.01808829e-11  8.80392000e-06  2.70727328e-12 
 8.80592000e-06  5.01808829e-11  8.80592000e-06  2.70830097e-12 
 8.80792000e-06  5.01808829e-11  8.80792000e-06  2.70931826e-12 
 8.80992000e-06  5.01808829e-11  8.80992000e-06  2.71032489e-12 
 8.81192000e-06  5.01808829e-11  8.81192000e-06  2.71132060e-12 
 8.81392000e-06  5.01808829e-11  8.81392000e-06  2.71230513e-12 
 8.81592000e-06  5.01808829e-11  8.81592000e-06  2.71327825e-12 
 8.81792000e-06  5.01808829e-11  8.81792000e-06  2.71423970e-12 
 8.81992000e-06  5.01808829e-11  8.81992000e-06  2.71518926e-12 
 8.82192000e-06  5.01808829e-11  8.82192000e-06  2.71612671e-12 
 8.82392000e-06  5.01808829e-11  8.82392000e-06  2.71705182e-12 
 8.82592000e-06  5.01808829e-11  8.82592000e-06  2.71796439e-12 
 8.82792000e-06  5.01808829e-11  8.82792000e-06  2.71886422e-12 
 8.82992000e-06  5.01808829e-11  8.82992000e-06  2.71975111e-12 
 8.83192000e-06  5.01808829e-11  8.83192000e-06  2.72062489e-12 
 8.83392000e-06  5.01808829e-11  8.83392000e-06  2.72148537e-12 
 8.83592000e-06  5.01808829e-11  8.83592000e-06  2.72233238e-12 
 8.83792000e-06  5.01808829e-11  8.83792000e-06  2.72316578e-12 
 8.83992000e-06  5.01808829e-11  8.83992000e-06  2.72398540e-12 
 8.84192000e-06  5.01808829e-11  8.84192000e-06  2.72479110e-12 
 8.84392000e-06  5.01808829e-11  8.84392000e-06  2.72558276e-12 
 8.84592000e-06  5.01808829e-11  8.84592000e-06  2.72636024e-12 
 8.84792000e-06  5.01808829e-11  8.84792000e-06  2.72712343e-12 
 8.84992000e-06  5.01808829e-11  8.84992000e-06  2.72787223e-12 
 8.85192000e-06  5.01808829e-11  8.85192000e-06  2.72860654e-12 
 8.85392000e-06  5.01808829e-11  8.85392000e-06  2.72932627e-12 
 8.85592000e-06  5.01808829e-11  8.85592000e-06  2.73003134e-12 
 8.85792000e-06  5.01808829e-11  8.85792000e-06  2.73072168e-12 
 8.85992000e-06  5.01808829e-11  8.85992000e-06  2.73139723e-12 
 8.86192000e-06  5.01808829e-11  8.86192000e-06  2.73205794e-12 
 8.86392000e-06  5.01808829e-11  8.86392000e-06  2.73270377e-12 
 8.86592000e-06  5.01808829e-11  8.86592000e-06  2.73333469e-12 
 8.86792000e-06  5.01808829e-11  8.86792000e-06  2.73395067e-12 
 8.86992000e-06  5.01808829e-11  8.86992000e-06  2.73455170e-12 
 8.87192000e-06  5.01808829e-11  8.87192000e-06  2.73513778e-12 
 8.87392000e-06  5.01808829e-11  8.87392000e-06  2.73570891e-12 
 8.87592000e-06  5.01808829e-11  8.87592000e-06  2.73626511e-12 
 8.87792000e-06  5.01808829e-11  8.87792000e-06  2.73680640e-12 
 8.87992000e-06  5.01808829e-11  8.87992000e-06  2.73733282e-12 
 8.88192000e-06  5.01808829e-11  8.88192000e-06  2.73784441e-12 
 8.88392000e-06  5.01808829e-11  8.88392000e-06  2.73834122e-12 
 8.88592000e-06  5.01808829e-11  8.88592000e-06  2.73882331e-12 
 8.88792000e-06  5.01808829e-11  8.88792000e-06  2.73929076e-12 
 8.88992000e-06  5.01808829e-11  8.88992000e-06  2.73974364e-12 
 8.89192000e-06  5.01808829e-11  8.89192000e-06  2.74018205e-12 
 8.89392000e-06  5.01808829e-11  8.89392000e-06  2.74060608e-12 
 8.89592000e-06  5.01808829e-11  8.89592000e-06  2.74101585e-12 
 8.89792000e-06  5.01808829e-11  8.89792000e-06  2.74141147e-12 
 8.89992000e-06  5.01808829e-11  8.89992000e-06  2.74179306e-12 
 8.90192000e-06  5.01808829e-11  8.90192000e-06  2.74216076e-12 
 8.90392000e-06  5.01808829e-11  8.90392000e-06  2.74251472e-12 
 8.90592000e-06  5.01808829e-11  8.90592000e-06  2.74285509e-12 
 8.90792000e-06  5.01808829e-11  8.90792000e-06  2.74318202e-12 
 8.90992000e-06  5.01808829e-11  8.90992000e-06  2.74349569e-12 
 8.91192000e-06  5.01808829e-11  8.91192000e-06  2.74379627e-12 
 8.91392000e-06  5.01808829e-11  8.91392000e-06  2.74408396e-12 
 8.91592000e-06  5.01808829e-11  8.91592000e-06  2.74435893e-12 
 8.91792000e-06  5.01808829e-11  8.91792000e-06  2.74462141e-12 
 8.91992000e-06  5.01808829e-11  8.91992000e-06  2.74487159e-12 
 8.92192000e-06  5.01808829e-11  8.92192000e-06  2.74510970e-12 
 8.92392000e-06  5.01808829e-11  8.92392000e-06  2.74533596e-12 
 8.92592000e-06  5.01808829e-11  8.92592000e-06  2.74555060e-12 
 8.92792000e-06  5.01808829e-11  8.92792000e-06  2.74575387e-12 
 8.92992000e-06  5.01808829e-11  8.92992000e-06  2.74594600e-12 
 8.93192000e-06  5.01808829e-11  8.93192000e-06  2.74612726e-12 
 8.93392000e-06  5.01808829e-11  8.93392000e-06  2.74629791e-12 
 8.93592000e-06  5.01808829e-11  8.93592000e-06  2.74645822e-12 
 8.93792000e-06  5.01808829e-11  8.93792000e-06  2.74660845e-12 
 8.93992000e-06  5.01808829e-11  8.93992000e-06  2.74674889e-12 
 8.94192000e-06  5.01808829e-11  8.94192000e-06  2.74687984e-12 
 8.94392000e-06  5.01808829e-11  8.94392000e-06  2.74700157e-12 
 8.94592000e-06  5.01808829e-11  8.94592000e-06  2.74711439e-12 
 8.94792000e-06  5.01808829e-11  8.94792000e-06  2.74721861e-12 
 8.94992000e-06  5.01808829e-11  8.94992000e-06  2.74731453e-12 
 8.95192000e-06  5.01808829e-11  8.95192000e-06  2.74740247e-12 
 8.95392000e-06  5.01808829e-11  8.95392000e-06  2.74748275e-12 
 8.95592000e-06  5.01808829e-11  8.95592000e-06  2.74755570e-12 
 8.95792000e-06  5.01808829e-11  8.95792000e-06  2.74762164e-12 
 8.95992000e-06  5.01808829e-11  8.95992000e-06  2.74768091e-12 
 8.96192000e-06  5.01808829e-11  8.96192000e-06  2.74773385e-12 
 8.96392000e-06  5.01808829e-11  8.96392000e-06  2.74778079e-12 
 8.96592000e-06  5.01808829e-11  8.96592000e-06  2.74782209e-12 
 8.96792000e-06  5.01808829e-11  8.96792000e-06  2.74785810e-12 
 8.96992000e-06  5.01808829e-11  8.96992000e-06  2.74788917e-12 
 8.97192000e-06  5.01808829e-11  8.97192000e-06  2.74791564e-12 
 8.97392000e-06  5.01808829e-11  8.97392000e-06  2.74793790e-12 
 8.97592000e-06  5.01808829e-11  8.97592000e-06  2.74795629e-12 
 8.97792000e-06  5.01808829e-11  8.97792000e-06  2.74797117e-12 
 8.97992000e-06  5.01808829e-11  8.97992000e-06  2.74798292e-12 
 8.98192000e-06  5.01808829e-11  8.98192000e-06  2.74799191e-12 
 8.98392000e-06  5.01808829e-11  8.98392000e-06  2.74799850e-12 
 8.98592000e-06  5.01808829e-11  8.98592000e-06  2.74800307e-12 
 8.98792000e-06  5.01808829e-11  8.98792000e-06  2.74800598e-12 
 8.98992000e-06  5.01808829e-11  8.98992000e-06  2.74800761e-12 
 8.99192000e-06  5.01808829e-11  8.99192000e-06  2.74800834e-12 
 8.99392000e-06  5.01808829e-11  8.99392000e-06  2.74800854e-12 
 8.99592000e-06  5.01808829e-11  8.99592000e-06  2.74800859e-12 
 8.99792000e-06  5.01808829e-11  8.99792000e-06  2.74800886e-12 
 8.99992000e-06  5.01808829e-11  8.99992000e-06  2.74800973e-12 
 9.00192000e-06  5.01808829e-11  9.00192000e-06  2.74801157e-12 
 9.00392000e-06  5.01808829e-11  9.00392000e-06  2.74801476e-12 
 9.00592000e-06  5.01808829e-11  9.00592000e-06  2.74801967e-12 
 9.00792000e-06  5.01808829e-11  9.00792000e-06  2.74802667e-12 
 9.00992000e-06  5.01808829e-11  9.00992000e-06  2.74803614e-12 
 9.01192000e-06  5.01808829e-11  9.01192000e-06  2.74804844e-12 
 9.01392000e-06  5.01808829e-11  9.01392000e-06  2.74806394e-12 
 9.01592000e-06  5.01808829e-11  9.01592000e-06  2.74808301e-12 
 9.01792000e-06  5.01808829e-11  9.01792000e-06  2.74810600e-12 
 9.01992000e-06  5.01808829e-11  9.01992000e-06  2.74813329e-12 
 9.02192000e-06  5.01808829e-11  9.02192000e-06  2.74816523e-12 
 9.02392000e-06  5.01808829e-11  9.02392000e-06  2.74820217e-12 
 9.02592000e-06  5.01808829e-11  9.02592000e-06  2.74824447e-12 
 9.02792000e-06  5.01808829e-11  9.02792000e-06  2.74829248e-12 
 9.02992000e-06  5.01808829e-11  9.02992000e-06  2.74834653e-12 
 9.03192000e-06  5.01808829e-11  9.03192000e-06  2.74840698e-12 
 9.03392000e-06  5.01808829e-11  9.03392000e-06  2.74847415e-12 
 9.03592000e-06  5.01808829e-11  9.03592000e-06  2.74854839e-12 
 9.03792000e-06  5.01808829e-11  9.03792000e-06  2.74863001e-12 
 9.03992000e-06  5.01808829e-11  9.03992000e-06  2.74871935e-12 
 9.04192000e-06  5.01808829e-11  9.04192000e-06  2.74881672e-12 
 9.04392000e-06  5.01808829e-11  9.04392000e-06  2.74892243e-12 
 9.04592000e-06  5.01808829e-11  9.04592000e-06  2.74903680e-12 
 9.04792000e-06  5.01808829e-11  9.04792000e-06  2.74916013e-12 
 9.04992000e-06  5.01808829e-11  9.04992000e-06  2.74929271e-12 
 9.05192000e-06  5.01808829e-11  9.05192000e-06  2.74943483e-12 
 9.05392000e-06  5.01808829e-11  9.05392000e-06  2.74958679e-12 
 9.05592000e-06  5.01808829e-11  9.05592000e-06  2.74974885e-12 
 9.05792000e-06  5.01808829e-11  9.05792000e-06  2.74992130e-12 
 9.05992000e-06  5.01808829e-11  9.05992000e-06  2.75010440e-12 
 9.06192000e-06  5.01808829e-11  9.06192000e-06  2.75029841e-12 
 9.06392000e-06  5.01808829e-11  9.06392000e-06  2.75050357e-12 
 9.06592000e-06  5.01808829e-11  9.06592000e-06  2.75072014e-12 
 9.06792000e-06  5.01808829e-11  9.06792000e-06  2.75094836e-12 
 9.06992000e-06  5.01808829e-11  9.06992000e-06  2.75118845e-12 
 9.07192000e-06  5.01808829e-11  9.07192000e-06  2.75144064e-12 
 9.07392000e-06  5.01808829e-11  9.07392000e-06  2.75170514e-12 
 9.07592000e-06  5.01808829e-11  9.07592000e-06  2.75198217e-12 
 9.07792000e-06  5.01808829e-11  9.07792000e-06  2.75227191e-12 
 9.07992000e-06  5.01808829e-11  9.07992000e-06  2.75257457e-12 
 9.08192000e-06  5.01808829e-11  9.08192000e-06  2.75289033e-12 
 9.08392000e-06  5.01808829e-11  9.08392000e-06  2.75321936e-12 
 9.08592000e-06  5.01808829e-11  9.08592000e-06  2.75356183e-12 
 9.08792000e-06  5.01808829e-11  9.08792000e-06  2.75391789e-12 
 9.08992000e-06  5.01808829e-11  9.08992000e-06  2.75428770e-12 
 9.09192000e-06  5.01808829e-11  9.09192000e-06  2.75467141e-12 
 9.09392000e-06  5.01808829e-11  9.09392000e-06  2.75506913e-12 
 9.09592000e-06  5.01808829e-11  9.09592000e-06  2.75548100e-12 
 9.09792000e-06  5.01808829e-11  9.09792000e-06  2.75590712e-12 
 9.09992000e-06  5.01808829e-11  9.09992000e-06  2.75634761e-12 
 9.10192000e-06  5.01808829e-11  9.10192000e-06  2.75680257e-12 
 9.10392000e-06  5.01808829e-11  9.10392000e-06  2.75727207e-12 
 9.10592000e-06  5.01808829e-11  9.10592000e-06  2.75775619e-12 
 9.10792000e-06  5.01808829e-11  9.10792000e-06  2.75825502e-12 
 9.10992000e-06  5.01808829e-11  9.10992000e-06  2.75876859e-12 
 9.11192000e-06  5.01808829e-11  9.11192000e-06  2.75929697e-12 
 9.11392000e-06  5.01808829e-11  9.11392000e-06  2.75984020e-12 
 9.11592000e-06  5.01808829e-11  9.11592000e-06  2.76039830e-12 
 9.11792000e-06  5.01808829e-11  9.11792000e-06  2.76097131e-12 
 9.11992000e-06  5.01808829e-11  9.11992000e-06  2.76155922e-12 
 9.12192000e-06  5.01808829e-11  9.12192000e-06  2.76216205e-12 
 9.12392000e-06  5.01808829e-11  9.12392000e-06  2.76277979e-12 
 9.12592000e-06  5.01808829e-11  9.12592000e-06  2.76341242e-12 
 9.12792000e-06  5.01808829e-11  9.12792000e-06  2.76405992e-12 
 9.12992000e-06  5.01808829e-11  9.12992000e-06  2.76472225e-12 
 9.13192000e-06  5.01808829e-11  9.13192000e-06  2.76539937e-12 
 9.13392000e-06  5.01808829e-11  9.13392000e-06  2.76609122e-12 
 9.13592000e-06  5.01808829e-11  9.13592000e-06  2.76679775e-12 
 9.13792000e-06  5.01808829e-11  9.13792000e-06  2.76751888e-12 
 9.13992000e-06  5.01808829e-11  9.13992000e-06  2.76825453e-12 
 9.14192000e-06  5.01808829e-11  9.14192000e-06  2.76900461e-12 
 9.14392000e-06  5.01808829e-11  9.14392000e-06  2.76976902e-12 
 9.14592000e-06  5.01808829e-11  9.14592000e-06  2.77054765e-12 
 9.14792000e-06  5.01808829e-11  9.14792000e-06  2.77134038e-12 
 9.14992000e-06  5.01808829e-11  9.14992000e-06  2.77214710e-12 
 9.15192000e-06  5.01808829e-11  9.15192000e-06  2.77296765e-12 
 9.15392000e-06  5.01808829e-11  9.15392000e-06  2.77380190e-12 
 9.15592000e-06  5.01808829e-11  9.15592000e-06  2.77464970e-12 
 9.15792000e-06  5.01808829e-11  9.15792000e-06  2.77551089e-12 
 9.15992000e-06  5.01808829e-11  9.15992000e-06  2.77638529e-12 
 9.16192000e-06  5.01808829e-11  9.16192000e-06  2.77727272e-12 
 9.16392000e-06  5.01808829e-11  9.16392000e-06  2.77817301e-12 
 9.16592000e-06  5.01808829e-11  9.16592000e-06  2.77908595e-12 
 9.16792000e-06  5.01808829e-11  9.16792000e-06  2.78001134e-12 
 9.16992000e-06  5.01808829e-11  9.16992000e-06  2.78094898e-12 
 9.17192000e-06  5.01808829e-11  9.17192000e-06  2.78189864e-12 
 9.17392000e-06  5.01808829e-11  9.17392000e-06  2.78286011e-12 
 9.17592000e-06  5.01808829e-11  9.17592000e-06  2.78383313e-12 
 9.17792000e-06  5.01808829e-11  9.17792000e-06  2.78481749e-12 
 9.17992000e-06  5.01808829e-11  9.17992000e-06  2.78581292e-12 
 9.18192000e-06  5.01808829e-11  9.18192000e-06  2.78681918e-12 
 9.18392000e-06  5.01808829e-11  9.18392000e-06  2.78783599e-12 
 9.18592000e-06  5.01808829e-11  9.18592000e-06  2.78886311e-12 
 9.18792000e-06  5.01808829e-11  9.18792000e-06  2.78990024e-12 
 9.18992000e-06  5.01808829e-11  9.18992000e-06  2.79094711e-12 
 9.19192000e-06  5.01808829e-11  9.19192000e-06  2.79200343e-12 
 9.19392000e-06  5.01808829e-11  9.19392000e-06  2.79306891e-12 
 9.19592000e-06  5.01808829e-11  9.19592000e-06  2.79414325e-12 
 9.19792000e-06  5.01808829e-11  9.19792000e-06  2.79522614e-12 
 9.19992000e-06  5.01808829e-11  9.19992000e-06  2.79631728e-12 
 9.20192000e-06  5.01808829e-11  9.20192000e-06  2.79741634e-12 
 9.20392000e-06  5.01808829e-11  9.20392000e-06  2.79852302e-12 
 9.20592000e-06  5.01808829e-11  9.20592000e-06  2.79963698e-12 
 9.20792000e-06  5.01808829e-11  9.20792000e-06  2.80075790e-12 
 9.20992000e-06  5.01808829e-11  9.20992000e-06  2.80188544e-12 
 9.21192000e-06  5.01808829e-11  9.21192000e-06  2.80301926e-12 
 9.21392000e-06  5.01808829e-11  9.21392000e-06  2.80415902e-12 
 9.21592000e-06  5.01808829e-11  9.21592000e-06  2.80530438e-12 
 9.21792000e-06  5.01808829e-11  9.21792000e-06  2.80645498e-12 
 9.21992000e-06  5.01808829e-11  9.21992000e-06  2.80761048e-12 
 9.22192000e-06  5.01808829e-11  9.22192000e-06  2.80877052e-12 
 9.22392000e-06  5.01808829e-11  9.22392000e-06  2.80993473e-12 
 9.22592000e-06  5.01808829e-11  9.22592000e-06  2.81110276e-12 
 9.22792000e-06  5.01808829e-11  9.22792000e-06  2.81227424e-12 
 9.22992000e-06  5.01808829e-11  9.22992000e-06  2.81344882e-12 
 9.23192000e-06  5.01808829e-11  9.23192000e-06  2.81462611e-12 
 9.23392000e-06  5.01808829e-11  9.23392000e-06  2.81580575e-12 
 9.23592000e-06  5.01808829e-11  9.23592000e-06  2.81698738e-12 
 9.23792000e-06  5.01808829e-11  9.23792000e-06  2.81817061e-12 
 9.23992000e-06  5.01808829e-11  9.23992000e-06  2.81935507e-12 
 9.24192000e-06  5.01808829e-11  9.24192000e-06  2.82054039e-12 
 9.24392000e-06  5.01808829e-11  9.24392000e-06  2.82172620e-12 
 9.24592000e-06  5.01808829e-11  9.24592000e-06  2.82291213e-12 
 9.24792000e-06  5.01808829e-11  9.24792000e-06  2.82409778e-12 
 9.24992000e-06  5.01808829e-11  9.24992000e-06  2.82528280e-12 
 9.25192000e-06  5.01808829e-11  9.25192000e-06  2.82646680e-12 
 9.25392000e-06  5.01808829e-11  9.25392000e-06  2.82764942e-12 
 9.25592000e-06  5.01808829e-11  9.25592000e-06  2.82883028e-12 
 9.25792000e-06  5.01808829e-11  9.25792000e-06  2.83000900e-12 
 9.25992000e-06  5.01808829e-11  9.25992000e-06  2.83118522e-12 
 9.26192000e-06  5.01808829e-11  9.26192000e-06  2.83235858e-12 
 9.26392000e-06  5.01808829e-11  9.26392000e-06  2.83352869e-12 
 9.26592000e-06  5.01808829e-11  9.26592000e-06  2.83469520e-12 
 9.26792000e-06  5.01808829e-11  9.26792000e-06  2.83585775e-12 
 9.26992000e-06  5.01808829e-11  9.26992000e-06  2.83701597e-12 
 9.27192000e-06  5.01808829e-11  9.27192000e-06  2.83816950e-12 
 9.27392000e-06  5.01808829e-11  9.27392000e-06  2.83931801e-12 
 9.27592000e-06  5.01808829e-11  9.27592000e-06  2.84046112e-12 
 9.27792000e-06  5.01808829e-11  9.27792000e-06  2.84159849e-12 
 9.27992000e-06  5.01808829e-11  9.27992000e-06  2.84272979e-12 
 9.28192000e-06  5.01808829e-11  9.28192000e-06  2.84385466e-12 
 9.28392000e-06  5.01808829e-11  9.28392000e-06  2.84497278e-12 
 9.28592000e-06  5.01808829e-11  9.28592000e-06  2.84608381e-12 
 9.28792000e-06  5.01808829e-11  9.28792000e-06  2.84718742e-12 
 9.28992000e-06  5.01808829e-11  9.28992000e-06  2.84828329e-12 
 9.29192000e-06  5.01808829e-11  9.29192000e-06  2.84937110e-12 
 9.29392000e-06  5.01808829e-11  9.29392000e-06  2.85045055e-12 
 9.29592000e-06  5.01808829e-11  9.29592000e-06  2.85152132e-12 
 9.29792000e-06  5.01808829e-11  9.29792000e-06  2.85258310e-12 
 9.29992000e-06  5.01808829e-11  9.29992000e-06  2.85363561e-12 
 9.30192000e-06  5.01808829e-11  9.30192000e-06  2.85467856e-12 
 9.30392000e-06  5.01808829e-11  9.30392000e-06  2.85571165e-12 
 9.30592000e-06  5.01808829e-11  9.30592000e-06  2.85673462e-12 
 9.30792000e-06  5.01808829e-11  9.30792000e-06  2.85774718e-12 
 9.30992000e-06  5.01808829e-11  9.30992000e-06  2.85874908e-12 
 9.31192000e-06  5.01808829e-11  9.31192000e-06  2.85974005e-12 
 9.31392000e-06  5.01808829e-11  9.31392000e-06  2.86071985e-12 
 9.31592000e-06  5.01808829e-11  9.31592000e-06  2.86168823e-12 
 9.31792000e-06  5.01808829e-11  9.31792000e-06  2.86264495e-12 
 9.31992000e-06  5.01808829e-11  9.31992000e-06  2.86358978e-12 
 9.32192000e-06  5.01808829e-11  9.32192000e-06  2.86452250e-12 
 9.32392000e-06  5.01808829e-11  9.32392000e-06  2.86544290e-12 
 9.32592000e-06  5.01808829e-11  9.32592000e-06  2.86635076e-12 
 9.32792000e-06  5.01808829e-11  9.32792000e-06  2.86724589e-12 
 9.32992000e-06  5.01808829e-11  9.32992000e-06  2.86812811e-12 
 9.33192000e-06  5.01808829e-11  9.33192000e-06  2.86899722e-12 
 9.33392000e-06  5.01808829e-11  9.33392000e-06  2.86985304e-12 
 9.33592000e-06  5.01808829e-11  9.33592000e-06  2.87069543e-12 
 9.33792000e-06  5.01808829e-11  9.33792000e-06  2.87152421e-12 
 9.33992000e-06  5.01808829e-11  9.33992000e-06  2.87233924e-12 
 9.34192000e-06  5.01808829e-11  9.34192000e-06  2.87314038e-12 
 9.34392000e-06  5.01808829e-11  9.34392000e-06  2.87392749e-12 
 9.34592000e-06  5.01808829e-11  9.34592000e-06  2.87470046e-12 
 9.34792000e-06  5.01808829e-11  9.34792000e-06  2.87545917e-12 
 9.34992000e-06  5.01808829e-11  9.34992000e-06  2.87620352e-12 
 9.35192000e-06  5.01808829e-11  9.35192000e-06  2.87693340e-12 
 9.35392000e-06  5.01808829e-11  9.35392000e-06  2.87764874e-12 
 9.35592000e-06  5.01808829e-11  9.35592000e-06  2.87834946e-12 
 9.35792000e-06  5.01808829e-11  9.35792000e-06  2.87903548e-12 
 9.35992000e-06  5.01808829e-11  9.35992000e-06  2.87970675e-12 
 9.36192000e-06  5.01808829e-11  9.36192000e-06  2.88036323e-12 
 9.36392000e-06  5.01808829e-11  9.36392000e-06  2.88100486e-12 
 9.36592000e-06  5.01808829e-11  9.36592000e-06  2.88163163e-12 
 9.36792000e-06  5.01808829e-11  9.36792000e-06  2.88224350e-12 
 9.36992000e-06  5.01808829e-11  9.36992000e-06  2.88284047e-12 
 9.37192000e-06  5.01808829e-11  9.37192000e-06  2.88342253e-12 
 9.37392000e-06  5.01808829e-11  9.37392000e-06  2.88398969e-12 
 9.37592000e-06  5.01808829e-11  9.37592000e-06  2.88454197e-12 
 9.37792000e-06  5.01808829e-11  9.37792000e-06  2.88507939e-12 
 9.37992000e-06  5.01808829e-11  9.37992000e-06  2.88560200e-12 
 9.38192000e-06  5.01808829e-11  9.38192000e-06  2.88610982e-12 
 9.38392000e-06  5.01808829e-11  9.38392000e-06  2.88660292e-12 
 9.38592000e-06  5.01808829e-11  9.38592000e-06  2.88708136e-12 
 9.38792000e-06  5.01808829e-11  9.38792000e-06  2.88754522e-12 
 9.38992000e-06  5.01808829e-11  9.38992000e-06  2.88799457e-12 
 9.39192000e-06  5.01808829e-11  9.39192000e-06  2.88842950e-12 
 9.39392000e-06  5.01808829e-11  9.39392000e-06  2.88885012e-12 
 9.39592000e-06  5.01808829e-11  9.39592000e-06  2.88925653e-12 
 9.39792000e-06  5.01808829e-11  9.39792000e-06  2.88964885e-12 
 9.39992000e-06  5.01808829e-11  9.39992000e-06  2.89002722e-12 
 9.40192000e-06  5.01808829e-11  9.40192000e-06  2.89039176e-12 
 9.40392000e-06  5.01808829e-11  9.40392000e-06  2.89074261e-12 
 9.40592000e-06  5.01808829e-11  9.40592000e-06  2.89107994e-12 
 9.40792000e-06  5.01808829e-11  9.40792000e-06  2.89140390e-12 
 9.40992000e-06  5.01808829e-11  9.40992000e-06  2.89171467e-12 
 9.41192000e-06  5.01808829e-11  9.41192000e-06  2.89201242e-12 
 9.41392000e-06  5.01808829e-11  9.41392000e-06  2.89229734e-12 
 9.41592000e-06  5.01808829e-11  9.41592000e-06  2.89256962e-12 
 9.41792000e-06  5.01808829e-11  9.41792000e-06  2.89282947e-12 
 9.41992000e-06  5.01808829e-11  9.41992000e-06  2.89307709e-12 
 9.42192000e-06  5.01808829e-11  9.42192000e-06  2.89331271e-12 
 9.42392000e-06  5.01808829e-11  9.42392000e-06  2.89353655e-12 
 9.42592000e-06  5.01808829e-11  9.42592000e-06  2.89374885e-12 
 9.42792000e-06  5.01808829e-11  9.42792000e-06  2.89394984e-12 
 9.42992000e-06  5.01808829e-11  9.42992000e-06  2.89413977e-12 
 9.43192000e-06  5.01808829e-11  9.43192000e-06  2.89431890e-12 
 9.43392000e-06  5.01808829e-11  9.43392000e-06  2.89448749e-12 
 9.43592000e-06  5.01808829e-11  9.43592000e-06  2.89464580e-12 
 9.43792000e-06  5.01808829e-11  9.43792000e-06  2.89479412e-12 
 9.43992000e-06  5.01808829e-11  9.43992000e-06  2.89493272e-12 
 9.44192000e-06  5.01808829e-11  9.44192000e-06  2.89506189e-12 
 9.44392000e-06  5.01808829e-11  9.44392000e-06  2.89518193e-12 
 9.44592000e-06  5.01808829e-11  9.44592000e-06  2.89529312e-12 
 9.44792000e-06  5.01808829e-11  9.44792000e-06  2.89539578e-12 
 9.44992000e-06  5.01808829e-11  9.44992000e-06  2.89549022e-12 
 9.45192000e-06  5.01808829e-11  9.45192000e-06  2.89557675e-12 
 9.45392000e-06  5.01808829e-11  9.45392000e-06  2.89565569e-12 
 9.45592000e-06  5.01808829e-11  9.45592000e-06  2.89572737e-12 
 9.45792000e-06  5.01808829e-11  9.45792000e-06  2.89579211e-12 
 9.45992000e-06  5.01808829e-11  9.45992000e-06  2.89585025e-12 
 9.46192000e-06  5.01808829e-11  9.46192000e-06  2.89590212e-12 
 9.46392000e-06  5.01808829e-11  9.46392000e-06  2.89594808e-12 
 9.46592000e-06  5.01808829e-11  9.46592000e-06  2.89598846e-12 
 9.46792000e-06  5.01808829e-11  9.46792000e-06  2.89602361e-12 
 9.46992000e-06  5.01808829e-11  9.46992000e-06  2.89605388e-12 
 9.47192000e-06  5.01808829e-11  9.47192000e-06  2.89607964e-12 
 9.47392000e-06  5.01808829e-11  9.47392000e-06  2.89610124e-12 
 9.47592000e-06  5.01808829e-11  9.47592000e-06  2.89611904e-12 
 9.47792000e-06  5.01808829e-11  9.47792000e-06  2.89613340e-12 
 9.47992000e-06  5.01808829e-11  9.47992000e-06  2.89614469e-12 
 9.48192000e-06  5.01808829e-11  9.48192000e-06  2.89615327e-12 
 9.48392000e-06  5.01808829e-11  9.48392000e-06  2.89615952e-12 
 9.48592000e-06  5.01808829e-11  9.48592000e-06  2.89616381e-12 
 9.48792000e-06  5.01808829e-11  9.48792000e-06  2.89616650e-12 
 9.48992000e-06  5.01808829e-11  9.48992000e-06  2.89616798e-12 
 9.49192000e-06  5.01808829e-11  9.49192000e-06  2.89616860e-12 
 9.49392000e-06  5.01808829e-11  9.49392000e-06  2.89616876e-12 
 9.49592000e-06  5.01808829e-11  9.49592000e-06  2.89616882e-12 
 9.49792000e-06  5.01808829e-11  9.49792000e-06  2.89616915e-12 
 9.49992000e-06  5.01808829e-11  9.49992000e-06  2.89617014e-12 
 9.50192000e-06  5.01808829e-11  9.50192000e-06  2.89617214e-12 
 9.50392000e-06  5.01808829e-11  9.50392000e-06  2.89617555e-12 
 9.50592000e-06  5.01808829e-11  9.50592000e-06  2.89618073e-12 
 9.50792000e-06  5.01808829e-11  9.50792000e-06  2.89618804e-12 
 9.50992000e-06  5.01808829e-11  9.50992000e-06  2.89619787e-12 
 9.51192000e-06  5.01808829e-11  9.51192000e-06  2.89621057e-12 
 9.51392000e-06  5.01808829e-11  9.51392000e-06  2.89622652e-12 
 9.51592000e-06  5.01808829e-11  9.51592000e-06  2.89624608e-12 
 9.51792000e-06  5.01808829e-11  9.51792000e-06  2.89626961e-12 
 9.51992000e-06  5.01808829e-11  9.51992000e-06  2.89629747e-12 
 9.52192000e-06  5.01808829e-11  9.52192000e-06  2.89633001e-12 
 9.52392000e-06  5.01808829e-11  9.52392000e-06  2.89636760e-12 
 9.52592000e-06  5.01808829e-11  9.52592000e-06  2.89641058e-12 
 9.52792000e-06  5.01808829e-11  9.52792000e-06  2.89645929e-12 
 9.52992000e-06  5.01808829e-11  9.52992000e-06  2.89651408e-12 
 9.53192000e-06  5.01808829e-11  9.53192000e-06  2.89657530e-12 
 9.53392000e-06  5.01808829e-11  9.53392000e-06  2.89664327e-12 
 9.53592000e-06  5.01808829e-11  9.53592000e-06  2.89671833e-12 
 9.53792000e-06  5.01808829e-11  9.53792000e-06  2.89680080e-12 
 9.53992000e-06  5.01808829e-11  9.53992000e-06  2.89689101e-12 
 9.54192000e-06  5.01808829e-11  9.54192000e-06  2.89698927e-12 
 9.54392000e-06  5.01808829e-11  9.54392000e-06  2.89709590e-12 
 9.54592000e-06  5.01808829e-11  9.54592000e-06  2.89721120e-12 
 9.54792000e-06  5.01808829e-11  9.54792000e-06  2.89733547e-12 
 9.54992000e-06  5.01808829e-11  9.54992000e-06  2.89746900e-12 
 9.55192000e-06  5.01808829e-11  9.55192000e-06  2.89761210e-12 
 9.55392000e-06  5.01808829e-11  9.55392000e-06  2.89776503e-12 
 9.55592000e-06  5.01808829e-11  9.55592000e-06  2.89792809e-12 
 9.55792000e-06  5.01808829e-11  9.55792000e-06  2.89810153e-12 
 9.55992000e-06  5.01808829e-11  9.55992000e-06  2.89828563e-12 
 9.56192000e-06  5.01808829e-11  9.56192000e-06  2.89848064e-12 
 9.56392000e-06  5.01808829e-11  9.56392000e-06  2.89868681e-12 
 9.56592000e-06  5.01808829e-11  9.56592000e-06  2.89890439e-12 
 9.56792000e-06  5.01808829e-11  9.56792000e-06  2.89913360e-12 
 9.56992000e-06  5.01808829e-11  9.56992000e-06  2.89937469e-12 
 9.57192000e-06  5.01808829e-11  9.57192000e-06  2.89962787e-12 
 9.57392000e-06  5.01808829e-11  9.57392000e-06  2.89989336e-12 
 9.57592000e-06  5.01808829e-11  9.57592000e-06  2.90017136e-12 
 9.57792000e-06  5.01808829e-11  9.57792000e-06  2.90046206e-12 
 9.57992000e-06  5.01808829e-11  9.57992000e-06  2.90076567e-12 
 9.58192000e-06  5.01808829e-11  9.58192000e-06  2.90108236e-12 
 9.58392000e-06  5.01808829e-11  9.58392000e-06  2.90141231e-12 
 9.58592000e-06  5.01808829e-11  9.58592000e-06  2.90175567e-12 
 9.58792000e-06  5.01808829e-11  9.58792000e-06  2.90211262e-12 
 9.58992000e-06  5.01808829e-11  9.58992000e-06  2.90248329e-12 
 9.59192000e-06  5.01808829e-11  9.59192000e-06  2.90286782e-12 
 9.59392000e-06  5.01808829e-11  9.59392000e-06  2.90326635e-12 
 9.59592000e-06  5.01808829e-11  9.59592000e-06  2.90367900e-12 
 9.59792000e-06  5.01808829e-11  9.59792000e-06  2.90410588e-12 
 9.59992000e-06  5.01808829e-11  9.59992000e-06  2.90454709e-12 
 9.60192000e-06  5.01808829e-11  9.60192000e-06  2.90500273e-12 
 9.60392000e-06  5.01808829e-11  9.60392000e-06  2.90547289e-12 
 9.60592000e-06  5.01808829e-11  9.60592000e-06  2.90595764e-12 
 9.60792000e-06  5.01808829e-11  9.60792000e-06  2.90645704e-12 
 9.60992000e-06  5.01808829e-11  9.60992000e-06  2.90697116e-12 
 9.61192000e-06  5.01808829e-11  9.61192000e-06  2.90750005e-12 
 9.61392000e-06  5.01808829e-11  9.61392000e-06  2.90804374e-12 
 9.61592000e-06  5.01808829e-11  9.61592000e-06  2.90860226e-12 
 9.61792000e-06  5.01808829e-11  9.61792000e-06  2.90917564e-12 
 9.61992000e-06  5.01808829e-11  9.61992000e-06  2.90976389e-12 
 9.62192000e-06  5.01808829e-11  9.62192000e-06  2.91036700e-12 
 9.62392000e-06  5.01808829e-11  9.62392000e-06  2.91098497e-12 
 9.62592000e-06  5.01808829e-11  9.62592000e-06  2.91161779e-12 
 9.62792000e-06  5.01808829e-11  9.62792000e-06  2.91226542e-12 
 9.62992000e-06  5.01808829e-11  9.62992000e-06  2.91292783e-12 
 9.63192000e-06  5.01808829e-11  9.63192000e-06  2.91360498e-12 
 9.63392000e-06  5.01808829e-11  9.63392000e-06  2.91429681e-12 
 9.63592000e-06  5.01808829e-11  9.63592000e-06  2.91500326e-12 
 9.63792000e-06  5.01808829e-11  9.63792000e-06  2.91572425e-12 
 9.63992000e-06  5.01808829e-11  9.63992000e-06  2.91645970e-12 
 9.64192000e-06  5.01808829e-11  9.64192000e-06  2.91720952e-12 
 9.64392000e-06  5.01808829e-11  9.64392000e-06  2.91797361e-12 
 9.64592000e-06  5.01808829e-11  9.64592000e-06  2.91875187e-12 
 9.64792000e-06  5.01808829e-11  9.64792000e-06  2.91954416e-12 
 9.64992000e-06  5.01808829e-11  9.64992000e-06  2.92035037e-12 
 9.65192000e-06  5.01808829e-11  9.65192000e-06  2.92117036e-12 
 9.65392000e-06  5.01808829e-11  9.65392000e-06  2.92200398e-12 
 9.65592000e-06  5.01808829e-11  9.65592000e-06  2.92285108e-12 
 9.65792000e-06  5.01808829e-11  9.65792000e-06  2.92371151e-12 
 9.65992000e-06  5.01808829e-11  9.65992000e-06  2.92458507e-12 
 9.66192000e-06  5.01808829e-11  9.66192000e-06  2.92547161e-12 
 9.66392000e-06  5.01808829e-11  9.66392000e-06  2.92637093e-12 
 9.66592000e-06  5.01808829e-11  9.66592000e-06  2.92728284e-12 
 9.66792000e-06  5.01808829e-11  9.66792000e-06  2.92820713e-12 
 9.66992000e-06  5.01808829e-11  9.66992000e-06  2.92914359e-12 
 9.67192000e-06  5.01808829e-11  9.67192000e-06  2.93009201e-12 
 9.67392000e-06  5.01808829e-11  9.67392000e-06  2.93105216e-12 
 9.67592000e-06  5.01808829e-11  9.67592000e-06  2.93202381e-12 
 9.67792000e-06  5.01808829e-11  9.67792000e-06  2.93300670e-12 
 9.67992000e-06  5.01808829e-11  9.67992000e-06  2.93400061e-12 
 9.68192000e-06  5.01808829e-11  9.68192000e-06  2.93500527e-12 
 9.68392000e-06  5.01808829e-11  9.68392000e-06  2.93602041e-12 
 9.68592000e-06  5.01808829e-11  9.68592000e-06  2.93704578e-12 
 9.68792000e-06  5.01808829e-11  9.68792000e-06  2.93808110e-12 
 9.68992000e-06  5.01808829e-11  9.68992000e-06  2.93912608e-12 
 9.69192000e-06  5.01808829e-11  9.69192000e-06  2.94018044e-12 
 9.69392000e-06  5.01808829e-11  9.69392000e-06  2.94124389e-12 
 9.69592000e-06  5.01808829e-11  9.69592000e-06  2.94231613e-12 
 9.69792000e-06  5.01808829e-11  9.69792000e-06  2.94339685e-12 
 9.69992000e-06  5.01808829e-11  9.69992000e-06  2.94448574e-12 
 9.70192000e-06  5.01808829e-11  9.70192000e-06  2.94558249e-12 
 9.70392000e-06  5.01808829e-11  9.70392000e-06  2.94668678e-12 
 9.70592000e-06  5.01808829e-11  9.70592000e-06  2.94779828e-12 
 9.70792000e-06  5.01808829e-11  9.70792000e-06  2.94891667e-12 
 9.70992000e-06  5.01808829e-11  9.70992000e-06  2.95004161e-12 
 9.71192000e-06  5.01808829e-11  9.71192000e-06  2.95117277e-12 
 9.71392000e-06  5.01808829e-11  9.71392000e-06  2.95230979e-12 
 9.71592000e-06  5.01808829e-11  9.71592000e-06  2.95345235e-12 
 9.71792000e-06  5.01808829e-11  9.71792000e-06  2.95460008e-12 
 9.71992000e-06  5.01808829e-11  9.71992000e-06  2.95575263e-12 
 9.72192000e-06  5.01808829e-11  9.72192000e-06  2.95690966e-12 
 9.72392000e-06  5.01808829e-11  9.72392000e-06  2.95807081e-12 
 9.72592000e-06  5.01808829e-11  9.72592000e-06  2.95923570e-12 
 9.72792000e-06  5.01808829e-11  9.72792000e-06  2.96040398e-12 
 9.72992000e-06  5.01808829e-11  9.72992000e-06  2.96157529e-12 
 9.73192000e-06  5.01808829e-11  9.73192000e-06  2.96274926e-12 
 9.73392000e-06  5.01808829e-11  9.73392000e-06  2.96392552e-12 
 9.73592000e-06  5.01808829e-11  9.73592000e-06  2.96510369e-12 
 9.73792000e-06  5.01808829e-11  9.73792000e-06  2.96628342e-12 
 9.73992000e-06  5.01808829e-11  9.73992000e-06  2.96746431e-12 
 9.74192000e-06  5.01808829e-11  9.74192000e-06  2.96864602e-12 
 9.74392000e-06  5.01808829e-11  9.74392000e-06  2.96982815e-12 
 9.74592000e-06  5.01808829e-11  9.74592000e-06  2.97101034e-12 
 9.74792000e-06  5.01808829e-11  9.74792000e-06  2.97219220e-12 
 9.74992000e-06  5.01808829e-11  9.74992000e-06  2.97337338e-12 
 9.75192000e-06  5.01808829e-11  9.75192000e-06  2.97455349e-12 
 9.75392000e-06  5.01808829e-11  9.75392000e-06  2.97573217e-12 
 9.75592000e-06  5.01808829e-11  9.75592000e-06  2.97690904e-12 
 9.75792000e-06  5.01808829e-11  9.75792000e-06  2.97808372e-12 
 9.75992000e-06  5.01808829e-11  9.75992000e-06  2.97925586e-12 
 9.76192000e-06  5.01808829e-11  9.76192000e-06  2.98042509e-12 
 9.76392000e-06  5.01808829e-11  9.76392000e-06  2.98159103e-12 
 9.76592000e-06  5.01808829e-11  9.76592000e-06  2.98275333e-12 
 9.76792000e-06  5.01808829e-11  9.76792000e-06  2.98391162e-12 
 9.76992000e-06  5.01808829e-11  9.76992000e-06  2.98506555e-12 
 9.77192000e-06  5.01808829e-11  9.77192000e-06  2.98621476e-12 
 9.77392000e-06  5.01808829e-11  9.77392000e-06  2.98735889e-12 
 9.77592000e-06  5.01808829e-11  9.77592000e-06  2.98849761e-12 
 9.77792000e-06  5.01808829e-11  9.77792000e-06  2.98963055e-12 
 9.77992000e-06  5.01808829e-11  9.77992000e-06  2.99075738e-12 
 9.78192000e-06  5.01808829e-11  9.78192000e-06  2.99187777e-12 
 9.78392000e-06  5.01808829e-11  9.78392000e-06  2.99299137e-12 
 9.78592000e-06  5.01808829e-11  9.78592000e-06  2.99409785e-12 
 9.78792000e-06  5.01808829e-11  9.78792000e-06  2.99519689e-12 
 9.78992000e-06  5.01808829e-11  9.78992000e-06  2.99628817e-12 
 9.79192000e-06  5.01808829e-11  9.79192000e-06  2.99737138e-12 
 9.79392000e-06  5.01808829e-11  9.79392000e-06  2.99844619e-12 
 9.79592000e-06  5.01808829e-11  9.79592000e-06  2.99951231e-12 
 9.79792000e-06  5.01808829e-11  9.79792000e-06  3.00056943e-12 
 9.79992000e-06  5.01808829e-11  9.79992000e-06  3.00161727e-12 
 9.80192000e-06  5.01808829e-11  9.80192000e-06  3.00265553e-12 
 9.80392000e-06  5.01808829e-11  9.80392000e-06  3.00368392e-12 
 9.80592000e-06  5.01808829e-11  9.80592000e-06  3.00470218e-12 
 9.80792000e-06  5.01808829e-11  9.80792000e-06  3.00571003e-12 
 9.80992000e-06  5.01808829e-11  9.80992000e-06  3.00670721e-12 
 9.81192000e-06  5.01808829e-11  9.81192000e-06  3.00769346e-12 
 9.81392000e-06  5.01808829e-11  9.81392000e-06  3.00866854e-12 
 9.81592000e-06  5.01808829e-11  9.81592000e-06  3.00963219e-12 
 9.81792000e-06  5.01808829e-11  9.81792000e-06  3.01058419e-12 
 9.81992000e-06  5.01808829e-11  9.81992000e-06  3.01152431e-12 
 9.82192000e-06  5.01808829e-11  9.82192000e-06  3.01245233e-12 
 9.82392000e-06  5.01808829e-11  9.82392000e-06  3.01336802e-12 
 9.82592000e-06  5.01808829e-11  9.82592000e-06  3.01427120e-12 
 9.82792000e-06  5.01808829e-11  9.82792000e-06  3.01516165e-12 
 9.82992000e-06  5.01808829e-11  9.82992000e-06  3.01603920e-12 
 9.83192000e-06  5.01808829e-11  9.83192000e-06  3.01690366e-12 
 9.83392000e-06  5.01808829e-11  9.83392000e-06  3.01775485e-12 
 9.83592000e-06  5.01808829e-11  9.83592000e-06  3.01859262e-12 
 9.83792000e-06  5.01808829e-11  9.83792000e-06  3.01941681e-12 
 9.83992000e-06  5.01808829e-11  9.83992000e-06  3.02022727e-12 
 9.84192000e-06  5.01808829e-11  9.84192000e-06  3.02102386e-12 
 9.84392000e-06  5.01808829e-11  9.84392000e-06  3.02180645e-12 
 9.84592000e-06  5.01808829e-11  9.84592000e-06  3.02257493e-12 
 9.84792000e-06  5.01808829e-11  9.84792000e-06  3.02332917e-12 
 9.84992000e-06  5.01808829e-11  9.84992000e-06  3.02406908e-12 
 9.85192000e-06  5.01808829e-11  9.85192000e-06  3.02479456e-12 
 9.85392000e-06  5.01808829e-11  9.85392000e-06  3.02550553e-12 
 9.85592000e-06  5.01808829e-11  9.85592000e-06  3.02620191e-12 
 9.85792000e-06  5.01808829e-11  9.85792000e-06  3.02688364e-12 
 9.85992000e-06  5.01808829e-11  9.85992000e-06  3.02755065e-12 
 9.86192000e-06  5.01808829e-11  9.86192000e-06  3.02820290e-12 
 9.86392000e-06  5.01808829e-11  9.86392000e-06  3.02884036e-12 
 9.86592000e-06  5.01808829e-11  9.86592000e-06  3.02946299e-12 
 9.86792000e-06  5.01808829e-11  9.86792000e-06  3.03007077e-12 
 9.86992000e-06  5.01808829e-11  9.86992000e-06  3.03066369e-12 
 9.87192000e-06  5.01808829e-11  9.87192000e-06  3.03124176e-12 
 9.87392000e-06  5.01808829e-11  9.87392000e-06  3.03180497e-12 
 9.87592000e-06  5.01808829e-11  9.87592000e-06  3.03235335e-12 
 9.87792000e-06  5.01808829e-11  9.87792000e-06  3.03288693e-12 
 9.87992000e-06  5.01808829e-11  9.87992000e-06  3.03340573e-12 
 9.88192000e-06  5.01808829e-11  9.88192000e-06  3.03390982e-12 
 9.88392000e-06  5.01808829e-11  9.88392000e-06  3.03439923e-12 
 9.88592000e-06  5.01808829e-11  9.88592000e-06  3.03487404e-12 
 9.88792000e-06  5.01808829e-11  9.88792000e-06  3.03533432e-12 
 9.88992000e-06  5.01808829e-11  9.88992000e-06  3.03578015e-12 
 9.89192000e-06  5.01808829e-11  9.89192000e-06  3.03621163e-12 
 9.89392000e-06  5.01808829e-11  9.89392000e-06  3.03662885e-12 
 9.89592000e-06  5.01808829e-11  9.89592000e-06  3.03703193e-12 
 9.89792000e-06  5.01808829e-11  9.89792000e-06  3.03742098e-12 
 9.89992000e-06  5.01808829e-11  9.89992000e-06  3.03779613e-12 
 9.90192000e-06  5.01808829e-11  9.90192000e-06  3.03815753e-12 
 9.90392000e-06  5.01808829e-11  9.90392000e-06  3.03850530e-12 
 9.90592000e-06  5.01808829e-11  9.90592000e-06  3.03883961e-12 
 9.90792000e-06  5.01808829e-11  9.90792000e-06  3.03916063e-12 
 9.90992000e-06  5.01808829e-11  9.90992000e-06  3.03946851e-12 
 9.91192000e-06  5.01808829e-11  9.91192000e-06  3.03976344e-12 
 9.91392000e-06  5.01808829e-11  9.91392000e-06  3.04004561e-12 
 9.91592000e-06  5.01808829e-11  9.91592000e-06  3.04031522e-12 
 9.91792000e-06  5.01808829e-11  9.91792000e-06  3.04057245e-12 
 9.91992000e-06  5.01808829e-11  9.91992000e-06  3.04081754e-12 
 9.92192000e-06  5.01808829e-11  9.92192000e-06  3.04105069e-12 
 9.92392000e-06  5.01808829e-11  9.92392000e-06  3.04127213e-12 
 9.92592000e-06  5.01808829e-11  9.92592000e-06  3.04148210e-12 
 9.92792000e-06  5.01808829e-11  9.92792000e-06  3.04168083e-12 
 9.92992000e-06  5.01808829e-11  9.92992000e-06  3.04186857e-12 
 9.93192000e-06  5.01808829e-11  9.93192000e-06  3.04204559e-12 
 9.93392000e-06  5.01808829e-11  9.93392000e-06  3.04221214e-12 
 9.93592000e-06  5.01808829e-11  9.93592000e-06  3.04236848e-12 
 9.93792000e-06  5.01808829e-11  9.93792000e-06  3.04251490e-12 
 9.93992000e-06  5.01808829e-11  9.93992000e-06  3.04265167e-12 
 9.94192000e-06  5.01808829e-11  9.94192000e-06  3.04277909e-12 
 9.94392000e-06  5.01808829e-11  9.94392000e-06  3.04289744e-12 
 9.94592000e-06  5.01808829e-11  9.94592000e-06  3.04300702e-12 
 9.94792000e-06  5.01808829e-11  9.94792000e-06  3.04310814e-12 
 9.94992000e-06  5.01808829e-11  9.94992000e-06  3.04320111e-12 
 9.95192000e-06  5.01808829e-11  9.95192000e-06  3.04328624e-12 
 9.95392000e-06  5.01808829e-11  9.95392000e-06  3.04336386e-12 
 9.95592000e-06  5.01808829e-11  9.95592000e-06  3.04343428e-12 
 9.95792000e-06  5.01808829e-11  9.95792000e-06  3.04349783e-12 
 9.95992000e-06  5.01808829e-11  9.95992000e-06  3.04355485e-12 
 9.96192000e-06  5.01808829e-11  9.96192000e-06  3.04360568e-12 
 9.96392000e-06  5.01808829e-11  9.96392000e-06  3.04365066e-12 
 9.96592000e-06  5.01808829e-11  9.96592000e-06  3.04369013e-12 
 9.96792000e-06  5.01808829e-11  9.96792000e-06  3.04372444e-12 
 9.96992000e-06  5.01808829e-11  9.96992000e-06  3.04375394e-12 
 9.97192000e-06  5.01808829e-11  9.97192000e-06  3.04377899e-12 
 9.97392000e-06  5.01808829e-11  9.97392000e-06  3.04379994e-12 
 9.97592000e-06  5.01808829e-11  9.97592000e-06  3.04381716e-12 
 9.97792000e-06  5.01808829e-11  9.97792000e-06  3.04383100e-12 
 9.97992000e-06  5.01808829e-11  9.97992000e-06  3.04384184e-12 
 9.98192000e-06  5.01808829e-11  9.98192000e-06  3.04385003e-12 
 9.98392000e-06  5.01808829e-11  9.98392000e-06  3.04385596e-12 
 9.98592000e-06  5.01808829e-11  9.98592000e-06  3.04385997e-12 
 9.98792000e-06  5.01808829e-11  9.98792000e-06  3.04386246e-12 
 9.98992000e-06  5.01808829e-11  9.98992000e-06  3.04386378e-12 
 9.99192000e-06  5.01808829e-11  9.99192000e-06  3.04386431e-12 
 9.99392000e-06  5.01808829e-11  9.99392000e-06  3.04386443e-12 
 9.99592000e-06  5.01808829e-11  9.99592000e-06  3.04386451e-12 
 9.99792000e-06  5.01808829e-11  9.99792000e-06  3.04386491e-12 
 9.99992000e-06  5.01808829e-11  9.99992000e-06  3.04386602e-12 
 1.00019200e-05  5.01808829e-11  1.00019200e-05  3.04386820e-12 
 1.00039200e-05  5.01808829e-11  1.00039200e-05  3.04387183e-12 
 1.00059200e-05  5.01808829e-11  1.00059200e-05  3.04387728e-12 
 1.00079200e-05  5.01808829e-11  1.00079200e-05  3.04388491e-12 
 1.00099200e-05  5.01808829e-11  1.00099200e-05  3.04389511e-12 
 1.00119200e-05  5.01808829e-11  1.00119200e-05  3.04390822e-12 
 1.00139200e-05  5.01808829e-11  1.00139200e-05  3.04392462e-12 
 1.00159200e-05  5.01808829e-11  1.00159200e-05  3.04394468e-12 
 1.00179200e-05  5.01808829e-11  1.00179200e-05  3.04396874e-12 
 1.00199200e-05  5.01808829e-11  1.00199200e-05  3.04399717e-12 
 1.00219200e-05  5.01808829e-11  1.00219200e-05  3.04403033e-12 
 1.00239200e-05  5.01808829e-11  1.00239200e-05  3.04406856e-12 
 1.00259200e-05  5.01808829e-11  1.00259200e-05  3.04411222e-12 
 1.00279200e-05  5.01808829e-11  1.00279200e-05  3.04416165e-12 
 1.00299200e-05  5.01808829e-11  1.00299200e-05  3.04421718e-12 
 1.00319200e-05  5.01808829e-11  1.00319200e-05  3.04427917e-12 
 1.00339200e-05  5.01808829e-11  1.00339200e-05  3.04434794e-12 
 1.00359200e-05  5.01808829e-11  1.00359200e-05  3.04442383e-12 
 1.00379200e-05  5.01808829e-11  1.00379200e-05  3.04450715e-12 
 1.00399200e-05  5.01808829e-11  1.00399200e-05  3.04459823e-12 
 1.00419200e-05  5.01808829e-11  1.00419200e-05  3.04469738e-12 
 1.00439200e-05  5.01808829e-11  1.00439200e-05  3.04480492e-12 
 1.00459200e-05  5.01808829e-11  1.00459200e-05  3.04492114e-12 
 1.00479200e-05  5.01808829e-11  1.00479200e-05  3.04504636e-12 
 1.00499200e-05  5.01808829e-11  1.00499200e-05  3.04518085e-12 
 1.00519200e-05  5.01808829e-11  1.00519200e-05  3.04532491e-12 
 1.00539200e-05  5.01808829e-11  1.00539200e-05  3.04547883e-12 
 1.00559200e-05  5.01808829e-11  1.00559200e-05  3.04564287e-12 
 1.00579200e-05  5.01808829e-11  1.00579200e-05  3.04581731e-12 
 1.00599200e-05  5.01808829e-11  1.00599200e-05  3.04600240e-12 
 1.00619200e-05  5.01808829e-11  1.00619200e-05  3.04619841e-12 
 1.00639200e-05  5.01808829e-11  1.00639200e-05  3.04640558e-12 
 1.00659200e-05  5.01808829e-11  1.00659200e-05  3.04662416e-12 
 1.00679200e-05  5.01808829e-11  1.00679200e-05  3.04685437e-12 
 1.00699200e-05  5.01808829e-11  1.00699200e-05  3.04709645e-12 
 1.00719200e-05  5.01808829e-11  1.00719200e-05  3.04735062e-12 
 1.00739200e-05  5.01808829e-11  1.00739200e-05  3.04761708e-12 
 1.00759200e-05  5.01808829e-11  1.00759200e-05  3.04789605e-12 
 1.00779200e-05  5.01808829e-11  1.00779200e-05  3.04818772e-12 
 1.00799200e-05  5.01808829e-11  1.00799200e-05  3.04849227e-12 
 1.00819200e-05  5.01808829e-11  1.00819200e-05  3.04880989e-12 
 1.00839200e-05  5.01808829e-11  1.00839200e-05  3.04914075e-12 
 1.00859200e-05  5.01808829e-11  1.00859200e-05  3.04948501e-12 
 1.00879200e-05  5.01808829e-11  1.00879200e-05  3.04984282e-12 
 1.00899200e-05  5.01808829e-11  1.00899200e-05  3.05021434e-12 
 1.00919200e-05  5.01808829e-11  1.00919200e-05  3.05059970e-12 
 1.00939200e-05  5.01808829e-11  1.00939200e-05  3.05099903e-12 
 1.00959200e-05  5.01808829e-11  1.00959200e-05  3.05141246e-12 
 1.00979200e-05  5.01808829e-11  1.00979200e-05  3.05184008e-12 
 1.00999200e-05  5.01808829e-11  1.00999200e-05  3.05228201e-12 
 1.01019200e-05  5.01808829e-11  1.01019200e-05  3.05273833e-12 
 1.01039200e-05  5.01808829e-11  1.01039200e-05  3.05320913e-12 
 1.01059200e-05  5.01808829e-11  1.01059200e-05  3.05369449e-12 
 1.01079200e-05  5.01808829e-11  1.01079200e-05  3.05419447e-12 
 1.01099200e-05  5.01808829e-11  1.01099200e-05  3.05470913e-12 
 1.01119200e-05  5.01808829e-11  1.01119200e-05  3.05523852e-12 
 1.01139200e-05  5.01808829e-11  1.01139200e-05  3.05578266e-12 
 1.01159200e-05  5.01808829e-11  1.01159200e-05  3.05634160e-12 
 1.01179200e-05  5.01808829e-11  1.01179200e-05  3.05691535e-12 
 1.01199200e-05  5.01808829e-11  1.01199200e-05  3.05750392e-12 
 1.01219200e-05  5.01808829e-11  1.01219200e-05  3.05810731e-12 
 1.01239200e-05  5.01808829e-11  1.01239200e-05  3.05872551e-12 
 1.01259200e-05  5.01808829e-11  1.01259200e-05  3.05935850e-12 
 1.01279200e-05  5.01808829e-11  1.01279200e-05  3.06000626e-12 
 1.01299200e-05  5.01808829e-11  1.01299200e-05  3.06066874e-12 
 1.01319200e-05  5.01808829e-11  1.01319200e-05  3.06134591e-12 
 1.01339200e-05  5.01808829e-11  1.01339200e-05  3.06203771e-12 
 1.01359200e-05  5.01808829e-11  1.01359200e-05  3.06274406e-12 
 1.01379200e-05  5.01808829e-11  1.01379200e-05  3.06346491e-12 
 1.01399200e-05  5.01808829e-11  1.01399200e-05  3.06420015e-12 
 1.01419200e-05  5.01808829e-11  1.01419200e-05  3.06494971e-12 
 1.01439200e-05  5.01808829e-11  1.01439200e-05  3.06571348e-12 
 1.01459200e-05  5.01808829e-11  1.01459200e-05  3.06649135e-12 
 1.01479200e-05  5.01808829e-11  1.01479200e-05  3.06728319e-12 
 1.01499200e-05  5.01808829e-11  1.01499200e-05  3.06808889e-12 
 1.01519200e-05  5.01808829e-11  1.01519200e-05  3.06890831e-12 
 1.01539200e-05  5.01808829e-11  1.01539200e-05  3.06974129e-12 
 1.01559200e-05  5.01808829e-11  1.01559200e-05  3.07058769e-12 
 1.01579200e-05  5.01808829e-11  1.01579200e-05  3.07144734e-12 
 1.01599200e-05  5.01808829e-11  1.01599200e-05  3.07232007e-12 
 1.01619200e-05  5.01808829e-11  1.01619200e-05  3.07320570e-12 
 1.01639200e-05  5.01808829e-11  1.01639200e-05  3.07410405e-12 
 1.01659200e-05  5.01808829e-11  1.01659200e-05  3.07501491e-12 
 1.01679200e-05  5.01808829e-11  1.01679200e-05  3.07593810e-12 
 1.01699200e-05  5.01808829e-11  1.01699200e-05  3.07687338e-12 
 1.01719200e-05  5.01808829e-11  1.01719200e-05  3.07782055e-12 
 1.01739200e-05  5.01808829e-11  1.01739200e-05  3.07877938e-12 
 1.01759200e-05  5.01808829e-11  1.01759200e-05  3.07974963e-12 
 1.01779200e-05  5.01808829e-11  1.01779200e-05  3.08073107e-12 
 1.01799200e-05  5.01808829e-11  1.01799200e-05  3.08172344e-12 
 1.01819200e-05  5.01808829e-11  1.01819200e-05  3.08272649e-12 
 1.01839200e-05  5.01808829e-11  1.01839200e-05  3.08373996e-12 
 1.01859200e-05  5.01808829e-11  1.01859200e-05  3.08476359e-12 
 1.01879200e-05  5.01808829e-11  1.01879200e-05  3.08579708e-12 
 1.01899200e-05  5.01808829e-11  1.01899200e-05  3.08684017e-12 
 1.01919200e-05  5.01808829e-11  1.01919200e-05  3.08789257e-12 
 1.01939200e-05  5.01808829e-11  1.01939200e-05  3.08895399e-12 
 1.01959200e-05  5.01808829e-11  1.01959200e-05  3.09002412e-12 
 1.01979200e-05  5.01808829e-11  1.01979200e-05  3.09110266e-12 
 1.01999200e-05  5.01808829e-11  1.01999200e-05  3.09218930e-12 
 1.02019200e-05  5.01808829e-11  1.02019200e-05  3.09328373e-12 
 1.02039200e-05  5.01808829e-11  1.02039200e-05  3.09438563e-12 
 1.02059200e-05  5.01808829e-11  1.02059200e-05  3.09549467e-12 
 1.02079200e-05  5.01808829e-11  1.02079200e-05  3.09661053e-12 
 1.02099200e-05  5.01808829e-11  1.02099200e-05  3.09773287e-12 
 1.02119200e-05  5.01808829e-11  1.02119200e-05  3.09886136e-12 
 1.02139200e-05  5.01808829e-11  1.02139200e-05  3.09999564e-12 
 1.02159200e-05  5.01808829e-11  1.02159200e-05  3.10113539e-12 
 1.02179200e-05  5.01808829e-11  1.02179200e-05  3.10228025e-12 
 1.02199200e-05  5.01808829e-11  1.02199200e-05  3.10342987e-12 
 1.02219200e-05  5.01808829e-11  1.02219200e-05  3.10458389e-12 
 1.02239200e-05  5.01808829e-11  1.02239200e-05  3.10574196e-12 
 1.02259200e-05  5.01808829e-11  1.02259200e-05  3.10690372e-12 
 1.02279200e-05  5.01808829e-11  1.02279200e-05  3.10806881e-12 
 1.02299200e-05  5.01808829e-11  1.02299200e-05  3.10923685e-12 
 1.02319200e-05  5.01808829e-11  1.02319200e-05  3.11040750e-12 
 1.02339200e-05  5.01808829e-11  1.02339200e-05  3.11158037e-12 
 1.02359200e-05  5.01808829e-11  1.02359200e-05  3.11275510e-12 
 1.02379200e-05  5.01808829e-11  1.02379200e-05  3.11393132e-12 
 1.02399200e-05  5.01808829e-11  1.02399200e-05  3.11510865e-12 
 1.02419200e-05  5.01808829e-11  1.02419200e-05  3.11628674e-12 
 1.02439200e-05  5.01808829e-11  1.02439200e-05  3.11746519e-12 
 1.02459200e-05  5.01808829e-11  1.02459200e-05  3.11864365e-12 
 1.02479200e-05  5.01808829e-11  1.02479200e-05  3.11982174e-12 
 1.02499200e-05  5.01808829e-11  1.02499200e-05  3.12099908e-12 
 1.02519200e-05  5.01808829e-11  1.02519200e-05  3.12217530e-12 
 1.02539200e-05  5.01808829e-11  1.02539200e-05  3.12335004e-12 
 1.02559200e-05  5.01808829e-11  1.02559200e-05  3.12452292e-12 
 1.02579200e-05  5.01808829e-11  1.02579200e-05  3.12569358e-12 
 1.02599200e-05  5.01808829e-11  1.02599200e-05  3.12686164e-12 
 1.02619200e-05  5.01808829e-11  1.02619200e-05  3.12802674e-12 
 1.02639200e-05  5.01808829e-11  1.02639200e-05  3.12918852e-12 
 1.02659200e-05  5.01808829e-11  1.02659200e-05  3.13034662e-12 
 1.02679200e-05  5.01808829e-11  1.02679200e-05  3.13150066e-12 
 1.02699200e-05  5.01808829e-11  1.02699200e-05  3.13265031e-12 
 1.02719200e-05  5.01808829e-11  1.02719200e-05  3.13379519e-12 
 1.02739200e-05  5.01808829e-11  1.02739200e-05  3.13493497e-12 
 1.02759200e-05  5.01808829e-11  1.02759200e-05  3.13606930e-12 
 1.02779200e-05  5.01808829e-11  1.02779200e-05  3.13719782e-12 
 1.02799200e-05  5.01808829e-11  1.02799200e-05  3.13832020e-12 
 1.02819200e-05  5.01808829e-11  1.02819200e-05  3.13943610e-12 
 1.02839200e-05  5.01808829e-11  1.02839200e-05  3.14054519e-12 
 1.02859200e-05  5.01808829e-11  1.02859200e-05  3.14164714e-12 
 1.02879200e-05  5.01808829e-11  1.02879200e-05  3.14274163e-12 
 1.02899200e-05  5.01808829e-11  1.02899200e-05  3.14382833e-12 
 1.02919200e-05  5.01808829e-11  1.02919200e-05  3.14490693e-12 
 1.02939200e-05  5.01808829e-11  1.02939200e-05  3.14597713e-12 
 1.02959200e-05  5.01808829e-11  1.02959200e-05  3.14703861e-12 
 1.02979200e-05  5.01808829e-11  1.02979200e-05  3.14809109e-12 
 1.02999200e-05  5.01808829e-11  1.02999200e-05  3.14913426e-12 
 1.03019200e-05  5.01808829e-11  1.03019200e-05  3.15016784e-12 
 1.03039200e-05  5.01808829e-11  1.03039200e-05  3.15119155e-12 
 1.03059200e-05  5.01808829e-11  1.03059200e-05  3.15220511e-12 
 1.03079200e-05  5.01808829e-11  1.03079200e-05  3.15320827e-12 
 1.03099200e-05  5.01808829e-11  1.03099200e-05  3.15420074e-12 
 1.03119200e-05  5.01808829e-11  1.03119200e-05  3.15518229e-12 
 1.03139200e-05  5.01808829e-11  1.03139200e-05  3.15615266e-12 
 1.03159200e-05  5.01808829e-11  1.03159200e-05  3.15711161e-12 
 1.03179200e-05  5.01808829e-11  1.03179200e-05  3.15805891e-12 
 1.03199200e-05  5.01808829e-11  1.03199200e-05  3.15899432e-12 
 1.03219200e-05  5.01808829e-11  1.03219200e-05  3.15991765e-12 
 1.03239200e-05  5.01808829e-11  1.03239200e-05  3.16082866e-12 
 1.03259200e-05  5.01808829e-11  1.03259200e-05  3.16172716e-12 
 1.03279200e-05  5.01808829e-11  1.03279200e-05  3.16261295e-12 
 1.03299200e-05  5.01808829e-11  1.03299200e-05  3.16348585e-12 
 1.03319200e-05  5.01808829e-11  1.03319200e-05  3.16434568e-12 
 1.03339200e-05  5.01808829e-11  1.03339200e-05  3.16519226e-12 
 1.03359200e-05  5.01808829e-11  1.03359200e-05  3.16602543e-12 
 1.03379200e-05  5.01808829e-11  1.03379200e-05  3.16684504e-12 
 1.03399200e-05  5.01808829e-11  1.03399200e-05  3.16765094e-12 
 1.03419200e-05  5.01808829e-11  1.03419200e-05  3.16844300e-12 
 1.03439200e-05  5.01808829e-11  1.03439200e-05  3.16922109e-12 
 1.03459200e-05  5.01808829e-11  1.03459200e-05  3.16998509e-12 
 1.03479200e-05  5.01808829e-11  1.03479200e-05  3.17073488e-12 
 1.03499200e-05  5.01808829e-11  1.03499200e-05  3.17147038e-12 
 1.03519200e-05  5.01808829e-11  1.03519200e-05  3.17219147e-12 
 1.03539200e-05  5.01808829e-11  1.03539200e-05  3.17289809e-12 
 1.03559200e-05  5.01808829e-11  1.03559200e-05  3.17359016e-12 
 1.03579200e-05  5.01808829e-11  1.03579200e-05  3.17426760e-12 
 1.03599200e-05  5.01808829e-11  1.03599200e-05  3.17493038e-12 
 1.03619200e-05  5.01808829e-11  1.03619200e-05  3.17557843e-12 
 1.03639200e-05  5.01808829e-11  1.03639200e-05  3.17621173e-12 
 1.03659200e-05  5.01808829e-11  1.03659200e-05  3.17683024e-12 
 1.03679200e-05  5.01808829e-11  1.03679200e-05  3.17743395e-12 
 1.03699200e-05  5.01808829e-11  1.03699200e-05  3.17802285e-12 
 1.03719200e-05  5.01808829e-11  1.03719200e-05  3.17859694e-12 
 1.03739200e-05  5.01808829e-11  1.03739200e-05  3.17915622e-12 
 1.03759200e-05  5.01808829e-11  1.03759200e-05  3.17970072e-12 
 1.03779200e-05  5.01808829e-11  1.03779200e-05  3.18023047e-12 
 1.03799200e-05  5.01808829e-11  1.03799200e-05  3.18074550e-12 
 1.03819200e-05  5.01808829e-11  1.03819200e-05  3.18124586e-12 
 1.03839200e-05  5.01808829e-11  1.03839200e-05  3.18173161e-12 
 1.03859200e-05  5.01808829e-11  1.03859200e-05  3.18220281e-12 
 1.03879200e-05  5.01808829e-11  1.03879200e-05  3.18265953e-12 
 1.03899200e-05  5.01808829e-11  1.03899200e-05  3.18310187e-12 
 1.03919200e-05  5.01808829e-11  1.03919200e-05  3.18352991e-12 
 1.03939200e-05  5.01808829e-11  1.03939200e-05  3.18394375e-12 
 1.03959200e-05  5.01808829e-11  1.03959200e-05  3.18434351e-12 
 1.03979200e-05  5.01808829e-11  1.03979200e-05  3.18472931e-12 
 1.03999200e-05  5.01808829e-11  1.03999200e-05  3.18510127e-12 
 1.04019200e-05  5.01808829e-11  1.04019200e-05  3.18545954e-12 
 1.04039200e-05  5.01808829e-11  1.04039200e-05  3.18580425e-12 
 1.04059200e-05  5.01808829e-11  1.04059200e-05  3.18613557e-12 
 1.04079200e-05  5.01808829e-11  1.04079200e-05  3.18645365e-12 
 1.04099200e-05  5.01808829e-11  1.04099200e-05  3.18675867e-12 
 1.04119200e-05  5.01808829e-11  1.04119200e-05  3.18705080e-12 
 1.04139200e-05  5.01808829e-11  1.04139200e-05  3.18733024e-12 
 1.04159200e-05  5.01808829e-11  1.04159200e-05  3.18759719e-12 
 1.04179200e-05  5.01808829e-11  1.04179200e-05  3.18785183e-12 
 1.04199200e-05  5.01808829e-11  1.04199200e-05  3.18809439e-12 
 1.04219200e-05  5.01808829e-11  1.04219200e-05  3.18832509e-12 
 1.04239200e-05  5.01808829e-11  1.04239200e-05  3.18854415e-12 
 1.04259200e-05  5.01808829e-11  1.04259200e-05  3.18875181e-12 
 1.04279200e-05  5.01808829e-11  1.04279200e-05  3.18894830e-12 
 1.04299200e-05  5.01808829e-11  1.04299200e-05  3.18913388e-12 
 1.04319200e-05  5.01808829e-11  1.04319200e-05  3.18930879e-12 
 1.04339200e-05  5.01808829e-11  1.04339200e-05  3.18947331e-12 
 1.04359200e-05  5.01808829e-11  1.04359200e-05  3.18962771e-12 
 1.04379200e-05  5.01808829e-11  1.04379200e-05  3.18977224e-12 
 1.04399200e-05  5.01808829e-11  1.04399200e-05  3.18990720e-12 
 1.04419200e-05  5.01808829e-11  1.04419200e-05  3.19003288e-12 
 1.04439200e-05  5.01808829e-11  1.04439200e-05  3.19014956e-12 
 1.04459200e-05  5.01808829e-11  1.04459200e-05  3.19025755e-12 
 1.04479200e-05  5.01808829e-11  1.04479200e-05  3.19035715e-12 
 1.04499200e-05  5.01808829e-11  1.04499200e-05  3.19044866e-12 
 1.04519200e-05  5.01808829e-11  1.04519200e-05  3.19053241e-12 
 1.04539200e-05  5.01808829e-11  1.04539200e-05  3.19060871e-12 
 1.04559200e-05  5.01808829e-11  1.04559200e-05  3.19067789e-12 
 1.04579200e-05  5.01808829e-11  1.04579200e-05  3.19074027e-12 
 1.04599200e-05  5.01808829e-11  1.04599200e-05  3.19079619e-12 
 1.04619200e-05  5.01808829e-11  1.04619200e-05  3.19084599e-12 
 1.04639200e-05  5.01808829e-11  1.04639200e-05  3.19089000e-12 
 1.04659200e-05  5.01808829e-11  1.04659200e-05  3.19092857e-12 
 1.04679200e-05  5.01808829e-11  1.04679200e-05  3.19096205e-12 
 1.04699200e-05  5.01808829e-11  1.04699200e-05  3.19099078e-12 
 1.04719200e-05  5.01808829e-11  1.04719200e-05  3.19101513e-12 
 1.04739200e-05  5.01808829e-11  1.04739200e-05  3.19103545e-12 
 1.04759200e-05  5.01808829e-11  1.04759200e-05  3.19105210e-12 
 1.04779200e-05  5.01808829e-11  1.04779200e-05  3.19106544e-12 
 1.04799200e-05  5.01808829e-11  1.04799200e-05  3.19107584e-12 
 1.04819200e-05  5.01808829e-11  1.04819200e-05  3.19108365e-12 
 1.04839200e-05  5.01808829e-11  1.04839200e-05  3.19108926e-12 
 1.04859200e-05  5.01808829e-11  1.04859200e-05  3.19109302e-12 
 1.04879200e-05  5.01808829e-11  1.04879200e-05  3.19109530e-12 
 1.04899200e-05  5.01808829e-11  1.04899200e-05  3.19109648e-12 
 1.04919200e-05  5.01808829e-11  1.04919200e-05  3.19109693e-12 
 1.04939200e-05  5.01808829e-11  1.04939200e-05  3.19109702e-12 
 1.04959200e-05  5.01808829e-11  1.04959200e-05  3.19109711e-12 
 1.04979200e-05  5.01808829e-11  1.04979200e-05  3.19109760e-12 
 1.04999200e-05  5.01808829e-11  1.04999200e-05  3.19109883e-12 
 1.05019200e-05  5.01808829e-11  1.05019200e-05  3.19110120e-12 
 1.05039200e-05  5.01808829e-11  1.05039200e-05  3.19110506e-12 
 1.05059200e-05  5.01808829e-11  1.05059200e-05  3.19111079e-12 
 1.05079200e-05  5.01808829e-11  1.05079200e-05  3.19111875e-12 
 1.05099200e-05  5.01808829e-11  1.05099200e-05  3.19112931e-12 
 1.05119200e-05  5.01808829e-11  1.05119200e-05  3.19114284e-12 
 1.05139200e-05  5.01808829e-11  1.05139200e-05  3.19115970e-12 
 1.05159200e-05  5.01808829e-11  1.05159200e-05  3.19118026e-12 
 1.05179200e-05  5.01808829e-11  1.05179200e-05  3.19120486e-12 
 1.05199200e-05  5.01808829e-11  1.05199200e-05  3.19123387e-12 
 1.05219200e-05  5.01808829e-11  1.05219200e-05  3.19126764e-12 
 1.05239200e-05  5.01808829e-11  1.05239200e-05  3.19130652e-12 
 1.05259200e-05  5.01808829e-11  1.05259200e-05  3.19135086e-12 
 1.05279200e-05  5.01808829e-11  1.05279200e-05  3.19140100e-12 
 1.05299200e-05  5.01808829e-11  1.05299200e-05  3.19145728e-12 
 1.05319200e-05  5.01808829e-11  1.05319200e-05  3.19152005e-12 
 1.05339200e-05  5.01808829e-11  1.05339200e-05  3.19158962e-12 
 1.05359200e-05  5.01808829e-11  1.05359200e-05  3.19166633e-12 
 1.05379200e-05  5.01808829e-11  1.05379200e-05  3.19175050e-12 
 1.05399200e-05  5.01808829e-11  1.05399200e-05  3.19184245e-12 
 1.05419200e-05  5.01808829e-11  1.05419200e-05  3.19194250e-12 
 1.05439200e-05  5.01808829e-11  1.05439200e-05  3.19205094e-12 
 1.05459200e-05  5.01808829e-11  1.05459200e-05  3.19216809e-12 
 1.05479200e-05  5.01808829e-11  1.05479200e-05  3.19229425e-12 
 1.05499200e-05  5.01808829e-11  1.05499200e-05  3.19242970e-12 
 1.05519200e-05  5.01808829e-11  1.05519200e-05  3.19257473e-12 
 1.05539200e-05  5.01808829e-11  1.05539200e-05  3.19272962e-12 
 1.05559200e-05  5.01808829e-11  1.05559200e-05  3.19289465e-12 
 1.05579200e-05  5.01808829e-11  1.05579200e-05  3.19307007e-12 
 1.05599200e-05  5.01808829e-11  1.05599200e-05  3.19325616e-12 
 1.05619200e-05  5.01808829e-11  1.05619200e-05  3.19345317e-12 
 1.05639200e-05  5.01808829e-11  1.05639200e-05  3.19366134e-12 
 1.05659200e-05  5.01808829e-11  1.05659200e-05  3.19388091e-12 
 1.05679200e-05  5.01808829e-11  1.05679200e-05  3.19411212e-12 
 1.05699200e-05  5.01808829e-11  1.05699200e-05  3.19435519e-12 
 1.05719200e-05  5.01808829e-11  1.05719200e-05  3.19461034e-12 
 1.05739200e-05  5.01808829e-11  1.05739200e-05  3.19487778e-12 
 1.05759200e-05  5.01808829e-11  1.05759200e-05  3.19515771e-12 
 1.05779200e-05  5.01808829e-11  1.05779200e-05  3.19545033e-12 
 1.05799200e-05  5.01808829e-11  1.05799200e-05  3.19575582e-12 
 1.05819200e-05  5.01808829e-11  1.05819200e-05  3.19607436e-12 
 1.05839200e-05  5.01808829e-11  1.05839200e-05  3.19640613e-12 
 1.05859200e-05  5.01808829e-11  1.05859200e-05  3.19675127e-12 
 1.05879200e-05  5.01808829e-11  1.05879200e-05  3.19710996e-12 
 1.05899200e-05  5.01808829e-11  1.05899200e-05  3.19748232e-12 
 1.05919200e-05  5.01808829e-11  1.05919200e-05  3.19786850e-12 
 1.05939200e-05  5.01808829e-11  1.05939200e-05  3.19826863e-12 
 1.05959200e-05  5.01808829e-11  1.05959200e-05  3.19868282e-12 
 1.05979200e-05  5.01808829e-11  1.05979200e-05  3.19911118e-12 
 1.05999200e-05  5.01808829e-11  1.05999200e-05  3.19955381e-12 
 1.06019200e-05  5.01808829e-11  1.06019200e-05  3.20001081e-12 
 1.06039200e-05  5.01808829e-11  1.06039200e-05  3.20048226e-12 
 1.06059200e-05  5.01808829e-11  1.06059200e-05  3.20096822e-12 
 1.06079200e-05  5.01808829e-11  1.06079200e-05  3.20146877e-12 
 1.06099200e-05  5.01808829e-11  1.06099200e-05  3.20198396e-12 
 1.06119200e-05  5.01808829e-11  1.06119200e-05  3.20251383e-12 
 1.06139200e-05  5.01808829e-11  1.06139200e-05  3.20305843e-12 
 1.06159200e-05  5.01808829e-11  1.06159200e-05  3.20361777e-12 
 1.06179200e-05  5.01808829e-11  1.06179200e-05  3.20419188e-12 
 1.06199200e-05  5.01808829e-11  1.06199200e-05  3.20478076e-12 
 1.06219200e-05  5.01808829e-11  1.06219200e-05  3.20538442e-12 
 1.06239200e-05  5.01808829e-11  1.06239200e-05  3.20600284e-12 
 1.06259200e-05  5.01808829e-11  1.06259200e-05  3.20663600e-12 
 1.06279200e-05  5.01808829e-11  1.06279200e-05  3.20728388e-12 
 1.06299200e-05  5.01808829e-11  1.06299200e-05  3.20794643e-12 
 1.06319200e-05  5.01808829e-11  1.06319200e-05  3.20862361e-12 
 1.06339200e-05  5.01808829e-11  1.06339200e-05  3.20931537e-12 
 1.06359200e-05  5.01808829e-11  1.06359200e-05  3.21002162e-12 
 1.06379200e-05  5.01808829e-11  1.06379200e-05  3.21074231e-12 
 1.06399200e-05  5.01808829e-11  1.06399200e-05  3.21147734e-12 
 1.06419200e-05  5.01808829e-11  1.06419200e-05  3.21222663e-12 
 1.06439200e-05  5.01808829e-11  1.06439200e-05  3.21299007e-12 
 1.06459200e-05  5.01808829e-11  1.06459200e-05  3.21376754e-12 
 1.06479200e-05  5.01808829e-11  1.06479200e-05  3.21455893e-12 
 1.06499200e-05  5.01808829e-11  1.06499200e-05  3.21536411e-12 
 1.06519200e-05  5.01808829e-11  1.06519200e-05  3.21618294e-12 
 1.06539200e-05  5.01808829e-11  1.06539200e-05  3.21701528e-12 
 1.06559200e-05  5.01808829e-11  1.06559200e-05  3.21786097e-12 
 1.06579200e-05  5.01808829e-11  1.06579200e-05  3.21871984e-12 
 1.06599200e-05  5.01808829e-11  1.06599200e-05  3.21959173e-12 
 1.06619200e-05  5.01808829e-11  1.06619200e-05  3.22047645e-12 
 1.06639200e-05  5.01808829e-11  1.06639200e-05  3.22137382e-12 
 1.06659200e-05  5.01808829e-11  1.06659200e-05  3.22228363e-12 
 1.06679200e-05  5.01808829e-11  1.06679200e-05  3.22320570e-12 
 1.06699200e-05  5.01808829e-11  1.06699200e-05  3.22413980e-12 
 1.06719200e-05  5.01808829e-11  1.06719200e-05  3.22508571e-12 
 1.06739200e-05  5.01808829e-11  1.06739200e-05  3.22604321e-12 
 1.06759200e-05  5.01808829e-11  1.06759200e-05  3.22701207e-12 
 1.06779200e-05  5.01808829e-11  1.06779200e-05  3.22799204e-12 
 1.06799200e-05  5.01808829e-11  1.06799200e-05  3.22898287e-12 
 1.06819200e-05  5.01808829e-11  1.06819200e-05  3.22998431e-12 
 1.06839200e-05  5.01808829e-11  1.06839200e-05  3.23099610e-12 
 1.06859200e-05  5.01808829e-11  1.06859200e-05  3.23201797e-12 
 1.06879200e-05  5.01808829e-11  1.06879200e-05  3.23304965e-12 
 1.06899200e-05  5.01808829e-11  1.06899200e-05  3.23409084e-12 
 1.06919200e-05  5.01808829e-11  1.06919200e-05  3.23514127e-12 
 1.06939200e-05  5.01808829e-11  1.06939200e-05  3.23620065e-12 
 1.06959200e-05  5.01808829e-11  1.06959200e-05  3.23726867e-12 
 1.06979200e-05  5.01808829e-11  1.06979200e-05  3.23834503e-12 
 1.06999200e-05  5.01808829e-11  1.06999200e-05  3.23942942e-12 
 1.07019200e-05  5.01808829e-11  1.07019200e-05  3.24052153e-12 
 1.07039200e-05  5.01808829e-11  1.07039200e-05  3.24162103e-12 
 1.07059200e-05  5.01808829e-11  1.07059200e-05  3.24272761e-12 
 1.07079200e-05  5.01808829e-11  1.07079200e-05  3.24384094e-12 
 1.07099200e-05  5.01808829e-11  1.07099200e-05  3.24496067e-12 
 1.07119200e-05  5.01808829e-11  1.07119200e-05  3.24608649e-12 
 1.07139200e-05  5.01808829e-11  1.07139200e-05  3.24721804e-12 
 1.07159200e-05  5.01808829e-11  1.07159200e-05  3.24835498e-12 
 1.07179200e-05  5.01808829e-11  1.07179200e-05  3.24949696e-12 
 1.07199200e-05  5.01808829e-11  1.07199200e-05  3.25064364e-12 
 1.07219200e-05  5.01808829e-11  1.07219200e-05  3.25179466e-12 
 1.07239200e-05  5.01808829e-11  1.07239200e-05  3.25294966e-12 
 1.07259200e-05  5.01808829e-11  1.07259200e-05  3.25410828e-12 
 1.07279200e-05  5.01808829e-11  1.07279200e-05  3.25527017e-12 
 1.07299200e-05  5.01808829e-11  1.07299200e-05  3.25643495e-12 
 1.07319200e-05  5.01808829e-11  1.07319200e-05  3.25760227e-12 
 1.07339200e-05  5.01808829e-11  1.07339200e-05  3.25877176e-12 
 1.07359200e-05  5.01808829e-11  1.07359200e-05  3.25994305e-12 
 1.07379200e-05  5.01808829e-11  1.07379200e-05  3.26111576e-12 
 1.07399200e-05  5.01808829e-11  1.07399200e-05  3.26228954e-12 
 1.07419200e-05  5.01808829e-11  1.07419200e-05  3.26346401e-12 
 1.07439200e-05  5.01808829e-11  1.07439200e-05  3.26463879e-12 
 1.07459200e-05  5.01808829e-11  1.07459200e-05  3.26581353e-12 
 1.07479200e-05  5.01808829e-11  1.07479200e-05  3.26698783e-12 
 1.07499200e-05  5.01808829e-11  1.07499200e-05  3.26816134e-12 
 1.07519200e-05  5.01808829e-11  1.07519200e-05  3.26933369e-12 
 1.07539200e-05  5.01808829e-11  1.07539200e-05  3.27050450e-12 
 1.07559200e-05  5.01808829e-11  1.07559200e-05  3.27167340e-12 
 1.07579200e-05  5.01808829e-11  1.07579200e-05  3.27284003e-12 
 1.07599200e-05  5.01808829e-11  1.07599200e-05  3.27400402e-12 
 1.07619200e-05  5.01808829e-11  1.07619200e-05  3.27516501e-12 
 1.07639200e-05  5.01808829e-11  1.07639200e-05  3.27632263e-12 
 1.07659200e-05  5.01808829e-11  1.07659200e-05  3.27747652e-12 
 1.07679200e-05  5.01808829e-11  1.07679200e-05  3.27862633e-12 
 1.07699200e-05  5.01808829e-11  1.07699200e-05  3.27977170e-12 
 1.07719200e-05  5.01808829e-11  1.07719200e-05  3.28091227e-12 
 1.07739200e-05  5.01808829e-11  1.07739200e-05  3.28204771e-12 
 1.07759200e-05  5.01808829e-11  1.07759200e-05  3.28317765e-12 
 1.07779200e-05  5.01808829e-11  1.07779200e-05  3.28430176e-12 
 1.07799200e-05  5.01808829e-11  1.07799200e-05  3.28541970e-12 
 1.07819200e-05  5.01808829e-11  1.07819200e-05  3.28653113e-12 
 1.07839200e-05  5.01808829e-11  1.07839200e-05  3.28763572e-12 
 1.07859200e-05  5.01808829e-11  1.07859200e-05  3.28873315e-12 
 1.07879200e-05  5.01808829e-11  1.07879200e-05  3.28982309e-12 
 1.07899200e-05  5.01808829e-11  1.07899200e-05  3.29090522e-12 
 1.07919200e-05  5.01808829e-11  1.07919200e-05  3.29197923e-12 
 1.07939200e-05  5.01808829e-11  1.07939200e-05  3.29304482e-12 
 1.07959200e-05  5.01808829e-11  1.07959200e-05  3.29410168e-12 
 1.07979200e-05  5.01808829e-11  1.07979200e-05  3.29514952e-12 
 1.07999200e-05  5.01808829e-11  1.07999200e-05  3.29618804e-12 
 1.08019200e-05  5.01808829e-11  1.08019200e-05  3.29721696e-12 
 1.08039200e-05  5.01808829e-11  1.08039200e-05  3.29823600e-12 
 1.08059200e-05  5.01808829e-11  1.08059200e-05  3.29924488e-12 
 1.08079200e-05  5.01808829e-11  1.08079200e-05  3.30024335e-12 
 1.08099200e-05  5.01808829e-11  1.08099200e-05  3.30123114e-12 
 1.08119200e-05  5.01808829e-11  1.08119200e-05  3.30220799e-12 
 1.08139200e-05  5.01808829e-11  1.08139200e-05  3.30317367e-12 
 1.08159200e-05  5.01808829e-11  1.08159200e-05  3.30412793e-12 
 1.08179200e-05  5.01808829e-11  1.08179200e-05  3.30507054e-12 
 1.08199200e-05  5.01808829e-11  1.08199200e-05  3.30600127e-12 
 1.08219200e-05  5.01808829e-11  1.08219200e-05  3.30691992e-12 
 1.08239200e-05  5.01808829e-11  1.08239200e-05  3.30782626e-12 
 1.08259200e-05  5.01808829e-11  1.08259200e-05  3.30872011e-12 
 1.08279200e-05  5.01808829e-11  1.08279200e-05  3.30960125e-12 
 1.08299200e-05  5.01808829e-11  1.08299200e-05  3.31046952e-12 
 1.08319200e-05  5.01808829e-11  1.08319200e-05  3.31132473e-12 
 1.08339200e-05  5.01808829e-11  1.08339200e-05  3.31216671e-12 
 1.08359200e-05  5.01808829e-11  1.08359200e-05  3.31299531e-12 
 1.08379200e-05  5.01808829e-11  1.08379200e-05  3.31381036e-12 
 1.08399200e-05  5.01808829e-11  1.08399200e-05  3.31461172e-12 
 1.08419200e-05  5.01808829e-11  1.08419200e-05  3.31539927e-12 
 1.08439200e-05  5.01808829e-11  1.08439200e-05  3.31617287e-12 
 1.08459200e-05  5.01808829e-11  1.08459200e-05  3.31693241e-12 
 1.08479200e-05  5.01808829e-11  1.08479200e-05  3.31767778e-12 
 1.08499200e-05  5.01808829e-11  1.08499200e-05  3.31840887e-12 
 1.08519200e-05  5.01808829e-11  1.08519200e-05  3.31912560e-12 
 1.08539200e-05  5.01808829e-11  1.08539200e-05  3.31982789e-12 
 1.08559200e-05  5.01808829e-11  1.08559200e-05  3.32051565e-12 
 1.08579200e-05  5.01808829e-11  1.08579200e-05  3.32118884e-12 
 1.08599200e-05  5.01808829e-11  1.08599200e-05  3.32184739e-12 
 1.08619200e-05  5.01808829e-11  1.08619200e-05  3.32249127e-12 
 1.08639200e-05  5.01808829e-11  1.08639200e-05  3.32312043e-12 
 1.08659200e-05  5.01808829e-11  1.08659200e-05  3.32373484e-12 
 1.08679200e-05  5.01808829e-11  1.08679200e-05  3.32433450e-12 
 1.08699200e-05  5.01808829e-11  1.08699200e-05  3.32491939e-12 
 1.08719200e-05  5.01808829e-11  1.08719200e-05  3.32548952e-12 
 1.08739200e-05  5.01808829e-11  1.08739200e-05  3.32604490e-12 
 1.08759200e-05  5.01808829e-11  1.08759200e-05  3.32658554e-12 
 1.08779200e-05  5.01808829e-11  1.08779200e-05  3.32711148e-12 
 1.08799200e-05  5.01808829e-11  1.08799200e-05  3.32762275e-12 
 1.08819200e-05  5.01808829e-11  1.08819200e-05  3.32811941e-12 
 1.08839200e-05  5.01808829e-11  1.08839200e-05  3.32860151e-12 
 1.08859200e-05  5.01808829e-11  1.08859200e-05  3.32906911e-12 
 1.08879200e-05  5.01808829e-11  1.08879200e-05  3.32952231e-12 
 1.08899200e-05  5.01808829e-11  1.08899200e-05  3.32996116e-12 
 1.08919200e-05  5.01808829e-11  1.08919200e-05  3.33038579e-12 
 1.08939200e-05  5.01808829e-11  1.08939200e-05  3.33079627e-12 
 1.08959200e-05  5.01808829e-11  1.08959200e-05  3.33119274e-12 
 1.08979200e-05  5.01808829e-11  1.08979200e-05  3.33157530e-12 
 1.08999200e-05  5.01808829e-11  1.08999200e-05  3.33194409e-12 
 1.09019200e-05  5.01808829e-11  1.09019200e-05  3.33229925e-12 
 1.09039200e-05  5.01808829e-11  1.09039200e-05  3.33264092e-12 
 1.09059200e-05  5.01808829e-11  1.09059200e-05  3.33296925e-12 
 1.09079200e-05  5.01808829e-11  1.09079200e-05  3.33328442e-12 
 1.09099200e-05  5.01808829e-11  1.09099200e-05  3.33358660e-12 
 1.09119200e-05  5.01808829e-11  1.09119200e-05  3.33387595e-12 
 1.09139200e-05  5.01808829e-11  1.09139200e-05  3.33415268e-12 
 1.09159200e-05  5.01808829e-11  1.09159200e-05  3.33441698e-12 
 1.09179200e-05  5.01808829e-11  1.09179200e-05  3.33466906e-12 
 1.09199200e-05  5.01808829e-11  1.09199200e-05  3.33490912e-12 
 1.09219200e-05  5.01808829e-11  1.09219200e-05  3.33513738e-12 
 1.09239200e-05  5.01808829e-11  1.09239200e-05  3.33535408e-12 
 1.09259200e-05  5.01808829e-11  1.09259200e-05  3.33555944e-12 
 1.09279200e-05  5.01808829e-11  1.09279200e-05  3.33575371e-12 
 1.09299200e-05  5.01808829e-11  1.09299200e-05  3.33593713e-12 
 1.09319200e-05  5.01808829e-11  1.09319200e-05  3.33610997e-12 
 1.09339200e-05  5.01808829e-11  1.09339200e-05  3.33627248e-12 
 1.09359200e-05  5.01808829e-11  1.09359200e-05  3.33642493e-12 
 1.09379200e-05  5.01808829e-11  1.09379200e-05  3.33656760e-12 
 1.09399200e-05  5.01808829e-11  1.09399200e-05  3.33670077e-12 
 1.09419200e-05  5.01808829e-11  1.09419200e-05  3.33682472e-12 
 1.09439200e-05  5.01808829e-11  1.09439200e-05  3.33693976e-12 
 1.09459200e-05  5.01808829e-11  1.09459200e-05  3.33704616e-12 
 1.09479200e-05  5.01808829e-11  1.09479200e-05  3.33714425e-12 
 1.09499200e-05  5.01808829e-11  1.09499200e-05  3.33723433e-12 
 1.09519200e-05  5.01808829e-11  1.09519200e-05  3.33731671e-12 
 1.09539200e-05  5.01808829e-11  1.09539200e-05  3.33739171e-12 
 1.09559200e-05  5.01808829e-11  1.09559200e-05  3.33745966e-12 
 1.09579200e-05  5.01808829e-11  1.09579200e-05  3.33752088e-12 
 1.09599200e-05  5.01808829e-11  1.09599200e-05  3.33757571e-12 
 1.09619200e-05  5.01808829e-11  1.09619200e-05  3.33762449e-12 
 1.09639200e-05  5.01808829e-11  1.09639200e-05  3.33766755e-12 
 1.09659200e-05  5.01808829e-11  1.09659200e-05  3.33770523e-12 
 1.09679200e-05  5.01808829e-11  1.09679200e-05  3.33773789e-12 
 1.09699200e-05  5.01808829e-11  1.09699200e-05  3.33776588e-12 
 1.09719200e-05  5.01808829e-11  1.09719200e-05  3.33778954e-12 
 1.09739200e-05  5.01808829e-11  1.09739200e-05  3.33780924e-12 
 1.09759200e-05  5.01808829e-11  1.09759200e-05  3.33782533e-12 
 1.09779200e-05  5.01808829e-11  1.09779200e-05  3.33783818e-12 
 1.09799200e-05  5.01808829e-11  1.09799200e-05  3.33784814e-12 
 1.09819200e-05  5.01808829e-11  1.09819200e-05  3.33785559e-12 
 1.09839200e-05  5.01808829e-11  1.09839200e-05  3.33786088e-12 
 1.09859200e-05  5.01808829e-11  1.09859200e-05  3.33786439e-12 
 1.09879200e-05  5.01808829e-11  1.09879200e-05  3.33786648e-12 
 1.09899200e-05  5.01808829e-11  1.09899200e-05  3.33786753e-12 
 1.09919200e-05  5.01808829e-11  1.09919200e-05  3.33786790e-12 
 1.09939200e-05  5.01808829e-11  1.09939200e-05  3.33786797e-12 
 1.09959200e-05  5.01808829e-11  1.09959200e-05  3.33786810e-12 
 1.09979200e-05  5.01808829e-11  1.09979200e-05  3.33786867e-12 
 1.09999200e-05  5.01808829e-11  1.09999200e-05  3.33787004e-12 
 1.10019200e-05  5.01808829e-11  1.10019200e-05  3.33787259e-12 
 1.10039200e-05  5.01808829e-11  1.10039200e-05  3.33787669e-12 
 1.10059200e-05  5.01808829e-11  1.10059200e-05  3.33788270e-12 
 1.10079200e-05  5.01808829e-11  1.10079200e-05  3.33789100e-12 
 1.10099200e-05  5.01808829e-11  1.10099200e-05  3.33790194e-12 
 1.10119200e-05  5.01808829e-11  1.10119200e-05  3.33791589e-12 
 1.10139200e-05  5.01808829e-11  1.10139200e-05  3.33793321e-12 
 1.10159200e-05  5.01808829e-11  1.10159200e-05  3.33795427e-12 
 1.10179200e-05  5.01808829e-11  1.10179200e-05  3.33797941e-12 
 1.10199200e-05  5.01808829e-11  1.10199200e-05  3.33800900e-12 
 1.10219200e-05  5.01808829e-11  1.10219200e-05  3.33804339e-12 
 1.10239200e-05  5.01808829e-11  1.10239200e-05  3.33808293e-12 
 1.10259200e-05  5.01808829e-11  1.10259200e-05  3.33812795e-12 
 1.10279200e-05  5.01808829e-11  1.10279200e-05  3.33817881e-12 
 1.10299200e-05  5.01808829e-11  1.10299200e-05  3.33823584e-12 
 1.10319200e-05  5.01808829e-11  1.10319200e-05  3.33829938e-12 
 1.10339200e-05  5.01808829e-11  1.10339200e-05  3.33836975e-12 
 1.10359200e-05  5.01808829e-11  1.10359200e-05  3.33844729e-12 
 1.10379200e-05  5.01808829e-11  1.10379200e-05  3.33853231e-12 
 1.10399200e-05  5.01808829e-11  1.10399200e-05  3.33862513e-12 
 1.10419200e-05  5.01808829e-11  1.10419200e-05  3.33872607e-12 
 1.10439200e-05  5.01808829e-11  1.10439200e-05  3.33883543e-12 
 1.10459200e-05  5.01808829e-11  1.10459200e-05  3.33895350e-12 
 1.10479200e-05  5.01808829e-11  1.10479200e-05  3.33908060e-12 
 1.10499200e-05  5.01808829e-11  1.10499200e-05  3.33921701e-12 
 1.10519200e-05  5.01808829e-11  1.10519200e-05  3.33936300e-12 
 1.10539200e-05  5.01808829e-11  1.10539200e-05  3.33951887e-12 
 1.10559200e-05  5.01808829e-11  1.10559200e-05  3.33968487e-12 
 1.10579200e-05  5.01808829e-11  1.10579200e-05  3.33986129e-12 
 1.10599200e-05  5.01808829e-11  1.10599200e-05  3.34004837e-12 
 1.10619200e-05  5.01808829e-11  1.10619200e-05  3.34024637e-12 
 1.10639200e-05  5.01808829e-11  1.10639200e-05  3.34045554e-12 
 1.10659200e-05  5.01808829e-11  1.10659200e-05  3.34067610e-12 
 1.10679200e-05  5.01808829e-11  1.10679200e-05  3.34090830e-12 
 1.10699200e-05  5.01808829e-11  1.10699200e-05  3.34115236e-12 
 1.10719200e-05  5.01808829e-11  1.10719200e-05  3.34140849e-12 
 1.10739200e-05  5.01808829e-11  1.10739200e-05  3.34167690e-12 
 1.10759200e-05  5.01808829e-11  1.10759200e-05  3.34195779e-12 
 1.10779200e-05  5.01808829e-11  1.10779200e-05  3.34225135e-12 
 1.10799200e-05  5.01808829e-11  1.10799200e-05  3.34255778e-12 
 1.10819200e-05  5.01808829e-11  1.10819200e-05  3.34287724e-12 
 1.10839200e-05  5.01808829e-11  1.10839200e-05  3.34320990e-12 
 1.10859200e-05  5.01808829e-11  1.10859200e-05  3.34355593e-12 
 1.10879200e-05  5.01808829e-11  1.10879200e-05  3.34391547e-12 
 1.10899200e-05  5.01808829e-11  1.10899200e-05  3.34428868e-12 
 1.10919200e-05  5.01808829e-11  1.10919200e-05  3.34467567e-12 
 1.10939200e-05  5.01808829e-11  1.10939200e-05  3.34507659e-12 
 1.10959200e-05  5.01808829e-11  1.10959200e-05  3.34549154e-12 
 1.10979200e-05  5.01808829e-11  1.10979200e-05  3.34592063e-12 
 1.10999200e-05  5.01808829e-11  1.10999200e-05  3.34636396e-12 
 1.11019200e-05  5.01808829e-11  1.11019200e-05  3.34682163e-12 
 1.11039200e-05  5.01808829e-11  1.11039200e-05  3.34729371e-12 
 1.11059200e-05  5.01808829e-11  1.11059200e-05  3.34778027e-12 
 1.11079200e-05  5.01808829e-11  1.11079200e-05  3.34828138e-12 
 1.11099200e-05  5.01808829e-11  1.11099200e-05  3.34879709e-12 
 1.11119200e-05  5.01808829e-11  1.11119200e-05  3.34932745e-12 
 1.11139200e-05  5.01808829e-11  1.11139200e-05  3.34987249e-12 
 1.11159200e-05  5.01808829e-11  1.11159200e-05  3.35043223e-12 
 1.11179200e-05  5.01808829e-11  1.11179200e-05  3.35100669e-12 
 1.11199200e-05  5.01808829e-11  1.11199200e-05  3.35159588e-12 
 1.11219200e-05  5.01808829e-11  1.11219200e-05  3.35219980e-12 
 1.11239200e-05  5.01808829e-11  1.11239200e-05  3.35281843e-12 
 1.11259200e-05  5.01808829e-11  1.11259200e-05  3.35345175e-12 
 1.11279200e-05  5.01808829e-11  1.11279200e-05  3.35409974e-12 
 1.11299200e-05  5.01808829e-11  1.11299200e-05  3.35476235e-12 
 1.11319200e-05  5.01808829e-11  1.11319200e-05  3.35543954e-12 
 1.11339200e-05  5.01808829e-11  1.11339200e-05  3.35613124e-12 
 1.11359200e-05  5.01808829e-11  1.11359200e-05  3.35683739e-12 
 1.11379200e-05  5.01808829e-11  1.11379200e-05  3.35755792e-12 
 1.11399200e-05  5.01808829e-11  1.11399200e-05  3.35829273e-12 
 1.11419200e-05  5.01808829e-11  1.11419200e-05  3.35904173e-12 
 1.11439200e-05  5.01808829e-11  1.11439200e-05  3.35980483e-12 
 1.11459200e-05  5.01808829e-11  1.11459200e-05  3.36058190e-12 
 1.11479200e-05  5.01808829e-11  1.11479200e-05  3.36137283e-12 
 1.11499200e-05  5.01808829e-11  1.11499200e-05  3.36217748e-12 
 1.11519200e-05  5.01808829e-11  1.11519200e-05  3.36299573e-12 
 1.11539200e-05  5.01808829e-11  1.11539200e-05  3.36382741e-12 
 1.11559200e-05  5.01808829e-11  1.11559200e-05  3.36467238e-12 
 1.11579200e-05  5.01808829e-11  1.11579200e-05  3.36553046e-12 
 1.11599200e-05  5.01808829e-11  1.11599200e-05  3.36640150e-12 
 1.11619200e-05  5.01808829e-11  1.11619200e-05  3.36728530e-12 
 1.11639200e-05  5.01808829e-11  1.11639200e-05  3.36818168e-12 
 1.11659200e-05  5.01808829e-11  1.11659200e-05  3.36909045e-12 
 1.11679200e-05  5.01808829e-11  1.11679200e-05  3.37001139e-12 
 1.11699200e-05  5.01808829e-11  1.11699200e-05  3.37094429e-12 
 1.11719200e-05  5.01808829e-11  1.11719200e-05  3.37188895e-12 
 1.11739200e-05  5.01808829e-11  1.11739200e-05  3.37284511e-12 
 1.11759200e-05  5.01808829e-11  1.11759200e-05  3.37381257e-12 
 1.11779200e-05  5.01808829e-11  1.11779200e-05  3.37479106e-12 
 1.11799200e-05  5.01808829e-11  1.11799200e-05  3.37578035e-12 
 1.11819200e-05  5.01808829e-11  1.11819200e-05  3.37678018e-12 
 1.11839200e-05  5.01808829e-11  1.11839200e-05  3.37779028e-12 
 1.11859200e-05  5.01808829e-11  1.11859200e-05  3.37881040e-12 
 1.11879200e-05  5.01808829e-11  1.11879200e-05  3.37984024e-12 
 1.11899200e-05  5.01808829e-11  1.11899200e-05  3.38087954e-12 
 1.11919200e-05  5.01808829e-11  1.11919200e-05  3.38192800e-12 
 1.11939200e-05  5.01808829e-11  1.11939200e-05  3.38298533e-12 
 1.11959200e-05  5.01808829e-11  1.11959200e-05  3.38405123e-12 
 1.11979200e-05  5.01808829e-11  1.11979200e-05  3.38512541e-12 
 1.11999200e-05  5.01808829e-11  1.11999200e-05  3.38620754e-12 
 1.12019200e-05  5.01808829e-11  1.12019200e-05  3.38729733e-12 
 1.12039200e-05  5.01808829e-11  1.12039200e-05  3.38839444e-12 
 1.12059200e-05  5.01808829e-11  1.12059200e-05  3.38949855e-12 
 1.12079200e-05  5.01808829e-11  1.12079200e-05  3.39060934e-12 
 1.12099200e-05  5.01808829e-11  1.12099200e-05  3.39172647e-12 
 1.12119200e-05  5.01808829e-11  1.12119200e-05  3.39284961e-12 
 1.12139200e-05  5.01808829e-11  1.12139200e-05  3.39397842e-12 
 1.12159200e-05  5.01808829e-11  1.12159200e-05  3.39511256e-12 
 1.12179200e-05  5.01808829e-11  1.12179200e-05  3.39625167e-12 
 1.12199200e-05  5.01808829e-11  1.12199200e-05  3.39739540e-12 
 1.12219200e-05  5.01808829e-11  1.12219200e-05  3.39854341e-12 
 1.12239200e-05  5.01808829e-11  1.12239200e-05  3.39969534e-12 
 1.12259200e-05  5.01808829e-11  1.12259200e-05  3.40085083e-12 
 1.12279200e-05  5.01808829e-11  1.12279200e-05  3.40200952e-12 
 1.12299200e-05  5.01808829e-11  1.12299200e-05  3.40317105e-12 
 1.12319200e-05  5.01808829e-11  1.12319200e-05  3.40433505e-12 
 1.12339200e-05  5.01808829e-11  1.12339200e-05  3.40550115e-12 
 1.12359200e-05  5.01808829e-11  1.12359200e-05  3.40666900e-12 
 1.12379200e-05  5.01808829e-11  1.12379200e-05  3.40783822e-12 
 1.12399200e-05  5.01808829e-11  1.12399200e-05  3.40900844e-12 
 1.12419200e-05  5.01808829e-11  1.12419200e-05  3.41017929e-12 
 1.12439200e-05  5.01808829e-11  1.12439200e-05  3.41135041e-12 
 1.12459200e-05  5.01808829e-11  1.12459200e-05  3.41252142e-12 
 1.12479200e-05  5.01808829e-11  1.12479200e-05  3.41369195e-12 
 1.12499200e-05  5.01808829e-11  1.12499200e-05  3.41486163e-12 
 1.12519200e-05  5.01808829e-11  1.12519200e-05  3.41603010e-12 
 1.12539200e-05  5.01808829e-11  1.12539200e-05  3.41719698e-12 
 1.12559200e-05  5.01808829e-11  1.12559200e-05  3.41836191e-12 
 1.12579200e-05  5.01808829e-11  1.12579200e-05  3.41952452e-12 
 1.12599200e-05  5.01808829e-11  1.12599200e-05  3.42068445e-12 
 1.12619200e-05  5.01808829e-11  1.12619200e-05  3.42184133e-12 
 1.12639200e-05  5.01808829e-11  1.12639200e-05  3.42299480e-12 
 1.12659200e-05  5.01808829e-11  1.12659200e-05  3.42414450e-12 
 1.12679200e-05  5.01808829e-11  1.12679200e-05  3.42529008e-12 
 1.12699200e-05  5.01808829e-11  1.12699200e-05  3.42643118e-12 
 1.12719200e-05  5.01808829e-11  1.12719200e-05  3.42756745e-12 
 1.12739200e-05  5.01808829e-11  1.12739200e-05  3.42869854e-12 
 1.12759200e-05  5.01808829e-11  1.12759200e-05  3.42982412e-12 
 1.12779200e-05  5.01808829e-11  1.12779200e-05  3.43094382e-12 
 1.12799200e-05  5.01808829e-11  1.12799200e-05  3.43205733e-12 
 1.12819200e-05  5.01808829e-11  1.12819200e-05  3.43316430e-12 
 1.12839200e-05  5.01808829e-11  1.12839200e-05  3.43426440e-12 
 1.12859200e-05  5.01808829e-11  1.12859200e-05  3.43535732e-12 
 1.12879200e-05  5.01808829e-11  1.12879200e-05  3.43644272e-12 
 1.12899200e-05  5.01808829e-11  1.12899200e-05  3.43752030e-12 
 1.12919200e-05  5.01808829e-11  1.12919200e-05  3.43858973e-12 
 1.12939200e-05  5.01808829e-11  1.12939200e-05  3.43965073e-12 
 1.12959200e-05  5.01808829e-11  1.12959200e-05  3.44070298e-12 
 1.12979200e-05  5.01808829e-11  1.12979200e-05  3.44174619e-12 
 1.12999200e-05  5.01808829e-11  1.12999200e-05  3.44278007e-12 
 1.13019200e-05  5.01808829e-11  1.13019200e-05  3.44380434e-12 
 1.13039200e-05  5.01808829e-11  1.13039200e-05  3.44481872e-12 
 1.13059200e-05  5.01808829e-11  1.13059200e-05  3.44582294e-12 
 1.13079200e-05  5.01808829e-11  1.13079200e-05  3.44681674e-12 
 1.13099200e-05  5.01808829e-11  1.13099200e-05  3.44779985e-12 
 1.13119200e-05  5.01808829e-11  1.13119200e-05  3.44877203e-12 
 1.13139200e-05  5.01808829e-11  1.13139200e-05  3.44973303e-12 
 1.13159200e-05  5.01808829e-11  1.13159200e-05  3.45068261e-12 
 1.13179200e-05  5.01808829e-11  1.13179200e-05  3.45162055e-12 
 1.13199200e-05  5.01808829e-11  1.13199200e-05  3.45254661e-12 
 1.13219200e-05  5.01808829e-11  1.13219200e-05  3.45346060e-12 
 1.13239200e-05  5.01808829e-11  1.13239200e-05  3.45436229e-12 
 1.13259200e-05  5.01808829e-11  1.13259200e-05  3.45525149e-12 
 1.13279200e-05  5.01808829e-11  1.13279200e-05  3.45612801e-12 
 1.13299200e-05  5.01808829e-11  1.13299200e-05  3.45699167e-12 
 1.13319200e-05  5.01808829e-11  1.13319200e-05  3.45784228e-12 
 1.13339200e-05  5.01808829e-11  1.13339200e-05  3.45867967e-12 
 1.13359200e-05  5.01808829e-11  1.13359200e-05  3.45950371e-12 
 1.13379200e-05  5.01808829e-11  1.13379200e-05  3.46031422e-12 
 1.13399200e-05  5.01808829e-11  1.13399200e-05  3.46111106e-12 
 1.13419200e-05  5.01808829e-11  1.13419200e-05  3.46189412e-12 
 1.13439200e-05  5.01808829e-11  1.13439200e-05  3.46266325e-12 
 1.13459200e-05  5.01808829e-11  1.13459200e-05  3.46341835e-12 
 1.13479200e-05  5.01808829e-11  1.13479200e-05  3.46415930e-12 
 1.13499200e-05  5.01808829e-11  1.13499200e-05  3.46488601e-12 
 1.13519200e-05  5.01808829e-11  1.13519200e-05  3.46559840e-12 
 1.13539200e-05  5.01808829e-11  1.13539200e-05  3.46629637e-12 
 1.13559200e-05  5.01808829e-11  1.13559200e-05  3.46697986e-12 
 1.13579200e-05  5.01808829e-11  1.13579200e-05  3.46764881e-12 
 1.13599200e-05  5.01808829e-11  1.13599200e-05  3.46830316e-12 
 1.13619200e-05  5.01808829e-11  1.13619200e-05  3.46894287e-12 
 1.13639200e-05  5.01808829e-11  1.13639200e-05  3.46956791e-12 
 1.13659200e-05  5.01808829e-11  1.13659200e-05  3.47017825e-12 
 1.13679200e-05  5.01808829e-11  1.13679200e-05  3.47077387e-12 
 1.13699200e-05  5.01808829e-11  1.13699200e-05  3.47135478e-12 
 1.13719200e-05  5.01808829e-11  1.13719200e-05  3.47192097e-12 
 1.13739200e-05  5.01808829e-11  1.13739200e-05  3.47247245e-12 
 1.13759200e-05  5.01808829e-11  1.13759200e-05  3.47300925e-12 
 1.13779200e-05  5.01808829e-11  1.13779200e-05  3.47353140e-12 
 1.13799200e-05  5.01808829e-11  1.13799200e-05  3.47403894e-12 
 1.13819200e-05  5.01808829e-11  1.13819200e-05  3.47453191e-12 
 1.13839200e-05  5.01808829e-11  1.13839200e-05  3.47501038e-12 
 1.13859200e-05  5.01808829e-11  1.13859200e-05  3.47547442e-12 
 1.13879200e-05  5.01808829e-11  1.13879200e-05  3.47592409e-12 
 1.13899200e-05  5.01808829e-11  1.13899200e-05  3.47635950e-12 
 1.13919200e-05  5.01808829e-11  1.13919200e-05  3.47678072e-12 
 1.13939200e-05  5.01808829e-11  1.13939200e-05  3.47718787e-12 
 1.13959200e-05  5.01808829e-11  1.13959200e-05  3.47758105e-12 
 1.13979200e-05  5.01808829e-11  1.13979200e-05  3.47796040e-12 
 1.13999200e-05  5.01808829e-11  1.13999200e-05  3.47832604e-12 
 1.14019200e-05  5.01808829e-11  1.14019200e-05  3.47867811e-12 
 1.14039200e-05  5.01808829e-11  1.14039200e-05  3.47901675e-12 
 1.14059200e-05  5.01808829e-11  1.14059200e-05  3.47934213e-12 
 1.14079200e-05  5.01808829e-11  1.14079200e-05  3.47965441e-12 
 1.14099200e-05  5.01808829e-11  1.14099200e-05  3.47995375e-12 
 1.14119200e-05  5.01808829e-11  1.14119200e-05  3.48024035e-12 
 1.14139200e-05  5.01808829e-11  1.14139200e-05  3.48051439e-12 
 1.14159200e-05  5.01808829e-11  1.14159200e-05  3.48077606e-12 
 1.14179200e-05  5.01808829e-11  1.14179200e-05  3.48102558e-12 
 1.14199200e-05  5.01808829e-11  1.14199200e-05  3.48126316e-12 
 1.14219200e-05  5.01808829e-11  1.14219200e-05  3.48148900e-12 
 1.14239200e-05  5.01808829e-11  1.14239200e-05  3.48170335e-12 
 1.14259200e-05  5.01808829e-11  1.14259200e-05  3.48190644e-12 
 1.14279200e-05  5.01808829e-11  1.14279200e-05  3.48209850e-12 
 1.14299200e-05  5.01808829e-11  1.14299200e-05  3.48227979e-12 
 1.14319200e-05  5.01808829e-11  1.14319200e-05  3.48245057e-12 
 1.14339200e-05  5.01808829e-11  1.14339200e-05  3.48261109e-12 
 1.14359200e-05  5.01808829e-11  1.14359200e-05  3.48276162e-12 
 1.14379200e-05  5.01808829e-11  1.14379200e-05  3.48290244e-12 
 1.14399200e-05  5.01808829e-11  1.14399200e-05  3.48303383e-12 
 1.14419200e-05  5.01808829e-11  1.14419200e-05  3.48315607e-12 
 1.14439200e-05  5.01808829e-11  1.14439200e-05  3.48326947e-12 
 1.14459200e-05  5.01808829e-11  1.14459200e-05  3.48337431e-12 
 1.14479200e-05  5.01808829e-11  1.14479200e-05  3.48347090e-12 
 1.14499200e-05  5.01808829e-11  1.14499200e-05  3.48355955e-12 
 1.14519200e-05  5.01808829e-11  1.14519200e-05  3.48364058e-12 
 1.14539200e-05  5.01808829e-11  1.14539200e-05  3.48371430e-12 
 1.14559200e-05  5.01808829e-11  1.14559200e-05  3.48378103e-12 
 1.14579200e-05  5.01808829e-11  1.14579200e-05  3.48384111e-12 
 1.14599200e-05  5.01808829e-11  1.14599200e-05  3.48389487e-12 
 1.14619200e-05  5.01808829e-11  1.14619200e-05  3.48394263e-12 
 1.14639200e-05  5.01808829e-11  1.14639200e-05  3.48398475e-12 
 1.14659200e-05  5.01808829e-11  1.14659200e-05  3.48402157e-12 
 1.14679200e-05  5.01808829e-11  1.14679200e-05  3.48405342e-12 
 1.14699200e-05  5.01808829e-11  1.14699200e-05  3.48408067e-12 
 1.14719200e-05  5.01808829e-11  1.14719200e-05  3.48410366e-12 
 1.14739200e-05  5.01808829e-11  1.14739200e-05  3.48412275e-12 
 1.14759200e-05  5.01808829e-11  1.14759200e-05  3.48413829e-12 
 1.14779200e-05  5.01808829e-11  1.14779200e-05  3.48415066e-12 
 1.14799200e-05  5.01808829e-11  1.14799200e-05  3.48416020e-12 
 1.14819200e-05  5.01808829e-11  1.14819200e-05  3.48416728e-12 
 1.14839200e-05  5.01808829e-11  1.14839200e-05  3.48417228e-12 
 1.14859200e-05  5.01808829e-11  1.14859200e-05  3.48417555e-12 
 1.14879200e-05  5.01808829e-11  1.14879200e-05  3.48417746e-12 
 1.14899200e-05  5.01808829e-11  1.14899200e-05  3.48417838e-12 
 1.14919200e-05  5.01808829e-11  1.14919200e-05  3.48417868e-12 
 1.14939200e-05  5.01808829e-11  1.14939200e-05  3.48417873e-12 
 1.14959200e-05  5.01808829e-11  1.14959200e-05  3.48417890e-12 
 1.14979200e-05  5.01808829e-11  1.14979200e-05  3.48417956e-12 
 1.14999200e-05  5.01808829e-11  1.14999200e-05  3.48418108e-12 
 1.15019200e-05  5.01808829e-11  1.15019200e-05  3.48418383e-12 
 1.15039200e-05  5.01808829e-11  1.15039200e-05  3.48418817e-12 
 1.15059200e-05  5.01808829e-11  1.15059200e-05  3.48419447e-12 
 1.15079200e-05  5.01808829e-11  1.15079200e-05  3.48420310e-12 
 1.15099200e-05  5.01808829e-11  1.15099200e-05  3.48421443e-12 
 1.15119200e-05  5.01808829e-11  1.15119200e-05  3.48422880e-12 
 1.15139200e-05  5.01808829e-11  1.15139200e-05  3.48424659e-12 
 1.15159200e-05  5.01808829e-11  1.15159200e-05  3.48426816e-12 
 1.15179200e-05  5.01808829e-11  1.15179200e-05  3.48429385e-12 
 1.15199200e-05  5.01808829e-11  1.15199200e-05  3.48432403e-12 
 1.15219200e-05  5.01808829e-11  1.15219200e-05  3.48435904e-12 
 1.15239200e-05  5.01808829e-11  1.15239200e-05  3.48439922e-12 
 1.15259200e-05  5.01808829e-11  1.15259200e-05  3.48444494e-12 
 1.15279200e-05  5.01808829e-11  1.15279200e-05  3.48449651e-12 
 1.15299200e-05  5.01808829e-11  1.15299200e-05  3.48455429e-12 
 1.15319200e-05  5.01808829e-11  1.15319200e-05  3.48461861e-12 
 1.15339200e-05  5.01808829e-11  1.15339200e-05  3.48468978e-12 
 1.15359200e-05  5.01808829e-11  1.15359200e-05  3.48476815e-12 
 1.15379200e-05  5.01808829e-11  1.15379200e-05  3.48485402e-12 
 1.15399200e-05  5.01808829e-11  1.15399200e-05  3.48494772e-12 
 1.15419200e-05  5.01808829e-11  1.15419200e-05  3.48504955e-12 
 1.15439200e-05  5.01808829e-11  1.15439200e-05  3.48515981e-12 
 1.15459200e-05  5.01808829e-11  1.15459200e-05  3.48527882e-12 
 1.15479200e-05  5.01808829e-11  1.15479200e-05  3.48540686e-12 
 1.15499200e-05  5.01808829e-11  1.15499200e-05  3.48554421e-12 
 1.15519200e-05  5.01808829e-11  1.15519200e-05  3.48569117e-12 
 1.15539200e-05  5.01808829e-11  1.15539200e-05  3.48584801e-12 
 1.15559200e-05  5.01808829e-11  1.15559200e-05  3.48601500e-12 
 1.15579200e-05  5.01808829e-11  1.15579200e-05  3.48619240e-12 
 1.15599200e-05  5.01808829e-11  1.15599200e-05  3.48638047e-12 
 1.15619200e-05  5.01808829e-11  1.15619200e-05  3.48657946e-12 
 1.15639200e-05  5.01808829e-11  1.15639200e-05  3.48678962e-12 
 1.15659200e-05  5.01808829e-11  1.15659200e-05  3.48701118e-12 
 1.15679200e-05  5.01808829e-11  1.15679200e-05  3.48724436e-12 
 1.15699200e-05  5.01808829e-11  1.15699200e-05  3.48748940e-12 
 1.15719200e-05  5.01808829e-11  1.15719200e-05  3.48774650e-12 
 1.15739200e-05  5.01808829e-11  1.15739200e-05  3.48801588e-12 
 1.15759200e-05  5.01808829e-11  1.15759200e-05  3.48829772e-12 
 1.15779200e-05  5.01808829e-11  1.15779200e-05  3.48859223e-12 
 1.15799200e-05  5.01808829e-11  1.15799200e-05  3.48889958e-12 
 1.15819200e-05  5.01808829e-11  1.15819200e-05  3.48921996e-12 
 1.15839200e-05  5.01808829e-11  1.15839200e-05  3.48955352e-12 
 1.15859200e-05  5.01808829e-11  1.15859200e-05  3.48990042e-12 
 1.15879200e-05  5.01808829e-11  1.15879200e-05  3.49026082e-12 
 1.15899200e-05  5.01808829e-11  1.15899200e-05  3.49063486e-12 
 1.15919200e-05  5.01808829e-11  1.15919200e-05  3.49102266e-12 
 1.15939200e-05  5.01808829e-11  1.15939200e-05  3.49142435e-12 
 1.15959200e-05  5.01808829e-11  1.15959200e-05  3.49184006e-12 
 1.15979200e-05  5.01808829e-11  1.15979200e-05  3.49226987e-12 
 1.15999200e-05  5.01808829e-11  1.15999200e-05  3.49271390e-12 
 1.16019200e-05  5.01808829e-11  1.16019200e-05  3.49317223e-12 
 1.16039200e-05  5.01808829e-11  1.16039200e-05  3.49364494e-12 
 1.16059200e-05  5.01808829e-11  1.16059200e-05  3.49413209e-12 
 1.16079200e-05  5.01808829e-11  1.16079200e-05  3.49463376e-12 
 1.16099200e-05  5.01808829e-11  1.16099200e-05  3.49514998e-12 
 1.16119200e-05  5.01808829e-11  1.16119200e-05  3.49568082e-12 
 1.16139200e-05  5.01808829e-11  1.16139200e-05  3.49622628e-12 
 1.16159200e-05  5.01808829e-11  1.16159200e-05  3.49678642e-12 
 1.16179200e-05  5.01808829e-11  1.16179200e-05  3.49736122e-12 
 1.16199200e-05  5.01808829e-11  1.16199200e-05  3.49795071e-12 
 1.16219200e-05  5.01808829e-11  1.16219200e-05  3.49855488e-12 
 1.16239200e-05  5.01808829e-11  1.16239200e-05  3.49917372e-12 
 1.16259200e-05  5.01808829e-11  1.16259200e-05  3.49980720e-12 
 1.16279200e-05  5.01808829e-11  1.16279200e-05  3.50045529e-12 
 1.16299200e-05  5.01808829e-11  1.16299200e-05  3.50111795e-12 
 1.16319200e-05  5.01808829e-11  1.16319200e-05  3.50179513e-12 
 1.16339200e-05  5.01808829e-11  1.16339200e-05  3.50248677e-12 
 1.16359200e-05  5.01808829e-11  1.16359200e-05  3.50319281e-12 
 1.16379200e-05  5.01808829e-11  1.16379200e-05  3.50391316e-12 
 1.16399200e-05  5.01808829e-11  1.16399200e-05  3.50464775e-12 
 1.16419200e-05  5.01808829e-11  1.16419200e-05  3.50539647e-12 
 1.16439200e-05  5.01808829e-11  1.16439200e-05  3.50615921e-12 
 1.16459200e-05  5.01808829e-11  1.16459200e-05  3.50693588e-12 
 1.16479200e-05  5.01808829e-11  1.16479200e-05  3.50772633e-12 
 1.16499200e-05  5.01808829e-11  1.16499200e-05  3.50853046e-12 
 1.16519200e-05  5.01808829e-11  1.16519200e-05  3.50934810e-12 
 1.16539200e-05  5.01808829e-11  1.16539200e-05  3.51017912e-12 
 1.16559200e-05  5.01808829e-11  1.16559200e-05  3.51102336e-12 
 1.16579200e-05  5.01808829e-11  1.16579200e-05  3.51188066e-12 
 1.16599200e-05  5.01808829e-11  1.16599200e-05  3.51275084e-12 
 1.16619200e-05  5.01808829e-11  1.16619200e-05  3.51363371e-12 
 1.16639200e-05  5.01808829e-11  1.16639200e-05  3.51452910e-12 
 1.16659200e-05  5.01808829e-11  1.16659200e-05  3.51543680e-12 
 1.16679200e-05  5.01808829e-11  1.16679200e-05  3.51635661e-12 
 1.16699200e-05  5.01808829e-11  1.16699200e-05  3.51728832e-12 
 1.16719200e-05  5.01808829e-11  1.16719200e-05  3.51823170e-12 
 1.16739200e-05  5.01808829e-11  1.16739200e-05  3.51918653e-12 
 1.16759200e-05  5.01808829e-11  1.16759200e-05  3.52015258e-12 
 1.16779200e-05  5.01808829e-11  1.16779200e-05  3.52112960e-12 
 1.16799200e-05  5.01808829e-11  1.16799200e-05  3.52211734e-12 
 1.16819200e-05  5.01808829e-11  1.16819200e-05  3.52311554e-12 
 1.16839200e-05  5.01808829e-11  1.16839200e-05  3.52412395e-12 
 1.16859200e-05  5.01808829e-11  1.16859200e-05  3.52514230e-12 
 1.16879200e-05  5.01808829e-11  1.16879200e-05  3.52617031e-12 
 1.16899200e-05  5.01808829e-11  1.16899200e-05  3.52720770e-12 
 1.16919200e-05  5.01808829e-11  1.16919200e-05  3.52825419e-12 
 1.16939200e-05  5.01808829e-11  1.16939200e-05  3.52930947e-12 
 1.16959200e-05  5.01808829e-11  1.16959200e-05  3.53037326e-12 
 1.16979200e-05  5.01808829e-11  1.16979200e-05  3.53144525e-12 
 1.16999200e-05  5.01808829e-11  1.16999200e-05  3.53252513e-12 
 1.17019200e-05  5.01808829e-11  1.17019200e-05  3.53361258e-12 
 1.17039200e-05  5.01808829e-11  1.17039200e-05  3.53470729e-12 
 1.17059200e-05  5.01808829e-11  1.17059200e-05  3.53580894e-12 
 1.17079200e-05  5.01808829e-11  1.17079200e-05  3.53691719e-12 
 1.17099200e-05  5.01808829e-11  1.17099200e-05  3.53803172e-12 
 1.17119200e-05  5.01808829e-11  1.17119200e-05  3.53915218e-12 
 1.17139200e-05  5.01808829e-11  1.17139200e-05  3.54027825e-12 
 1.17159200e-05  5.01808829e-11  1.17159200e-05  3.54140958e-12 
 1.17179200e-05  5.01808829e-11  1.17179200e-05  3.54254581e-12 
 1.17199200e-05  5.01808829e-11  1.17199200e-05  3.54368661e-12 
 1.17219200e-05  5.01808829e-11  1.17219200e-05  3.54483161e-12 
 1.17239200e-05  5.01808829e-11  1.17239200e-05  3.54598047e-12 
 1.17259200e-05  5.01808829e-11  1.17259200e-05  3.54713282e-12 
 1.17279200e-05  5.01808829e-11  1.17279200e-05  3.54828832e-12 
 1.17299200e-05  5.01808829e-11  1.17299200e-05  3.54944658e-12 
 1.17319200e-05  5.01808829e-11  1.17319200e-05  3.55060726e-12 
 1.17339200e-05  5.01808829e-11  1.17339200e-05  3.55176999e-12 
 1.17359200e-05  5.01808829e-11  1.17359200e-05  3.55293440e-12 
 1.17379200e-05  5.01808829e-11  1.17379200e-05  3.55410012e-12 
 1.17399200e-05  5.01808829e-11  1.17399200e-05  3.55526678e-12 
 1.17419200e-05  5.01808829e-11  1.17419200e-05  3.55643403e-12 
 1.17439200e-05  5.01808829e-11  1.17439200e-05  3.55760148e-12 
 1.17459200e-05  5.01808829e-11  1.17459200e-05  3.55876877e-12 
 1.17479200e-05  5.01808829e-11  1.17479200e-05  3.55993553e-12 
 1.17499200e-05  5.01808829e-11  1.17499200e-05  3.56110140e-12 
 1.17519200e-05  5.01808829e-11  1.17519200e-05  3.56226599e-12 
 1.17539200e-05  5.01808829e-11  1.17539200e-05  3.56342895e-12 
 1.17559200e-05  5.01808829e-11  1.17559200e-05  3.56458991e-12 
 1.17579200e-05  5.01808829e-11  1.17579200e-05  3.56574851e-12 
 1.17599200e-05  5.01808829e-11  1.17599200e-05  3.56690438e-12 
 1.17619200e-05  5.01808829e-11  1.17619200e-05  3.56805716e-12 
 1.17639200e-05  5.01808829e-11  1.17639200e-05  3.56920648e-12 
 1.17659200e-05  5.01808829e-11  1.17659200e-05  3.57035200e-12 
 1.17679200e-05  5.01808829e-11  1.17679200e-05  3.57149336e-12 
 1.17699200e-05  5.01808829e-11  1.17699200e-05  3.57263020e-12 
 1.17719200e-05  5.01808829e-11  1.17719200e-05  3.57376217e-12 
 1.17739200e-05  5.01808829e-11  1.17739200e-05  3.57488894e-12 
 1.17759200e-05  5.01808829e-11  1.17759200e-05  3.57601015e-12 
 1.17779200e-05  5.01808829e-11  1.17779200e-05  3.57712546e-12 
 1.17799200e-05  5.01808829e-11  1.17799200e-05  3.57823454e-12 
 1.17819200e-05  5.01808829e-11  1.17819200e-05  3.57933706e-12 
 1.17839200e-05  5.01808829e-11  1.17839200e-05  3.58043269e-12 
 1.17859200e-05  5.01808829e-11  1.17859200e-05  3.58152110e-12 
 1.17879200e-05  5.01808829e-11  1.17879200e-05  3.58260198e-12 
 1.17899200e-05  5.01808829e-11  1.17899200e-05  3.58367501e-12 
 1.17919200e-05  5.01808829e-11  1.17919200e-05  3.58473988e-12 
 1.17939200e-05  5.01808829e-11  1.17939200e-05  3.58579629e-12 
 1.17959200e-05  5.01808829e-11  1.17959200e-05  3.58684394e-12 
 1.17979200e-05  5.01808829e-11  1.17979200e-05  3.58788254e-12 
 1.17999200e-05  5.01808829e-11  1.17999200e-05  3.58891180e-12 
 1.18019200e-05  5.01808829e-11  1.18019200e-05  3.58993143e-12 
 1.18039200e-05  5.01808829e-11  1.18039200e-05  3.59094117e-12 
 1.18059200e-05  5.01808829e-11  1.18059200e-05  3.59194074e-12 
 1.18079200e-05  5.01808829e-11  1.18079200e-05  3.59292987e-12 
 1.18099200e-05  5.01808829e-11  1.18099200e-05  3.59390833e-12 
 1.18119200e-05  5.01808829e-11  1.18119200e-05  3.59487584e-12 
 1.18139200e-05  5.01808829e-11  1.18139200e-05  3.59583218e-12 
 1.18159200e-05  5.01808829e-11  1.18159200e-05  3.59677710e-12 
 1.18179200e-05  5.01808829e-11  1.18179200e-05  3.59771038e-12 
 1.18199200e-05  5.01808829e-11  1.18199200e-05  3.59863180e-12 
 1.18219200e-05  5.01808829e-11  1.18219200e-05  3.59954114e-12 
 1.18239200e-05  5.01808829e-11  1.18239200e-05  3.60043819e-12 
 1.18259200e-05  5.01808829e-11  1.18259200e-05  3.60132277e-12 
 1.18279200e-05  5.01808829e-11  1.18279200e-05  3.60219468e-12 
 1.18299200e-05  5.01808829e-11  1.18299200e-05  3.60305373e-12 
 1.18319200e-05  5.01808829e-11  1.18319200e-05  3.60389976e-12 
 1.18339200e-05  5.01808829e-11  1.18339200e-05  3.60473259e-12 
 1.18359200e-05  5.01808829e-11  1.18359200e-05  3.60555208e-12 
 1.18379200e-05  5.01808829e-11  1.18379200e-05  3.60635807e-12 
 1.18399200e-05  5.01808829e-11  1.18399200e-05  3.60715041e-12 
 1.18419200e-05  5.01808829e-11  1.18419200e-05  3.60792899e-12 
 1.18439200e-05  5.01808829e-11  1.18439200e-05  3.60869367e-12 
 1.18459200e-05  5.01808829e-11  1.18459200e-05  3.60944435e-12 
 1.18479200e-05  5.01808829e-11  1.18479200e-05  3.61018091e-12 
 1.18499200e-05  5.01808829e-11  1.18499200e-05  3.61090326e-12 
 1.18519200e-05  5.01808829e-11  1.18519200e-05  3.61161131e-12 
 1.18539200e-05  5.01808829e-11  1.18539200e-05  3.61230499e-12 
 1.18559200e-05  5.01808829e-11  1.18559200e-05  3.61298422e-12 
 1.18579200e-05  5.01808829e-11  1.18579200e-05  3.61364894e-12 
 1.18599200e-05  5.01808829e-11  1.18599200e-05  3.61429911e-12 
 1.18619200e-05  5.01808829e-11  1.18619200e-05  3.61493468e-12 
 1.18639200e-05  5.01808829e-11  1.18639200e-05  3.61555562e-12 
 1.18659200e-05  5.01808829e-11  1.18659200e-05  3.61616190e-12 
 1.18679200e-05  5.01808829e-11  1.18679200e-05  3.61675351e-12 
 1.18699200e-05  5.01808829e-11  1.18699200e-05  3.61733045e-12 
 1.18719200e-05  5.01808829e-11  1.18719200e-05  3.61789272e-12 
 1.18739200e-05  5.01808829e-11  1.18739200e-05  3.61844033e-12 
 1.18759200e-05  5.01808829e-11  1.18759200e-05  3.61897331e-12 
 1.18779200e-05  5.01808829e-11  1.18779200e-05  3.61949169e-12 
 1.18799200e-05  5.01808829e-11  1.18799200e-05  3.61999551e-12 
 1.18819200e-05  5.01808829e-11  1.18819200e-05  3.62048482e-12 
 1.18839200e-05  5.01808829e-11  1.18839200e-05  3.62095968e-12 
 1.18859200e-05  5.01808829e-11  1.18859200e-05  3.62142017e-12 
 1.18879200e-05  5.01808829e-11  1.18879200e-05  3.62186634e-12 
 1.18899200e-05  5.01808829e-11  1.18899200e-05  3.62229831e-12 
 1.18919200e-05  5.01808829e-11  1.18919200e-05  3.62271615e-12 
 1.18939200e-05  5.01808829e-11  1.18939200e-05  3.62311998e-12 
 1.18959200e-05  5.01808829e-11  1.18959200e-05  3.62350991e-12 
 1.18979200e-05  5.01808829e-11  1.18979200e-05  3.62388606e-12 
 1.18999200e-05  5.01808829e-11  1.18999200e-05  3.62424857e-12 
 1.19019200e-05  5.01808829e-11  1.19019200e-05  3.62459757e-12 
 1.19039200e-05  5.01808829e-11  1.19039200e-05  3.62493320e-12 
 1.19059200e-05  5.01808829e-11  1.19059200e-05  3.62525564e-12 
 1.19079200e-05  5.01808829e-11  1.19079200e-05  3.62556504e-12 
 1.19099200e-05  5.01808829e-11  1.19099200e-05  3.62586158e-12 
 1.19119200e-05  5.01808829e-11  1.19119200e-05  3.62614544e-12 
 1.19139200e-05  5.01808829e-11  1.19139200e-05  3.62641680e-12 
 1.19159200e-05  5.01808829e-11  1.19159200e-05  3.62667587e-12 
 1.19179200e-05  5.01808829e-11  1.19179200e-05  3.62692285e-12 
 1.19199200e-05  5.01808829e-11  1.19199200e-05  3.62715796e-12 
 1.19219200e-05  5.01808829e-11  1.19219200e-05  3.62738141e-12 
 1.19239200e-05  5.01808829e-11  1.19239200e-05  3.62759343e-12 
 1.19259200e-05  5.01808829e-11  1.19259200e-05  3.62779426e-12 
 1.19279200e-05  5.01808829e-11  1.19279200e-05  3.62798413e-12 
 1.19299200e-05  5.01808829e-11  1.19299200e-05  3.62816331e-12 
 1.19319200e-05  5.01808829e-11  1.19319200e-05  3.62833203e-12 
 1.19339200e-05  5.01808829e-11  1.19339200e-05  3.62849058e-12 
 1.19359200e-05  5.01808829e-11  1.19359200e-05  3.62863920e-12 
 1.19379200e-05  5.01808829e-11  1.19379200e-05  3.62877819e-12 
 1.19399200e-05  5.01808829e-11  1.19399200e-05  3.62890781e-12 
 1.19419200e-05  5.01808829e-11  1.19419200e-05  3.62902837e-12 
 1.19439200e-05  5.01808829e-11  1.19439200e-05  3.62914014e-12 
 1.19459200e-05  5.01808829e-11  1.19459200e-05  3.62924343e-12 
 1.19479200e-05  5.01808829e-11  1.19479200e-05  3.62933854e-12 
 1.19499200e-05  5.01808829e-11  1.19499200e-05  3.62942579e-12 
 1.19519200e-05  5.01808829e-11  1.19519200e-05  3.62950548e-12 
 1.19539200e-05  5.01808829e-11  1.19539200e-05  3.62957793e-12 
 1.19559200e-05  5.01808829e-11  1.19559200e-05  3.62964346e-12 
 1.19579200e-05  5.01808829e-11  1.19579200e-05  3.62970241e-12 
 1.19599200e-05  5.01808829e-11  1.19599200e-05  3.62975510e-12 
 1.19619200e-05  5.01808829e-11  1.19619200e-05  3.62980187e-12 
 1.19639200e-05  5.01808829e-11  1.19639200e-05  3.62984307e-12 
 1.19659200e-05  5.01808829e-11  1.19659200e-05  3.62987902e-12 
 1.19679200e-05  5.01808829e-11  1.19679200e-05  3.62991008e-12 
 1.19699200e-05  5.01808829e-11  1.19699200e-05  3.62993660e-12 
 1.19719200e-05  5.01808829e-11  1.19719200e-05  3.62995893e-12 
 1.19739200e-05  5.01808829e-11  1.19739200e-05  3.62997742e-12 
 1.19759200e-05  5.01808829e-11  1.19759200e-05  3.62999243e-12 
 1.19779200e-05  5.01808829e-11  1.19779200e-05  3.63000432e-12 
 1.19799200e-05  5.01808829e-11  1.19799200e-05  3.63001345e-12 
 1.19819200e-05  5.01808829e-11  1.19819200e-05  3.63002019e-12 
 1.19839200e-05  5.01808829e-11  1.19839200e-05  3.63002489e-12 
 1.19859200e-05  5.01808829e-11  1.19859200e-05  3.63002793e-12 
 1.19879200e-05  5.01808829e-11  1.19879200e-05  3.63002966e-12 
 1.19899200e-05  5.01808829e-11  1.19899200e-05  3.63003047e-12 
 1.19919200e-05  5.01808829e-11  1.19919200e-05  3.63003071e-12 
 1.19939200e-05  5.01808829e-11  1.19939200e-05  3.63003076e-12 
 1.19959200e-05  5.01808829e-11  1.19959200e-05  3.63003098e-12 
 1.19979200e-05  5.01808829e-11  1.19979200e-05  3.63003174e-12 
 1.19999200e-05  5.01808829e-11  1.19999200e-05  3.63003341e-12 
 1.20019200e-05  5.01808829e-11  1.20019200e-05  3.63003636e-12 
 1.20039200e-05  5.01808829e-11  1.20039200e-05  3.63004095e-12 
 1.20059200e-05  5.01808829e-11  1.20059200e-05  3.63004755e-12 
 1.20079200e-05  5.01808829e-11  1.20079200e-05  3.63005652e-12 
 1.20099200e-05  5.01808829e-11  1.20099200e-05  3.63006823e-12 
 1.20119200e-05  5.01808829e-11  1.20119200e-05  3.63008304e-12 
 1.20139200e-05  5.01808829e-11  1.20139200e-05  3.63010130e-12 
 1.20159200e-05  5.01808829e-11  1.20159200e-05  3.63012337e-12 
 1.20179200e-05  5.01808829e-11  1.20179200e-05  3.63014962e-12 
 1.20199200e-05  5.01808829e-11  1.20199200e-05  3.63018038e-12 
 1.20219200e-05  5.01808829e-11  1.20219200e-05  3.63021601e-12 
 1.20239200e-05  5.01808829e-11  1.20239200e-05  3.63025686e-12 
 1.20259200e-05  5.01808829e-11  1.20259200e-05  3.63030326e-12 
 1.20279200e-05  5.01808829e-11  1.20279200e-05  3.63035556e-12 
 1.20299200e-05  5.01808829e-11  1.20299200e-05  3.63041409e-12 
 1.20319200e-05  5.01808829e-11  1.20319200e-05  3.63047919e-12 
 1.20339200e-05  5.01808829e-11  1.20339200e-05  3.63055117e-12 
 1.20359200e-05  5.01808829e-11  1.20359200e-05  3.63063036e-12 
 1.20379200e-05  5.01808829e-11  1.20379200e-05  3.63071709e-12 
 1.20399200e-05  5.01808829e-11  1.20399200e-05  3.63081165e-12 
 1.20419200e-05  5.01808829e-11  1.20419200e-05  3.63091438e-12 
 1.20439200e-05  5.01808829e-11  1.20439200e-05  3.63102555e-12 
 1.20459200e-05  5.01808829e-11  1.20459200e-05  3.63114548e-12 
 1.20479200e-05  5.01808829e-11  1.20479200e-05  3.63127446e-12 
 1.20499200e-05  5.01808829e-11  1.20499200e-05  3.63141277e-12 
 1.20519200e-05  5.01808829e-11  1.20519200e-05  3.63156069e-12 
 1.20539200e-05  5.01808829e-11  1.20539200e-05  3.63171850e-12 
 1.20559200e-05  5.01808829e-11  1.20559200e-05  3.63188646e-12 
 1.20579200e-05  5.01808829e-11  1.20579200e-05  3.63206485e-12 
 1.20599200e-05  5.01808829e-11  1.20599200e-05  3.63225391e-12 
 1.20619200e-05  5.01808829e-11  1.20619200e-05  3.63245389e-12 
 1.20639200e-05  5.01808829e-11  1.20639200e-05  3.63266503e-12 
 1.20659200e-05  5.01808829e-11  1.20659200e-05  3.63288757e-12 
 1.20679200e-05  5.01808829e-11  1.20679200e-05  3.63312174e-12 
 1.20699200e-05  5.01808829e-11  1.20699200e-05  3.63336776e-12 
 1.20719200e-05  5.01808829e-11  1.20719200e-05  3.63362583e-12 
 1.20739200e-05  5.01808829e-11  1.20739200e-05  3.63389617e-12 
 1.20759200e-05  5.01808829e-11  1.20759200e-05  3.63417896e-12 
 1.20779200e-05  5.01808829e-11  1.20779200e-05  3.63447441e-12 
 1.20799200e-05  5.01808829e-11  1.20799200e-05  3.63478268e-12 
 1.20819200e-05  5.01808829e-11  1.20819200e-05  3.63510396e-12 
 1.20839200e-05  5.01808829e-11  1.20839200e-05  3.63543841e-12 
 1.20859200e-05  5.01808829e-11  1.20859200e-05  3.63578619e-12 
 1.20879200e-05  5.01808829e-11  1.20879200e-05  3.63614744e-12 
 1.20899200e-05  5.01808829e-11  1.20899200e-05  3.63652230e-12 
 1.20919200e-05  5.01808829e-11  1.20919200e-05  3.63691090e-12 
 1.20939200e-05  5.01808829e-11  1.20939200e-05  3.63731337e-12 
 1.20959200e-05  5.01808829e-11  1.20959200e-05  3.63772983e-12 
 1.20979200e-05  5.01808829e-11  1.20979200e-05  3.63816036e-12 
 1.20999200e-05  5.01808829e-11  1.20999200e-05  3.63860508e-12 
 1.21019200e-05  5.01808829e-11  1.21019200e-05  3.63906406e-12 
 1.21039200e-05  5.01808829e-11  1.21039200e-05  3.63953738e-12 
 1.21059200e-05  5.01808829e-11  1.21059200e-05  3.64002512e-12 
 1.21079200e-05  5.01808829e-11  1.21079200e-05  3.64052733e-12 
 1.21099200e-05  5.01808829e-11  1.21099200e-05  3.64104407e-12 
 1.21119200e-05  5.01808829e-11  1.21119200e-05  3.64157537e-12 
 1.21139200e-05  5.01808829e-11  1.21139200e-05  3.64212126e-12 
 1.21159200e-05  5.01808829e-11  1.21159200e-05  3.64268178e-12 
 1.21179200e-05  5.01808829e-11  1.21179200e-05  3.64325692e-12 
 1.21199200e-05  5.01808829e-11  1.21199200e-05  3.64384670e-12 
 1.21219200e-05  5.01808829e-11  1.21219200e-05  3.64445112e-12 
 1.21239200e-05  5.01808829e-11  1.21239200e-05  3.64507015e-12 
 1.21259200e-05  5.01808829e-11  1.21259200e-05  3.64570377e-12 
 1.21279200e-05  5.01808829e-11  1.21279200e-05  3.64635196e-12 
 1.21299200e-05  5.01808829e-11  1.21299200e-05  3.64701466e-12 
 1.21319200e-05  5.01808829e-11  1.21319200e-05  3.64769183e-12 
 1.21339200e-05  5.01808829e-11  1.21339200e-05  3.64838341e-12 
 1.21359200e-05  5.01808829e-11  1.21359200e-05  3.64908933e-12 
 1.21379200e-05  5.01808829e-11  1.21379200e-05  3.64980950e-12 
 1.21399200e-05  5.01808829e-11  1.21399200e-05  3.65054385e-12 
 1.21419200e-05  5.01808829e-11  1.21419200e-05  3.65129227e-12 
 1.21439200e-05  5.01808829e-11  1.21439200e-05  3.65205466e-12 
 1.21459200e-05  5.01808829e-11  1.21459200e-05  3.65283091e-12 
 1.21479200e-05  5.01808829e-11  1.21479200e-05  3.65362089e-12 
 1.21499200e-05  5.01808829e-11  1.21499200e-05  3.65442447e-12 
 1.21519200e-05  5.01808829e-11  1.21519200e-05  3.65524151e-12 
 1.21539200e-05  5.01808829e-11  1.21539200e-05  3.65607186e-12 
 1.21559200e-05  5.01808829e-11  1.21559200e-05  3.65691537e-12 
 1.21579200e-05  5.01808829e-11  1.21579200e-05  3.65777186e-12 
 1.21599200e-05  5.01808829e-11  1.21599200e-05  3.65864118e-12 
 1.21619200e-05  5.01808829e-11  1.21619200e-05  3.65952312e-12 
 1.21639200e-05  5.01808829e-11  1.21639200e-05  3.66041751e-12 
 1.21659200e-05  5.01808829e-11  1.21659200e-05  3.66132414e-12 
 1.21679200e-05  5.01808829e-11  1.21679200e-05  3.66224282e-12 
 1.21699200e-05  5.01808829e-11  1.21699200e-05  3.66317332e-12 
 1.21719200e-05  5.01808829e-11  1.21719200e-05  3.66411543e-12 
 1.21739200e-05  5.01808829e-11  1.21739200e-05  3.66506891e-12 
 1.21759200e-05  5.01808829e-11  1.21759200e-05  3.66603354e-12 
 1.21779200e-05  5.01808829e-11  1.21779200e-05  3.66700908e-12 
 1.21799200e-05  5.01808829e-11  1.21799200e-05  3.66799526e-12 
 1.21819200e-05  5.01808829e-11  1.21819200e-05  3.66899184e-12 
 1.21839200e-05  5.01808829e-11  1.21839200e-05  3.66999856e-12 
 1.21859200e-05  5.01808829e-11  1.21859200e-05  3.67101514e-12 
 1.21879200e-05  5.01808829e-11  1.21879200e-05  3.67204131e-12 
 1.21899200e-05  5.01808829e-11  1.21899200e-05  3.67307679e-12 
 1.21919200e-05  5.01808829e-11  1.21919200e-05  3.67412130e-12 
 1.21939200e-05  5.01808829e-11  1.21939200e-05  3.67517453e-12 
 1.21959200e-05  5.01808829e-11  1.21959200e-05  3.67623620e-12 
 1.21979200e-05  5.01808829e-11  1.21979200e-05  3.67730599e-12 
 1.21999200e-05  5.01808829e-11  1.21999200e-05  3.67838361e-12 
 1.22019200e-05  5.01808829e-11  1.22019200e-05  3.67946873e-12 
 1.22039200e-05  5.01808829e-11  1.22039200e-05  3.68056104e-12 
 1.22059200e-05  5.01808829e-11  1.22059200e-05  3.68166022e-12 
 1.22079200e-05  5.01808829e-11  1.22079200e-05  3.68276593e-12 
 1.22099200e-05  5.01808829e-11  1.22099200e-05  3.68387785e-12 
 1.22119200e-05  5.01808829e-11  1.22119200e-05  3.68499564e-12 
 1.22139200e-05  5.01808829e-11  1.22139200e-05  3.68611896e-12 
 1.22159200e-05  5.01808829e-11  1.22159200e-05  3.68724748e-12 
 1.22179200e-05  5.01808829e-11  1.22179200e-05  3.68838084e-12 
 1.22199200e-05  5.01808829e-11  1.22199200e-05  3.68951869e-12 
 1.22219200e-05  5.01808829e-11  1.22219200e-05  3.69066069e-12 
 1.22239200e-05  5.01808829e-11  1.22239200e-05  3.69180648e-12 
 1.22259200e-05  5.01808829e-11  1.22259200e-05  3.69295570e-12 
 1.22279200e-05  5.01808829e-11  1.22279200e-05  3.69410800e-12 
 1.22299200e-05  5.01808829e-11  1.22299200e-05  3.69526301e-12 
 1.22319200e-05  5.01808829e-11  1.22319200e-05  3.69642037e-12 
 1.22339200e-05  5.01808829e-11  1.22339200e-05  3.69757972e-12 
 1.22359200e-05  5.01808829e-11  1.22359200e-05  3.69874069e-12 
 1.22379200e-05  5.01808829e-11  1.22379200e-05  3.69990291e-12 
 1.22399200e-05  5.01808829e-11  1.22399200e-05  3.70106603e-12 
 1.22419200e-05  5.01808829e-11  1.22419200e-05  3.70222967e-12 
 1.22439200e-05  5.01808829e-11  1.22439200e-05  3.70339346e-12 
 1.22459200e-05  5.01808829e-11  1.22459200e-05  3.70455704e-12 
 1.22479200e-05  5.01808829e-11  1.22479200e-05  3.70572003e-12 
 1.22499200e-05  5.01808829e-11  1.22499200e-05  3.70688208e-12 
 1.22519200e-05  5.01808829e-11  1.22519200e-05  3.70804281e-12 
 1.22539200e-05  5.01808829e-11  1.22539200e-05  3.70920185e-12 
 1.22559200e-05  5.01808829e-11  1.22559200e-05  3.71035885e-12 
 1.22579200e-05  5.01808829e-11  1.22579200e-05  3.71151344e-12 
 1.22599200e-05  5.01808829e-11  1.22599200e-05  3.71266526e-12 
 1.22619200e-05  5.01808829e-11  1.22619200e-05  3.71381394e-12 
 1.22639200e-05  5.01808829e-11  1.22639200e-05  3.71495913e-12 
 1.22659200e-05  5.01808829e-11  1.22659200e-05  3.71610047e-12 
 1.22679200e-05  5.01808829e-11  1.22679200e-05  3.71723761e-12 
 1.22699200e-05  5.01808829e-11  1.22699200e-05  3.71837020e-12 
 1.22719200e-05  5.01808829e-11  1.22719200e-05  3.71949789e-12 
 1.22739200e-05  5.01808829e-11  1.22739200e-05  3.72062033e-12 
 1.22759200e-05  5.01808829e-11  1.22759200e-05  3.72173718e-12 
 1.22779200e-05  5.01808829e-11  1.22779200e-05  3.72284811e-12 
 1.22799200e-05  5.01808829e-11  1.22799200e-05  3.72395278e-12 
 1.22819200e-05  5.01808829e-11  1.22819200e-05  3.72505086e-12 
 1.22839200e-05  5.01808829e-11  1.22839200e-05  3.72614202e-12 
 1.22859200e-05  5.01808829e-11  1.22859200e-05  3.72722594e-12 
 1.22879200e-05  5.01808829e-11  1.22879200e-05  3.72830231e-12 
 1.22899200e-05  5.01808829e-11  1.22899200e-05  3.72937080e-12 
 1.22919200e-05  5.01808829e-11  1.22919200e-05  3.73043112e-12 
 1.22939200e-05  5.01808829e-11  1.22939200e-05  3.73148296e-12 
 1.22959200e-05  5.01808829e-11  1.22959200e-05  3.73252603e-12 
 1.22979200e-05  5.01808829e-11  1.22979200e-05  3.73356003e-12 
 1.22999200e-05  5.01808829e-11  1.22999200e-05  3.73458467e-12 
 1.23019200e-05  5.01808829e-11  1.23019200e-05  3.73559968e-12 
 1.23039200e-05  5.01808829e-11  1.23039200e-05  3.73660479e-12 
 1.23059200e-05  5.01808829e-11  1.23059200e-05  3.73759972e-12 
 1.23079200e-05  5.01808829e-11  1.23079200e-05  3.73858421e-12 
 1.23099200e-05  5.01808829e-11  1.23099200e-05  3.73955801e-12 
 1.23119200e-05  5.01808829e-11  1.23119200e-05  3.74052088e-12 
 1.23139200e-05  5.01808829e-11  1.23139200e-05  3.74147257e-12 
 1.23159200e-05  5.01808829e-11  1.23159200e-05  3.74241285e-12 
 1.23179200e-05  5.01808829e-11  1.23179200e-05  3.74334148e-12 
 1.23199200e-05  5.01808829e-11  1.23199200e-05  3.74425827e-12 
 1.23219200e-05  5.01808829e-11  1.23219200e-05  3.74516298e-12 
 1.23239200e-05  5.01808829e-11  1.23239200e-05  3.74605541e-12 
 1.23259200e-05  5.01808829e-11  1.23259200e-05  3.74693538e-12 
 1.23279200e-05  5.01808829e-11  1.23279200e-05  3.74780269e-12 
 1.23299200e-05  5.01808829e-11  1.23299200e-05  3.74865716e-12 
 1.23319200e-05  5.01808829e-11  1.23319200e-05  3.74949863e-12 
 1.23339200e-05  5.01808829e-11  1.23339200e-05  3.75032691e-12 
 1.23359200e-05  5.01808829e-11  1.23359200e-05  3.75114187e-12 
 1.23379200e-05  5.01808829e-11  1.23379200e-05  3.75194335e-12 
 1.23399200e-05  5.01808829e-11  1.23399200e-05  3.75273121e-12 
 1.23419200e-05  5.01808829e-11  1.23419200e-05  3.75350533e-12 
 1.23439200e-05  5.01808829e-11  1.23439200e-05  3.75426558e-12 
 1.23459200e-05  5.01808829e-11  1.23459200e-05  3.75501185e-12 
 1.23479200e-05  5.01808829e-11  1.23479200e-05  3.75574404e-12 
 1.23499200e-05  5.01808829e-11  1.23499200e-05  3.75646204e-12 
 1.23519200e-05  5.01808829e-11  1.23519200e-05  3.75716579e-12 
 1.23539200e-05  5.01808829e-11  1.23539200e-05  3.75785519e-12 
 1.23559200e-05  5.01808829e-11  1.23559200e-05  3.75853018e-12 
 1.23579200e-05  5.01808829e-11  1.23579200e-05  3.75919070e-12 
 1.23599200e-05  5.01808829e-11  1.23599200e-05  3.75983670e-12 
 1.23619200e-05  5.01808829e-11  1.23619200e-05  3.76046815e-12 
 1.23639200e-05  5.01808829e-11  1.23639200e-05  3.76108500e-12 
 1.23659200e-05  5.01808829e-11  1.23659200e-05  3.76168725e-12 
 1.23679200e-05  5.01808829e-11  1.23679200e-05  3.76227486e-12 
 1.23699200e-05  5.01808829e-11  1.23699200e-05  3.76284786e-12 
 1.23719200e-05  5.01808829e-11  1.23719200e-05  3.76340622e-12 
 1.23739200e-05  5.01808829e-11  1.23739200e-05  3.76394999e-12 
 1.23759200e-05  5.01808829e-11  1.23759200e-05  3.76447917e-12 
 1.23779200e-05  5.01808829e-11  1.23779200e-05  3.76499379e-12 
 1.23799200e-05  5.01808829e-11  1.23799200e-05  3.76549392e-12 
 1.23819200e-05  5.01808829e-11  1.23819200e-05  3.76597958e-12 
 1.23839200e-05  5.01808829e-11  1.23839200e-05  3.76645085e-12 
 1.23859200e-05  5.01808829e-11  1.23859200e-05  3.76690780e-12 
 1.23879200e-05  5.01808829e-11  1.23879200e-05  3.76735050e-12 
 1.23899200e-05  5.01808829e-11  1.23899200e-05  3.76777905e-12 
 1.23919200e-05  5.01808829e-11  1.23919200e-05  3.76819353e-12 
 1.23939200e-05  5.01808829e-11  1.23939200e-05  3.76859406e-12 
 1.23959200e-05  5.01808829e-11  1.23959200e-05  3.76898075e-12 
 1.23979200e-05  5.01808829e-11  1.23979200e-05  3.76935373e-12 
 1.23999200e-05  5.01808829e-11  1.23999200e-05  3.76971312e-12 
 1.24019200e-05  5.01808829e-11  1.24019200e-05  3.77005906e-12 
 1.24039200e-05  5.01808829e-11  1.24039200e-05  3.77039172e-12 
 1.24059200e-05  5.01808829e-11  1.24059200e-05  3.77071123e-12 
 1.24079200e-05  5.01808829e-11  1.24079200e-05  3.77101778e-12 
 1.24099200e-05  5.01808829e-11  1.24099200e-05  3.77131153e-12 
 1.24119200e-05  5.01808829e-11  1.24119200e-05  3.77159266e-12 
 1.24139200e-05  5.01808829e-11  1.24139200e-05  3.77186137e-12 
 1.24159200e-05  5.01808829e-11  1.24159200e-05  3.77211785e-12 
 1.24179200e-05  5.01808829e-11  1.24179200e-05  3.77236231e-12 
 1.24199200e-05  5.01808829e-11  1.24199200e-05  3.77259497e-12 
 1.24219200e-05  5.01808829e-11  1.24219200e-05  3.77281604e-12 
 1.24239200e-05  5.01808829e-11  1.24239200e-05  3.77302575e-12 
 1.24259200e-05  5.01808829e-11  1.24259200e-05  3.77322433e-12 
 1.24279200e-05  5.01808829e-11  1.24279200e-05  3.77341204e-12 
 1.24299200e-05  5.01808829e-11  1.24299200e-05  3.77358911e-12 
 1.24319200e-05  5.01808829e-11  1.24319200e-05  3.77375581e-12 
 1.24339200e-05  5.01808829e-11  1.24339200e-05  3.77391239e-12 
 1.24359200e-05  5.01808829e-11  1.24359200e-05  3.77405913e-12 
 1.24379200e-05  5.01808829e-11  1.24379200e-05  3.77419630e-12 
 1.24399200e-05  5.01808829e-11  1.24399200e-05  3.77432418e-12 
 1.24419200e-05  5.01808829e-11  1.24419200e-05  3.77444305e-12 
 1.24439200e-05  5.01808829e-11  1.24439200e-05  3.77455322e-12 
 1.24459200e-05  5.01808829e-11  1.24459200e-05  3.77465498e-12 
 1.24479200e-05  5.01808829e-11  1.24479200e-05  3.77474863e-12 
 1.24499200e-05  5.01808829e-11  1.24499200e-05  3.77483447e-12 
 1.24519200e-05  5.01808829e-11  1.24519200e-05  3.77491284e-12 
 1.24539200e-05  5.01808829e-11  1.24539200e-05  3.77498403e-12 
 1.24559200e-05  5.01808829e-11  1.24559200e-05  3.77504838e-12 
 1.24579200e-05  5.01808829e-11  1.24579200e-05  3.77510621e-12 
 1.24599200e-05  5.01808829e-11  1.24599200e-05  3.77515786e-12 
 1.24619200e-05  5.01808829e-11  1.24619200e-05  3.77520365e-12 
 1.24639200e-05  5.01808829e-11  1.24639200e-05  3.77524392e-12 
 1.24659200e-05  5.01808829e-11  1.24659200e-05  3.77527903e-12 
 1.24679200e-05  5.01808829e-11  1.24679200e-05  3.77530931e-12 
 1.24699200e-05  5.01808829e-11  1.24699200e-05  3.77533511e-12 
 1.24719200e-05  5.01808829e-11  1.24719200e-05  3.77535679e-12 
 1.24739200e-05  5.01808829e-11  1.24739200e-05  3.77537469e-12 
 1.24759200e-05  5.01808829e-11  1.24759200e-05  3.77538918e-12 
 1.24779200e-05  5.01808829e-11  1.24779200e-05  3.77540061e-12 
 1.24799200e-05  5.01808829e-11  1.24799200e-05  3.77540934e-12 
 1.24819200e-05  5.01808829e-11  1.24819200e-05  3.77541573e-12 
 1.24839200e-05  5.01808829e-11  1.24839200e-05  3.77542016e-12 
 1.24859200e-05  5.01808829e-11  1.24859200e-05  3.77542297e-12 
 1.24879200e-05  5.01808829e-11  1.24879200e-05  3.77542455e-12 
 1.24899200e-05  5.01808829e-11  1.24899200e-05  3.77542524e-12 
 1.24919200e-05  5.01808829e-11  1.24919200e-05  3.77542543e-12 
 1.24939200e-05  5.01808829e-11  1.24939200e-05  3.77542548e-12 
 1.24959200e-05  5.01808829e-11  1.24959200e-05  3.77542576e-12 
 1.24979200e-05  5.01808829e-11  1.24979200e-05  3.77542662e-12 
 1.24999200e-05  5.01808829e-11  1.24999200e-05  3.77542845e-12 
 1.25019200e-05  5.01808829e-11  1.25019200e-05  3.77543161e-12 
 1.25039200e-05  5.01808829e-11  1.25039200e-05  3.77543645e-12 
 1.25059200e-05  5.01808829e-11  1.25059200e-05  3.77544336e-12 
 1.25079200e-05  5.01808829e-11  1.25079200e-05  3.77545268e-12 
 1.25099200e-05  5.01808829e-11  1.25099200e-05  3.77546478e-12 
 1.25119200e-05  5.01808829e-11  1.25119200e-05  3.77548002e-12 
 1.25139200e-05  5.01808829e-11  1.25139200e-05  3.77549876e-12 
 1.25159200e-05  5.01808829e-11  1.25159200e-05  3.77552135e-12 
 1.25179200e-05  5.01808829e-11  1.25179200e-05  3.77554815e-12 
 1.25199200e-05  5.01808829e-11  1.25199200e-05  3.77557951e-12 
 1.25219200e-05  5.01808829e-11  1.25219200e-05  3.77561577e-12 
 1.25239200e-05  5.01808829e-11  1.25239200e-05  3.77565727e-12 
 1.25259200e-05  5.01808829e-11  1.25259200e-05  3.77570437e-12 
 1.25279200e-05  5.01808829e-11  1.25279200e-05  3.77575739e-12 
 1.25299200e-05  5.01808829e-11  1.25299200e-05  3.77581667e-12 
 1.25319200e-05  5.01808829e-11  1.25319200e-05  3.77588255e-12 
 1.25339200e-05  5.01808829e-11  1.25339200e-05  3.77595533e-12 
 1.25359200e-05  5.01808829e-11  1.25359200e-05  3.77603536e-12 
 1.25379200e-05  5.01808829e-11  1.25379200e-05  3.77612293e-12 
 1.25399200e-05  5.01808829e-11  1.25399200e-05  3.77621838e-12 
 1.25419200e-05  5.01808829e-11  1.25419200e-05  3.77632199e-12 
 1.25439200e-05  5.01808829e-11  1.25439200e-05  3.77643407e-12 
 1.25459200e-05  5.01808829e-11  1.25459200e-05  3.77655493e-12 
 1.25479200e-05  5.01808829e-11  1.25479200e-05  3.77668484e-12 
 1.25499200e-05  5.01808829e-11  1.25499200e-05  3.77682410e-12 
 1.25519200e-05  5.01808829e-11  1.25519200e-05  3.77697298e-12 
 1.25539200e-05  5.01808829e-11  1.25539200e-05  3.77713176e-12 
 1.25559200e-05  5.01808829e-11  1.25559200e-05  3.77730071e-12 
 1.25579200e-05  5.01808829e-11  1.25579200e-05  3.77748007e-12 
 1.25599200e-05  5.01808829e-11  1.25599200e-05  3.77767011e-12 
 1.25619200e-05  5.01808829e-11  1.25619200e-05  3.77787108e-12 
 1.25639200e-05  5.01808829e-11  1.25639200e-05  3.77808321e-12 
 1.25659200e-05  5.01808829e-11  1.25659200e-05  3.77830673e-12 
 1.25679200e-05  5.01808829e-11  1.25679200e-05  3.77854188e-12 
 1.25699200e-05  5.01808829e-11  1.25699200e-05  3.77878887e-12 
 1.25719200e-05  5.01808829e-11  1.25719200e-05  3.77904791e-12 
 1.25739200e-05  5.01808829e-11  1.25739200e-05  3.77931920e-12 
 1.25759200e-05  5.01808829e-11  1.25759200e-05  3.77960294e-12 
 1.25779200e-05  5.01808829e-11  1.25779200e-05  3.77989932e-12 
 1.25799200e-05  5.01808829e-11  1.25799200e-05  3.78020852e-12 
 1.25819200e-05  5.01808829e-11  1.25819200e-05  3.78053070e-12 
 1.25839200e-05  5.01808829e-11  1.25839200e-05  3.78086603e-12 
 1.25859200e-05  5.01808829e-11  1.25859200e-05  3.78121467e-12 
 1.25879200e-05  5.01808829e-11  1.25879200e-05  3.78157676e-12 
 1.25899200e-05  5.01808829e-11  1.25899200e-05  3.78195244e-12 
 1.25919200e-05  5.01808829e-11  1.25919200e-05  3.78234184e-12 
 1.25939200e-05  5.01808829e-11  1.25939200e-05  3.78274508e-12 
 1.25959200e-05  5.01808829e-11  1.25959200e-05  3.78316228e-12 
 1.25979200e-05  5.01808829e-11  1.25979200e-05  3.78359352e-12 
 1.25999200e-05  5.01808829e-11  1.25999200e-05  3.78403892e-12 
 1.26019200e-05  5.01808829e-11  1.26019200e-05  3.78449855e-12 
 1.26039200e-05  5.01808829e-11  1.26039200e-05  3.78497249e-12 
 1.26059200e-05  5.01808829e-11  1.26059200e-05  3.78546080e-12 
 1.26079200e-05  5.01808829e-11  1.26079200e-05  3.78596355e-12 
 1.26099200e-05  5.01808829e-11  1.26099200e-05  3.78648079e-12 
 1.26119200e-05  5.01808829e-11  1.26119200e-05  3.78701255e-12 
 1.26139200e-05  5.01808829e-11  1.26139200e-05  3.78755886e-12 
 1.26159200e-05  5.01808829e-11  1.26159200e-05  3.78811975e-12 
 1.26179200e-05  5.01808829e-11  1.26179200e-05  3.78869522e-12 
 1.26199200e-05  5.01808829e-11  1.26199200e-05  3.78928529e-12 
 1.26219200e-05  5.01808829e-11  1.26219200e-05  3.78988994e-12 
 1.26239200e-05  5.01808829e-11  1.26239200e-05  3.79050916e-12 
 1.26259200e-05  5.01808829e-11  1.26259200e-05  3.79114292e-12 
 1.26279200e-05  5.01808829e-11  1.26279200e-05  3.79179119e-12 
 1.26299200e-05  5.01808829e-11  1.26299200e-05  3.79245393e-12 
 1.26319200e-05  5.01808829e-11  1.26319200e-05  3.79313108e-12 
 1.26339200e-05  5.01808829e-11  1.26339200e-05  3.79382259e-12 
 1.26359200e-05  5.01808829e-11  1.26359200e-05  3.79452837e-12 
 1.26379200e-05  5.01808829e-11  1.26379200e-05  3.79524836e-12 
 1.26399200e-05  5.01808829e-11  1.26399200e-05  3.79598246e-12 
 1.26419200e-05  5.01808829e-11  1.26419200e-05  3.79673058e-12 
 1.26439200e-05  5.01808829e-11  1.26439200e-05  3.79749261e-12 
 1.26459200e-05  5.01808829e-11  1.26459200e-05  3.79826843e-12 
 1.26479200e-05  5.01808829e-11  1.26479200e-05  3.79905793e-12 
 1.26499200e-05  5.01808829e-11  1.26499200e-05  3.79986096e-12 
 1.26519200e-05  5.01808829e-11  1.26519200e-05  3.80067739e-12 
 1.26539200e-05  5.01808829e-11  1.26539200e-05  3.80150706e-12 
 1.26559200e-05  5.01808829e-11  1.26559200e-05  3.80234983e-12 
 1.26579200e-05  5.01808829e-11  1.26579200e-05  3.80320552e-12 
 1.26599200e-05  5.01808829e-11  1.26599200e-05  3.80407396e-12 
 1.26619200e-05  5.01808829e-11  1.26619200e-05  3.80495496e-12 
 1.26639200e-05  5.01808829e-11  1.26639200e-05  3.80584835e-12 
 1.26659200e-05  5.01808829e-11  1.26659200e-05  3.80675390e-12 
 1.26679200e-05  5.01808829e-11  1.26679200e-05  3.80767144e-12 
 1.26699200e-05  5.01808829e-11  1.26699200e-05  3.80860073e-12 
 1.26719200e-05  5.01808829e-11  1.26719200e-05  3.80954155e-12 
 1.26739200e-05  5.01808829e-11  1.26739200e-05  3.81049369e-12 
 1.26759200e-05  5.01808829e-11  1.26759200e-05  3.81145690e-12 
 1.26779200e-05  5.01808829e-11  1.26779200e-05  3.81243094e-12 
 1.26799200e-05  5.01808829e-11  1.26799200e-05  3.81341557e-12 
 1.26819200e-05  5.01808829e-11  1.26819200e-05  3.81441052e-12 
 1.26839200e-05  5.01808829e-11  1.26839200e-05  3.81541553e-12 
 1.26859200e-05  5.01808829e-11  1.26859200e-05  3.81643034e-12 
 1.26879200e-05  5.01808829e-11  1.26879200e-05  3.81745467e-12 
 1.26899200e-05  5.01808829e-11  1.26899200e-05  3.81848824e-12 
 1.26919200e-05  5.01808829e-11  1.26919200e-05  3.81953076e-12 
 1.26939200e-05  5.01808829e-11  1.26939200e-05  3.82058194e-12 
 1.26959200e-05  5.01808829e-11  1.26959200e-05  3.82164148e-12 
 1.26979200e-05  5.01808829e-11  1.26979200e-05  3.82270908e-12 
 1.26999200e-05  5.01808829e-11  1.26999200e-05  3.82378443e-12 
 1.27019200e-05  5.01808829e-11  1.27019200e-05  3.82486722e-12 
 1.27039200e-05  5.01808829e-11  1.27039200e-05  3.82595712e-12 
 1.27059200e-05  5.01808829e-11  1.27059200e-05  3.82705383e-12 
 1.27079200e-05  5.01808829e-11  1.27079200e-05  3.82815700e-12 
 1.27099200e-05  5.01808829e-11  1.27099200e-05  3.82926631e-12 
 1.27119200e-05  5.01808829e-11  1.27119200e-05  3.83038142e-12 
 1.27139200e-05  5.01808829e-11  1.27139200e-05  3.83150200e-12 
 1.27159200e-05  5.01808829e-11  1.27159200e-05  3.83262771e-12 
 1.27179200e-05  5.01808829e-11  1.27179200e-05  3.83375819e-12 
 1.27199200e-05  5.01808829e-11  1.27199200e-05  3.83489310e-12 
 1.27219200e-05  5.01808829e-11  1.27219200e-05  3.83603209e-12 
 1.27239200e-05  5.01808829e-11  1.27239200e-05  3.83717481e-12 
 1.27259200e-05  5.01808829e-11  1.27259200e-05  3.83832090e-12 
 1.27279200e-05  5.01808829e-11  1.27279200e-05  3.83947000e-12 
 1.27299200e-05  5.01808829e-11  1.27299200e-05  3.84062176e-12 
 1.27319200e-05  5.01808829e-11  1.27319200e-05  3.84177580e-12 
 1.27339200e-05  5.01808829e-11  1.27339200e-05  3.84293177e-12 
 1.27359200e-05  5.01808829e-11  1.27359200e-05  3.84408931e-12 
 1.27379200e-05  5.01808829e-11  1.27379200e-05  3.84524805e-12 
 1.27399200e-05  5.01808829e-11  1.27399200e-05  3.84640761e-12 
 1.27419200e-05  5.01808829e-11  1.27419200e-05  3.84756765e-12 
 1.27439200e-05  5.01808829e-11  1.27439200e-05  3.84872778e-12 
 1.27459200e-05  5.01808829e-11  1.27459200e-05  3.84988765e-12 
 1.27479200e-05  5.01808829e-11  1.27479200e-05  3.85104688e-12 
 1.27499200e-05  5.01808829e-11  1.27499200e-05  3.85220511e-12 
 1.27519200e-05  5.01808829e-11  1.27519200e-05  3.85336198e-12 
 1.27539200e-05  5.01808829e-11  1.27539200e-05  3.85451712e-12 
 1.27559200e-05  5.01808829e-11  1.27559200e-05  3.85567016e-12 
 1.27579200e-05  5.01808829e-11  1.27579200e-05  3.85682075e-12 
 1.27599200e-05  5.01808829e-11  1.27599200e-05  3.85796852e-12 
 1.27619200e-05  5.01808829e-11  1.27619200e-05  3.85911311e-12 
 1.27639200e-05  5.01808829e-11  1.27639200e-05  3.86025417e-12 
 1.27659200e-05  5.01808829e-11  1.27659200e-05  3.86139135e-12 
 1.27679200e-05  5.01808829e-11  1.27679200e-05  3.86252428e-12 
 1.27699200e-05  5.01808829e-11  1.27699200e-05  3.86365263e-12 
 1.27719200e-05  5.01808829e-11  1.27719200e-05  3.86477603e-12 
 1.27739200e-05  5.01808829e-11  1.27739200e-05  3.86589416e-12 
 1.27759200e-05  5.01808829e-11  1.27759200e-05  3.86700667e-12 
 1.27779200e-05  5.01808829e-11  1.27779200e-05  3.86811323e-12 
 1.27799200e-05  5.01808829e-11  1.27799200e-05  3.86921349e-12 
 1.27819200e-05  5.01808829e-11  1.27819200e-05  3.87030714e-12 
 1.27839200e-05  5.01808829e-11  1.27839200e-05  3.87139384e-12 
 1.27859200e-05  5.01808829e-11  1.27859200e-05  3.87247328e-12 
 1.27879200e-05  5.01808829e-11  1.27879200e-05  3.87354515e-12 
 1.27899200e-05  5.01808829e-11  1.27899200e-05  3.87460912e-12 
 1.27919200e-05  5.01808829e-11  1.27919200e-05  3.87566490e-12 
 1.27939200e-05  5.01808829e-11  1.27939200e-05  3.87671218e-12 
 1.27959200e-05  5.01808829e-11  1.27959200e-05  3.87775067e-12 
 1.27979200e-05  5.01808829e-11  1.27979200e-05  3.87878008e-12 
 1.27999200e-05  5.01808829e-11  1.27999200e-05  3.87980012e-12 
 1.28019200e-05  5.01808829e-11  1.28019200e-05  3.88081053e-12 
 1.28039200e-05  5.01808829e-11  1.28039200e-05  3.88181101e-12 
 1.28059200e-05  5.01808829e-11  1.28059200e-05  3.88280132e-12 
 1.28079200e-05  5.01808829e-11  1.28079200e-05  3.88378118e-12 
 1.28099200e-05  5.01808829e-11  1.28099200e-05  3.88475035e-12 
 1.28119200e-05  5.01808829e-11  1.28119200e-05  3.88570859e-12 
 1.28139200e-05  5.01808829e-11  1.28139200e-05  3.88665564e-12 
 1.28159200e-05  5.01808829e-11  1.28159200e-05  3.88759129e-12 
 1.28179200e-05  5.01808829e-11  1.28179200e-05  3.88851530e-12 
 1.28199200e-05  5.01808829e-11  1.28199200e-05  3.88942746e-12 
 1.28219200e-05  5.01808829e-11  1.28219200e-05  3.89032756e-12 
 1.28239200e-05  5.01808829e-11  1.28239200e-05  3.89121539e-12 
 1.28259200e-05  5.01808829e-11  1.28259200e-05  3.89209077e-12 
 1.28279200e-05  5.01808829e-11  1.28279200e-05  3.89295350e-12 
 1.28299200e-05  5.01808829e-11  1.28299200e-05  3.89380341e-12 
 1.28319200e-05  5.01808829e-11  1.28319200e-05  3.89464032e-12 
 1.28339200e-05  5.01808829e-11  1.28339200e-05  3.89546408e-12 
 1.28359200e-05  5.01808829e-11  1.28359200e-05  3.89627452e-12 
 1.28379200e-05  5.01808829e-11  1.28379200e-05  3.89707151e-12 
 1.28399200e-05  5.01808829e-11  1.28399200e-05  3.89785491e-12 
 1.28419200e-05  5.01808829e-11  1.28419200e-05  3.89862459e-12 
 1.28439200e-05  5.01808829e-11  1.28439200e-05  3.89938042e-12 
 1.28459200e-05  5.01808829e-11  1.28459200e-05  3.90012230e-12 
 1.28479200e-05  5.01808829e-11  1.28479200e-05  3.90085013e-12 
 1.28499200e-05  5.01808829e-11  1.28499200e-05  3.90156381e-12 
 1.28519200e-05  5.01808829e-11  1.28519200e-05  3.90226326e-12 
 1.28539200e-05  5.01808829e-11  1.28539200e-05  3.90294841e-12 
 1.28559200e-05  5.01808829e-11  1.28559200e-05  3.90361917e-12 
 1.28579200e-05  5.01808829e-11  1.28579200e-05  3.90427551e-12 
 1.28599200e-05  5.01808829e-11  1.28599200e-05  3.90491737e-12 
 1.28619200e-05  5.01808829e-11  1.28619200e-05  3.90554471e-12 
 1.28639200e-05  5.01808829e-11  1.28639200e-05  3.90615750e-12 
 1.28659200e-05  5.01808829e-11  1.28659200e-05  3.90675573e-12 
 1.28679200e-05  5.01808829e-11  1.28679200e-05  3.90733937e-12 
 1.28699200e-05  5.01808829e-11  1.28699200e-05  3.90790843e-12 
 1.28719200e-05  5.01808829e-11  1.28719200e-05  3.90846292e-12 
 1.28739200e-05  5.01808829e-11  1.28739200e-05  3.90900285e-12 
 1.28759200e-05  5.01808829e-11  1.28759200e-05  3.90952825e-12 
 1.28779200e-05  5.01808829e-11  1.28779200e-05  3.91003914e-12 
 1.28799200e-05  5.01808829e-11  1.28799200e-05  3.91053559e-12 
 1.28819200e-05  5.01808829e-11  1.28819200e-05  3.91101763e-12 
 1.28839200e-05  5.01808829e-11  1.28839200e-05  3.91148533e-12 
 1.28859200e-05  5.01808829e-11  1.28859200e-05  3.91193876e-12 
 1.28879200e-05  5.01808829e-11  1.28879200e-05  3.91237801e-12 
 1.28899200e-05  5.01808829e-11  1.28899200e-05  3.91280315e-12 
 1.28919200e-05  5.01808829e-11  1.28919200e-05  3.91321430e-12 
 1.28939200e-05  5.01808829e-11  1.28939200e-05  3.91361155e-12 
 1.28959200e-05  5.01808829e-11  1.28959200e-05  3.91399502e-12 
 1.28979200e-05  5.01808829e-11  1.28979200e-05  3.91436483e-12 
 1.28999200e-05  5.01808829e-11  1.28999200e-05  3.91472113e-12 
 1.29019200e-05  5.01808829e-11  1.29019200e-05  3.91506404e-12 
 1.29039200e-05  5.01808829e-11  1.29039200e-05  3.91539373e-12 
 1.29059200e-05  5.01808829e-11  1.29059200e-05  3.91571034e-12 
 1.29079200e-05  5.01808829e-11  1.29079200e-05  3.91601405e-12 
 1.29099200e-05  5.01808829e-11  1.29099200e-05  3.91630503e-12 
 1.29119200e-05  5.01808829e-11  1.29119200e-05  3.91658346e-12 
 1.29139200e-05  5.01808829e-11  1.29139200e-05  3.91684953e-12 
 1.29159200e-05  5.01808829e-11  1.29159200e-05  3.91710344e-12 
 1.29179200e-05  5.01808829e-11  1.29179200e-05  3.91734540e-12 
 1.29199200e-05  5.01808829e-11  1.29199200e-05  3.91757562e-12 
 1.29219200e-05  5.01808829e-11  1.29219200e-05  3.91779433e-12 
 1.29239200e-05  5.01808829e-11  1.29239200e-05  3.91800174e-12 
 1.29259200e-05  5.01808829e-11  1.29259200e-05  3.91819811e-12 
 1.29279200e-05  5.01808829e-11  1.29279200e-05  3.91838366e-12 
 1.29299200e-05  5.01808829e-11  1.29299200e-05  3.91855865e-12 
 1.29319200e-05  5.01808829e-11  1.29319200e-05  3.91872333e-12 
 1.29339200e-05  5.01808829e-11  1.29339200e-05  3.91887797e-12 
 1.29359200e-05  5.01808829e-11  1.29359200e-05  3.91902284e-12 
 1.29379200e-05  5.01808829e-11  1.29379200e-05  3.91915820e-12 
 1.29399200e-05  5.01808829e-11  1.29399200e-05  3.91928435e-12 
 1.29419200e-05  5.01808829e-11  1.29419200e-05  3.91940157e-12 
 1.29439200e-05  5.01808829e-11  1.29439200e-05  3.91951015e-12 
 1.29459200e-05  5.01808829e-11  1.29459200e-05  3.91961038e-12 
 1.29479200e-05  5.01808829e-11  1.29479200e-05  3.91970258e-12 
 1.29499200e-05  5.01808829e-11  1.29499200e-05  3.91978705e-12 
 1.29519200e-05  5.01808829e-11  1.29519200e-05  3.91986410e-12 
 1.29539200e-05  5.01808829e-11  1.29539200e-05  3.91993405e-12 
 1.29559200e-05  5.01808829e-11  1.29559200e-05  3.91999723e-12 
 1.29579200e-05  5.01808829e-11  1.29579200e-05  3.92005396e-12 
 1.29599200e-05  5.01808829e-11  1.29599200e-05  3.92010457e-12 
 1.29619200e-05  5.01808829e-11  1.29619200e-05  3.92014939e-12 
 1.29639200e-05  5.01808829e-11  1.29639200e-05  3.92018876e-12 
 1.29659200e-05  5.01808829e-11  1.29659200e-05  3.92022304e-12 
 1.29679200e-05  5.01808829e-11  1.29679200e-05  3.92025255e-12 
 1.29699200e-05  5.01808829e-11  1.29699200e-05  3.92027764e-12 
 1.29719200e-05  5.01808829e-11  1.29719200e-05  3.92029868e-12 
 1.29739200e-05  5.01808829e-11  1.29739200e-05  3.92031601e-12 
 1.29759200e-05  5.01808829e-11  1.29759200e-05  3.92032998e-12 
 1.29779200e-05  5.01808829e-11  1.29779200e-05  3.92034096e-12 
 1.29799200e-05  5.01808829e-11  1.29799200e-05  3.92034930e-12 
 1.29819200e-05  5.01808829e-11  1.29819200e-05  3.92035536e-12 
 1.29839200e-05  5.01808829e-11  1.29839200e-05  3.92035952e-12 
 1.29859200e-05  5.01808829e-11  1.29859200e-05  3.92036212e-12 
 1.29879200e-05  5.01808829e-11  1.29879200e-05  3.92036354e-12 
 1.29899200e-05  5.01808829e-11  1.29899200e-05  3.92036414e-12 
 1.29919200e-05  5.01808829e-11  1.29919200e-05  3.92036428e-12 
 1.29939200e-05  5.01808829e-11  1.29939200e-05  3.92036434e-12 
 1.29959200e-05  5.01808829e-11  1.29959200e-05  3.92036468e-12 
 1.29979200e-05  5.01808829e-11  1.29979200e-05  3.92036566e-12 
 1.29999200e-05  5.01808829e-11  1.29999200e-05  3.92036765e-12 
 1.30019200e-05  5.01808829e-11  1.30019200e-05  3.92037102e-12 
 1.30039200e-05  5.01808829e-11  1.30039200e-05  3.92037613e-12 
 1.30059200e-05  5.01808829e-11  1.30059200e-05  3.92038334e-12 
 1.30079200e-05  5.01808829e-11  1.30079200e-05  3.92039301e-12 
 1.30099200e-05  5.01808829e-11  1.30099200e-05  3.92040551e-12 
 1.30119200e-05  5.01808829e-11  1.30119200e-05  3.92042120e-12 
 1.30139200e-05  5.01808829e-11  1.30139200e-05  3.92044042e-12 
 1.30159200e-05  5.01808829e-11  1.30159200e-05  3.92046353e-12 
 1.30179200e-05  5.01808829e-11  1.30179200e-05  3.92049089e-12 
 1.30199200e-05  5.01808829e-11  1.30199200e-05  3.92052284e-12 
 1.30219200e-05  5.01808829e-11  1.30219200e-05  3.92055973e-12 
 1.30239200e-05  5.01808829e-11  1.30239200e-05  3.92060190e-12 
 1.30259200e-05  5.01808829e-11  1.30259200e-05  3.92064969e-12 
 1.30279200e-05  5.01808829e-11  1.30279200e-05  3.92070344e-12 
 1.30299200e-05  5.01808829e-11  1.30299200e-05  3.92076347e-12 
 1.30319200e-05  5.01808829e-11  1.30319200e-05  3.92083013e-12 
 1.30339200e-05  5.01808829e-11  1.30339200e-05  3.92090372e-12 
 1.30359200e-05  5.01808829e-11  1.30359200e-05  3.92098457e-12 
 1.30379200e-05  5.01808829e-11  1.30379200e-05  3.92107300e-12 
 1.30399200e-05  5.01808829e-11  1.30399200e-05  3.92116932e-12 
 1.30419200e-05  5.01808829e-11  1.30419200e-05  3.92127382e-12 
 1.30439200e-05  5.01808829e-11  1.30439200e-05  3.92138682e-12 
 1.30459200e-05  5.01808829e-11  1.30459200e-05  3.92150859e-12 
 1.30479200e-05  5.01808829e-11  1.30479200e-05  3.92163945e-12 
 1.30499200e-05  5.01808829e-11  1.30499200e-05  3.92177965e-12 
 1.30519200e-05  5.01808829e-11  1.30519200e-05  3.92192949e-12 
 1.30539200e-05  5.01808829e-11  1.30539200e-05  3.92208924e-12 
 1.30559200e-05  5.01808829e-11  1.30559200e-05  3.92225916e-12 
 1.30579200e-05  5.01808829e-11  1.30579200e-05  3.92243950e-12 
 1.30599200e-05  5.01808829e-11  1.30599200e-05  3.92263052e-12 
 1.30619200e-05  5.01808829e-11  1.30619200e-05  3.92283247e-12 
 1.30639200e-05  5.01808829e-11  1.30639200e-05  3.92304558e-12 
 1.30659200e-05  5.01808829e-11  1.30659200e-05  3.92327009e-12 
 1.30679200e-05  5.01808829e-11  1.30679200e-05  3.92350621e-12 
 1.30699200e-05  5.01808829e-11  1.30699200e-05  3.92375417e-12 
 1.30719200e-05  5.01808829e-11  1.30719200e-05  3.92401417e-12 
 1.30739200e-05  5.01808829e-11  1.30739200e-05  3.92428641e-12 
 1.30759200e-05  5.01808829e-11  1.30759200e-05  3.92457110e-12 
 1.30779200e-05  5.01808829e-11  1.30779200e-05  3.92486840e-12 
 1.30799200e-05  5.01808829e-11  1.30799200e-05  3.92517851e-12 
 1.30819200e-05  5.01808829e-11  1.30819200e-05  3.92550159e-12 
 1.30839200e-05  5.01808829e-11  1.30839200e-05  3.92583780e-12 
 1.30859200e-05  5.01808829e-11  1.30859200e-05  3.92618730e-12 
 1.30879200e-05  5.01808829e-11  1.30879200e-05  3.92655023e-12 
 1.30899200e-05  5.01808829e-11  1.30899200e-05  3.92692672e-12 
 1.30919200e-05  5.01808829e-11  1.30919200e-05  3.92731691e-12 
 1.30939200e-05  5.01808829e-11  1.30939200e-05  3.92772092e-12 
 1.30959200e-05  5.01808829e-11  1.30959200e-05  3.92813884e-12 
 1.30979200e-05  5.01808829e-11  1.30979200e-05  3.92857079e-12 
 1.30999200e-05  5.01808829e-11  1.30999200e-05  3.92901686e-12 
 1.31019200e-05  5.01808829e-11  1.31019200e-05  3.92947713e-12 
 1.31039200e-05  5.01808829e-11  1.31039200e-05  3.92995168e-12 
 1.31059200e-05  5.01808829e-11  1.31059200e-05  3.93044056e-12 
 1.31079200e-05  5.01808829e-11  1.31079200e-05  3.93094385e-12 
 1.31099200e-05  5.01808829e-11  1.31099200e-05  3.93146157e-12 
 1.31119200e-05  5.01808829e-11  1.31119200e-05  3.93199379e-12 
 1.31139200e-05  5.01808829e-11  1.31139200e-05  3.93254051e-12 
 1.31159200e-05  5.01808829e-11  1.31159200e-05  3.93310176e-12 
 1.31179200e-05  5.01808829e-11  1.31179200e-05  3.93367756e-12 
 1.31199200e-05  5.01808829e-11  1.31199200e-05  3.93426791e-12 
 1.31219200e-05  5.01808829e-11  1.31219200e-05  3.93487278e-12 
 1.31239200e-05  5.01808829e-11  1.31239200e-05  3.93549218e-12 
 1.31259200e-05  5.01808829e-11  1.31259200e-05  3.93612608e-12 
 1.31279200e-05  5.01808829e-11  1.31279200e-05  3.93677443e-12 
 1.31299200e-05  5.01808829e-11  1.31299200e-05  3.93743719e-12 
 1.31319200e-05  5.01808829e-11  1.31319200e-05  3.93811432e-12 
 1.31339200e-05  5.01808829e-11  1.31339200e-05  3.93880574e-12 
 1.31359200e-05  5.01808829e-11  1.31359200e-05  3.93951139e-12 
 1.31379200e-05  5.01808829e-11  1.31379200e-05  3.94023118e-12 
 1.31399200e-05  5.01808829e-11  1.31399200e-05  3.94096503e-12 
 1.31419200e-05  5.01808829e-11  1.31419200e-05  3.94171284e-12 
 1.31439200e-05  5.01808829e-11  1.31439200e-05  3.94247450e-12 
 1.31459200e-05  5.01808829e-11  1.31459200e-05  3.94324989e-12 
 1.31479200e-05  5.01808829e-11  1.31479200e-05  3.94403889e-12 
 1.31499200e-05  5.01808829e-11  1.31499200e-05  3.94484136e-12 
 1.31519200e-05  5.01808829e-11  1.31519200e-05  3.94565717e-12 
 1.31539200e-05  5.01808829e-11  1.31539200e-05  3.94648617e-12 
 1.31559200e-05  5.01808829e-11  1.31559200e-05  3.94732818e-12 
 1.31579200e-05  5.01808829e-11  1.31579200e-05  3.94818306e-12 
 1.31599200e-05  5.01808829e-11  1.31599200e-05  3.94905062e-12 
 1.31619200e-05  5.01808829e-11  1.31619200e-05  3.94993068e-12 
 1.31639200e-05  5.01808829e-11  1.31639200e-05  3.95082305e-12 
 1.31659200e-05  5.01808829e-11  1.31659200e-05  3.95172752e-12 
 1.31679200e-05  5.01808829e-11  1.31679200e-05  3.95264391e-12 
 1.31699200e-05  5.01808829e-11  1.31699200e-05  3.95357198e-12 
 1.31719200e-05  5.01808829e-11  1.31719200e-05  3.95451152e-12 
 1.31739200e-05  5.01808829e-11  1.31739200e-05  3.95546230e-12 
 1.31759200e-05  5.01808829e-11  1.31759200e-05  3.95642408e-12 
 1.31779200e-05  5.01808829e-11  1.31779200e-05  3.95739663e-12 
 1.31799200e-05  5.01808829e-11  1.31799200e-05  3.95837969e-12 
 1.31819200e-05  5.01808829e-11  1.31819200e-05  3.95937300e-12 
 1.31839200e-05  5.01808829e-11  1.31839200e-05  3.96037631e-12 
 1.31859200e-05  5.01808829e-11  1.31859200e-05  3.96138934e-12 
 1.31879200e-05  5.01808829e-11  1.31879200e-05  3.96241182e-12 
 1.31899200e-05  5.01808829e-11  1.31899200e-05  3.96344347e-12 
 1.31919200e-05  5.01808829e-11  1.31919200e-05  3.96448401e-12 
 1.31939200e-05  5.01808829e-11  1.31939200e-05  3.96553313e-12 
 1.31959200e-05  5.01808829e-11  1.31959200e-05  3.96659054e-12 
 1.31979200e-05  5.01808829e-11  1.31979200e-05  3.96765594e-12 
 1.31999200e-05  5.01808829e-11  1.31999200e-05  3.96872903e-12 
 1.32019200e-05  5.01808829e-11  1.32019200e-05  3.96980948e-12 
 1.32039200e-05  5.01808829e-11  1.32039200e-05  3.97089698e-12 
 1.32059200e-05  5.01808829e-11  1.32059200e-05  3.97199120e-12 
 1.32079200e-05  5.01808829e-11  1.32079200e-05  3.97309183e-12 
 1.32099200e-05  5.01808829e-11  1.32099200e-05  3.97419853e-12 
 1.32119200e-05  5.01808829e-11  1.32119200e-05  3.97531097e-12 
 1.32139200e-05  5.01808829e-11  1.32139200e-05  3.97642880e-12 
 1.32159200e-05  5.01808829e-11  1.32159200e-05  3.97755169e-12 
 1.32179200e-05  5.01808829e-11  1.32179200e-05  3.97867930e-12 
 1.32199200e-05  5.01808829e-11  1.32199200e-05  3.97981127e-12 
 1.32219200e-05  5.01808829e-11  1.32219200e-05  3.98094726e-12 
 1.32239200e-05  5.01808829e-11  1.32239200e-05  3.98208690e-12 
 1.32259200e-05  5.01808829e-11  1.32259200e-05  3.98322986e-12 
 1.32279200e-05  5.01808829e-11  1.32279200e-05  3.98437577e-12 
 1.32299200e-05  5.01808829e-11  1.32299200e-05  3.98552427e-12 
 1.32319200e-05  5.01808829e-11  1.32319200e-05  3.98667500e-12 
 1.32339200e-05  5.01808829e-11  1.32339200e-05  3.98782760e-12 
 1.32359200e-05  5.01808829e-11  1.32359200e-05  3.98898170e-12 
 1.32379200e-05  5.01808829e-11  1.32379200e-05  3.99013695e-12 
 1.32399200e-05  5.01808829e-11  1.32399200e-05  3.99129297e-12 
 1.32419200e-05  5.01808829e-11  1.32419200e-05  3.99244941e-12 
 1.32439200e-05  5.01808829e-11  1.32439200e-05  3.99360589e-12 
 1.32459200e-05  5.01808829e-11  1.32459200e-05  3.99476205e-12 
 1.32479200e-05  5.01808829e-11  1.32479200e-05  3.99591752e-12 
 1.32499200e-05  5.01808829e-11  1.32499200e-05  3.99707195e-12 
 1.32519200e-05  5.01808829e-11  1.32519200e-05  3.99822496e-12 
 1.32539200e-05  5.01808829e-11  1.32539200e-05  3.99937619e-12 
 1.32559200e-05  5.01808829e-11  1.32559200e-05  4.00052528e-12 
 1.32579200e-05  5.01808829e-11  1.32579200e-05  4.00167187e-12 
 1.32599200e-05  5.01808829e-11  1.32599200e-05  4.00281560e-12 
 1.32619200e-05  5.01808829e-11  1.32619200e-05  4.00395612e-12 
 1.32639200e-05  5.01808829e-11  1.32639200e-05  4.00509305e-12 
 1.32659200e-05  5.01808829e-11  1.32659200e-05  4.00622607e-12 
 1.32679200e-05  5.01808829e-11  1.32679200e-05  4.00735480e-12 
 1.32699200e-05  5.01808829e-11  1.32699200e-05  4.00847891e-12 
 1.32719200e-05  5.01808829e-11  1.32719200e-05  4.00959805e-12 
 1.32739200e-05  5.01808829e-11  1.32739200e-05  4.01071187e-12 
 1.32759200e-05  5.01808829e-11  1.32759200e-05  4.01182005e-12 
 1.32779200e-05  5.01808829e-11  1.32779200e-05  4.01292223e-12 
 1.32799200e-05  5.01808829e-11  1.32799200e-05  4.01401811e-12 
 1.32819200e-05  5.01808829e-11  1.32819200e-05  4.01510733e-12 
 1.32839200e-05  5.01808829e-11  1.32839200e-05  4.01618959e-12 
 1.32859200e-05  5.01808829e-11  1.32859200e-05  4.01726456e-12 
 1.32879200e-05  5.01808829e-11  1.32879200e-05  4.01833193e-12 
 1.32899200e-05  5.01808829e-11  1.32899200e-05  4.01939139e-12 
 1.32919200e-05  5.01808829e-11  1.32919200e-05  4.02044264e-12 
 1.32939200e-05  5.01808829e-11  1.32939200e-05  4.02148538e-12 
 1.32959200e-05  5.01808829e-11  1.32959200e-05  4.02251931e-12 
 1.32979200e-05  5.01808829e-11  1.32979200e-05  4.02354414e-12 
 1.32999200e-05  5.01808829e-11  1.32999200e-05  4.02455960e-12 
 1.33019200e-05  5.01808829e-11  1.33019200e-05  4.02556540e-12 
 1.33039200e-05  5.01808829e-11  1.33039200e-05  4.02656128e-12 
 1.33059200e-05  5.01808829e-11  1.33059200e-05  4.02754698e-12 
 1.33079200e-05  5.01808829e-11  1.33079200e-05  4.02852223e-12 
 1.33099200e-05  5.01808829e-11  1.33099200e-05  4.02948678e-12 
 1.33119200e-05  5.01808829e-11  1.33119200e-05  4.03044040e-12 
 1.33139200e-05  5.01808829e-11  1.33139200e-05  4.03138283e-12 
 1.33159200e-05  5.01808829e-11  1.33159200e-05  4.03231386e-12 
 1.33179200e-05  5.01808829e-11  1.33179200e-05  4.03323326e-12 
 1.33199200e-05  5.01808829e-11  1.33199200e-05  4.03414082e-12 
 1.33219200e-05  5.01808829e-11  1.33219200e-05  4.03503632e-12 
 1.33239200e-05  5.01808829e-11  1.33239200e-05  4.03591957e-12 
 1.33259200e-05  5.01808829e-11  1.33259200e-05  4.03679036e-12 
 1.33279200e-05  5.01808829e-11  1.33279200e-05  4.03764853e-12 
 1.33299200e-05  5.01808829e-11  1.33299200e-05  4.03849389e-12 
 1.33319200e-05  5.01808829e-11  1.33319200e-05  4.03932627e-12 
 1.33339200e-05  5.01808829e-11  1.33339200e-05  4.04014551e-12 
 1.33359200e-05  5.01808829e-11  1.33359200e-05  4.04095147e-12 
 1.33379200e-05  5.01808829e-11  1.33379200e-05  4.04174399e-12 
 1.33399200e-05  5.01808829e-11  1.33399200e-05  4.04252293e-12 
 1.33419200e-05  5.01808829e-11  1.33419200e-05  4.04328819e-12 
 1.33439200e-05  5.01808829e-11  1.33439200e-05  4.04403963e-12 
 1.33459200e-05  5.01808829e-11  1.33459200e-05  4.04477714e-12 
 1.33479200e-05  5.01808829e-11  1.33479200e-05  4.04550063e-12 
 1.33499200e-05  5.01808829e-11  1.33499200e-05  4.04621000e-12 
 1.33519200e-05  5.01808829e-11  1.33519200e-05  4.04690518e-12 
 1.33539200e-05  5.01808829e-11  1.33539200e-05  4.04758608e-12 
 1.33559200e-05  5.01808829e-11  1.33559200e-05  4.04825265e-12 
 1.33579200e-05  5.01808829e-11  1.33579200e-05  4.04890482e-12 
 1.33599200e-05  5.01808829e-11  1.33599200e-05  4.04954255e-12 
 1.33619200e-05  5.01808829e-11  1.33619200e-05  4.05016580e-12 
 1.33639200e-05  5.01808829e-11  1.33639200e-05  4.05077455e-12 
 1.33659200e-05  5.01808829e-11  1.33659200e-05  4.05136878e-12 
 1.33679200e-05  5.01808829e-11  1.33679200e-05  4.05194847e-12 
 1.33699200e-05  5.01808829e-11  1.33699200e-05  4.05251362e-12 
 1.33719200e-05  5.01808829e-11  1.33719200e-05  4.05306424e-12 
 1.33739200e-05  5.01808829e-11  1.33739200e-05  4.05360036e-12 
 1.33759200e-05  5.01808829e-11  1.33759200e-05  4.05412199e-12 
 1.33779200e-05  5.01808829e-11  1.33779200e-05  4.05462918e-12 
 1.33799200e-05  5.01808829e-11  1.33799200e-05  4.05512196e-12 
 1.33819200e-05  5.01808829e-11  1.33819200e-05  4.05560040e-12 
 1.33839200e-05  5.01808829e-11  1.33839200e-05  4.05606455e-12 
 1.33859200e-05  5.01808829e-11  1.33859200e-05  4.05651449e-12 
 1.33879200e-05  5.01808829e-11  1.33879200e-05  4.05695029e-12 
 1.33899200e-05  5.01808829e-11  1.33899200e-05  4.05737206e-12 
 1.33919200e-05  5.01808829e-11  1.33919200e-05  4.05777988e-12 
 1.33939200e-05  5.01808829e-11  1.33939200e-05  4.05817387e-12 
 1.33959200e-05  5.01808829e-11  1.33959200e-05  4.05855414e-12 
 1.33979200e-05  5.01808829e-11  1.33979200e-05  4.05892082e-12 
 1.33999200e-05  5.01808829e-11  1.33999200e-05  4.05927404e-12 
 1.34019200e-05  5.01808829e-11  1.34019200e-05  4.05961394e-12 
 1.34039200e-05  5.01808829e-11  1.34039200e-05  4.05994067e-12 
 1.34059200e-05  5.01808829e-11  1.34059200e-05  4.06025440e-12 
 1.34079200e-05  5.01808829e-11  1.34079200e-05  4.06055529e-12 
 1.34099200e-05  5.01808829e-11  1.34099200e-05  4.06084351e-12 
 1.34119200e-05  5.01808829e-11  1.34119200e-05  4.06111926e-12 
 1.34139200e-05  5.01808829e-11  1.34139200e-05  4.06138271e-12 
 1.34159200e-05  5.01808829e-11  1.34159200e-05  4.06163407e-12 
 1.34179200e-05  5.01808829e-11  1.34179200e-05  4.06187355e-12 
 1.34199200e-05  5.01808829e-11  1.34199200e-05  4.06210136e-12 
 1.34219200e-05  5.01808829e-11  1.34219200e-05  4.06231772e-12 
 1.34239200e-05  5.01808829e-11  1.34239200e-05  4.06252286e-12 
 1.34259200e-05  5.01808829e-11  1.34259200e-05  4.06271701e-12 
 1.34279200e-05  5.01808829e-11  1.34279200e-05  4.06290043e-12 
 1.34299200e-05  5.01808829e-11  1.34299200e-05  4.06307335e-12 
 1.34319200e-05  5.01808829e-11  1.34319200e-05  4.06323603e-12 
 1.34339200e-05  5.01808829e-11  1.34339200e-05  4.06338875e-12 
 1.34359200e-05  5.01808829e-11  1.34359200e-05  4.06353176e-12 
 1.34379200e-05  5.01808829e-11  1.34379200e-05  4.06366534e-12 
 1.34399200e-05  5.01808829e-11  1.34399200e-05  4.06378977e-12 
 1.34419200e-05  5.01808829e-11  1.34419200e-05  4.06390534e-12 
 1.34439200e-05  5.01808829e-11  1.34439200e-05  4.06401234e-12 
 1.34459200e-05  5.01808829e-11  1.34459200e-05  4.06411108e-12 
 1.34479200e-05  5.01808829e-11  1.34479200e-05  4.06420184e-12 
 1.34499200e-05  5.01808829e-11  1.34499200e-05  4.06428494e-12 
 1.34519200e-05  5.01808829e-11  1.34519200e-05  4.06436070e-12 
 1.34539200e-05  5.01808829e-11  1.34539200e-05  4.06442942e-12 
 1.34559200e-05  5.01808829e-11  1.34559200e-05  4.06449144e-12 
 1.34579200e-05  5.01808829e-11  1.34579200e-05  4.06454708e-12 
 1.34599200e-05  5.01808829e-11  1.34599200e-05  4.06459666e-12 
 1.34619200e-05  5.01808829e-11  1.34619200e-05  4.06464053e-12 
 1.34639200e-05  5.01808829e-11  1.34639200e-05  4.06467902e-12 
 1.34659200e-05  5.01808829e-11  1.34659200e-05  4.06471247e-12 
 1.34679200e-05  5.01808829e-11  1.34679200e-05  4.06474122e-12 
 1.34699200e-05  5.01808829e-11  1.34699200e-05  4.06476562e-12 
 1.34719200e-05  5.01808829e-11  1.34719200e-05  4.06478603e-12 
 1.34739200e-05  5.01808829e-11  1.34739200e-05  4.06480279e-12 
 1.34759200e-05  5.01808829e-11  1.34759200e-05  4.06481626e-12 
 1.34779200e-05  5.01808829e-11  1.34779200e-05  4.06482680e-12 
 1.34799200e-05  5.01808829e-11  1.34799200e-05  4.06483476e-12 
 1.34819200e-05  5.01808829e-11  1.34819200e-05  4.06484050e-12 
 1.34839200e-05  5.01808829e-11  1.34839200e-05  4.06484440e-12 
 1.34859200e-05  5.01808829e-11  1.34859200e-05  4.06484679e-12 
 1.34879200e-05  5.01808829e-11  1.34879200e-05  4.06484807e-12 
 1.34899200e-05  5.01808829e-11  1.34899200e-05  4.06484857e-12 
 1.34919200e-05  5.01808829e-11  1.34919200e-05  4.06484868e-12 
 1.34939200e-05  5.01808829e-11  1.34939200e-05  4.06484876e-12 
 1.34959200e-05  5.01808829e-11  1.34959200e-05  4.06484917e-12 
 1.34979200e-05  5.01808829e-11  1.34979200e-05  4.06485027e-12 
 1.34999200e-05  5.01808829e-11  1.34999200e-05  4.06485244e-12 
 1.35019200e-05  5.01808829e-11  1.35019200e-05  4.06485603e-12 
 1.35039200e-05  5.01808829e-11  1.35039200e-05  4.06486140e-12 
 1.35059200e-05  5.01808829e-11  1.35059200e-05  4.06486893e-12 
 1.35079200e-05  5.01808829e-11  1.35079200e-05  4.06487896e-12 
 1.35099200e-05  5.01808829e-11  1.35099200e-05  4.06489186e-12 
 1.35119200e-05  5.01808829e-11  1.35119200e-05  4.06490799e-12 
 1.35139200e-05  5.01808829e-11  1.35139200e-05  4.06492769e-12 
 1.35159200e-05  5.01808829e-11  1.35159200e-05  4.06495133e-12 
 1.35179200e-05  5.01808829e-11  1.35179200e-05  4.06497925e-12 
 1.35199200e-05  5.01808829e-11  1.35199200e-05  4.06501180e-12 
 1.35219200e-05  5.01808829e-11  1.35219200e-05  4.06504932e-12 
 1.35239200e-05  5.01808829e-11  1.35239200e-05  4.06509216e-12 
 1.35259200e-05  5.01808829e-11  1.35259200e-05  4.06514065e-12 
 1.35279200e-05  5.01808829e-11  1.35279200e-05  4.06519512e-12 
 1.35299200e-05  5.01808829e-11  1.35299200e-05  4.06525592e-12 
 1.35319200e-05  5.01808829e-11  1.35319200e-05  4.06532335e-12 
 1.35339200e-05  5.01808829e-11  1.35339200e-05  4.06539775e-12 
 1.35359200e-05  5.01808829e-11  1.35359200e-05  4.06547944e-12 
 1.35379200e-05  5.01808829e-11  1.35379200e-05  4.06556872e-12 
 1.35399200e-05  5.01808829e-11  1.35399200e-05  4.06566591e-12 
 1.35419200e-05  5.01808829e-11  1.35419200e-05  4.06577130e-12 
 1.35439200e-05  5.01808829e-11  1.35439200e-05  4.06588521e-12 
 1.35459200e-05  5.01808829e-11  1.35459200e-05  4.06600791e-12 
 1.35479200e-05  5.01808829e-11  1.35479200e-05  4.06613969e-12 
 1.35499200e-05  5.01808829e-11  1.35499200e-05  4.06628085e-12 
 1.35519200e-05  5.01808829e-11  1.35519200e-05  4.06643165e-12 
 1.35539200e-05  5.01808829e-11  1.35539200e-05  4.06659236e-12 
 1.35559200e-05  5.01808829e-11  1.35559200e-05  4.06676325e-12 
 1.35579200e-05  5.01808829e-11  1.35579200e-05  4.06694457e-12 
 1.35599200e-05  5.01808829e-11  1.35599200e-05  4.06713657e-12 
 1.35619200e-05  5.01808829e-11  1.35619200e-05  4.06733950e-12 
 1.35639200e-05  5.01808829e-11  1.35639200e-05  4.06755359e-12 
 1.35659200e-05  5.01808829e-11  1.35659200e-05  4.06777907e-12 
 1.35679200e-05  5.01808829e-11  1.35679200e-05  4.06801616e-12 
 1.35699200e-05  5.01808829e-11  1.35699200e-05  4.06826508e-12 
 1.35719200e-05  5.01808829e-11  1.35719200e-05  4.06852604e-12 
 1.35739200e-05  5.01808829e-11  1.35739200e-05  4.06879923e-12 
 1.35759200e-05  5.01808829e-11  1.35759200e-05  4.06908485e-12 
 1.35779200e-05  5.01808829e-11  1.35779200e-05  4.06938308e-12 
 1.35799200e-05  5.01808829e-11  1.35799200e-05  4.06969410e-12 
 1.35819200e-05  5.01808829e-11  1.35819200e-05  4.07001807e-12 
 1.35839200e-05  5.01808829e-11  1.35839200e-05  4.07035515e-12 
 1.35859200e-05  5.01808829e-11  1.35859200e-05  4.07070551e-12 
 1.35879200e-05  5.01808829e-11  1.35879200e-05  4.07106927e-12 
 1.35899200e-05  5.01808829e-11  1.35899200e-05  4.07144657e-12 
 1.35919200e-05  5.01808829e-11  1.35919200e-05  4.07183754e-12 
 1.35939200e-05  5.01808829e-11  1.35939200e-05  4.07224230e-12 
 1.35959200e-05  5.01808829e-11  1.35959200e-05  4.07266095e-12 
 1.35979200e-05  5.01808829e-11  1.35979200e-05  4.07309360e-12 
 1.35999200e-05  5.01808829e-11  1.35999200e-05  4.07354034e-12 
 1.36019200e-05  5.01808829e-11  1.36019200e-05  4.07400124e-12 
 1.36039200e-05  5.01808829e-11  1.36039200e-05  4.07447638e-12 
 1.36059200e-05  5.01808829e-11  1.36059200e-05  4.07496583e-12 
 1.36079200e-05  5.01808829e-11  1.36079200e-05  4.07546964e-12 
 1.36099200e-05  5.01808829e-11  1.36099200e-05  4.07598786e-12 
 1.36119200e-05  5.01808829e-11  1.36119200e-05  4.07652051e-12 
 1.36139200e-05  5.01808829e-11  1.36139200e-05  4.07706764e-12 
 1.36159200e-05  5.01808829e-11  1.36159200e-05  4.07762925e-12 
 1.36179200e-05  5.01808829e-11  1.36179200e-05  4.07820537e-12 
 1.36199200e-05  5.01808829e-11  1.36199200e-05  4.07879598e-12 
 1.36219200e-05  5.01808829e-11  1.36219200e-05  4.07940108e-12 
 1.36239200e-05  5.01808829e-11  1.36239200e-05  4.08002065e-12 
 1.36259200e-05  5.01808829e-11  1.36259200e-05  4.08065466e-12 
 1.36279200e-05  5.01808829e-11  1.36279200e-05  4.08130309e-12 
 1.36299200e-05  5.01808829e-11  1.36299200e-05  4.08196587e-12 
 1.36319200e-05  5.01808829e-11  1.36319200e-05  4.08264296e-12 
 1.36339200e-05  5.01808829e-11  1.36339200e-05  4.08333429e-12 
 1.36359200e-05  5.01808829e-11  1.36359200e-05  4.08403980e-12 
 1.36379200e-05  5.01808829e-11  1.36379200e-05  4.08475939e-12 
 1.36399200e-05  5.01808829e-11  1.36399200e-05  4.08549298e-12 
 1.36419200e-05  5.01808829e-11  1.36419200e-05  4.08624047e-12 
 1.36439200e-05  5.01808829e-11  1.36439200e-05  4.08700174e-12 
 1.36459200e-05  5.01808829e-11  1.36459200e-05  4.08777670e-12 
 1.36479200e-05  5.01808829e-11  1.36479200e-05  4.08856519e-12 
 1.36499200e-05  5.01808829e-11  1.36499200e-05  4.08936711e-12 
 1.36519200e-05  5.01808829e-11  1.36519200e-05  4.09018229e-12 
 1.36539200e-05  5.01808829e-11  1.36539200e-05  4.09101059e-12 
 1.36559200e-05  5.01808829e-11  1.36559200e-05  4.09185186e-12 
 1.36579200e-05  5.01808829e-11  1.36579200e-05  4.09270591e-12 
 1.36599200e-05  5.01808829e-11  1.36599200e-05  4.09357258e-12 
 1.36619200e-05  5.01808829e-11  1.36619200e-05  4.09445169e-12 
 1.36639200e-05  5.01808829e-11  1.36639200e-05  4.09534304e-12 
 1.36659200e-05  5.01808829e-11  1.36659200e-05  4.09624643e-12 
 1.36679200e-05  5.01808829e-11  1.36679200e-05  4.09716165e-12 
 1.36699200e-05  5.01808829e-11  1.36699200e-05  4.09808850e-12 
 1.36719200e-05  5.01808829e-11  1.36719200e-05  4.09902675e-12 
 1.36739200e-05  5.01808829e-11  1.36739200e-05  4.09997617e-12 
 1.36759200e-05  5.01808829e-11  1.36759200e-05  4.10093652e-12 
 1.36779200e-05  5.01808829e-11  1.36779200e-05  4.10190756e-12 
 1.36799200e-05  5.01808829e-11  1.36799200e-05  4.10288905e-12 
 1.36819200e-05  5.01808829e-11  1.36819200e-05  4.10388072e-12 
 1.36839200e-05  5.01808829e-11  1.36839200e-05  4.10488232e-12 
 1.36859200e-05  5.01808829e-11  1.36859200e-05  4.10589357e-12 
 1.36879200e-05  5.01808829e-11  1.36879200e-05  4.10691420e-12 
 1.36899200e-05  5.01808829e-11  1.36899200e-05  4.10794393e-12 
 1.36919200e-05  5.01808829e-11  1.36919200e-05  4.10898247e-12 
 1.36939200e-05  5.01808829e-11  1.36939200e-05  4.11002953e-12 
 1.36959200e-05  5.01808829e-11  1.36959200e-05  4.11108481e-12 
 1.36979200e-05  5.01808829e-11  1.36979200e-05  4.11214801e-12 
 1.36999200e-05  5.01808829e-11  1.36999200e-05  4.11321883e-12 
 1.37019200e-05  5.01808829e-11  1.37019200e-05  4.11429693e-12 
 1.37039200e-05  5.01808829e-11  1.37039200e-05  4.11538203e-12 
 1.37059200e-05  5.01808829e-11  1.37059200e-05  4.11647377e-12 
 1.37079200e-05  5.01808829e-11  1.37079200e-05  4.11757186e-12 
 1.37099200e-05  5.01808829e-11  1.37099200e-05  4.11867594e-12 
 1.37119200e-05  5.01808829e-11  1.37119200e-05  4.11978570e-12 
 1.37139200e-05  5.01808829e-11  1.37139200e-05  4.12090079e-12 
 1.37159200e-05  5.01808829e-11  1.37159200e-05  4.12202087e-12 
 1.37179200e-05  5.01808829e-11  1.37179200e-05  4.12314560e-12 
 1.37199200e-05  5.01808829e-11  1.37199200e-05  4.12427463e-12 
 1.37219200e-05  5.01808829e-11  1.37219200e-05  4.12540761e-12 
 1.37239200e-05  5.01808829e-11  1.37239200e-05  4.12654419e-12 
 1.37259200e-05  5.01808829e-11  1.37259200e-05  4.12768401e-12 
 1.37279200e-05  5.01808829e-11  1.37279200e-05  4.12882673e-12 
 1.37299200e-05  5.01808829e-11  1.37299200e-05  4.12997197e-12 
 1.37319200e-05  5.01808829e-11  1.37319200e-05  4.13111939e-12 
 1.37339200e-05  5.01808829e-11  1.37339200e-05  4.13226862e-12 
 1.37359200e-05  5.01808829e-11  1.37359200e-05  4.13341929e-12 
 1.37379200e-05  5.01808829e-11  1.37379200e-05  4.13457105e-12 
 1.37399200e-05  5.01808829e-11  1.37399200e-05  4.13572353e-12 
 1.37419200e-05  5.01808829e-11  1.37419200e-05  4.13687637e-12 
 1.37439200e-05  5.01808829e-11  1.37439200e-05  4.13802920e-12 
 1.37459200e-05  5.01808829e-11  1.37459200e-05  4.13918166e-12 
 1.37479200e-05  5.01808829e-11  1.37479200e-05  4.14033338e-12 
 1.37499200e-05  5.01808829e-11  1.37499200e-05  4.14148400e-12 
 1.37519200e-05  5.01808829e-11  1.37519200e-05  4.14263316e-12 
 1.37539200e-05  5.01808829e-11  1.37539200e-05  4.14378050e-12 
 1.37559200e-05  5.01808829e-11  1.37559200e-05  4.14492564e-12 
 1.37579200e-05  5.01808829e-11  1.37579200e-05  4.14606824e-12 
 1.37599200e-05  5.01808829e-11  1.37599200e-05  4.14720794e-12 
 1.37619200e-05  5.01808829e-11  1.37619200e-05  4.14834438e-12 
 1.37639200e-05  5.01808829e-11  1.37639200e-05  4.14947720e-12 
 1.37659200e-05  5.01808829e-11  1.37659200e-05  4.15060606e-12 
 1.37679200e-05  5.01808829e-11  1.37679200e-05  4.15173060e-12 
 1.37699200e-05  5.01808829e-11  1.37699200e-05  4.15285048e-12 
 1.37719200e-05  5.01808829e-11  1.37719200e-05  4.15396536e-12 
 1.37739200e-05  5.01808829e-11  1.37739200e-05  4.15507489e-12 
 1.37759200e-05  5.01808829e-11  1.37759200e-05  4.15617874e-12 
 1.37779200e-05  5.01808829e-11  1.37779200e-05  4.15727657e-12 
 1.37799200e-05  5.01808829e-11  1.37799200e-05  4.15836806e-12 
 1.37819200e-05  5.01808829e-11  1.37819200e-05  4.15945287e-12 
 1.37839200e-05  5.01808829e-11  1.37839200e-05  4.16053069e-12 
 1.37859200e-05  5.01808829e-11  1.37859200e-05  4.16160121e-12 
 1.37879200e-05  5.01808829e-11  1.37879200e-05  4.16266410e-12 
 1.37899200e-05  5.01808829e-11  1.37899200e-05  4.16371906e-12 
 1.37919200e-05  5.01808829e-11  1.37919200e-05  4.16476579e-12 
 1.37939200e-05  5.01808829e-11  1.37939200e-05  4.16580399e-12 
 1.37959200e-05  5.01808829e-11  1.37959200e-05  4.16683337e-12 
 1.37979200e-05  5.01808829e-11  1.37979200e-05  4.16785364e-12 
 1.37999200e-05  5.01808829e-11  1.37999200e-05  4.16886452e-12 
 1.38019200e-05  5.01808829e-11  1.38019200e-05  4.16986574e-12 
 1.38039200e-05  5.01808829e-11  1.38039200e-05  4.17085703e-12 
 1.38059200e-05  5.01808829e-11  1.38059200e-05  4.17183813e-12 
 1.38079200e-05  5.01808829e-11  1.38079200e-05  4.17280878e-12 
 1.38099200e-05  5.01808829e-11  1.38099200e-05  4.17376873e-12 
 1.38119200e-05  5.01808829e-11  1.38119200e-05  4.17471774e-12 
 1.38139200e-05  5.01808829e-11  1.38139200e-05  4.17565557e-12 
 1.38159200e-05  5.01808829e-11  1.38159200e-05  4.17658200e-12 
 1.38179200e-05  5.01808829e-11  1.38179200e-05  4.17749681e-12 
 1.38199200e-05  5.01808829e-11  1.38199200e-05  4.17839977e-12 
 1.38219200e-05  5.01808829e-11  1.38219200e-05  4.17929069e-12 
 1.38239200e-05  5.01808829e-11  1.38239200e-05  4.18016936e-12 
 1.38259200e-05  5.01808829e-11  1.38259200e-05  4.18103560e-12 
 1.38279200e-05  5.01808829e-11  1.38279200e-05  4.18188922e-12 
 1.38299200e-05  5.01808829e-11  1.38299200e-05  4.18273005e-12 
 1.38319200e-05  5.01808829e-11  1.38319200e-05  4.18355792e-12 
 1.38339200e-05  5.01808829e-11  1.38339200e-05  4.18437266e-12 
 1.38359200e-05  5.01808829e-11  1.38359200e-05  4.18517414e-12 
 1.38379200e-05  5.01808829e-11  1.38379200e-05  4.18596220e-12 
 1.38399200e-05  5.01808829e-11  1.38399200e-05  4.18673672e-12 
 1.38419200e-05  5.01808829e-11  1.38419200e-05  4.18749757e-12 
 1.38439200e-05  5.01808829e-11  1.38439200e-05  4.18824463e-12 
 1.38459200e-05  5.01808829e-11  1.38459200e-05  4.18897779e-12 
 1.38479200e-05  5.01808829e-11  1.38479200e-05  4.18969696e-12 
 1.38499200e-05  5.01808829e-11  1.38499200e-05  4.19040204e-12 
 1.38519200e-05  5.01808829e-11  1.38519200e-05  4.19109296e-12 
 1.38539200e-05  5.01808829e-11  1.38539200e-05  4.19176965e-12 
 1.38559200e-05  5.01808829e-11  1.38559200e-05  4.19243203e-12 
 1.38579200e-05  5.01808829e-11  1.38579200e-05  4.19308005e-12 
 1.38599200e-05  5.01808829e-11  1.38599200e-05  4.19371367e-12 
 1.38619200e-05  5.01808829e-11  1.38619200e-05  4.19433286e-12 
 1.38639200e-05  5.01808829e-11  1.38639200e-05  4.19493759e-12 
 1.38659200e-05  5.01808829e-11  1.38659200e-05  4.19552783e-12 
 1.38679200e-05  5.01808829e-11  1.38679200e-05  4.19610358e-12 
 1.38699200e-05  5.01808829e-11  1.38699200e-05  4.19666484e-12 
 1.38719200e-05  5.01808829e-11  1.38719200e-05  4.19721163e-12 
 1.38739200e-05  5.01808829e-11  1.38739200e-05  4.19774395e-12 
 1.38759200e-05  5.01808829e-11  1.38759200e-05  4.19826184e-12 
 1.38779200e-05  5.01808829e-11  1.38779200e-05  4.19876533e-12 
 1.38799200e-05  5.01808829e-11  1.38799200e-05  4.19925447e-12 
 1.38819200e-05  5.01808829e-11  1.38819200e-05  4.19972932e-12 
 1.38839200e-05  5.01808829e-11  1.38839200e-05  4.20018994e-12 
 1.38859200e-05  5.01808829e-11  1.38859200e-05  4.20063640e-12 
 1.38879200e-05  5.01808829e-11  1.38879200e-05  4.20106879e-12 
 1.38899200e-05  5.01808829e-11  1.38899200e-05  4.20148720e-12 
 1.38919200e-05  5.01808829e-11  1.38919200e-05  4.20189172e-12 
 1.38939200e-05  5.01808829e-11  1.38939200e-05  4.20228246e-12 
 1.38959200e-05  5.01808829e-11  1.38959200e-05  4.20265955e-12 
 1.38979200e-05  5.01808829e-11  1.38979200e-05  4.20302311e-12 
 1.38999200e-05  5.01808829e-11  1.38999200e-05  4.20337327e-12 
 1.39019200e-05  5.01808829e-11  1.39019200e-05  4.20371017e-12 
 1.39039200e-05  5.01808829e-11  1.39039200e-05  4.20403398e-12 
 1.39059200e-05  5.01808829e-11  1.39059200e-05  4.20434484e-12 
 1.39079200e-05  5.01808829e-11  1.39079200e-05  4.20464293e-12 
 1.39099200e-05  5.01808829e-11  1.39099200e-05  4.20492842e-12 
 1.39119200e-05  5.01808829e-11  1.39119200e-05  4.20520149e-12 
 1.39139200e-05  5.01808829e-11  1.39139200e-05  4.20546235e-12 
 1.39159200e-05  5.01808829e-11  1.39159200e-05  4.20571117e-12 
 1.39179200e-05  5.01808829e-11  1.39179200e-05  4.20594819e-12 
 1.39199200e-05  5.01808829e-11  1.39199200e-05  4.20617360e-12 
 1.39219200e-05  5.01808829e-11  1.39219200e-05  4.20638763e-12 
 1.39239200e-05  5.01808829e-11  1.39239200e-05  4.20659051e-12 
 1.39259200e-05  5.01808829e-11  1.39259200e-05  4.20678247e-12 
 1.39279200e-05  5.01808829e-11  1.39279200e-05  4.20696377e-12 
 1.39299200e-05  5.01808829e-11  1.39299200e-05  4.20713464e-12 
 1.39319200e-05  5.01808829e-11  1.39319200e-05  4.20729535e-12 
 1.39339200e-05  5.01808829e-11  1.39339200e-05  4.20744615e-12 
 1.39359200e-05  5.01808829e-11  1.39359200e-05  4.20758732e-12 
 1.39379200e-05  5.01808829e-11  1.39379200e-05  4.20771913e-12 
 1.39399200e-05  5.01808829e-11  1.39399200e-05  4.20784186e-12 
 1.39419200e-05  5.01808829e-11  1.39419200e-05  4.20795580e-12 
 1.39439200e-05  5.01808829e-11  1.39439200e-05  4.20806125e-12 
 1.39459200e-05  5.01808829e-11  1.39459200e-05  4.20815849e-12 
 1.39479200e-05  5.01808829e-11  1.39479200e-05  4.20824783e-12 
 1.39499200e-05  5.01808829e-11  1.39499200e-05  4.20832958e-12 
 1.39519200e-05  5.01808829e-11  1.39519200e-05  4.20840406e-12 
 1.39539200e-05  5.01808829e-11  1.39539200e-05  4.20847157e-12 
 1.39559200e-05  5.01808829e-11  1.39559200e-05  4.20853244e-12 
 1.39579200e-05  5.01808829e-11  1.39579200e-05  4.20858700e-12 
 1.39599200e-05  5.01808829e-11  1.39599200e-05  4.20863558e-12 
 1.39619200e-05  5.01808829e-11  1.39619200e-05  4.20867850e-12 
 1.39639200e-05  5.01808829e-11  1.39639200e-05  4.20871611e-12 
 1.39659200e-05  5.01808829e-11  1.39659200e-05  4.20874875e-12 
 1.39679200e-05  5.01808829e-11  1.39679200e-05  4.20877676e-12 
 1.39699200e-05  5.01808829e-11  1.39699200e-05  4.20880048e-12 
 1.39719200e-05  5.01808829e-11  1.39719200e-05  4.20882027e-12 
 1.39739200e-05  5.01808829e-11  1.39739200e-05  4.20883648e-12 
 1.39759200e-05  5.01808829e-11  1.39759200e-05  4.20884946e-12 
 1.39779200e-05  5.01808829e-11  1.39779200e-05  4.20885956e-12 
 1.39799200e-05  5.01808829e-11  1.39799200e-05  4.20886715e-12 
 1.39819200e-05  5.01808829e-11  1.39819200e-05  4.20887259e-12 
 1.39839200e-05  5.01808829e-11  1.39839200e-05  4.20887622e-12 
 1.39859200e-05  5.01808829e-11  1.39859200e-05  4.20887843e-12 
 1.39879200e-05  5.01808829e-11  1.39879200e-05  4.20887956e-12 
 1.39899200e-05  5.01808829e-11  1.39899200e-05  4.20887999e-12 
 1.39919200e-05  5.01808829e-11  1.39919200e-05  4.20888007e-12 
 1.39939200e-05  5.01808829e-11  1.39939200e-05  4.20888017e-12 
 1.39959200e-05  5.01808829e-11  1.39959200e-05  4.20888066e-12 
 1.39979200e-05  5.01808829e-11  1.39979200e-05  4.20888189e-12 
 1.39999200e-05  5.01808829e-11  1.39999200e-05  4.20888423e-12 
 1.40019200e-05  5.01808829e-11  1.40019200e-05  4.20888805e-12 
 1.40039200e-05  5.01808829e-11  1.40039200e-05  4.20889370e-12 
 1.40059200e-05  5.01808829e-11  1.40059200e-05  4.20890154e-12 
 1.40079200e-05  5.01808829e-11  1.40079200e-05  4.20891194e-12 
 1.40099200e-05  5.01808829e-11  1.40099200e-05  4.20892525e-12 
 1.40119200e-05  5.01808829e-11  1.40119200e-05  4.20894183e-12 
 1.40139200e-05  5.01808829e-11  1.40139200e-05  4.20896202e-12 
 1.40159200e-05  5.01808829e-11  1.40159200e-05  4.20898619e-12 
 1.40179200e-05  5.01808829e-11  1.40179200e-05  4.20901467e-12 
 1.40199200e-05  5.01808829e-11  1.40199200e-05  4.20904782e-12 
 1.40219200e-05  5.01808829e-11  1.40219200e-05  4.20908598e-12 
 1.40239200e-05  5.01808829e-11  1.40239200e-05  4.20912948e-12 
 1.40259200e-05  5.01808829e-11  1.40259200e-05  4.20917867e-12 
 1.40279200e-05  5.01808829e-11  1.40279200e-05  4.20923388e-12 
 1.40299200e-05  5.01808829e-11  1.40299200e-05  4.20929543e-12 
 1.40319200e-05  5.01808829e-11  1.40319200e-05  4.20936365e-12 
 1.40339200e-05  5.01808829e-11  1.40339200e-05  4.20943886e-12 
 1.40359200e-05  5.01808829e-11  1.40359200e-05  4.20952138e-12 
 1.40379200e-05  5.01808829e-11  1.40379200e-05  4.20961151e-12 
 1.40399200e-05  5.01808829e-11  1.40399200e-05  4.20970957e-12 
 1.40419200e-05  5.01808829e-11  1.40419200e-05  4.20981586e-12 
 1.40439200e-05  5.01808829e-11  1.40439200e-05  4.20993067e-12 
 1.40459200e-05  5.01808829e-11  1.40459200e-05  4.21005429e-12 
 1.40479200e-05  5.01808829e-11  1.40479200e-05  4.21018701e-12 
 1.40499200e-05  5.01808829e-11  1.40499200e-05  4.21032912e-12 
 1.40519200e-05  5.01808829e-11  1.40519200e-05  4.21048087e-12 
 1.40539200e-05  5.01808829e-11  1.40539200e-05  4.21064254e-12 
 1.40559200e-05  5.01808829e-11  1.40559200e-05  4.21081440e-12 
 1.40579200e-05  5.01808829e-11  1.40579200e-05  4.21099669e-12 
 1.40599200e-05  5.01808829e-11  1.40599200e-05  4.21118967e-12 
 1.40619200e-05  5.01808829e-11  1.40619200e-05  4.21139357e-12 
 1.40639200e-05  5.01808829e-11  1.40639200e-05  4.21160864e-12 
 1.40659200e-05  5.01808829e-11  1.40659200e-05  4.21183509e-12 
 1.40679200e-05  5.01808829e-11  1.40679200e-05  4.21207315e-12 
 1.40699200e-05  5.01808829e-11  1.40699200e-05  4.21232304e-12 
 1.40719200e-05  5.01808829e-11  1.40719200e-05  4.21258495e-12 
 1.40739200e-05  5.01808829e-11  1.40739200e-05  4.21285908e-12 
 1.40759200e-05  5.01808829e-11  1.40759200e-05  4.21314563e-12 
 1.40779200e-05  5.01808829e-11  1.40779200e-05  4.21344478e-12 
 1.40799200e-05  5.01808829e-11  1.40799200e-05  4.21375670e-12 
 1.40819200e-05  5.01808829e-11  1.40819200e-05  4.21408156e-12 
 1.40839200e-05  5.01808829e-11  1.40839200e-05  4.21441951e-12 
 1.40859200e-05  5.01808829e-11  1.40859200e-05  4.21477071e-12 
 1.40879200e-05  5.01808829e-11  1.40879200e-05  4.21513530e-12 
 1.40899200e-05  5.01808829e-11  1.40899200e-05  4.21551340e-12 
 1.40919200e-05  5.01808829e-11  1.40919200e-05  4.21590515e-12 
 1.40939200e-05  5.01808829e-11  1.40939200e-05  4.21631066e-12 
 1.40959200e-05  5.01808829e-11  1.40959200e-05  4.21673003e-12 
 1.40979200e-05  5.01808829e-11  1.40979200e-05  4.21716337e-12 
 1.40999200e-05  5.01808829e-11  1.40999200e-05  4.21761077e-12 
 1.41019200e-05  5.01808829e-11  1.41019200e-05  4.21807230e-12 
 1.41039200e-05  5.01808829e-11  1.41039200e-05  4.21854803e-12 
 1.41059200e-05  5.01808829e-11  1.41059200e-05  4.21903804e-12 
 1.41079200e-05  5.01808829e-11  1.41079200e-05  4.21954236e-12 
 1.41099200e-05  5.01808829e-11  1.41099200e-05  4.22006105e-12 
 1.41119200e-05  5.01808829e-11  1.41119200e-05  4.22059415e-12 
 1.41139200e-05  5.01808829e-11  1.41139200e-05  4.22114167e-12 
 1.41159200e-05  5.01808829e-11  1.41159200e-05  4.22170364e-12 
 1.41179200e-05  5.01808829e-11  1.41179200e-05  4.22228006e-12 
 1.41199200e-05  5.01808829e-11  1.41199200e-05  4.22287093e-12 
 1.41219200e-05  5.01808829e-11  1.41219200e-05  4.22347625e-12 
 1.41239200e-05  5.01808829e-11  1.41239200e-05  4.22409598e-12 
 1.41259200e-05  5.01808829e-11  1.41259200e-05  4.22473011e-12 
 1.41279200e-05  5.01808829e-11  1.41279200e-05  4.22537860e-12 
 1.41299200e-05  5.01808829e-11  1.41299200e-05  4.22604139e-12 
 1.41319200e-05  5.01808829e-11  1.41319200e-05  4.22671844e-12 
 1.41339200e-05  5.01808829e-11  1.41339200e-05  4.22740967e-12 
 1.41359200e-05  5.01808829e-11  1.41359200e-05  4.22811502e-12 
 1.41379200e-05  5.01808829e-11  1.41379200e-05  4.22883441e-12 
 1.41399200e-05  5.01808829e-11  1.41399200e-05  4.22956773e-12 
 1.41419200e-05  5.01808829e-11  1.41419200e-05  4.23031489e-12 
 1.41439200e-05  5.01808829e-11  1.41439200e-05  4.23107578e-12 
 1.41459200e-05  5.01808829e-11  1.41459200e-05  4.23185029e-12 
 1.41479200e-05  5.01808829e-11  1.41479200e-05  4.23263828e-12 
 1.41499200e-05  5.01808829e-11  1.41499200e-05  4.23343962e-12 
 1.41519200e-05  5.01808829e-11  1.41519200e-05  4.23425417e-12 
 1.41539200e-05  5.01808829e-11  1.41539200e-05  4.23508177e-12 
 1.41559200e-05  5.01808829e-11  1.41559200e-05  4.23592227e-12 
 1.41579200e-05  5.01808829e-11  1.41579200e-05  4.23677550e-12 
 1.41599200e-05  5.01808829e-11  1.41599200e-05  4.23764128e-12 
 1.41619200e-05  5.01808829e-11  1.41619200e-05  4.23851943e-12 
 1.41639200e-05  5.01808829e-11  1.41639200e-05  4.23940975e-12 
 1.41659200e-05  5.01808829e-11  1.41659200e-05  4.24031204e-12 
 1.41679200e-05  5.01808829e-11  1.41679200e-05  4.24122611e-12 
 1.41699200e-05  5.01808829e-11  1.41699200e-05  4.24215173e-12 
 1.41719200e-05  5.01808829e-11  1.41719200e-05  4.24308867e-12 
 1.41739200e-05  5.01808829e-11  1.41739200e-05  4.24403672e-12 
 1.41759200e-05  5.01808829e-11  1.41759200e-05  4.24499564e-12 
 1.41779200e-05  5.01808829e-11  1.41779200e-05  4.24596518e-12 
 1.41799200e-05  5.01808829e-11  1.41799200e-05  4.24694509e-12 
 1.41819200e-05  5.01808829e-11  1.41819200e-05  4.24793511e-12 
 1.41839200e-05  5.01808829e-11  1.41839200e-05  4.24893499e-12 
 1.41859200e-05  5.01808829e-11  1.41859200e-05  4.24994446e-12 
 1.41879200e-05  5.01808829e-11  1.41879200e-05  4.25096323e-12 
 1.41899200e-05  5.01808829e-11  1.41899200e-05  4.25199104e-12 
 1.41919200e-05  5.01808829e-11  1.41919200e-05  4.25302758e-12 
 1.41939200e-05  5.01808829e-11  1.41939200e-05  4.25407257e-12 
 1.41959200e-05  5.01808829e-11  1.41959200e-05  4.25512572e-12 
 1.41979200e-05  5.01808829e-11  1.41979200e-05  4.25618672e-12 
 1.41999200e-05  5.01808829e-11  1.41999200e-05  4.25725525e-12 
 1.42019200e-05  5.01808829e-11  1.42019200e-05  4.25833102e-12 
 1.42039200e-05  5.01808829e-11  1.42039200e-05  4.25941370e-12 
 1.42059200e-05  5.01808829e-11  1.42059200e-05  4.26050297e-12 
 1.42079200e-05  5.01808829e-11  1.42079200e-05  4.26159850e-12 
 1.42099200e-05  5.01808829e-11  1.42099200e-05  4.26269998e-12 
 1.42119200e-05  5.01808829e-11  1.42119200e-05  4.26380705e-12 
 1.42139200e-05  5.01808829e-11  1.42139200e-05  4.26491939e-12 
 1.42159200e-05  5.01808829e-11  1.42159200e-05  4.26603666e-12 
 1.42179200e-05  5.01808829e-11  1.42179200e-05  4.26715851e-12 
 1.42199200e-05  5.01808829e-11  1.42199200e-05  4.26828460e-12 
 1.42219200e-05  5.01808829e-11  1.42219200e-05  4.26941457e-12 
 1.42239200e-05  5.01808829e-11  1.42239200e-05  4.27054808e-12 
 1.42259200e-05  5.01808829e-11  1.42259200e-05  4.27168478e-12 
 1.42279200e-05  5.01808829e-11  1.42279200e-05  4.27282430e-12 
 1.42299200e-05  5.01808829e-11  1.42299200e-05  4.27396629e-12 
 1.42319200e-05  5.01808829e-11  1.42319200e-05  4.27511040e-12 
 1.42339200e-05  5.01808829e-11  1.42339200e-05  4.27625626e-12 
 1.42359200e-05  5.01808829e-11  1.42359200e-05  4.27740351e-12 
 1.42379200e-05  5.01808829e-11  1.42379200e-05  4.27855178e-12 
 1.42399200e-05  5.01808829e-11  1.42399200e-05  4.27970073e-12 
 1.42419200e-05  5.01808829e-11  1.42419200e-05  4.28084997e-12 
 1.42439200e-05  5.01808829e-11  1.42439200e-05  4.28199916e-12 
 1.42459200e-05  5.01808829e-11  1.42459200e-05  4.28314792e-12 
 1.42479200e-05  5.01808829e-11  1.42479200e-05  4.28429589e-12 
 1.42499200e-05  5.01808829e-11  1.42499200e-05  4.28544271e-12 
 1.42519200e-05  5.01808829e-11  1.42519200e-05  4.28658802e-12 
 1.42539200e-05  5.01808829e-11  1.42539200e-05  4.28773146e-12 
 1.42559200e-05  5.01808829e-11  1.42559200e-05  4.28887267e-12 
 1.42579200e-05  5.01808829e-11  1.42579200e-05  4.29001129e-12 
 1.42599200e-05  5.01808829e-11  1.42599200e-05  4.29114696e-12 
 1.42619200e-05  5.01808829e-11  1.42619200e-05  4.29227933e-12 
 1.42639200e-05  5.01808829e-11  1.42639200e-05  4.29340805e-12 
 1.42659200e-05  5.01808829e-11  1.42659200e-05  4.29453276e-12 
 1.42679200e-05  5.01808829e-11  1.42679200e-05  4.29565311e-12 
 1.42699200e-05  5.01808829e-11  1.42699200e-05  4.29676878e-12 
 1.42719200e-05  5.01808829e-11  1.42719200e-05  4.29787940e-12 
 1.42739200e-05  5.01808829e-11  1.42739200e-05  4.29898464e-12 
 1.42759200e-05  5.01808829e-11  1.42759200e-05  4.30008417e-12 
 1.42779200e-05  5.01808829e-11  1.42779200e-05  4.30117766e-12 
 1.42799200e-05  5.01808829e-11  1.42799200e-05  4.30226477e-12 
 1.42819200e-05  5.01808829e-11  1.42819200e-05  4.30334518e-12 
 1.42839200e-05  5.01808829e-11  1.42839200e-05  4.30441858e-12 
 1.42859200e-05  5.01808829e-11  1.42859200e-05  4.30548465e-12 
 1.42879200e-05  5.01808829e-11  1.42879200e-05  4.30654307e-12 
 1.42899200e-05  5.01808829e-11  1.42899200e-05  4.30759354e-12 
 1.42919200e-05  5.01808829e-11  1.42919200e-05  4.30863576e-12 
 1.42939200e-05  5.01808829e-11  1.42939200e-05  4.30966944e-12 
 1.42959200e-05  5.01808829e-11  1.42959200e-05  4.31069428e-12 
 1.42979200e-05  5.01808829e-11  1.42979200e-05  4.31171000e-12 
 1.42999200e-05  5.01808829e-11  1.42999200e-05  4.31271633e-12 
 1.43019200e-05  5.01808829e-11  1.43019200e-05  4.31371298e-12 
 1.43039200e-05  5.01808829e-11  1.43039200e-05  4.31469969e-12 
 1.43059200e-05  5.01808829e-11  1.43059200e-05  4.31567620e-12 
 1.43079200e-05  5.01808829e-11  1.43079200e-05  4.31664226e-12 
 1.43099200e-05  5.01808829e-11  1.43099200e-05  4.31759762e-12 
 1.43119200e-05  5.01808829e-11  1.43119200e-05  4.31854204e-12 
 1.43139200e-05  5.01808829e-11  1.43139200e-05  4.31947529e-12 
 1.43159200e-05  5.01808829e-11  1.43159200e-05  4.32039713e-12 
 1.43179200e-05  5.01808829e-11  1.43179200e-05  4.32130736e-12 
 1.43199200e-05  5.01808829e-11  1.43199200e-05  4.32220575e-12 
 1.43219200e-05  5.01808829e-11  1.43219200e-05  4.32309210e-12 
 1.43239200e-05  5.01808829e-11  1.43239200e-05  4.32396622e-12 
 1.43259200e-05  5.01808829e-11  1.43259200e-05  4.32482791e-12 
 1.43279200e-05  5.01808829e-11  1.43279200e-05  4.32567700e-12 
 1.43299200e-05  5.01808829e-11  1.43299200e-05  4.32651331e-12 
 1.43319200e-05  5.01808829e-11  1.43319200e-05  4.32733668e-12 
 1.43339200e-05  5.01808829e-11  1.43339200e-05  4.32814695e-12 
 1.43359200e-05  5.01808829e-11  1.43359200e-05  4.32894396e-12 
 1.43379200e-05  5.01808829e-11  1.43379200e-05  4.32972759e-12 
 1.43399200e-05  5.01808829e-11  1.43399200e-05  4.33049769e-12 
 1.43419200e-05  5.01808829e-11  1.43419200e-05  4.33125415e-12 
 1.43439200e-05  5.01808829e-11  1.43439200e-05  4.33199685e-12 
 1.43459200e-05  5.01808829e-11  1.43459200e-05  4.33272568e-12 
 1.43479200e-05  5.01808829e-11  1.43479200e-05  4.33344055e-12 
 1.43499200e-05  5.01808829e-11  1.43499200e-05  4.33414136e-12 
 1.43519200e-05  5.01808829e-11  1.43519200e-05  4.33482804e-12 
 1.43539200e-05  5.01808829e-11  1.43539200e-05  4.33550052e-12 
 1.43559200e-05  5.01808829e-11  1.43559200e-05  4.33615874e-12 
 1.43579200e-05  5.01808829e-11  1.43579200e-05  4.33680263e-12 
 1.43599200e-05  5.01808829e-11  1.43599200e-05  4.33743217e-12 
 1.43619200e-05  5.01808829e-11  1.43619200e-05  4.33804731e-12 
 1.43639200e-05  5.01808829e-11  1.43639200e-05  4.33864802e-12 
 1.43659200e-05  5.01808829e-11  1.43659200e-05  4.33923430e-12 
 1.43679200e-05  5.01808829e-11  1.43679200e-05  4.33980614e-12 
 1.43699200e-05  5.01808829e-11  1.43699200e-05  4.34036353e-12 
 1.43719200e-05  5.01808829e-11  1.43719200e-05  4.34090649e-12 
 1.43739200e-05  5.01808829e-11  1.43739200e-05  4.34143504e-12 
 1.43759200e-05  5.01808829e-11  1.43759200e-05  4.34194920e-12 
 1.43779200e-05  5.01808829e-11  1.43779200e-05  4.34244902e-12 
 1.43799200e-05  5.01808829e-11  1.43799200e-05  4.34293454e-12 
 1.43819200e-05  5.01808829e-11  1.43819200e-05  4.34340583e-12 
 1.43839200e-05  5.01808829e-11  1.43839200e-05  4.34386293e-12 
 1.43859200e-05  5.01808829e-11  1.43859200e-05  4.34430594e-12 
 1.43879200e-05  5.01808829e-11  1.43879200e-05  4.34473493e-12 
 1.43899200e-05  5.01808829e-11  1.43899200e-05  4.34514999e-12 
 1.43919200e-05  5.01808829e-11  1.43919200e-05  4.34555122e-12 
 1.43939200e-05  5.01808829e-11  1.43939200e-05  4.34593875e-12 
 1.43959200e-05  5.01808829e-11  1.43959200e-05  4.34631267e-12 
 1.43979200e-05  5.01808829e-11  1.43979200e-05  4.34667313e-12 
 1.43999200e-05  5.01808829e-11  1.43999200e-05  4.34702025e-12 
 1.44019200e-05  5.01808829e-11  1.44019200e-05  4.34735418e-12 
 1.44039200e-05  5.01808829e-11  1.44039200e-05  4.34767507e-12 
 1.44059200e-05  5.01808829e-11  1.44059200e-05  4.34798309e-12 
 1.44079200e-05  5.01808829e-11  1.44079200e-05  4.34827839e-12 
 1.44099200e-05  5.01808829e-11  1.44099200e-05  4.34856117e-12 
 1.44119200e-05  5.01808829e-11  1.44119200e-05  4.34883159e-12 
 1.44139200e-05  5.01808829e-11  1.44139200e-05  4.34908986e-12 
 1.44159200e-05  5.01808829e-11  1.44159200e-05  4.34933617e-12 
 1.44179200e-05  5.01808829e-11  1.44179200e-05  4.34957074e-12 
 1.44199200e-05  5.01808829e-11  1.44199200e-05  4.34979377e-12 
 1.44219200e-05  5.01808829e-11  1.44219200e-05  4.35000549e-12 
 1.44239200e-05  5.01808829e-11  1.44239200e-05  4.35020613e-12 
 1.44259200e-05  5.01808829e-11  1.44259200e-05  4.35039592e-12 
 1.44279200e-05  5.01808829e-11  1.44279200e-05  4.35057511e-12 
 1.44299200e-05  5.01808829e-11  1.44299200e-05  4.35074395e-12 
 1.44319200e-05  5.01808829e-11  1.44319200e-05  4.35090269e-12 
 1.44339200e-05  5.01808829e-11  1.44339200e-05  4.35105160e-12 
 1.44359200e-05  5.01808829e-11  1.44359200e-05  4.35119095e-12 
 1.44379200e-05  5.01808829e-11  1.44379200e-05  4.35132100e-12 
 1.44399200e-05  5.01808829e-11  1.44399200e-05  4.35144205e-12 
 1.44419200e-05  5.01808829e-11  1.44419200e-05  4.35155438e-12 
 1.44439200e-05  5.01808829e-11  1.44439200e-05  4.35165828e-12 
 1.44459200e-05  5.01808829e-11  1.44459200e-05  4.35175404e-12 
 1.44479200e-05  5.01808829e-11  1.44479200e-05  4.35184198e-12 
 1.44499200e-05  5.01808829e-11  1.44499200e-05  4.35192240e-12 
 1.44519200e-05  5.01808829e-11  1.44519200e-05  4.35199560e-12 
 1.44539200e-05  5.01808829e-11  1.44539200e-05  4.35206191e-12 
 1.44559200e-05  5.01808829e-11  1.44559200e-05  4.35212166e-12 
 1.44579200e-05  5.01808829e-11  1.44579200e-05  4.35217515e-12 
 1.44599200e-05  5.01808829e-11  1.44599200e-05  4.35222273e-12 
 1.44619200e-05  5.01808829e-11  1.44619200e-05  4.35226472e-12 
 1.44639200e-05  5.01808829e-11  1.44639200e-05  4.35230147e-12 
 1.44659200e-05  5.01808829e-11  1.44659200e-05  4.35233331e-12 
 1.44679200e-05  5.01808829e-11  1.44679200e-05  4.35236058e-12 
 1.44699200e-05  5.01808829e-11  1.44699200e-05  4.35238364e-12 
 1.44719200e-05  5.01808829e-11  1.44719200e-05  4.35240282e-12 
 1.44739200e-05  5.01808829e-11  1.44739200e-05  4.35241848e-12 
 1.44759200e-05  5.01808829e-11  1.44759200e-05  4.35243098e-12 
 1.44779200e-05  5.01808829e-11  1.44779200e-05  4.35244066e-12 
 1.44799200e-05  5.01808829e-11  1.44799200e-05  4.35244789e-12 
 1.44819200e-05  5.01808829e-11  1.44819200e-05  4.35245303e-12 
 1.44839200e-05  5.01808829e-11  1.44839200e-05  4.35245642e-12 
 1.44859200e-05  5.01808829e-11  1.44859200e-05  4.35245844e-12 
 1.44879200e-05  5.01808829e-11  1.44879200e-05  4.35245945e-12 
 1.44899200e-05  5.01808829e-11  1.44899200e-05  4.35245980e-12 
 1.44919200e-05  5.01808829e-11  1.44919200e-05  4.35245986e-12 
 1.44939200e-05  5.01808829e-11  1.44939200e-05  4.35245999e-12 
 1.44959200e-05  5.01808829e-11  1.44959200e-05  4.35246056e-12 
 1.44979200e-05  5.01808829e-11  1.44979200e-05  4.35246193e-12 
 1.44999200e-05  5.01808829e-11  1.44999200e-05  4.35246446e-12 
 1.45019200e-05  5.01808829e-11  1.45019200e-05  4.35246851e-12 
 1.45039200e-05  5.01808829e-11  1.45039200e-05  4.35247444e-12 
 1.45059200e-05  5.01808829e-11  1.45059200e-05  4.35248261e-12 
 1.45079200e-05  5.01808829e-11  1.45079200e-05  4.35249338e-12 
 1.45099200e-05  5.01808829e-11  1.45099200e-05  4.35250710e-12 
 1.45119200e-05  5.01808829e-11  1.45119200e-05  4.35252413e-12 
 1.45139200e-05  5.01808829e-11  1.45139200e-05  4.35254481e-12 
 1.45159200e-05  5.01808829e-11  1.45159200e-05  4.35256951e-12 
 1.45179200e-05  5.01808829e-11  1.45179200e-05  4.35259857e-12 
 1.45199200e-05  5.01808829e-11  1.45199200e-05  4.35263232e-12 
 1.45219200e-05  5.01808829e-11  1.45219200e-05  4.35267112e-12 
 1.45239200e-05  5.01808829e-11  1.45239200e-05  4.35271530e-12 
 1.45259200e-05  5.01808829e-11  1.45259200e-05  4.35276519e-12 
 1.45279200e-05  5.01808829e-11  1.45279200e-05  4.35282112e-12 
 1.45299200e-05  5.01808829e-11  1.45299200e-05  4.35288343e-12 
 1.45319200e-05  5.01808829e-11  1.45319200e-05  4.35295244e-12 
 1.45339200e-05  5.01808829e-11  1.45339200e-05  4.35302846e-12 
 1.45359200e-05  5.01808829e-11  1.45359200e-05  4.35311181e-12 
 1.45379200e-05  5.01808829e-11  1.45379200e-05  4.35320280e-12 
 1.45399200e-05  5.01808829e-11  1.45399200e-05  4.35330173e-12 
 1.45419200e-05  5.01808829e-11  1.45419200e-05  4.35340891e-12 
 1.45439200e-05  5.01808829e-11  1.45439200e-05  4.35352462e-12 
 1.45459200e-05  5.01808829e-11  1.45459200e-05  4.35364917e-12 
 1.45479200e-05  5.01808829e-11  1.45479200e-05  4.35378282e-12 
 1.45499200e-05  5.01808829e-11  1.45499200e-05  4.35392587e-12 
 1.45519200e-05  5.01808829e-11  1.45519200e-05  4.35407858e-12 
 1.45539200e-05  5.01808829e-11  1.45539200e-05  4.35424121e-12 
 1.45559200e-05  5.01808829e-11  1.45559200e-05  4.35441404e-12 
 1.45579200e-05  5.01808829e-11  1.45579200e-05  4.35459730e-12 
 1.45599200e-05  5.01808829e-11  1.45599200e-05  4.35479125e-12 
 1.45619200e-05  5.01808829e-11  1.45619200e-05  4.35499613e-12 
 1.45639200e-05  5.01808829e-11  1.45639200e-05  4.35521216e-12 
 1.45659200e-05  5.01808829e-11  1.45659200e-05  4.35543959e-12 
 1.45679200e-05  5.01808829e-11  1.45679200e-05  4.35567861e-12 
 1.45699200e-05  5.01808829e-11  1.45699200e-05  4.35592945e-12 
 1.45719200e-05  5.01808829e-11  1.45719200e-05  4.35619231e-12 
 1.45739200e-05  5.01808829e-11  1.45739200e-05  4.35646738e-12 
 1.45759200e-05  5.01808829e-11  1.45759200e-05  4.35675486e-12 
 1.45779200e-05  5.01808829e-11  1.45779200e-05  4.35705492e-12 
 1.45799200e-05  5.01808829e-11  1.45799200e-05  4.35736774e-12 
 1.45819200e-05  5.01808829e-11  1.45819200e-05  4.35769348e-12 
 1.45839200e-05  5.01808829e-11  1.45839200e-05  4.35803229e-12 
 1.45859200e-05  5.01808829e-11  1.45859200e-05  4.35838433e-12 
 1.45879200e-05  5.01808829e-11  1.45879200e-05  4.35874974e-12 
 1.45899200e-05  5.01808829e-11  1.45899200e-05  4.35912864e-12 
 1.45919200e-05  5.01808829e-11  1.45919200e-05  4.35952116e-12 
 1.45939200e-05  5.01808829e-11  1.45939200e-05  4.35992741e-12 
 1.45959200e-05  5.01808829e-11  1.45959200e-05  4.36034750e-12 
 1.45979200e-05  5.01808829e-11  1.45979200e-05  4.36078153e-12 
 1.45999200e-05  5.01808829e-11  1.45999200e-05  4.36122957e-12 
 1.46019200e-05  5.01808829e-11  1.46019200e-05  4.36169172e-12 
 1.46039200e-05  5.01808829e-11  1.46039200e-05  4.36216804e-12 
 1.46059200e-05  5.01808829e-11  1.46059200e-05  4.36265859e-12 
 1.46079200e-05  5.01808829e-11  1.46079200e-05  4.36316343e-12 
 1.46099200e-05  5.01808829e-11  1.46099200e-05  4.36368259e-12 
 1.46119200e-05  5.01808829e-11  1.46119200e-05  4.36421612e-12 
 1.46139200e-05  5.01808829e-11  1.46139200e-05  4.36476403e-12 
 1.46159200e-05  5.01808829e-11  1.46159200e-05  4.36532634e-12 
 1.46179200e-05  5.01808829e-11  1.46179200e-05  4.36590306e-12 
 1.46199200e-05  5.01808829e-11  1.46199200e-05  4.36649419e-12 
 1.46219200e-05  5.01808829e-11  1.46219200e-05  4.36709971e-12 
 1.46239200e-05  5.01808829e-11  1.46239200e-05  4.36771960e-12 
 1.46259200e-05  5.01808829e-11  1.46259200e-05  4.36835383e-12 
 1.46279200e-05  5.01808829e-11  1.46279200e-05  4.36900238e-12 
 1.46299200e-05  5.01808829e-11  1.46299200e-05  4.36966517e-12 
 1.46319200e-05  5.01808829e-11  1.46319200e-05  4.37034217e-12 
 1.46339200e-05  5.01808829e-11  1.46339200e-05  4.37103330e-12 
 1.46359200e-05  5.01808829e-11  1.46359200e-05  4.37173849e-12 
 1.46379200e-05  5.01808829e-11  1.46379200e-05  4.37245765e-12 
 1.46399200e-05  5.01808829e-11  1.46399200e-05  4.37319070e-12 
 1.46419200e-05  5.01808829e-11  1.46419200e-05  4.37393753e-12 
 1.46439200e-05  5.01808829e-11  1.46439200e-05  4.37469803e-12 
 1.46459200e-05  5.01808829e-11  1.46459200e-05  4.37547208e-12 
 1.46479200e-05  5.01808829e-11  1.46479200e-05  4.37625955e-12 
 1.46499200e-05  5.01808829e-11  1.46499200e-05  4.37706032e-12 
 1.46519200e-05  5.01808829e-11  1.46519200e-05  4.37787422e-12 
 1.46539200e-05  5.01808829e-11  1.46539200e-05  4.37870112e-12 
 1.46559200e-05  5.01808829e-11  1.46559200e-05  4.37954085e-12 
 1.46579200e-05  5.01808829e-11  1.46579200e-05  4.38039325e-12 
 1.46599200e-05  5.01808829e-11  1.46599200e-05  4.38125813e-12 
 1.46619200e-05  5.01808829e-11  1.46619200e-05  4.38213531e-12 
 1.46639200e-05  5.01808829e-11  1.46639200e-05  4.38302459e-12 
 1.46659200e-05  5.01808829e-11  1.46659200e-05  4.38392579e-12 
 1.46679200e-05  5.01808829e-11  1.46679200e-05  4.38483869e-12 
 1.46699200e-05  5.01808829e-11  1.46699200e-05  4.38576307e-12 
 1.46719200e-05  5.01808829e-11  1.46719200e-05  4.38669871e-12 
 1.46739200e-05  5.01808829e-11  1.46739200e-05  4.38764539e-12 
 1.46759200e-05  5.01808829e-11  1.46759200e-05  4.38860286e-12 
 1.46779200e-05  5.01808829e-11  1.46779200e-05  4.38957088e-12 
 1.46799200e-05  5.01808829e-11  1.46799200e-05  4.39054921e-12 
 1.46819200e-05  5.01808829e-11  1.46819200e-05  4.39153759e-12 
 1.46839200e-05  5.01808829e-11  1.46839200e-05  4.39253575e-12 
 1.46859200e-05  5.01808829e-11  1.46859200e-05  4.39354342e-12 
 1.46879200e-05  5.01808829e-11  1.46879200e-05  4.39456034e-12 
 1.46899200e-05  5.01808829e-11  1.46899200e-05  4.39558621e-12 
 1.46919200e-05  5.01808829e-11  1.46919200e-05  4.39662075e-12 
 1.46939200e-05  5.01808829e-11  1.46939200e-05  4.39766368e-12 
 1.46959200e-05  5.01808829e-11  1.46959200e-05  4.39871468e-12 
 1.46979200e-05  5.01808829e-11  1.46979200e-05  4.39977347e-12 
 1.46999200e-05  5.01808829e-11  1.46999200e-05  4.40083973e-12 
 1.47019200e-05  5.01808829e-11  1.47019200e-05  4.40191315e-12 
 1.47039200e-05  5.01808829e-11  1.47039200e-05  4.40299342e-12 
 1.47059200e-05  5.01808829e-11  1.47059200e-05  4.40408021e-12 
 1.47079200e-05  5.01808829e-11  1.47079200e-05  4.40517319e-12 
 1.47099200e-05  5.01808829e-11  1.47099200e-05  4.40627205e-12 
 1.47119200e-05  5.01808829e-11  1.47119200e-05  4.40737644e-12 
 1.47139200e-05  5.01808829e-11  1.47139200e-05  4.40848603e-12 
 1.47159200e-05  5.01808829e-11  1.47159200e-05  4.40960049e-12 
 1.47179200e-05  5.01808829e-11  1.47179200e-05  4.41071946e-12 
 1.47199200e-05  5.01808829e-11  1.47199200e-05  4.41184260e-12 
 1.47219200e-05  5.01808829e-11  1.47219200e-05  4.41296957e-12 
 1.47239200e-05  5.01808829e-11  1.47239200e-05  4.41410002e-12 
 1.47259200e-05  5.01808829e-11  1.47259200e-05  4.41523358e-12 
 1.47279200e-05  5.01808829e-11  1.47279200e-05  4.41636991e-12 
 1.47299200e-05  5.01808829e-11  1.47299200e-05  4.41750866e-12 
 1.47319200e-05  5.01808829e-11  1.47319200e-05  4.41864945e-12 
 1.47339200e-05  5.01808829e-11  1.47339200e-05  4.41979194e-12 
 1.47359200e-05  5.01808829e-11  1.47359200e-05  4.42093577e-12 
 1.47379200e-05  5.01808829e-11  1.47379200e-05  4.42208056e-12 
 1.47399200e-05  5.01808829e-11  1.47399200e-05  4.42322597e-12 
 1.47419200e-05  5.01808829e-11  1.47419200e-05  4.42437163e-12 
 1.47439200e-05  5.01808829e-11  1.47439200e-05  4.42551717e-12 
 1.47459200e-05  5.01808829e-11  1.47459200e-05  4.42666223e-12 
 1.47479200e-05  5.01808829e-11  1.47479200e-05  4.42780646e-12 
 1.47499200e-05  5.01808829e-11  1.47499200e-05  4.42894949e-12 
 1.47519200e-05  5.01808829e-11  1.47519200e-05  4.43009096e-12 
 1.47539200e-05  5.01808829e-11  1.47539200e-05  4.43123052e-12 
 1.47559200e-05  5.01808829e-11  1.47559200e-05  4.43236779e-12 
 1.47579200e-05  5.01808829e-11  1.47579200e-05  4.43350243e-12 
 1.47599200e-05  5.01808829e-11  1.47599200e-05  4.43463408e-12 
 1.47619200e-05  5.01808829e-11  1.47619200e-05  4.43576239e-12 
 1.47639200e-05  5.01808829e-11  1.47639200e-05  4.43688700e-12 
 1.47659200e-05  5.01808829e-11  1.47659200e-05  4.43800758e-12 
 1.47679200e-05  5.01808829e-11  1.47679200e-05  4.43912376e-12 
 1.47699200e-05  5.01808829e-11  1.47699200e-05  4.44023521e-12 
 1.47719200e-05  5.01808829e-11  1.47719200e-05  4.44134159e-12 
 1.47739200e-05  5.01808829e-11  1.47739200e-05  4.44244255e-12 
 1.47759200e-05  5.01808829e-11  1.47759200e-05  4.44353777e-12 
 1.47779200e-05  5.01808829e-11  1.47779200e-05  4.44462692e-12 
 1.47799200e-05  5.01808829e-11  1.47799200e-05  4.44570967e-12 
 1.47819200e-05  5.01808829e-11  1.47819200e-05  4.44678569e-12 
 1.47839200e-05  5.01808829e-11  1.47839200e-05  4.44785467e-12 
 1.47859200e-05  5.01808829e-11  1.47859200e-05  4.44891630e-12 
 1.47879200e-05  5.01808829e-11  1.47879200e-05  4.44997026e-12 
 1.47899200e-05  5.01808829e-11  1.47899200e-05  4.45101626e-12 
 1.47919200e-05  5.01808829e-11  1.47919200e-05  4.45205399e-12 
 1.47939200e-05  5.01808829e-11  1.47939200e-05  4.45308315e-12 
 1.47959200e-05  5.01808829e-11  1.47959200e-05  4.45410347e-12 
 1.47979200e-05  5.01808829e-11  1.47979200e-05  4.45511465e-12 
 1.47999200e-05  5.01808829e-11  1.47999200e-05  4.45611643e-12 
 1.48019200e-05  5.01808829e-11  1.48019200e-05  4.45710852e-12 
 1.48039200e-05  5.01808829e-11  1.48039200e-05  4.45809067e-12 
 1.48059200e-05  5.01808829e-11  1.48059200e-05  4.45906262e-12 
 1.48079200e-05  5.01808829e-11  1.48079200e-05  4.46002410e-12 
 1.48099200e-05  5.01808829e-11  1.48099200e-05  4.46097489e-12 
 1.48119200e-05  5.01808829e-11  1.48119200e-05  4.46191473e-12 
 1.48139200e-05  5.01808829e-11  1.48139200e-05  4.46284340e-12 
 1.48159200e-05  5.01808829e-11  1.48159200e-05  4.46376067e-12 
 1.48179200e-05  5.01808829e-11  1.48179200e-05  4.46466633e-12 
 1.48199200e-05  5.01808829e-11  1.48199200e-05  4.46556016e-12 
 1.48219200e-05  5.01808829e-11  1.48219200e-05  4.46644197e-12 
 1.48239200e-05  5.01808829e-11  1.48239200e-05  4.46731154e-12 
 1.48259200e-05  5.01808829e-11  1.48259200e-05  4.46816871e-12 
 1.48279200e-05  5.01808829e-11  1.48279200e-05  4.46901329e-12 
 1.48299200e-05  5.01808829e-11  1.48299200e-05  4.46984510e-12 
 1.48319200e-05  5.01808829e-11  1.48319200e-05  4.47066398e-12 
 1.48339200e-05  5.01808829e-11  1.48339200e-05  4.47146979e-12 
 1.48359200e-05  5.01808829e-11  1.48359200e-05  4.47226236e-12 
 1.48379200e-05  5.01808829e-11  1.48379200e-05  4.47304157e-12 
 1.48399200e-05  5.01808829e-11  1.48399200e-05  4.47380728e-12 
 1.48419200e-05  5.01808829e-11  1.48419200e-05  4.47455936e-12 
 1.48439200e-05  5.01808829e-11  1.48439200e-05  4.47529772e-12 
 1.48459200e-05  5.01808829e-11  1.48459200e-05  4.47602223e-12 
 1.48479200e-05  5.01808829e-11  1.48479200e-05  4.47673282e-12 
 1.48499200e-05  5.01808829e-11  1.48499200e-05  4.47742938e-12 
 1.48519200e-05  5.01808829e-11  1.48519200e-05  4.47811184e-12 
 1.48539200e-05  5.01808829e-11  1.48539200e-05  4.47878014e-12 
 1.48559200e-05  5.01808829e-11  1.48559200e-05  4.47943420e-12 
 1.48579200e-05  5.01808829e-11  1.48579200e-05  4.48007399e-12 
 1.48599200e-05  5.01808829e-11  1.48599200e-05  4.48069945e-12 
 1.48619200e-05  5.01808829e-11  1.48619200e-05  4.48131056e-12 
 1.48639200e-05  5.01808829e-11  1.48639200e-05  4.48190729e-12 
 1.48659200e-05  5.01808829e-11  1.48659200e-05  4.48248963e-12 
 1.48679200e-05  5.01808829e-11  1.48679200e-05  4.48305757e-12 
 1.48699200e-05  5.01808829e-11  1.48699200e-05  4.48361110e-12 
 1.48719200e-05  5.01808829e-11  1.48719200e-05  4.48415026e-12 
 1.48739200e-05  5.01808829e-11  1.48739200e-05  4.48467505e-12 
 1.48759200e-05  5.01808829e-11  1.48759200e-05  4.48518551e-12 
 1.48779200e-05  5.01808829e-11  1.48779200e-05  4.48568168e-12 
 1.48799200e-05  5.01808829e-11  1.48799200e-05  4.48616360e-12 
 1.48819200e-05  5.01808829e-11  1.48819200e-05  4.48663133e-12 
 1.48839200e-05  5.01808829e-11  1.48839200e-05  4.48708494e-12 
 1.48859200e-05  5.01808829e-11  1.48859200e-05  4.48752451e-12 
 1.48879200e-05  5.01808829e-11  1.48879200e-05  4.48795012e-12 
 1.48899200e-05  5.01808829e-11  1.48899200e-05  4.48836186e-12 
 1.48919200e-05  5.01808829e-11  1.48919200e-05  4.48875983e-12 
 1.48939200e-05  5.01808829e-11  1.48939200e-05  4.48914415e-12 
 1.48959200e-05  5.01808829e-11  1.48959200e-05  4.48951493e-12 
 1.48979200e-05  5.01808829e-11  1.48979200e-05  4.48987230e-12 
 1.48999200e-05  5.01808829e-11  1.48999200e-05  4.49021640e-12 
 1.49019200e-05  5.01808829e-11  1.49019200e-05  4.49054738e-12 
 1.49039200e-05  5.01808829e-11  1.49039200e-05  4.49086538e-12 
 1.49059200e-05  5.01808829e-11  1.49059200e-05  4.49117056e-12 
 1.49079200e-05  5.01808829e-11  1.49079200e-05  4.49146310e-12 
 1.49099200e-05  5.01808829e-11  1.49099200e-05  4.49174318e-12 
 1.49119200e-05  5.01808829e-11  1.49119200e-05  4.49201097e-12 
 1.49139200e-05  5.01808829e-11  1.49139200e-05  4.49226667e-12 
 1.49159200e-05  5.01808829e-11  1.49159200e-05  4.49251049e-12 
 1.49179200e-05  5.01808829e-11  1.49179200e-05  4.49274262e-12 
 1.49199200e-05  5.01808829e-11  1.49199200e-05  4.49296329e-12 
 1.49219200e-05  5.01808829e-11  1.49219200e-05  4.49317272e-12 
 1.49239200e-05  5.01808829e-11  1.49239200e-05  4.49337113e-12 
 1.49259200e-05  5.01808829e-11  1.49259200e-05  4.49355877e-12 
 1.49279200e-05  5.01808829e-11  1.49279200e-05  4.49373587e-12 
 1.49299200e-05  5.01808829e-11  1.49299200e-05  4.49390269e-12 
 1.49319200e-05  5.01808829e-11  1.49319200e-05  4.49405949e-12 
 1.49339200e-05  5.01808829e-11  1.49339200e-05  4.49420652e-12 
 1.49359200e-05  5.01808829e-11  1.49359200e-05  4.49434406e-12 
 1.49379200e-05  5.01808829e-11  1.49379200e-05  4.49447238e-12 
 1.49399200e-05  5.01808829e-11  1.49399200e-05  4.49459176e-12 
 1.49419200e-05  5.01808829e-11  1.49419200e-05  4.49470248e-12 
 1.49439200e-05  5.01808829e-11  1.49439200e-05  4.49480485e-12 
 1.49459200e-05  5.01808829e-11  1.49459200e-05  4.49489916e-12 
 1.49479200e-05  5.01808829e-11  1.49479200e-05  4.49498570e-12 
 1.49499200e-05  5.01808829e-11  1.49499200e-05  4.49506480e-12 
 1.49519200e-05  5.01808829e-11  1.49519200e-05  4.49513675e-12 
 1.49539200e-05  5.01808829e-11  1.49539200e-05  4.49520188e-12 
 1.49559200e-05  5.01808829e-11  1.49559200e-05  4.49526050e-12 
 1.49579200e-05  5.01808829e-11  1.49579200e-05  4.49531294e-12 
 1.49599200e-05  5.01808829e-11  1.49599200e-05  4.49535954e-12 
 1.49619200e-05  5.01808829e-11  1.49619200e-05  4.49540061e-12 
 1.49639200e-05  5.01808829e-11  1.49639200e-05  4.49543651e-12 
 1.49659200e-05  5.01808829e-11  1.49659200e-05  4.49546756e-12 
 1.49679200e-05  5.01808829e-11  1.49679200e-05  4.49549411e-12 
 1.49699200e-05  5.01808829e-11  1.49699200e-05  4.49551651e-12 
 1.49719200e-05  5.01808829e-11  1.49719200e-05  4.49553510e-12 
 1.49739200e-05  5.01808829e-11  1.49739200e-05  4.49555023e-12 
 1.49759200e-05  5.01808829e-11  1.49759200e-05  4.49556225e-12 
 1.49779200e-05  5.01808829e-11  1.49779200e-05  4.49557153e-12 
 1.49799200e-05  5.01808829e-11  1.49799200e-05  4.49557841e-12 
 1.49819200e-05  5.01808829e-11  1.49819200e-05  4.49558325e-12 
 1.49839200e-05  5.01808829e-11  1.49839200e-05  4.49558641e-12 
 1.49859200e-05  5.01808829e-11  1.49859200e-05  4.49558825e-12 
 1.49879200e-05  5.01808829e-11  1.49879200e-05  4.49558913e-12 
 1.49899200e-05  5.01808829e-11  1.49899200e-05  4.49558942e-12 
 1.49919200e-05  5.01808829e-11  1.49919200e-05  4.49558947e-12 
 1.49939200e-05  5.01808829e-11  1.49939200e-05  4.49558964e-12 
 1.49959200e-05  5.01808829e-11  1.49959200e-05  4.49559031e-12 
 1.49979200e-05  5.01808829e-11  1.49979200e-05  4.49559182e-12 
 1.49999200e-05  5.01808829e-11  1.49999200e-05  4.49559454e-12 
 1.50019200e-05  5.01808829e-11  1.50019200e-05  4.49559882e-12 
 1.50039200e-05  5.01808829e-11  1.50039200e-05  4.49560504e-12 
 1.50059200e-05  5.01808829e-11  1.50059200e-05  4.49561354e-12 
 1.50079200e-05  5.01808829e-11  1.50079200e-05  4.49562468e-12 
 1.50099200e-05  5.01808829e-11  1.50099200e-05  4.49563882e-12 
 1.50119200e-05  5.01808829e-11  1.50119200e-05  4.49565631e-12 
 1.50139200e-05  5.01808829e-11  1.50139200e-05  4.49567749e-12 
 1.50159200e-05  5.01808829e-11  1.50159200e-05  4.49570273e-12 
 1.50179200e-05  5.01808829e-11  1.50179200e-05  4.49573236e-12 
 1.50199200e-05  5.01808829e-11  1.50199200e-05  4.49576672e-12 
 1.50219200e-05  5.01808829e-11  1.50219200e-05  4.49580616e-12 
 1.50239200e-05  5.01808829e-11  1.50239200e-05  4.49585101e-12 
 1.50259200e-05  5.01808829e-11  1.50259200e-05  4.49590160e-12 
 1.50279200e-05  5.01808829e-11  1.50279200e-05  4.49595827e-12 
 1.50299200e-05  5.01808829e-11  1.50299200e-05  4.49602134e-12 
 1.50319200e-05  5.01808829e-11  1.50319200e-05  4.49609113e-12 
 1.50339200e-05  5.01808829e-11  1.50339200e-05  4.49616797e-12 
 1.50359200e-05  5.01808829e-11  1.50359200e-05  4.49625215e-12 
 1.50379200e-05  5.01808829e-11  1.50379200e-05  4.49634399e-12 
 1.50399200e-05  5.01808829e-11  1.50399200e-05  4.49644380e-12 
 1.50419200e-05  5.01808829e-11  1.50419200e-05  4.49655187e-12 
 1.50439200e-05  5.01808829e-11  1.50439200e-05  4.49666849e-12 
 1.50459200e-05  5.01808829e-11  1.50459200e-05  4.49679395e-12 
 1.50479200e-05  5.01808829e-11  1.50479200e-05  4.49692854e-12 
 1.50499200e-05  5.01808829e-11  1.50499200e-05  4.49707253e-12 
 1.50519200e-05  5.01808829e-11  1.50519200e-05  4.49722619e-12 
 1.50539200e-05  5.01808829e-11  1.50539200e-05  4.49738978e-12 
 1.50559200e-05  5.01808829e-11  1.50559200e-05  4.49756357e-12 
 1.50579200e-05  5.01808829e-11  1.50579200e-05  4.49774780e-12 
 1.50599200e-05  5.01808829e-11  1.50599200e-05  4.49794272e-12 
 1.50619200e-05  5.01808829e-11  1.50619200e-05  4.49814857e-12 
 1.50639200e-05  5.01808829e-11  1.50639200e-05  4.49836557e-12 
 1.50659200e-05  5.01808829e-11  1.50659200e-05  4.49859396e-12 
 1.50679200e-05  5.01808829e-11  1.50679200e-05  4.49883395e-12 
 1.50699200e-05  5.01808829e-11  1.50699200e-05  4.49908574e-12 
 1.50719200e-05  5.01808829e-11  1.50719200e-05  4.49934954e-12 
 1.50739200e-05  5.01808829e-11  1.50739200e-05  4.49962555e-12 
 1.50759200e-05  5.01808829e-11  1.50759200e-05  4.49991395e-12 
 1.50779200e-05  5.01808829e-11  1.50779200e-05  4.50021492e-12 
 1.50799200e-05  5.01808829e-11  1.50799200e-05  4.50052863e-12 
 1.50819200e-05  5.01808829e-11  1.50819200e-05  4.50085524e-12 
 1.50839200e-05  5.01808829e-11  1.50839200e-05  4.50119491e-12 
 1.50859200e-05  5.01808829e-11  1.50859200e-05  4.50154779e-12 
 1.50879200e-05  5.01808829e-11  1.50879200e-05  4.50191401e-12 
 1.50899200e-05  5.01808829e-11  1.50899200e-05  4.50229370e-12 
 1.50919200e-05  5.01808829e-11  1.50919200e-05  4.50268698e-12 
 1.50939200e-05  5.01808829e-11  1.50939200e-05  4.50309397e-12 
 1.50959200e-05  5.01808829e-11  1.50959200e-05  4.50351477e-12 
 1.50979200e-05  5.01808829e-11  1.50979200e-05  4.50394947e-12 
 1.50999200e-05  5.01808829e-11  1.50999200e-05  4.50439817e-12 
 1.51019200e-05  5.01808829e-11  1.51019200e-05  4.50486093e-12 
 1.51039200e-05  5.01808829e-11  1.51039200e-05  4.50533783e-12 
 1.51059200e-05  5.01808829e-11  1.51059200e-05  4.50582892e-12 
 1.51079200e-05  5.01808829e-11  1.51079200e-05  4.50633426e-12 
 1.51099200e-05  5.01808829e-11  1.51099200e-05  4.50685389e-12 
 1.51119200e-05  5.01808829e-11  1.51119200e-05  4.50738783e-12 
 1.51139200e-05  5.01808829e-11  1.51139200e-05  4.50793612e-12 
 1.51159200e-05  5.01808829e-11  1.51159200e-05  4.50849877e-12 
 1.51179200e-05  5.01808829e-11  1.51179200e-05  4.50907578e-12 
 1.51199200e-05  5.01808829e-11  1.51199200e-05  4.50966716e-12 
 1.51219200e-05  5.01808829e-11  1.51219200e-05  4.51027287e-12 
 1.51239200e-05  5.01808829e-11  1.51239200e-05  4.51089292e-12 
 1.51259200e-05  5.01808829e-11  1.51259200e-05  4.51152725e-12 
 1.51279200e-05  5.01808829e-11  1.51279200e-05  4.51217584e-12 
 1.51299200e-05  5.01808829e-11  1.51299200e-05  4.51283863e-12 
 1.51319200e-05  5.01808829e-11  1.51319200e-05  4.51351557e-12 
 1.51339200e-05  5.01808829e-11  1.51339200e-05  4.51420659e-12 
 1.51359200e-05  5.01808829e-11  1.51359200e-05  4.51491161e-12 
 1.51379200e-05  5.01808829e-11  1.51379200e-05  4.51563055e-12 
 1.51399200e-05  5.01808829e-11  1.51399200e-05  4.51636331e-12 
 1.51419200e-05  5.01808829e-11  1.51419200e-05  4.51710980e-12 
 1.51439200e-05  5.01808829e-11  1.51439200e-05  4.51786990e-12 
 1.51459200e-05  5.01808829e-11  1.51459200e-05  4.51864348e-12 
 1.51479200e-05  5.01808829e-11  1.51479200e-05  4.51943044e-12 
 1.51499200e-05  5.01808829e-11  1.51499200e-05  4.52023061e-12 
 1.51519200e-05  5.01808829e-11  1.51519200e-05  4.52104387e-12 
 1.51539200e-05  5.01808829e-11  1.51539200e-05  4.52187006e-12 
 1.51559200e-05  5.01808829e-11  1.51559200e-05  4.52270902e-12 
 1.51579200e-05  5.01808829e-11  1.51579200e-05  4.52356057e-12 
 1.51599200e-05  5.01808829e-11  1.51599200e-05  4.52442454e-12 
 1.51619200e-05  5.01808829e-11  1.51619200e-05  4.52530075e-12 
 1.51639200e-05  5.01808829e-11  1.51639200e-05  4.52618899e-12 
 1.51659200e-05  5.01808829e-11  1.51659200e-05  4.52708908e-12 
 1.51679200e-05  5.01808829e-11  1.51679200e-05  4.52800080e-12 
 1.51699200e-05  5.01808829e-11  1.51699200e-05  4.52892394e-12 
 1.51719200e-05  5.01808829e-11  1.51719200e-05  4.52985827e-12 
 1.51739200e-05  5.01808829e-11  1.51739200e-05  4.53080357e-12 
 1.51759200e-05  5.01808829e-11  1.51759200e-05  4.53175960e-12 
 1.51779200e-05  5.01808829e-11  1.51779200e-05  4.53272610e-12 
 1.51799200e-05  5.01808829e-11  1.51799200e-05  4.53370285e-12 
 1.51819200e-05  5.01808829e-11  1.51819200e-05  4.53468956e-12 
 1.51839200e-05  5.01808829e-11  1.51839200e-05  4.53568600e-12 
 1.51859200e-05  5.01808829e-11  1.51859200e-05  4.53669188e-12 
 1.51879200e-05  5.01808829e-11  1.51879200e-05  4.53770692e-12 
 1.51899200e-05  5.01808829e-11  1.51899200e-05  4.53873086e-12 
 1.51919200e-05  5.01808829e-11  1.51919200e-05  4.53976340e-12 
 1.51939200e-05  5.01808829e-11  1.51939200e-05  4.54080425e-12 
 1.51959200e-05  5.01808829e-11  1.51959200e-05  4.54185312e-12 
 1.51979200e-05  5.01808829e-11  1.51979200e-05  4.54290970e-12 
 1.51999200e-05  5.01808829e-11  1.51999200e-05  4.54397368e-12 
 1.52019200e-05  5.01808829e-11  1.52019200e-05  4.54504475e-12 
 1.52039200e-05  5.01808829e-11  1.52039200e-05  4.54612260e-12 
 1.52059200e-05  5.01808829e-11  1.52059200e-05  4.54720690e-12 
 1.52079200e-05  5.01808829e-11  1.52079200e-05  4.54829734e-12 
 1.52099200e-05  5.01808829e-11  1.52099200e-05  4.54939358e-12 
 1.52119200e-05  5.01808829e-11  1.52119200e-05  4.55049529e-12 
 1.52139200e-05  5.01808829e-11  1.52139200e-05  4.55160213e-12 
 1.52159200e-05  5.01808829e-11  1.52159200e-05  4.55271377e-12 
 1.52179200e-05  5.01808829e-11  1.52179200e-05  4.55382986e-12 
 1.52199200e-05  5.01808829e-11  1.52199200e-05  4.55495006e-12 
 1.52219200e-05  5.01808829e-11  1.52219200e-05  4.55607403e-12 
 1.52239200e-05  5.01808829e-11  1.52239200e-05  4.55720140e-12 
 1.52259200e-05  5.01808829e-11  1.52259200e-05  4.55833184e-12 
 1.52279200e-05  5.01808829e-11  1.52279200e-05  4.55946498e-12 
 1.52299200e-05  5.01808829e-11  1.52299200e-05  4.56060048e-12 
 1.52319200e-05  5.01808829e-11  1.52319200e-05  4.56173797e-12 
 1.52339200e-05  5.01808829e-11  1.52339200e-05  4.56287709e-12 
 1.52359200e-05  5.01808829e-11  1.52359200e-05  4.56401749e-12 
 1.52379200e-05  5.01808829e-11  1.52379200e-05  4.56515881e-12 
 1.52399200e-05  5.01808829e-11  1.52399200e-05  4.56630069e-12 
 1.52419200e-05  5.01808829e-11  1.52419200e-05  4.56744276e-12 
 1.52439200e-05  5.01808829e-11  1.52439200e-05  4.56858466e-12 
 1.52459200e-05  5.01808829e-11  1.52459200e-05  4.56972604e-12 
 1.52479200e-05  5.01808829e-11  1.52479200e-05  4.57086653e-12 
 1.52499200e-05  5.01808829e-11  1.52499200e-05  4.57200577e-12 
 1.52519200e-05  5.01808829e-11  1.52519200e-05  4.57314340e-12 
 1.52539200e-05  5.01808829e-11  1.52539200e-05  4.57427907e-12 
 1.52559200e-05  5.01808829e-11  1.52559200e-05  4.57541242e-12 
 1.52579200e-05  5.01808829e-11  1.52579200e-05  4.57654309e-12 
 1.52599200e-05  5.01808829e-11  1.52599200e-05  4.57767072e-12 
 1.52619200e-05  5.01808829e-11  1.52619200e-05  4.57879498e-12 
 1.52639200e-05  5.01808829e-11  1.52639200e-05  4.57991550e-12 
 1.52659200e-05  5.01808829e-11  1.52659200e-05  4.58103194e-12 
 1.52679200e-05  5.01808829e-11  1.52679200e-05  4.58214395e-12 
 1.52699200e-05  5.01808829e-11  1.52699200e-05  4.58325120e-12 
 1.52719200e-05  5.01808829e-11  1.52719200e-05  4.58435334e-12 
 1.52739200e-05  5.01808829e-11  1.52739200e-05  4.58545004e-12 
 1.52759200e-05  5.01808829e-11  1.52759200e-05  4.58654096e-12 
 1.52779200e-05  5.01808829e-11  1.52779200e-05  4.58762578e-12 
 1.52799200e-05  5.01808829e-11  1.52799200e-05  4.58870417e-12 
 1.52819200e-05  5.01808829e-11  1.52819200e-05  4.58977582e-12 
 1.52839200e-05  5.01808829e-11  1.52839200e-05  4.59084039e-12 
 1.52859200e-05  5.01808829e-11  1.52859200e-05  4.59189759e-12 
 1.52879200e-05  5.01808829e-11  1.52879200e-05  4.59294711e-12 
 1.52899200e-05  5.01808829e-11  1.52899200e-05  4.59398864e-12 
 1.52919200e-05  5.01808829e-11  1.52919200e-05  4.59502188e-12 
 1.52939200e-05  5.01808829e-11  1.52939200e-05  4.59604655e-12 
 1.52959200e-05  5.01808829e-11  1.52959200e-05  4.59706235e-12 
 1.52979200e-05  5.01808829e-11  1.52979200e-05  4.59806901e-12 
 1.52999200e-05  5.01808829e-11  1.52999200e-05  4.59906625e-12 
 1.53019200e-05  5.01808829e-11  1.53019200e-05  4.60005380e-12 
 1.53039200e-05  5.01808829e-11  1.53039200e-05  4.60103140e-12 
 1.53059200e-05  5.01808829e-11  1.53059200e-05  4.60199879e-12 
 1.53079200e-05  5.01808829e-11  1.53079200e-05  4.60295571e-12 
 1.53099200e-05  5.01808829e-11  1.53099200e-05  4.60390194e-12 
 1.53119200e-05  5.01808829e-11  1.53119200e-05  4.60483722e-12 
 1.53139200e-05  5.01808829e-11  1.53139200e-05  4.60576133e-12 
 1.53159200e-05  5.01808829e-11  1.53159200e-05  4.60667405e-12 
 1.53179200e-05  5.01808829e-11  1.53179200e-05  4.60757516e-12 
 1.53199200e-05  5.01808829e-11  1.53199200e-05  4.60846444e-12 
 1.53219200e-05  5.01808829e-11  1.53219200e-05  4.60934171e-12 
 1.53239200e-05  5.01808829e-11  1.53239200e-05  4.61020676e-12 
 1.53259200e-05  5.01808829e-11  1.53259200e-05  4.61105942e-12 
 1.53279200e-05  5.01808829e-11  1.53279200e-05  4.61189950e-12 
 1.53299200e-05  5.01808829e-11  1.53299200e-05  4.61272683e-12 
 1.53319200e-05  5.01808829e-11  1.53319200e-05  4.61354125e-12 
 1.53339200e-05  5.01808829e-11  1.53339200e-05  4.61434261e-12 
 1.53359200e-05  5.01808829e-11  1.53359200e-05  4.61513075e-12 
 1.53379200e-05  5.01808829e-11  1.53379200e-05  4.61590556e-12 
 1.53399200e-05  5.01808829e-11  1.53399200e-05  4.61666689e-12 
 1.53419200e-05  5.01808829e-11  1.53419200e-05  4.61741462e-12 
 1.53439200e-05  5.01808829e-11  1.53439200e-05  4.61814865e-12 
 1.53459200e-05  5.01808829e-11  1.53459200e-05  4.61886887e-12 
 1.53479200e-05  5.01808829e-11  1.53479200e-05  4.61957519e-12 
 1.53499200e-05  5.01808829e-11  1.53499200e-05  4.62026751e-12 
 1.53519200e-05  5.01808829e-11  1.53519200e-05  4.62094577e-12 
 1.53539200e-05  5.01808829e-11  1.53539200e-05  4.62160990e-12 
 1.53559200e-05  5.01808829e-11  1.53559200e-05  4.62225984e-12 
 1.53579200e-05  5.01808829e-11  1.53579200e-05  4.62289553e-12 
 1.53599200e-05  5.01808829e-11  1.53599200e-05  4.62351695e-12 
 1.53619200e-05  5.01808829e-11  1.53619200e-05  4.62412405e-12 
 1.53639200e-05  5.01808829e-11  1.53639200e-05  4.62471681e-12 
 1.53659200e-05  5.01808829e-11  1.53659200e-05  4.62529522e-12 
 1.53679200e-05  5.01808829e-11  1.53679200e-05  4.62585928e-12 
 1.53699200e-05  5.01808829e-11  1.53699200e-05  4.62640898e-12 
 1.53719200e-05  5.01808829e-11  1.53719200e-05  4.62694435e-12 
 1.53739200e-05  5.01808829e-11  1.53739200e-05  4.62746541e-12 
 1.53759200e-05  5.01808829e-11  1.53759200e-05  4.62797218e-12 
 1.53779200e-05  5.01808829e-11  1.53779200e-05  4.62846471e-12 
 1.53799200e-05  5.01808829e-11  1.53799200e-05  4.62894305e-12 
 1.53819200e-05  5.01808829e-11  1.53819200e-05  4.62940725e-12 
 1.53839200e-05  5.01808829e-11  1.53839200e-05  4.62985739e-12 
 1.53859200e-05  5.01808829e-11  1.53859200e-05  4.63029354e-12 
 1.53879200e-05  5.01808829e-11  1.53879200e-05  4.63071578e-12 
 1.53899200e-05  5.01808829e-11  1.53899200e-05  4.63112422e-12 
 1.53919200e-05  5.01808829e-11  1.53919200e-05  4.63151894e-12 
 1.53939200e-05  5.01808829e-11  1.53939200e-05  4.63190008e-12 
 1.53959200e-05  5.01808829e-11  1.53959200e-05  4.63226773e-12 
 1.53979200e-05  5.01808829e-11  1.53979200e-05  4.63262204e-12 
 1.53999200e-05  5.01808829e-11  1.53999200e-05  4.63296314e-12 
 1.54019200e-05  5.01808829e-11  1.54019200e-05  4.63329118e-12 
 1.54039200e-05  5.01808829e-11  1.54039200e-05  4.63360630e-12 
 1.54059200e-05  5.01808829e-11  1.54059200e-05  4.63390868e-12 
 1.54079200e-05  5.01808829e-11  1.54079200e-05  4.63419847e-12 
 1.54099200e-05  5.01808829e-11  1.54099200e-05  4.63447587e-12 
 1.54119200e-05  5.01808829e-11  1.54119200e-05  4.63474105e-12 
 1.54139200e-05  5.01808829e-11  1.54139200e-05  4.63499420e-12 
 1.54159200e-05  5.01808829e-11  1.54159200e-05  4.63523554e-12 
 1.54179200e-05  5.01808829e-11  1.54179200e-05  4.63546526e-12 
 1.54199200e-05  5.01808829e-11  1.54199200e-05  4.63568358e-12 
 1.54219200e-05  5.01808829e-11  1.54219200e-05  4.63589073e-12 
 1.54239200e-05  5.01808829e-11  1.54239200e-05  4.63608694e-12 
 1.54259200e-05  5.01808829e-11  1.54259200e-05  4.63627244e-12 
 1.54279200e-05  5.01808829e-11  1.54279200e-05  4.63644747e-12 
 1.54299200e-05  5.01808829e-11  1.54299200e-05  4.63661229e-12 
 1.54319200e-05  5.01808829e-11  1.54319200e-05  4.63676715e-12 
 1.54339200e-05  5.01808829e-11  1.54339200e-05  4.63691232e-12 
 1.54359200e-05  5.01808829e-11  1.54359200e-05  4.63704807e-12 
 1.54379200e-05  5.01808829e-11  1.54379200e-05  4.63717466e-12 
 1.54399200e-05  5.01808829e-11  1.54399200e-05  4.63729239e-12 
 1.54419200e-05  5.01808829e-11  1.54419200e-05  4.63740154e-12 
 1.54439200e-05  5.01808829e-11  1.54439200e-05  4.63750239e-12 
 1.54459200e-05  5.01808829e-11  1.54459200e-05  4.63759525e-12 
 1.54479200e-05  5.01808829e-11  1.54479200e-05  4.63768042e-12 
 1.54499200e-05  5.01808829e-11  1.54499200e-05  4.63775820e-12 
 1.54519200e-05  5.01808829e-11  1.54519200e-05  4.63782891e-12 
 1.54539200e-05  5.01808829e-11  1.54539200e-05  4.63789287e-12 
 1.54559200e-05  5.01808829e-11  1.54559200e-05  4.63795039e-12 
 1.54579200e-05  5.01808829e-11  1.54579200e-05  4.63800179e-12 
 1.54599200e-05  5.01808829e-11  1.54599200e-05  4.63804742e-12 
 1.54619200e-05  5.01808829e-11  1.54619200e-05  4.63808759e-12 
 1.54639200e-05  5.01808829e-11  1.54639200e-05  4.63812264e-12 
 1.54659200e-05  5.01808829e-11  1.54659200e-05  4.63815292e-12 
 1.54679200e-05  5.01808829e-11  1.54679200e-05  4.63817876e-12 
 1.54699200e-05  5.01808829e-11  1.54699200e-05  4.63820051e-12 
 1.54719200e-05  5.01808829e-11  1.54719200e-05  4.63821851e-12 
 1.54739200e-05  5.01808829e-11  1.54739200e-05  4.63823312e-12 
 1.54759200e-05  5.01808829e-11  1.54759200e-05  4.63824469e-12 
 1.54779200e-05  5.01808829e-11  1.54779200e-05  4.63825356e-12 
 1.54799200e-05  5.01808829e-11  1.54799200e-05  4.63826010e-12 
 1.54819200e-05  5.01808829e-11  1.54819200e-05  4.63826466e-12 
 1.54839200e-05  5.01808829e-11  1.54839200e-05  4.63826759e-12 
 1.54859200e-05  5.01808829e-11  1.54859200e-05  4.63826927e-12 
 1.54879200e-05  5.01808829e-11  1.54879200e-05  4.63827004e-12 
 1.54899200e-05  5.01808829e-11  1.54899200e-05  4.63827027e-12 
 1.54919200e-05  5.01808829e-11  1.54919200e-05  4.63827031e-12 
 1.54939200e-05  5.01808829e-11  1.54939200e-05  4.63827054e-12 
 1.54959200e-05  5.01808829e-11  1.54959200e-05  4.63827130e-12 
 1.54979200e-05  5.01808829e-11  1.54979200e-05  4.63827296e-12 
 1.54999200e-05  5.01808829e-11  1.54999200e-05  4.63827587e-12 
 1.55019200e-05  5.01808829e-11  1.55019200e-05  4.63828041e-12 
 1.55039200e-05  5.01808829e-11  1.55039200e-05  4.63828691e-12 
 1.55059200e-05  5.01808829e-11  1.55059200e-05  4.63829575e-12 
 1.55079200e-05  5.01808829e-11  1.55079200e-05  4.63830727e-12 
 1.55099200e-05  5.01808829e-11  1.55099200e-05  4.63832183e-12 
 1.55119200e-05  5.01808829e-11  1.55119200e-05  4.63833978e-12 
 1.55139200e-05  5.01808829e-11  1.55139200e-05  4.63836147e-12 
 1.55159200e-05  5.01808829e-11  1.55159200e-05  4.63838725e-12 
 1.55179200e-05  5.01808829e-11  1.55179200e-05  4.63841745e-12 
 1.55199200e-05  5.01808829e-11  1.55199200e-05  4.63845242e-12 
 1.55219200e-05  5.01808829e-11  1.55219200e-05  4.63849250e-12 
 1.55239200e-05  5.01808829e-11  1.55239200e-05  4.63853803e-12 
 1.55259200e-05  5.01808829e-11  1.55259200e-05  4.63858933e-12 
 1.55279200e-05  5.01808829e-11  1.55279200e-05  4.63864674e-12 
 1.55299200e-05  5.01808829e-11  1.55299200e-05  4.63871057e-12 
 1.55319200e-05  5.01808829e-11  1.55319200e-05  4.63878115e-12 
 1.55339200e-05  5.01808829e-11  1.55339200e-05  4.63885879e-12 
 1.55359200e-05  5.01808829e-11  1.55359200e-05  4.63894381e-12 
 1.55379200e-05  5.01808829e-11  1.55379200e-05  4.63903651e-12 
 1.55399200e-05  5.01808829e-11  1.55399200e-05  4.63913718e-12 
 1.55419200e-05  5.01808829e-11  1.55419200e-05  4.63924614e-12 
 1.55439200e-05  5.01808829e-11  1.55439200e-05  4.63936367e-12 
 1.55459200e-05  5.01808829e-11  1.55459200e-05  4.63949005e-12 
 1.55479200e-05  5.01808829e-11  1.55479200e-05  4.63962557e-12 
 1.55499200e-05  5.01808829e-11  1.55499200e-05  4.63977050e-12 
 1.55519200e-05  5.01808829e-11  1.55519200e-05  4.63992511e-12 
 1.55539200e-05  5.01808829e-11  1.55539200e-05  4.64008967e-12 
 1.55559200e-05  5.01808829e-11  1.55559200e-05  4.64026442e-12 
 1.55579200e-05  5.01808829e-11  1.55579200e-05  4.64044961e-12 
 1.55599200e-05  5.01808829e-11  1.55599200e-05  4.64064550e-12 
 1.55619200e-05  5.01808829e-11  1.55619200e-05  4.64085231e-12 
 1.55639200e-05  5.01808829e-11  1.55639200e-05  4.64107028e-12 
 1.55659200e-05  5.01808829e-11  1.55659200e-05  4.64129963e-12 
 1.55679200e-05  5.01808829e-11  1.55679200e-05  4.64154057e-12 
 1.55699200e-05  5.01808829e-11  1.55699200e-05  4.64179331e-12 
 1.55719200e-05  5.01808829e-11  1.55719200e-05  4.64205806e-12 
 1.55739200e-05  5.01808829e-11  1.55739200e-05  4.64233500e-12 
 1.55759200e-05  5.01808829e-11  1.55759200e-05  4.64262431e-12 
 1.55779200e-05  5.01808829e-11  1.55779200e-05  4.64292618e-12 
 1.55799200e-05  5.01808829e-11  1.55799200e-05  4.64324078e-12 
 1.55819200e-05  5.01808829e-11  1.55819200e-05  4.64356826e-12 
 1.55839200e-05  5.01808829e-11  1.55839200e-05  4.64390879e-12 
 1.55859200e-05  5.01808829e-11  1.55859200e-05  4.64426249e-12 
 1.55879200e-05  5.01808829e-11  1.55879200e-05  4.64462952e-12 
 1.55899200e-05  5.01808829e-11  1.55899200e-05  4.64500999e-12 
 1.55919200e-05  5.01808829e-11  1.55919200e-05  4.64540404e-12 
 1.55939200e-05  5.01808829e-11  1.55939200e-05  4.64581176e-12 
 1.55959200e-05  5.01808829e-11  1.55959200e-05  4.64623326e-12 
 1.55979200e-05  5.01808829e-11  1.55979200e-05  4.64666863e-12 
 1.55999200e-05  5.01808829e-11  1.55999200e-05  4.64711796e-12 
 1.56019200e-05  5.01808829e-11  1.56019200e-05  4.64758133e-12 
 1.56039200e-05  5.01808829e-11  1.56039200e-05  4.64805880e-12 
 1.56059200e-05  5.01808829e-11  1.56059200e-05  4.64855042e-12 
 1.56079200e-05  5.01808829e-11  1.56079200e-05  4.64905626e-12 
 1.56099200e-05  5.01808829e-11  1.56099200e-05  4.64957634e-12 
 1.56119200e-05  5.01808829e-11  1.56119200e-05  4.65011070e-12 
 1.56139200e-05  5.01808829e-11  1.56139200e-05  4.65065937e-12 
 1.56159200e-05  5.01808829e-11  1.56159200e-05  4.65122235e-12 
 1.56179200e-05  5.01808829e-11  1.56179200e-05  4.65179964e-12 
 1.56199200e-05  5.01808829e-11  1.56199200e-05  4.65239125e-12 
 1.56219200e-05  5.01808829e-11  1.56219200e-05  4.65299716e-12 
 1.56239200e-05  5.01808829e-11  1.56239200e-05  4.65361734e-12 
 1.56259200e-05  5.01808829e-11  1.56259200e-05  4.65425177e-12 
 1.56279200e-05  5.01808829e-11  1.56279200e-05  4.65490040e-12 
 1.56299200e-05  5.01808829e-11  1.56299200e-05  4.65556318e-12 
 1.56319200e-05  5.01808829e-11  1.56319200e-05  4.65624005e-12 
 1.56339200e-05  5.01808829e-11  1.56339200e-05  4.65693095e-12 
 1.56359200e-05  5.01808829e-11  1.56359200e-05  4.65763580e-12 
 1.56379200e-05  5.01808829e-11  1.56379200e-05  4.65835450e-12 
 1.56399200e-05  5.01808829e-11  1.56399200e-05  4.65908698e-12 
 1.56419200e-05  5.01808829e-11  1.56419200e-05  4.65983311e-12 
 1.56439200e-05  5.01808829e-11  1.56439200e-05  4.66059280e-12 
 1.56459200e-05  5.01808829e-11  1.56459200e-05  4.66136592e-12 
 1.56479200e-05  5.01808829e-11  1.56479200e-05  4.66215234e-12 
 1.56499200e-05  5.01808829e-11  1.56499200e-05  4.66295192e-12 
 1.56519200e-05  5.01808829e-11  1.56519200e-05  4.66376453e-12 
 1.56539200e-05  5.01808829e-11  1.56539200e-05  4.66459000e-12 
 1.56559200e-05  5.01808829e-11  1.56559200e-05  4.66542817e-12 
 1.56579200e-05  5.01808829e-11  1.56579200e-05  4.66627887e-12 
 1.56599200e-05  5.01808829e-11  1.56599200e-05  4.66714193e-12 
 1.56619200e-05  5.01808829e-11  1.56619200e-05  4.66801716e-12 
 1.56639200e-05  5.01808829e-11  1.56639200e-05  4.66890436e-12 
 1.56659200e-05  5.01808829e-11  1.56659200e-05  4.66980333e-12 
 1.56679200e-05  5.01808829e-11  1.56679200e-05  4.67071387e-12 
 1.56699200e-05  5.01808829e-11  1.56699200e-05  4.67163576e-12 
 1.56719200e-05  5.01808829e-11  1.56719200e-05  4.67256878e-12 
 1.56739200e-05  5.01808829e-11  1.56739200e-05  4.67351269e-12 
 1.56759200e-05  5.01808829e-11  1.56759200e-05  4.67446726e-12 
 1.56779200e-05  5.01808829e-11  1.56779200e-05  4.67543225e-12 
 1.56799200e-05  5.01808829e-11  1.56799200e-05  4.67640740e-12 
 1.56819200e-05  5.01808829e-11  1.56819200e-05  4.67739245e-12 
 1.56839200e-05  5.01808829e-11  1.56839200e-05  4.67838716e-12 
 1.56859200e-05  5.01808829e-11  1.56859200e-05  4.67939124e-12 
 1.56879200e-05  5.01808829e-11  1.56879200e-05  4.68040441e-12 
 1.56899200e-05  5.01808829e-11  1.56899200e-05  4.68142641e-12 
 1.56919200e-05  5.01808829e-11  1.56919200e-05  4.68245695e-12 
 1.56939200e-05  5.01808829e-11  1.56939200e-05  4.68349572e-12 
 1.56959200e-05  5.01808829e-11  1.56959200e-05  4.68454244e-12 
 1.56979200e-05  5.01808829e-11  1.56979200e-05  4.68559680e-12 
 1.56999200e-05  5.01808829e-11  1.56999200e-05  4.68665850e-12 
 1.57019200e-05  5.01808829e-11  1.57019200e-05  4.68772722e-12 
 1.57039200e-05  5.01808829e-11  1.57039200e-05  4.68880265e-12 
 1.57059200e-05  5.01808829e-11  1.57059200e-05  4.68988447e-12 
 1.57079200e-05  5.01808829e-11  1.57079200e-05  4.69097236e-12 
 1.57099200e-05  5.01808829e-11  1.57099200e-05  4.69206598e-12 
 1.57119200e-05  5.01808829e-11  1.57119200e-05  4.69316500e-12 
 1.57139200e-05  5.01808829e-11  1.57139200e-05  4.69426909e-12 
 1.57159200e-05  5.01808829e-11  1.57159200e-05  4.69537792e-12 
 1.57179200e-05  5.01808829e-11  1.57179200e-05  4.69649113e-12 
 1.57199200e-05  5.01808829e-11  1.57199200e-05  4.69760839e-12 
 1.57219200e-05  5.01808829e-11  1.57219200e-05  4.69872935e-12 
 1.57239200e-05  5.01808829e-11  1.57239200e-05  4.69985366e-12 
 1.57259200e-05  5.01808829e-11  1.57259200e-05  4.70098097e-12 
 1.57279200e-05  5.01808829e-11  1.57279200e-05  4.70211092e-12 
 1.57299200e-05  5.01808829e-11  1.57299200e-05  4.70324317e-12 
 1.57319200e-05  5.01808829e-11  1.57319200e-05  4.70437735e-12 
 1.57339200e-05  5.01808829e-11  1.57339200e-05  4.70551312e-12 
 1.57359200e-05  5.01808829e-11  1.57359200e-05  4.70665010e-12 
 1.57379200e-05  5.01808829e-11  1.57379200e-05  4.70778794e-12 
 1.57399200e-05  5.01808829e-11  1.57399200e-05  4.70892629e-12 
 1.57419200e-05  5.01808829e-11  1.57419200e-05  4.71006477e-12 
 1.57439200e-05  5.01808829e-11  1.57439200e-05  4.71120304e-12 
 1.57459200e-05  5.01808829e-11  1.57459200e-05  4.71234073e-12 
 1.57479200e-05  5.01808829e-11  1.57479200e-05  4.71347749e-12 
 1.57499200e-05  5.01808829e-11  1.57499200e-05  4.71461294e-12 
 1.57519200e-05  5.01808829e-11  1.57519200e-05  4.71574675e-12 
 1.57539200e-05  5.01808829e-11  1.57539200e-05  4.71687854e-12 
 1.57559200e-05  5.01808829e-11  1.57559200e-05  4.71800796e-12 
 1.57579200e-05  5.01808829e-11  1.57579200e-05  4.71913467e-12 
 1.57599200e-05  5.01808829e-11  1.57599200e-05  4.72025830e-12 
 1.57619200e-05  5.01808829e-11  1.57619200e-05  4.72137850e-12 
 1.57639200e-05  5.01808829e-11  1.57639200e-05  4.72249494e-12 
 1.57659200e-05  5.01808829e-11  1.57659200e-05  4.72360725e-12 
 1.57679200e-05  5.01808829e-11  1.57679200e-05  4.72471511e-12 
 1.57699200e-05  5.01808829e-11  1.57699200e-05  4.72581816e-12 
 1.57719200e-05  5.01808829e-11  1.57719200e-05  4.72691607e-12 
 1.57739200e-05  5.01808829e-11  1.57739200e-05  4.72800851e-12 
 1.57759200e-05  5.01808829e-11  1.57759200e-05  4.72909514e-12 
 1.57779200e-05  5.01808829e-11  1.57779200e-05  4.73017565e-12 
 1.57799200e-05  5.01808829e-11  1.57799200e-05  4.73124969e-12 
 1.57819200e-05  5.01808829e-11  1.57819200e-05  4.73231697e-12 
 1.57839200e-05  5.01808829e-11  1.57839200e-05  4.73337715e-12 
 1.57859200e-05  5.01808829e-11  1.57859200e-05  4.73442993e-12 
 1.57879200e-05  5.01808829e-11  1.57879200e-05  4.73547501e-12 
 1.57899200e-05  5.01808829e-11  1.57899200e-05  4.73651209e-12 
 1.57919200e-05  5.01808829e-11  1.57919200e-05  4.73754086e-12 
 1.57939200e-05  5.01808829e-11  1.57939200e-05  4.73856104e-12 
 1.57959200e-05  5.01808829e-11  1.57959200e-05  4.73957234e-12 
 1.57979200e-05  5.01808829e-11  1.57979200e-05  4.74057449e-12 
 1.57999200e-05  5.01808829e-11  1.57999200e-05  4.74156721e-12 
 1.58019200e-05  5.01808829e-11  1.58019200e-05  4.74255023e-12 
 1.58039200e-05  5.01808829e-11  1.58039200e-05  4.74352328e-12 
 1.58059200e-05  5.01808829e-11  1.58059200e-05  4.74448613e-12 
 1.58079200e-05  5.01808829e-11  1.58079200e-05  4.74543851e-12 
 1.58099200e-05  5.01808829e-11  1.58099200e-05  4.74638019e-12 
 1.58119200e-05  5.01808829e-11  1.58119200e-05  4.74731092e-12 
 1.58139200e-05  5.01808829e-11  1.58139200e-05  4.74823049e-12 
 1.58159200e-05  5.01808829e-11  1.58159200e-05  4.74913867e-12 
 1.58179200e-05  5.01808829e-11  1.58179200e-05  4.75003524e-12 
 1.58199200e-05  5.01808829e-11  1.58199200e-05  4.75092000e-12 
 1.58219200e-05  5.01808829e-11  1.58219200e-05  4.75179275e-12 
 1.58239200e-05  5.01808829e-11  1.58239200e-05  4.75265329e-12 
 1.58259200e-05  5.01808829e-11  1.58259200e-05  4.75350145e-12 
 1.58279200e-05  5.01808829e-11  1.58279200e-05  4.75433705e-12 
 1.58299200e-05  5.01808829e-11  1.58299200e-05  4.75515991e-12 
 1.58319200e-05  5.01808829e-11  1.58319200e-05  4.75596988e-12 
 1.58339200e-05  5.01808829e-11  1.58339200e-05  4.75676681e-12 
 1.58359200e-05  5.01808829e-11  1.58359200e-05  4.75755055e-12 
 1.58379200e-05  5.01808829e-11  1.58379200e-05  4.75832097e-12 
 1.58399200e-05  5.01808829e-11  1.58399200e-05  4.75907794e-12 
 1.58419200e-05  5.01808829e-11  1.58419200e-05  4.75982134e-12 
 1.58439200e-05  5.01808829e-11  1.58439200e-05  4.76055106e-12 
 1.58459200e-05  5.01808829e-11  1.58459200e-05  4.76126700e-12 
 1.58479200e-05  5.01808829e-11  1.58479200e-05  4.76196907e-12 
 1.58499200e-05  5.01808829e-11  1.58499200e-05  4.76265718e-12 
 1.58519200e-05  5.01808829e-11  1.58519200e-05  4.76333126e-12 
 1.58539200e-05  5.01808829e-11  1.58539200e-05  4.76399124e-12 
 1.58559200e-05  5.01808829e-11  1.58559200e-05  4.76463706e-12 
 1.58579200e-05  5.01808829e-11  1.58579200e-05  4.76526868e-12 
 1.58599200e-05  5.01808829e-11  1.58599200e-05  4.76588606e-12 
 1.58619200e-05  5.01808829e-11  1.58619200e-05  4.76648917e-12 
 1.58639200e-05  5.01808829e-11  1.58639200e-05  4.76707798e-12 
 1.58659200e-05  5.01808829e-11  1.58659200e-05  4.76765249e-12 
 1.58679200e-05  5.01808829e-11  1.58679200e-05  4.76821268e-12 
 1.58699200e-05  5.01808829e-11  1.58699200e-05  4.76875858e-12 
 1.58719200e-05  5.01808829e-11  1.58719200e-05  4.76929018e-12 
 1.58739200e-05  5.01808829e-11  1.58739200e-05  4.76980751e-12 
 1.58759200e-05  5.01808829e-11  1.58759200e-05  4.77031062e-12 
 1.58779200e-05  5.01808829e-11  1.58779200e-05  4.77079953e-12 
 1.58799200e-05  5.01808829e-11  1.58799200e-05  4.77127431e-12 
 1.58819200e-05  5.01808829e-11  1.58819200e-05  4.77173500e-12 
 1.58839200e-05  5.01808829e-11  1.58839200e-05  4.77218168e-12 
 1.58859200e-05  5.01808829e-11  1.58859200e-05  4.77261443e-12 
 1.58879200e-05  5.01808829e-11  1.58879200e-05  4.77303333e-12 
 1.58899200e-05  5.01808829e-11  1.58899200e-05  4.77343848e-12 
 1.58919200e-05  5.01808829e-11  1.58919200e-05  4.77382999e-12 
 1.58939200e-05  5.01808829e-11  1.58939200e-05  4.77420795e-12 
 1.58959200e-05  5.01808829e-11  1.58959200e-05  4.77457250e-12 
 1.58979200e-05  5.01808829e-11  1.58979200e-05  4.77492376e-12 
 1.58999200e-05  5.01808829e-11  1.58999200e-05  4.77526188e-12 
 1.59019200e-05  5.01808829e-11  1.59019200e-05  4.77558700e-12 
 1.59039200e-05  5.01808829e-11  1.59039200e-05  4.77589926e-12 
 1.59059200e-05  5.01808829e-11  1.59059200e-05  4.77619885e-12 
 1.59079200e-05  5.01808829e-11  1.59079200e-05  4.77648591e-12 
 1.59099200e-05  5.01808829e-11  1.59099200e-05  4.77676065e-12 
 1.59119200e-05  5.01808829e-11  1.59119200e-05  4.77702323e-12 
 1.59139200e-05  5.01808829e-11  1.59139200e-05  4.77727386e-12 
 1.59159200e-05  5.01808829e-11  1.59159200e-05  4.77751273e-12 
 1.59179200e-05  5.01808829e-11  1.59179200e-05  4.77774005e-12 
 1.59199200e-05  5.01808829e-11  1.59199200e-05  4.77795605e-12 
 1.59219200e-05  5.01808829e-11  1.59219200e-05  4.77816094e-12 
 1.59239200e-05  5.01808829e-11  1.59239200e-05  4.77835496e-12 
 1.59259200e-05  5.01808829e-11  1.59259200e-05  4.77853833e-12 
 1.59279200e-05  5.01808829e-11  1.59279200e-05  4.77871131e-12 
 1.59299200e-05  5.01808829e-11  1.59299200e-05  4.77887415e-12 
 1.59319200e-05  5.01808829e-11  1.59319200e-05  4.77902710e-12 
 1.59339200e-05  5.01808829e-11  1.59339200e-05  4.77917042e-12 
 1.59359200e-05  5.01808829e-11  1.59359200e-05  4.77930439e-12 
 1.59379200e-05  5.01808829e-11  1.59379200e-05  4.77942928e-12 
 1.59399200e-05  5.01808829e-11  1.59399200e-05  4.77954537e-12 
 1.59419200e-05  5.01808829e-11  1.59419200e-05  4.77965294e-12 
 1.59439200e-05  5.01808829e-11  1.59439200e-05  4.77975229e-12 
 1.59459200e-05  5.01808829e-11  1.59459200e-05  4.77984372e-12 
 1.59479200e-05  5.01808829e-11  1.59479200e-05  4.77992753e-12 
 1.59499200e-05  5.01808829e-11  1.59499200e-05  4.78000402e-12 
 1.59519200e-05  5.01808829e-11  1.59519200e-05  4.78007350e-12 
 1.59539200e-05  5.01808829e-11  1.59539200e-05  4.78013630e-12 
 1.59559200e-05  5.01808829e-11  1.59559200e-05  4.78019273e-12 
 1.59579200e-05  5.01808829e-11  1.59579200e-05  4.78024311e-12 
 1.59599200e-05  5.01808829e-11  1.59599200e-05  4.78028777e-12 
 1.59619200e-05  5.01808829e-11  1.59619200e-05  4.78032705e-12 
 1.59639200e-05  5.01808829e-11  1.59639200e-05  4.78036128e-12 
 1.59659200e-05  5.01808829e-11  1.59659200e-05  4.78039079e-12 
 1.59679200e-05  5.01808829e-11  1.59679200e-05  4.78041594e-12 
 1.59699200e-05  5.01808829e-11  1.59699200e-05  4.78043705e-12 
 1.59719200e-05  5.01808829e-11  1.59719200e-05  4.78045448e-12 
 1.59739200e-05  5.01808829e-11  1.59739200e-05  4.78046858e-12 
 1.59759200e-05  5.01808829e-11  1.59759200e-05  4.78047969e-12 
 1.59779200e-05  5.01808829e-11  1.59779200e-05  4.78048818e-12 
 1.59799200e-05  5.01808829e-11  1.59799200e-05  4.78049438e-12 
 1.59819200e-05  5.01808829e-11  1.59819200e-05  4.78049867e-12 
 1.59839200e-05  5.01808829e-11  1.59839200e-05  4.78050139e-12 
 1.59859200e-05  5.01808829e-11  1.59859200e-05  4.78050290e-12 
 1.59879200e-05  5.01808829e-11  1.59879200e-05  4.78050357e-12 
 1.59899200e-05  5.01808829e-11  1.59899200e-05  4.78050375e-12 
 1.59919200e-05  5.01808829e-11  1.59919200e-05  4.78050380e-12 
 1.59939200e-05  5.01808829e-11  1.59939200e-05  4.78050408e-12 
 1.59959200e-05  5.01808829e-11  1.59959200e-05  4.78050494e-12 
 1.59979200e-05  5.01808829e-11  1.59979200e-05  4.78050676e-12 
 1.59999200e-05  5.01808829e-11  1.59999200e-05  4.78050988e-12 
 1.60019200e-05  5.01808829e-11  1.60019200e-05  4.78051466e-12 
 1.60039200e-05  5.01808829e-11  1.60039200e-05  4.78052147e-12 
 1.60059200e-05  5.01808829e-11  1.60059200e-05  4.78053065e-12 
 1.60079200e-05  5.01808829e-11  1.60079200e-05  4.78054255e-12 
 1.60099200e-05  5.01808829e-11  1.60099200e-05  4.78055754e-12 
 1.60119200e-05  5.01808829e-11  1.60119200e-05  4.78057596e-12 
 1.60139200e-05  5.01808829e-11  1.60139200e-05  4.78059815e-12 
 1.60159200e-05  5.01808829e-11  1.60159200e-05  4.78062447e-12 
 1.60179200e-05  5.01808829e-11  1.60179200e-05  4.78065525e-12 
 1.60199200e-05  5.01808829e-11  1.60199200e-05  4.78069084e-12 
 1.60219200e-05  5.01808829e-11  1.60219200e-05  4.78073157e-12 
 1.60239200e-05  5.01808829e-11  1.60239200e-05  4.78077777e-12 
 1.60259200e-05  5.01808829e-11  1.60259200e-05  4.78082979e-12 
 1.60279200e-05  5.01808829e-11  1.60279200e-05  4.78088793e-12 
 1.60299200e-05  5.01808829e-11  1.60299200e-05  4.78095252e-12 
 1.60319200e-05  5.01808829e-11  1.60319200e-05  4.78102389e-12 
 1.60339200e-05  5.01808829e-11  1.60339200e-05  4.78110235e-12 
 1.60359200e-05  5.01808829e-11  1.60359200e-05  4.78118820e-12 
 1.60379200e-05  5.01808829e-11  1.60379200e-05  4.78128175e-12 
 1.60399200e-05  5.01808829e-11  1.60399200e-05  4.78138330e-12 
 1.60419200e-05  5.01808829e-11  1.60419200e-05  4.78149315e-12 
 1.60439200e-05  5.01808829e-11  1.60439200e-05  4.78161158e-12 
 1.60459200e-05  5.01808829e-11  1.60459200e-05  4.78173888e-12 
 1.60479200e-05  5.01808829e-11  1.60479200e-05  4.78187533e-12 
 1.60499200e-05  5.01808829e-11  1.60499200e-05  4.78202120e-12 
 1.60519200e-05  5.01808829e-11  1.60519200e-05  4.78217676e-12 
 1.60539200e-05  5.01808829e-11  1.60539200e-05  4.78234227e-12 
 1.60559200e-05  5.01808829e-11  1.60559200e-05  4.78251798e-12 
 1.60579200e-05  5.01808829e-11  1.60579200e-05  4.78270413e-12 
 1.60599200e-05  5.01808829e-11  1.60599200e-05  4.78290099e-12 
 1.60619200e-05  5.01808829e-11  1.60619200e-05  4.78310876e-12 
 1.60639200e-05  5.01808829e-11  1.60639200e-05  4.78332769e-12 
 1.60659200e-05  5.01808829e-11  1.60659200e-05  4.78355800e-12 
 1.60679200e-05  5.01808829e-11  1.60679200e-05  4.78379989e-12 
 1.60699200e-05  5.01808829e-11  1.60699200e-05  4.78405358e-12 
 1.60719200e-05  5.01808829e-11  1.60719200e-05  4.78431926e-12 
 1.60739200e-05  5.01808829e-11  1.60739200e-05  4.78459712e-12 
 1.60759200e-05  5.01808829e-11  1.60759200e-05  4.78488735e-12 
 1.60779200e-05  5.01808829e-11  1.60779200e-05  4.78519012e-12 
 1.60799200e-05  5.01808829e-11  1.60799200e-05  4.78550560e-12 
 1.60819200e-05  5.01808829e-11  1.60819200e-05  4.78583395e-12 
 1.60839200e-05  5.01808829e-11  1.60839200e-05  4.78617532e-12 
 1.60859200e-05  5.01808829e-11  1.60859200e-05  4.78652985e-12 
 1.60879200e-05  5.01808829e-11  1.60879200e-05  4.78689767e-12 
 1.60899200e-05  5.01808829e-11  1.60899200e-05  4.78727893e-12 
 1.60919200e-05  5.01808829e-11  1.60919200e-05  4.78767372e-12 
 1.60939200e-05  5.01808829e-11  1.60939200e-05  4.78808216e-12 
 1.60959200e-05  5.01808829e-11  1.60959200e-05  4.78850436e-12 
 1.60979200e-05  5.01808829e-11  1.60979200e-05  4.78894040e-12 
 1.60999200e-05  5.01808829e-11  1.60999200e-05  4.78939036e-12 
 1.61019200e-05  5.01808829e-11  1.61019200e-05  4.78985433e-12 
 1.61039200e-05  5.01808829e-11  1.61039200e-05  4.79033236e-12 
 1.61059200e-05  5.01808829e-11  1.61059200e-05  4.79082451e-12 
 1.61079200e-05  5.01808829e-11  1.61079200e-05  4.79133084e-12 
 1.61099200e-05  5.01808829e-11  1.61099200e-05  4.79185137e-12 
 1.61119200e-05  5.01808829e-11  1.61119200e-05  4.79238614e-12 
 1.61139200e-05  5.01808829e-11  1.61139200e-05  4.79293517e-12 
 1.61159200e-05  5.01808829e-11  1.61159200e-05  4.79349847e-12 
 1.61179200e-05  5.01808829e-11  1.61179200e-05  4.79407604e-12 
 1.61199200e-05  5.01808829e-11  1.61199200e-05  4.79466788e-12 
 1.61219200e-05  5.01808829e-11  1.61219200e-05  4.79527397e-12 
 1.61239200e-05  5.01808829e-11  1.61239200e-05  4.79589429e-12 
 1.61259200e-05  5.01808829e-11  1.61259200e-05  4.79652880e-12 
 1.61279200e-05  5.01808829e-11  1.61279200e-05  4.79717746e-12 
 1.61299200e-05  5.01808829e-11  1.61299200e-05  4.79784022e-12 
 1.61319200e-05  5.01808829e-11  1.61319200e-05  4.79851702e-12 
 1.61339200e-05  5.01808829e-11  1.61339200e-05  4.79920779e-12 
 1.61359200e-05  5.01808829e-11  1.61359200e-05  4.79991245e-12 
 1.61379200e-05  5.01808829e-11  1.61379200e-05  4.80063092e-12 
 1.61399200e-05  5.01808829e-11  1.61399200e-05  4.80136309e-12 
 1.61419200e-05  5.01808829e-11  1.61419200e-05  4.80210887e-12 
 1.61439200e-05  5.01808829e-11  1.61439200e-05  4.80286814e-12 
 1.61459200e-05  5.01808829e-11  1.61459200e-05  4.80364079e-12 
 1.61479200e-05  5.01808829e-11  1.61479200e-05  4.80442667e-12 
 1.61499200e-05  5.01808829e-11  1.61499200e-05  4.80522565e-12 
 1.61519200e-05  5.01808829e-11  1.61519200e-05  4.80603760e-12 
 1.61539200e-05  5.01808829e-11  1.61539200e-05  4.80686234e-12 
 1.61559200e-05  5.01808829e-11  1.61559200e-05  4.80769972e-12 
 1.61579200e-05  5.01808829e-11  1.61579200e-05  4.80854957e-12 
 1.61599200e-05  5.01808829e-11  1.61599200e-05  4.80941171e-12 
 1.61619200e-05  5.01808829e-11  1.61619200e-05  4.81028595e-12 
 1.61639200e-05  5.01808829e-11  1.61639200e-05  4.81117209e-12 
 1.61659200e-05  5.01808829e-11  1.61659200e-05  4.81206995e-12 
 1.61679200e-05  5.01808829e-11  1.61679200e-05  4.81297930e-12 
 1.61699200e-05  5.01808829e-11  1.61699200e-05  4.81389994e-12 
 1.61719200e-05  5.01808829e-11  1.61719200e-05  4.81483163e-12 
 1.61739200e-05  5.01808829e-11  1.61739200e-05  4.81577415e-12 
 1.61759200e-05  5.01808829e-11  1.61759200e-05  4.81672726e-12 
 1.61779200e-05  5.01808829e-11  1.61779200e-05  4.81769072e-12 
 1.61799200e-05  5.01808829e-11  1.61799200e-05  4.81866427e-12 
 1.61819200e-05  5.01808829e-11  1.61819200e-05  4.81964766e-12 
 1.61839200e-05  5.01808829e-11  1.61839200e-05  4.82064063e-12 
 1.61859200e-05  5.01808829e-11  1.61859200e-05  4.82164291e-12 
 1.61879200e-05  5.01808829e-11  1.61879200e-05  4.82265421e-12 
 1.61899200e-05  5.01808829e-11  1.61899200e-05  4.82367427e-12 
 1.61919200e-05  5.01808829e-11  1.61919200e-05  4.82470279e-12 
 1.61939200e-05  5.01808829e-11  1.61939200e-05  4.82573948e-12 
 1.61959200e-05  5.01808829e-11  1.61959200e-05  4.82678405e-12 
 1.61979200e-05  5.01808829e-11  1.61979200e-05  4.82783620e-12 
 1.61999200e-05  5.01808829e-11  1.61999200e-05  4.82889561e-12 
 1.62019200e-05  5.01808829e-11  1.62019200e-05  4.82996198e-12 
 1.62039200e-05  5.01808829e-11  1.62039200e-05  4.83103499e-12 
 1.62059200e-05  5.01808829e-11  1.62059200e-05  4.83211432e-12 
 1.62079200e-05  5.01808829e-11  1.62079200e-05  4.83319965e-12 
 1.62099200e-05  5.01808829e-11  1.62099200e-05  4.83429065e-12 
 1.62119200e-05  5.01808829e-11  1.62119200e-05  4.83538699e-12 
 1.62139200e-05  5.01808829e-11  1.62139200e-05  4.83648833e-12 
 1.62159200e-05  5.01808829e-11  1.62159200e-05  4.83759434e-12 
 1.62179200e-05  5.01808829e-11  1.62179200e-05  4.83870467e-12 
 1.62199200e-05  5.01808829e-11  1.62199200e-05  4.83981899e-12 
 1.62219200e-05  5.01808829e-11  1.62219200e-05  4.84093695e-12 
 1.62239200e-05  5.01808829e-11  1.62239200e-05  4.84205819e-12 
 1.62259200e-05  5.01808829e-11  1.62259200e-05  4.84318237e-12 
 1.62279200e-05  5.01808829e-11  1.62279200e-05  4.84430914e-12 
 1.62299200e-05  5.01808829e-11  1.62299200e-05  4.84543814e-12 
 1.62319200e-05  5.01808829e-11  1.62319200e-05  4.84656902e-12 
 1.62339200e-05  5.01808829e-11  1.62339200e-05  4.84770142e-12 
 1.62359200e-05  5.01808829e-11  1.62359200e-05  4.84883499e-12 
 1.62379200e-05  5.01808829e-11  1.62379200e-05  4.84996936e-12 
 1.62399200e-05  5.01808829e-11  1.62399200e-05  4.85110418e-12 
 1.62419200e-05  5.01808829e-11  1.62419200e-05  4.85223909e-12 
 1.62439200e-05  5.01808829e-11  1.62439200e-05  4.85337372e-12 
 1.62459200e-05  5.01808829e-11  1.62459200e-05  4.85450773e-12 
 1.62479200e-05  5.01808829e-11  1.62479200e-05  4.85564076e-12 
 1.62499200e-05  5.01808829e-11  1.62499200e-05  4.85677243e-12 
 1.62519200e-05  5.01808829e-11  1.62519200e-05  4.85790241e-12 
 1.62539200e-05  5.01808829e-11  1.62539200e-05  4.85903033e-12 
 1.62559200e-05  5.01808829e-11  1.62559200e-05  4.86015584e-12 
 1.62579200e-05  5.01808829e-11  1.62579200e-05  4.86127859e-12 
 1.62599200e-05  5.01808829e-11  1.62599200e-05  4.86239822e-12 
 1.62619200e-05  5.01808829e-11  1.62619200e-05  4.86351438e-12 
 1.62639200e-05  5.01808829e-11  1.62639200e-05  4.86462674e-12 
 1.62659200e-05  5.01808829e-11  1.62659200e-05  4.86573494e-12 
 1.62679200e-05  5.01808829e-11  1.62679200e-05  4.86683864e-12 
 1.62699200e-05  5.01808829e-11  1.62699200e-05  4.86793750e-12 
 1.62719200e-05  5.01808829e-11  1.62719200e-05  4.86903119e-12 
 1.62739200e-05  5.01808829e-11  1.62739200e-05  4.87011938e-12 
 1.62759200e-05  5.01808829e-11  1.62759200e-05  4.87120174e-12 
 1.62779200e-05  5.01808829e-11  1.62779200e-05  4.87227793e-12 
 1.62799200e-05  5.01808829e-11  1.62799200e-05  4.87334764e-12 
 1.62819200e-05  5.01808829e-11  1.62819200e-05  4.87441055e-12 
 1.62839200e-05  5.01808829e-11  1.62839200e-05  4.87546635e-12 
 1.62859200e-05  5.01808829e-11  1.62859200e-05  4.87651473e-12 
 1.62879200e-05  5.01808829e-11  1.62879200e-05  4.87755539e-12 
 1.62899200e-05  5.01808829e-11  1.62899200e-05  4.87858802e-12 
 1.62919200e-05  5.01808829e-11  1.62919200e-05  4.87961233e-12 
 1.62939200e-05  5.01808829e-11  1.62939200e-05  4.88062803e-12 
 1.62959200e-05  5.01808829e-11  1.62959200e-05  4.88163485e-12 
 1.62979200e-05  5.01808829e-11  1.62979200e-05  4.88263250e-12 
 1.62999200e-05  5.01808829e-11  1.62999200e-05  4.88362070e-12 
 1.63019200e-05  5.01808829e-11  1.63019200e-05  4.88459920e-12 
 1.63039200e-05  5.01808829e-11  1.63039200e-05  4.88556774e-12 
 1.63059200e-05  5.01808829e-11  1.63059200e-05  4.88652606e-12 
 1.63079200e-05  5.01808829e-11  1.63079200e-05  4.88747391e-12 
 1.63099200e-05  5.01808829e-11  1.63099200e-05  4.88841105e-12 
 1.63119200e-05  5.01808829e-11  1.63119200e-05  4.88933725e-12 
 1.63139200e-05  5.01808829e-11  1.63139200e-05  4.89025229e-12 
 1.63159200e-05  5.01808829e-11  1.63159200e-05  4.89115594e-12 
 1.63179200e-05  5.01808829e-11  1.63179200e-05  4.89204799e-12 
 1.63199200e-05  5.01808829e-11  1.63199200e-05  4.89292824e-12 
 1.63219200e-05  5.01808829e-11  1.63219200e-05  4.89379648e-12 
 1.63239200e-05  5.01808829e-11  1.63239200e-05  4.89465254e-12 
 1.63259200e-05  5.01808829e-11  1.63259200e-05  4.89549622e-12 
 1.63279200e-05  5.01808829e-11  1.63279200e-05  4.89632735e-12 
 1.63299200e-05  5.01808829e-11  1.63299200e-05  4.89714576e-12 
 1.63319200e-05  5.01808829e-11  1.63319200e-05  4.89795130e-12 
 1.63339200e-05  5.01808829e-11  1.63339200e-05  4.89874382e-12 
 1.63359200e-05  5.01808829e-11  1.63359200e-05  4.89952317e-12 
 1.63379200e-05  5.01808829e-11  1.63379200e-05  4.90028922e-12 
 1.63399200e-05  5.01808829e-11  1.63399200e-05  4.90104184e-12 
 1.63419200e-05  5.01808829e-11  1.63419200e-05  4.90178092e-12 
 1.63439200e-05  5.01808829e-11  1.63439200e-05  4.90250635e-12 
 1.63459200e-05  5.01808829e-11  1.63459200e-05  4.90321803e-12 
 1.63479200e-05  5.01808829e-11  1.63479200e-05  4.90391587e-12 
 1.63499200e-05  5.01808829e-11  1.63499200e-05  4.90459978e-12 
 1.63519200e-05  5.01808829e-11  1.63519200e-05  4.90526969e-12 
 1.63539200e-05  5.01808829e-11  1.63539200e-05  4.90592554e-12 
 1.63559200e-05  5.01808829e-11  1.63559200e-05  4.90656728e-12 
 1.63579200e-05  5.01808829e-11  1.63579200e-05  4.90719485e-12 
 1.63599200e-05  5.01808829e-11  1.63599200e-05  4.90780821e-12 
 1.63619200e-05  5.01808829e-11  1.63619200e-05  4.90840734e-12 
 1.63639200e-05  5.01808829e-11  1.63639200e-05  4.90899223e-12 
 1.63659200e-05  5.01808829e-11  1.63659200e-05  4.90956284e-12 
 1.63679200e-05  5.01808829e-11  1.63679200e-05  4.91011920e-12 
 1.63699200e-05  5.01808829e-11  1.63699200e-05  4.91066129e-12 
 1.63719200e-05  5.01808829e-11  1.63719200e-05  4.91118915e-12 
 1.63739200e-05  5.01808829e-11  1.63739200e-05  4.91170279e-12 
 1.63759200e-05  5.01808829e-11  1.63759200e-05  4.91220224e-12 
 1.63779200e-05  5.01808829e-11  1.63779200e-05  4.91268756e-12 
 1.63799200e-05  5.01808829e-11  1.63799200e-05  4.91315879e-12 
 1.63819200e-05  5.01808829e-11  1.63819200e-05  4.91361599e-12 
 1.63839200e-05  5.01808829e-11  1.63839200e-05  4.91405924e-12 
 1.63859200e-05  5.01808829e-11  1.63859200e-05  4.91448860e-12 
 1.63879200e-05  5.01808829e-11  1.63879200e-05  4.91490418e-12 
 1.63899200e-05  5.01808829e-11  1.63899200e-05  4.91530606e-12 
 1.63919200e-05  5.01808829e-11  1.63919200e-05  4.91569436e-12 
 1.63939200e-05  5.01808829e-11  1.63939200e-05  4.91606917e-12 
 1.63959200e-05  5.01808829e-11  1.63959200e-05  4.91643064e-12 
 1.63979200e-05  5.01808829e-11  1.63979200e-05  4.91677887e-12 
 1.63999200e-05  5.01808829e-11  1.63999200e-05  4.91711403e-12 
 1.64019200e-05  5.01808829e-11  1.64019200e-05  4.91743624e-12 
 1.64039200e-05  5.01808829e-11  1.64039200e-05  4.91774567e-12 
 1.64059200e-05  5.01808829e-11  1.64059200e-05  4.91804248e-12 
 1.64079200e-05  5.01808829e-11  1.64079200e-05  4.91832684e-12 
 1.64099200e-05  5.01808829e-11  1.64099200e-05  4.91859892e-12 
 1.64119200e-05  5.01808829e-11  1.64119200e-05  4.91885893e-12 
 1.64139200e-05  5.01808829e-11  1.64139200e-05  4.91910704e-12 
 1.64159200e-05  5.01808829e-11  1.64159200e-05  4.91934347e-12 
 1.64179200e-05  5.01808829e-11  1.64179200e-05  4.91956842e-12 
 1.64199200e-05  5.01808829e-11  1.64199200e-05  4.91978210e-12 
 1.64219200e-05  5.01808829e-11  1.64219200e-05  4.91998475e-12 
 1.64239200e-05  5.01808829e-11  1.64239200e-05  4.92017659e-12 
 1.64259200e-05  5.01808829e-11  1.64259200e-05  4.92035786e-12 
 1.64279200e-05  5.01808829e-11  1.64279200e-05  4.92052881e-12 
 1.64299200e-05  5.01808829e-11  1.64299200e-05  4.92068968e-12 
 1.64319200e-05  5.01808829e-11  1.64319200e-05  4.92084073e-12 
 1.64339200e-05  5.01808829e-11  1.64339200e-05  4.92098222e-12 
 1.64359200e-05  5.01808829e-11  1.64359200e-05  4.92111443e-12 
 1.64379200e-05  5.01808829e-11  1.64379200e-05  4.92123762e-12 
 1.64399200e-05  5.01808829e-11  1.64399200e-05  4.92135209e-12 
 1.64419200e-05  5.01808829e-11  1.64419200e-05  4.92145811e-12 
 1.64439200e-05  5.01808829e-11  1.64439200e-05  4.92155598e-12 
 1.64459200e-05  5.01808829e-11  1.64459200e-05  4.92164599e-12 
 1.64479200e-05  5.01808829e-11  1.64479200e-05  4.92172845e-12 
 1.64499200e-05  5.01808829e-11  1.64499200e-05  4.92180366e-12 
 1.64519200e-05  5.01808829e-11  1.64519200e-05  4.92187193e-12 
 1.64539200e-05  5.01808829e-11  1.64539200e-05  4.92193358e-12 
 1.64559200e-05  5.01808829e-11  1.64559200e-05  4.92198893e-12 
 1.64579200e-05  5.01808829e-11  1.64579200e-05  4.92203830e-12 
 1.64599200e-05  5.01808829e-11  1.64599200e-05  4.92208202e-12 
 1.64619200e-05  5.01808829e-11  1.64619200e-05  4.92212041e-12 
 1.64639200e-05  5.01808829e-11  1.64639200e-05  4.92215383e-12 
 1.64659200e-05  5.01808829e-11  1.64659200e-05  4.92218259e-12 
 1.64679200e-05  5.01808829e-11  1.64679200e-05  4.92220704e-12 
 1.64699200e-05  5.01808829e-11  1.64699200e-05  4.92222753e-12 
 1.64719200e-05  5.01808829e-11  1.64719200e-05  4.92224440e-12 
 1.64739200e-05  5.01808829e-11  1.64739200e-05  4.92225800e-12 
 1.64759200e-05  5.01808829e-11  1.64759200e-05  4.92226867e-12 
 1.64779200e-05  5.01808829e-11  1.64779200e-05  4.92227678e-12 
 1.64799200e-05  5.01808829e-11  1.64799200e-05  4.92228266e-12 
 1.64819200e-05  5.01808829e-11  1.64819200e-05  4.92228668e-12 
 1.64839200e-05  5.01808829e-11  1.64839200e-05  4.92228920e-12 
 1.64859200e-05  5.01808829e-11  1.64859200e-05  4.92229056e-12 
 1.64879200e-05  5.01808829e-11  1.64879200e-05  4.92229113e-12 
 1.64899200e-05  5.01808829e-11  1.64899200e-05  4.92229127e-12 
 1.64919200e-05  5.01808829e-11  1.64919200e-05  4.92229133e-12 
 1.64939200e-05  5.01808829e-11  1.64939200e-05  4.92229167e-12 
 1.64959200e-05  5.01808829e-11  1.64959200e-05  4.92229265e-12 
 1.64979200e-05  5.01808829e-11  1.64979200e-05  4.92229463e-12 
 1.64999200e-05  5.01808829e-11  1.64999200e-05  4.92229796e-12 
 1.65019200e-05  5.01808829e-11  1.65019200e-05  4.92230300e-12 
 1.65039200e-05  5.01808829e-11  1.65039200e-05  4.92231011e-12 
 1.65059200e-05  5.01808829e-11  1.65059200e-05  4.92231963e-12 
 1.65079200e-05  5.01808829e-11  1.65079200e-05  4.92233193e-12 
 1.65099200e-05  5.01808829e-11  1.65099200e-05  4.92234735e-12 
 1.65119200e-05  5.01808829e-11  1.65119200e-05  4.92236624e-12 
 1.65139200e-05  5.01808829e-11  1.65139200e-05  4.92238894e-12 
 1.65159200e-05  5.01808829e-11  1.65159200e-05  4.92241581e-12 
 1.65179200e-05  5.01808829e-11  1.65179200e-05  4.92244717e-12 
 1.65199200e-05  5.01808829e-11  1.65199200e-05  4.92248338e-12 
 1.65219200e-05  5.01808829e-11  1.65219200e-05  4.92252475e-12 
 1.65239200e-05  5.01808829e-11  1.65239200e-05  4.92257164e-12 
 1.65259200e-05  5.01808829e-11  1.65259200e-05  4.92262436e-12 
 1.65279200e-05  5.01808829e-11  1.65279200e-05  4.92268324e-12 
 1.65299200e-05  5.01808829e-11  1.65299200e-05  4.92274860e-12 
 1.65319200e-05  5.01808829e-11  1.65319200e-05  4.92282076e-12 
 1.65339200e-05  5.01808829e-11  1.65339200e-05  4.92290003e-12 
 1.65359200e-05  5.01808829e-11  1.65359200e-05  4.92298671e-12 
 1.65379200e-05  5.01808829e-11  1.65379200e-05  4.92308112e-12 
 1.65399200e-05  5.01808829e-11  1.65399200e-05  4.92318354e-12 
 1.65419200e-05  5.01808829e-11  1.65419200e-05  4.92329428e-12 
 1.65439200e-05  5.01808829e-11  1.65439200e-05  4.92341362e-12 
 1.65459200e-05  5.01808829e-11  1.65459200e-05  4.92354184e-12 
 1.65479200e-05  5.01808829e-11  1.65479200e-05  4.92367921e-12 
 1.65499200e-05  5.01808829e-11  1.65499200e-05  4.92382602e-12 
 1.65519200e-05  5.01808829e-11  1.65519200e-05  4.92398253e-12 
 1.65539200e-05  5.01808829e-11  1.65539200e-05  4.92414899e-12 
 1.65559200e-05  5.01808829e-11  1.65559200e-05  4.92432565e-12 
 1.65579200e-05  5.01808829e-11  1.65579200e-05  4.92451277e-12 
 1.65599200e-05  5.01808829e-11  1.65599200e-05  4.92471058e-12 
 1.65619200e-05  5.01808829e-11  1.65619200e-05  4.92491932e-12 
 1.65639200e-05  5.01808829e-11  1.65639200e-05  4.92513921e-12 
 1.65659200e-05  5.01808829e-11  1.65659200e-05  4.92537047e-12 
 1.65679200e-05  5.01808829e-11  1.65679200e-05  4.92561331e-12 
 1.65699200e-05  5.01808829e-11  1.65699200e-05  4.92586794e-12 
 1.65719200e-05  5.01808829e-11  1.65719200e-05  4.92613455e-12 
 1.65739200e-05  5.01808829e-11  1.65739200e-05  4.92641333e-12 
 1.65759200e-05  5.01808829e-11  1.65759200e-05  4.92670447e-12 
 1.65779200e-05  5.01808829e-11  1.65779200e-05  4.92700813e-12 
 1.65799200e-05  5.01808829e-11  1.65799200e-05  4.92732449e-12 
 1.65819200e-05  5.01808829e-11  1.65819200e-05  4.92765369e-12 
 1.65839200e-05  5.01808829e-11  1.65839200e-05  4.92799590e-12 
 1.65859200e-05  5.01808829e-11  1.65859200e-05  4.92835125e-12 
 1.65879200e-05  5.01808829e-11  1.65879200e-05  4.92871988e-12 
 1.65899200e-05  5.01808829e-11  1.65899200e-05  4.92910190e-12 
 1.65919200e-05  5.01808829e-11  1.65919200e-05  4.92949744e-12 
 1.65939200e-05  5.01808829e-11  1.65939200e-05  4.92990660e-12 
 1.65959200e-05  5.01808829e-11  1.65959200e-05  4.93032948e-12 
 1.65979200e-05  5.01808829e-11  1.65979200e-05  4.93076618e-12 
 1.65999200e-05  5.01808829e-11  1.65999200e-05  4.93121677e-12 
 1.66019200e-05  5.01808829e-11  1.66019200e-05  4.93168133e-12 
 1.66039200e-05  5.01808829e-11  1.66039200e-05  4.93215991e-12 
 1.66059200e-05  5.01808829e-11  1.66059200e-05  4.93265259e-12 
 1.66079200e-05  5.01808829e-11  1.66079200e-05  4.93315939e-12 
 1.66099200e-05  5.01808829e-11  1.66099200e-05  4.93368037e-12 
 1.66119200e-05  5.01808829e-11  1.66119200e-05  4.93421554e-12 
 1.66139200e-05  5.01808829e-11  1.66139200e-05  4.93476493e-12 
 1.66159200e-05  5.01808829e-11  1.66159200e-05  4.93532854e-12 
 1.66179200e-05  5.01808829e-11  1.66179200e-05  4.93590638e-12 
 1.66199200e-05  5.01808829e-11  1.66199200e-05  4.93649845e-12 
 1.66219200e-05  5.01808829e-11  1.66219200e-05  4.93710471e-12 
 1.66239200e-05  5.01808829e-11  1.66239200e-05  4.93772516e-12 
 1.66259200e-05  5.01808829e-11  1.66259200e-05  4.93835974e-12 
 1.66279200e-05  5.01808829e-11  1.66279200e-05  4.93900843e-12 
 1.66299200e-05  5.01808829e-11  1.66299200e-05  4.93967116e-12 
 1.66319200e-05  5.01808829e-11  1.66319200e-05  4.94034788e-12 
 1.66339200e-05  5.01808829e-11  1.66339200e-05  4.94103852e-12 
 1.66359200e-05  5.01808829e-11  1.66359200e-05  4.94174298e-12 
 1.66379200e-05  5.01808829e-11  1.66379200e-05  4.94246120e-12 
 1.66399200e-05  5.01808829e-11  1.66399200e-05  4.94319307e-12 
 1.66419200e-05  5.01808829e-11  1.66419200e-05  4.94393849e-12 
 1.66439200e-05  5.01808829e-11  1.66439200e-05  4.94469733e-12 
 1.66459200e-05  5.01808829e-11  1.66459200e-05  4.94546949e-12 
 1.66479200e-05  5.01808829e-11  1.66479200e-05  4.94625483e-12 
 1.66499200e-05  5.01808829e-11  1.66499200e-05  4.94705321e-12 
 1.66519200e-05  5.01808829e-11  1.66519200e-05  4.94786448e-12 
 1.66539200e-05  5.01808829e-11  1.66539200e-05  4.94868849e-12 
 1.66559200e-05  5.01808829e-11  1.66559200e-05  4.94952507e-12 
 1.66579200e-05  5.01808829e-11  1.66579200e-05  4.95037406e-12 
 1.66599200e-05  5.01808829e-11  1.66599200e-05  4.95123527e-12 
 1.66619200e-05  5.01808829e-11  1.66619200e-05  4.95210852e-12 
 1.66639200e-05  5.01808829e-11  1.66639200e-05  4.95299360e-12 
 1.66659200e-05  5.01808829e-11  1.66659200e-05  4.95389033e-12 
 1.66679200e-05  5.01808829e-11  1.66679200e-05  4.95479849e-12 
 1.66699200e-05  5.01808829e-11  1.66699200e-05  4.95571787e-12 
 1.66719200e-05  5.01808829e-11  1.66719200e-05  4.95664823e-12 
 1.66739200e-05  5.01808829e-11  1.66739200e-05  4.95758936e-12 
 1.66759200e-05  5.01808829e-11  1.66759200e-05  4.95854100e-12 
 1.66779200e-05  5.01808829e-11  1.66779200e-05  4.95950293e-12 
 1.66799200e-05  5.01808829e-11  1.66799200e-05  4.96047488e-12 
 1.66819200e-05  5.01808829e-11  1.66819200e-05  4.96145660e-12 
 1.66839200e-05  5.01808829e-11  1.66839200e-05  4.96244783e-12 
 1.66859200e-05  5.01808829e-11  1.66859200e-05  4.96344829e-12 
 1.66879200e-05  5.01808829e-11  1.66879200e-05  4.96445772e-12 
 1.66899200e-05  5.01808829e-11  1.66899200e-05  4.96547583e-12 
 1.66919200e-05  5.01808829e-11  1.66919200e-05  4.96650234e-12 
 1.66939200e-05  5.01808829e-11  1.66939200e-05  4.96753695e-12 
 1.66959200e-05  5.01808829e-11  1.66959200e-05  4.96857936e-12 
 1.66979200e-05  5.01808829e-11  1.66979200e-05  4.96962929e-12 
 1.66999200e-05  5.01808829e-11  1.66999200e-05  4.97068641e-12 
 1.67019200e-05  5.01808829e-11  1.67019200e-05  4.97175043e-12 
 1.67039200e-05  5.01808829e-11  1.67039200e-05  4.97282101e-12 
 1.67059200e-05  5.01808829e-11  1.67059200e-05  4.97389786e-12 
 1.67079200e-05  5.01808829e-11  1.67079200e-05  4.97498063e-12 
 1.67099200e-05  5.01808829e-11  1.67099200e-05  4.97606901e-12 
 1.67119200e-05  5.01808829e-11  1.67119200e-05  4.97716266e-12 
 1.67139200e-05  5.01808829e-11  1.67139200e-05  4.97826125e-12 
 1.67159200e-05  5.01808829e-11  1.67159200e-05  4.97936444e-12 
 1.67179200e-05  5.01808829e-11  1.67179200e-05  4.98047190e-12 
 1.67199200e-05  5.01808829e-11  1.67199200e-05  4.98158327e-12 
 1.67219200e-05  5.01808829e-11  1.67219200e-05  4.98269822e-12 
 1.67239200e-05  5.01808829e-11  1.67239200e-05  4.98381640e-12 
 1.67259200e-05  5.01808829e-11  1.67259200e-05  4.98493746e-12 
 1.67279200e-05  5.01808829e-11  1.67279200e-05  4.98606104e-12 
 1.67299200e-05  5.01808829e-11  1.67299200e-05  4.98718680e-12 
 1.67319200e-05  5.01808829e-11  1.67319200e-05  4.98831437e-12 
 1.67339200e-05  5.01808829e-11  1.67339200e-05  4.98944342e-12 
 1.67359200e-05  5.01808829e-11  1.67359200e-05  4.99057357e-12 
 1.67379200e-05  5.01808829e-11  1.67379200e-05  4.99170447e-12 
 1.67399200e-05  5.01808829e-11  1.67399200e-05  4.99283577e-12 
 1.67419200e-05  5.01808829e-11  1.67419200e-05  4.99396710e-12 
 1.67439200e-05  5.01808829e-11  1.67439200e-05  4.99509811e-12 
 1.67459200e-05  5.01808829e-11  1.67459200e-05  4.99622844e-12 
 1.67479200e-05  5.01808829e-11  1.67479200e-05  4.99735774e-12 
 1.67499200e-05  5.01808829e-11  1.67499200e-05  4.99848564e-12 
 1.67519200e-05  5.01808829e-11  1.67519200e-05  4.99961180e-12 
 1.67539200e-05  5.01808829e-11  1.67539200e-05  5.00073585e-12 
 1.67559200e-05  5.01808829e-11  1.67559200e-05  5.00185745e-12 
 1.67579200e-05  5.01808829e-11  1.67579200e-05  5.00297624e-12 
 1.67599200e-05  5.01808829e-11  1.67599200e-05  5.00409188e-12 
 1.67619200e-05  5.01808829e-11  1.67619200e-05  5.00520401e-12 
 1.67639200e-05  5.01808829e-11  1.67639200e-05  5.00631230e-12 
 1.67659200e-05  5.01808829e-11  1.67659200e-05  5.00741639e-12 
 1.67679200e-05  5.01808829e-11  1.67679200e-05  5.00851594e-12 
 1.67699200e-05  5.01808829e-11  1.67699200e-05  5.00961063e-12 
 1.67719200e-05  5.01808829e-11  1.67719200e-05  5.01070011e-12 
 1.67739200e-05  5.01808829e-11  1.67739200e-05  5.01178406e-12 
 1.67759200e-05  5.01808829e-11  1.67759200e-05  5.01286214e-12 
 1.67779200e-05  5.01808829e-11  1.67779200e-05  5.01393403e-12 
 1.67799200e-05  5.01808829e-11  1.67799200e-05  5.01499942e-12 
 1.67819200e-05  5.01808829e-11  1.67819200e-05  5.01605798e-12 
 1.67839200e-05  5.01808829e-11  1.67839200e-05  5.01710941e-12 
 1.67859200e-05  5.01808829e-11  1.67859200e-05  5.01815339e-12 
 1.67879200e-05  5.01808829e-11  1.67879200e-05  5.01918963e-12 
 1.67899200e-05  5.01808829e-11  1.67899200e-05  5.02021783e-12 
 1.67919200e-05  5.01808829e-11  1.67919200e-05  5.02123770e-12 
 1.67939200e-05  5.01808829e-11  1.67939200e-05  5.02224894e-12 
 1.67959200e-05  5.01808829e-11  1.67959200e-05  5.02325128e-12 
 1.67979200e-05  5.01808829e-11  1.67979200e-05  5.02424444e-12 
 1.67999200e-05  5.01808829e-11  1.67999200e-05  5.02522815e-12 
 1.68019200e-05  5.01808829e-11  1.68019200e-05  5.02620214e-12 
 1.68039200e-05  5.01808829e-11  1.68039200e-05  5.02716617e-12 
 1.68059200e-05  5.01808829e-11  1.68059200e-05  5.02811997e-12 
 1.68079200e-05  5.01808829e-11  1.68079200e-05  5.02906330e-12 
 1.68099200e-05  5.01808829e-11  1.68099200e-05  5.02999593e-12 
 1.68119200e-05  5.01808829e-11  1.68119200e-05  5.03091761e-12 
 1.68139200e-05  5.01808829e-11  1.68139200e-05  5.03182813e-12 
 1.68159200e-05  5.01808829e-11  1.68159200e-05  5.03272727e-12 
 1.68179200e-05  5.01808829e-11  1.68179200e-05  5.03361482e-12 
 1.68199200e-05  5.01808829e-11  1.68199200e-05  5.03449057e-12 
 1.68219200e-05  5.01808829e-11  1.68219200e-05  5.03535433e-12 
 1.68239200e-05  5.01808829e-11  1.68239200e-05  5.03620590e-12 
 1.68259200e-05  5.01808829e-11  1.68259200e-05  5.03704512e-12 
 1.68279200e-05  5.01808829e-11  1.68279200e-05  5.03787180e-12 
 1.68299200e-05  5.01808829e-11  1.68299200e-05  5.03868578e-12 
 1.68319200e-05  5.01808829e-11  1.68319200e-05  5.03948691e-12 
 1.68339200e-05  5.01808829e-11  1.68339200e-05  5.04027503e-12 
 1.68359200e-05  5.01808829e-11  1.68359200e-05  5.04105000e-12 
 1.68379200e-05  5.01808829e-11  1.68379200e-05  5.04181170e-12 
 1.68399200e-05  5.01808829e-11  1.68399200e-05  5.04256000e-12 
 1.68419200e-05  5.01808829e-11  1.68419200e-05  5.04329478e-12 
 1.68439200e-05  5.01808829e-11  1.68439200e-05  5.04401593e-12 
 1.68459200e-05  5.01808829e-11  1.68459200e-05  5.04472337e-12 
 1.68479200e-05  5.01808829e-11  1.68479200e-05  5.04541699e-12 
 1.68499200e-05  5.01808829e-11  1.68499200e-05  5.04609672e-12 
 1.68519200e-05  5.01808829e-11  1.68519200e-05  5.04676249e-12 
 1.68539200e-05  5.01808829e-11  1.68539200e-05  5.04741423e-12 
 1.68559200e-05  5.01808829e-11  1.68559200e-05  5.04805189e-12 
 1.68579200e-05  5.01808829e-11  1.68579200e-05  5.04867542e-12 
 1.68599200e-05  5.01808829e-11  1.68599200e-05  5.04928479e-12 
 1.68619200e-05  5.01808829e-11  1.68619200e-05  5.04987997e-12 
 1.68639200e-05  5.01808829e-11  1.68639200e-05  5.05046094e-12 
 1.68659200e-05  5.01808829e-11  1.68659200e-05  5.05102769e-12 
 1.68679200e-05  5.01808829e-11  1.68679200e-05  5.05158022e-12 
 1.68699200e-05  5.01808829e-11  1.68699200e-05  5.05211854e-12 
 1.68719200e-05  5.01808829e-11  1.68719200e-05  5.05264266e-12 
 1.68739200e-05  5.01808829e-11  1.68739200e-05  5.05315262e-12 
 1.68759200e-05  5.01808829e-11  1.68759200e-05  5.05364845e-12 
 1.68779200e-05  5.01808829e-11  1.68779200e-05  5.05413019e-12 
 1.68799200e-05  5.01808829e-11  1.68799200e-05  5.05459789e-12 
 1.68819200e-05  5.01808829e-11  1.68819200e-05  5.05505162e-12 
 1.68839200e-05  5.01808829e-11  1.68839200e-05  5.05549145e-12 
 1.68859200e-05  5.01808829e-11  1.68859200e-05  5.05591745e-12 
 1.68879200e-05  5.01808829e-11  1.68879200e-05  5.05632973e-12 
 1.68899200e-05  5.01808829e-11  1.68899200e-05  5.05672836e-12 
 1.68919200e-05  5.01808829e-11  1.68919200e-05  5.05711347e-12 
 1.68939200e-05  5.01808829e-11  1.68939200e-05  5.05748515e-12 
 1.68959200e-05  5.01808829e-11  1.68959200e-05  5.05784354e-12 
 1.68979200e-05  5.01808829e-11  1.68979200e-05  5.05818877e-12 
 1.68999200e-05  5.01808829e-11  1.68999200e-05  5.05852098e-12 
 1.69019200e-05  5.01808829e-11  1.69019200e-05  5.05884031e-12 
 1.69039200e-05  5.01808829e-11  1.69039200e-05  5.05914692e-12 
 1.69059200e-05  5.01808829e-11  1.69059200e-05  5.05944097e-12 
 1.69079200e-05  5.01808829e-11  1.69079200e-05  5.05972264e-12 
 1.69099200e-05  5.01808829e-11  1.69099200e-05  5.05999210e-12 
 1.69119200e-05  5.01808829e-11  1.69119200e-05  5.06024954e-12 
 1.69139200e-05  5.01808829e-11  1.69139200e-05  5.06049516e-12 
 1.69159200e-05  5.01808829e-11  1.69159200e-05  5.06072916e-12 
 1.69179200e-05  5.01808829e-11  1.69179200e-05  5.06095175e-12 
 1.69199200e-05  5.01808829e-11  1.69199200e-05  5.06116314e-12 
 1.69219200e-05  5.01808829e-11  1.69219200e-05  5.06136357e-12 
 1.69239200e-05  5.01808829e-11  1.69239200e-05  5.06155325e-12 
 1.69259200e-05  5.01808829e-11  1.69259200e-05  5.06173243e-12 
 1.69279200e-05  5.01808829e-11  1.69279200e-05  5.06190136e-12 
 1.69299200e-05  5.01808829e-11  1.69299200e-05  5.06206027e-12 
 1.69319200e-05  5.01808829e-11  1.69319200e-05  5.06220944e-12 
 1.69339200e-05  5.01808829e-11  1.69339200e-05  5.06234912e-12 
 1.69359200e-05  5.01808829e-11  1.69359200e-05  5.06247958e-12 
 1.69379200e-05  5.01808829e-11  1.69379200e-05  5.06260110e-12 
 1.69399200e-05  5.01808829e-11  1.69399200e-05  5.06271396e-12 
 1.69419200e-05  5.01808829e-11  1.69419200e-05  5.06281844e-12 
 1.69439200e-05  5.01808829e-11  1.69439200e-05  5.06291484e-12 
 1.69459200e-05  5.01808829e-11  1.69459200e-05  5.06300345e-12 
 1.69479200e-05  5.01808829e-11  1.69479200e-05  5.06308457e-12 
 1.69499200e-05  5.01808829e-11  1.69499200e-05  5.06315851e-12 
 1.69519200e-05  5.01808829e-11  1.69519200e-05  5.06322559e-12 
 1.69539200e-05  5.01808829e-11  1.69539200e-05  5.06328610e-12 
 1.69559200e-05  5.01808829e-11  1.69559200e-05  5.06334039e-12 
 1.69579200e-05  5.01808829e-11  1.69579200e-05  5.06338876e-12 
 1.69599200e-05  5.01808829e-11  1.69599200e-05  5.06343154e-12 
 1.69619200e-05  5.01808829e-11  1.69619200e-05  5.06346907e-12 
 1.69639200e-05  5.01808829e-11  1.69639200e-05  5.06350168e-12 
 1.69659200e-05  5.01808829e-11  1.69659200e-05  5.06352971e-12 
 1.69679200e-05  5.01808829e-11  1.69679200e-05  5.06355349e-12 
 1.69699200e-05  5.01808829e-11  1.69699200e-05  5.06357336e-12 
 1.69719200e-05  5.01808829e-11  1.69719200e-05  5.06358968e-12 
 1.69739200e-05  5.01808829e-11  1.69739200e-05  5.06360278e-12 
 1.69759200e-05  5.01808829e-11  1.69759200e-05  5.06361303e-12 
 1.69779200e-05  5.01808829e-11  1.69779200e-05  5.06362076e-12 
 1.69799200e-05  5.01808829e-11  1.69799200e-05  5.06362633e-12 
 1.69819200e-05  5.01808829e-11  1.69819200e-05  5.06363010e-12 
 1.69839200e-05  5.01808829e-11  1.69839200e-05  5.06363242e-12 
 1.69859200e-05  5.01808829e-11  1.69859200e-05  5.06363364e-12 
 1.69879200e-05  5.01808829e-11  1.69879200e-05  5.06363412e-12 
 1.69899200e-05  5.01808829e-11  1.69899200e-05  5.06363423e-12 
 1.69919200e-05  5.01808829e-11  1.69919200e-05  5.06363430e-12 
 1.69939200e-05  5.01808829e-11  1.69939200e-05  5.06363471e-12 
 1.69959200e-05  5.01808829e-11  1.69959200e-05  5.06363581e-12 
 1.69979200e-05  5.01808829e-11  1.69979200e-05  5.06363796e-12 
 1.69999200e-05  5.01808829e-11  1.69999200e-05  5.06364151e-12 
 1.70019200e-05  5.01808829e-11  1.70019200e-05  5.06364681e-12 
 1.70039200e-05  5.01808829e-11  1.70039200e-05  5.06365423e-12 
 1.70059200e-05  5.01808829e-11  1.70059200e-05  5.06366411e-12 
 1.70079200e-05  5.01808829e-11  1.70079200e-05  5.06367680e-12 
 1.70099200e-05  5.01808829e-11  1.70099200e-05  5.06369265e-12 
 1.70119200e-05  5.01808829e-11  1.70119200e-05  5.06371202e-12 
 1.70139200e-05  5.01808829e-11  1.70139200e-05  5.06373524e-12 
 1.70159200e-05  5.01808829e-11  1.70159200e-05  5.06376265e-12 
 1.70179200e-05  5.01808829e-11  1.70179200e-05  5.06379460e-12 
 1.70199200e-05  5.01808829e-11  1.70199200e-05  5.06383143e-12 
 1.70219200e-05  5.01808829e-11  1.70219200e-05  5.06387346e-12 
 1.70239200e-05  5.01808829e-11  1.70239200e-05  5.06392103e-12 
 1.70259200e-05  5.01808829e-11  1.70259200e-05  5.06397446e-12 
 1.70279200e-05  5.01808829e-11  1.70279200e-05  5.06403408e-12 
 1.70299200e-05  5.01808829e-11  1.70299200e-05  5.06410021e-12 
 1.70319200e-05  5.01808829e-11  1.70319200e-05  5.06417316e-12 
 1.70339200e-05  5.01808829e-11  1.70339200e-05  5.06425324e-12 
 1.70359200e-05  5.01808829e-11  1.70359200e-05  5.06434076e-12 
 1.70379200e-05  5.01808829e-11  1.70379200e-05  5.06443602e-12 
 1.70399200e-05  5.01808829e-11  1.70399200e-05  5.06453932e-12 
 1.70419200e-05  5.01808829e-11  1.70419200e-05  5.06465094e-12 
 1.70439200e-05  5.01808829e-11  1.70439200e-05  5.06477118e-12 
 1.70459200e-05  5.01808829e-11  1.70459200e-05  5.06490032e-12 
 1.70479200e-05  5.01808829e-11  1.70479200e-05  5.06503862e-12 
 1.70499200e-05  5.01808829e-11  1.70499200e-05  5.06518637e-12 
 1.70519200e-05  5.01808829e-11  1.70519200e-05  5.06534382e-12 
 1.70539200e-05  5.01808829e-11  1.70539200e-05  5.06551122e-12 
 1.70559200e-05  5.01808829e-11  1.70559200e-05  5.06568885e-12 
 1.70579200e-05  5.01808829e-11  1.70579200e-05  5.06587692e-12 
 1.70599200e-05  5.01808829e-11  1.70599200e-05  5.06607569e-12 
 1.70619200e-05  5.01808829e-11  1.70619200e-05  5.06628539e-12 
 1.70639200e-05  5.01808829e-11  1.70639200e-05  5.06650623e-12 
 1.70659200e-05  5.01808829e-11  1.70659200e-05  5.06673844e-12 
 1.70679200e-05  5.01808829e-11  1.70679200e-05  5.06698223e-12 
 1.70699200e-05  5.01808829e-11  1.70699200e-05  5.06723779e-12 
 1.70719200e-05  5.01808829e-11  1.70719200e-05  5.06750533e-12 
 1.70739200e-05  5.01808829e-11  1.70739200e-05  5.06778502e-12 
 1.70759200e-05  5.01808829e-11  1.70759200e-05  5.06807706e-12 
 1.70779200e-05  5.01808829e-11  1.70779200e-05  5.06838161e-12 
 1.70799200e-05  5.01808829e-11  1.70799200e-05  5.06869884e-12 
 1.70819200e-05  5.01808829e-11  1.70819200e-05  5.06902890e-12 
 1.70839200e-05  5.01808829e-11  1.70839200e-05  5.06937194e-12 
 1.70859200e-05  5.01808829e-11  1.70859200e-05  5.06972811e-12 
 1.70879200e-05  5.01808829e-11  1.70879200e-05  5.07009752e-12 
 1.70899200e-05  5.01808829e-11  1.70899200e-05  5.07048031e-12 
 1.70919200e-05  5.01808829e-11  1.70919200e-05  5.07087659e-12 
 1.70939200e-05  5.01808829e-11  1.70939200e-05  5.07128646e-12 
 1.70959200e-05  5.01808829e-11  1.70959200e-05  5.07171003e-12 
 1.70979200e-05  5.01808829e-11  1.70979200e-05  5.07214737e-12 
 1.70999200e-05  5.01808829e-11  1.70999200e-05  5.07259858e-12 
 1.71019200e-05  5.01808829e-11  1.71019200e-05  5.07306373e-12 
 1.71039200e-05  5.01808829e-11  1.71039200e-05  5.07354286e-12 
 1.71059200e-05  5.01808829e-11  1.71059200e-05  5.07403605e-12 
 1.71079200e-05  5.01808829e-11  1.71079200e-05  5.07454333e-12 
 1.71099200e-05  5.01808829e-11  1.71099200e-05  5.07506474e-12 
 1.71119200e-05  5.01808829e-11  1.71119200e-05  5.07560030e-12 
 1.71139200e-05  5.01808829e-11  1.71139200e-05  5.07615004e-12 
 1.71159200e-05  5.01808829e-11  1.71159200e-05  5.07671396e-12 
 1.71179200e-05  5.01808829e-11  1.71179200e-05  5.07729207e-12 
 1.71199200e-05  5.01808829e-11  1.71199200e-05  5.07788434e-12 
 1.71219200e-05  5.01808829e-11  1.71219200e-05  5.07849078e-12 
 1.71239200e-05  5.01808829e-11  1.71239200e-05  5.07911134e-12 
 1.71259200e-05  5.01808829e-11  1.71259200e-05  5.07974600e-12 
 1.71279200e-05  5.01808829e-11  1.71279200e-05  5.08039470e-12 
 1.71299200e-05  5.01808829e-11  1.71299200e-05  5.08105740e-12 
 1.71319200e-05  5.01808829e-11  1.71319200e-05  5.08173403e-12 
 1.71339200e-05  5.01808829e-11  1.71339200e-05  5.08242452e-12 
 1.71359200e-05  5.01808829e-11  1.71359200e-05  5.08312879e-12 
 1.71379200e-05  5.01808829e-11  1.71379200e-05  5.08384675e-12 
 1.71399200e-05  5.01808829e-11  1.71399200e-05  5.08457830e-12 
 1.71419200e-05  5.01808829e-11  1.71419200e-05  5.08532335e-12 
 1.71439200e-05  5.01808829e-11  1.71439200e-05  5.08608176e-12 
 1.71459200e-05  5.01808829e-11  1.71459200e-05  5.08685343e-12 
 1.71479200e-05  5.01808829e-11  1.71479200e-05  5.08763821e-12 
 1.71499200e-05  5.01808829e-11  1.71499200e-05  5.08843598e-12 
 1.71519200e-05  5.01808829e-11  1.71519200e-05  5.08924657e-12 
 1.71539200e-05  5.01808829e-11  1.71539200e-05  5.09006984e-12 
 1.71559200e-05  5.01808829e-11  1.71559200e-05  5.09090562e-12 
 1.71579200e-05  5.01808829e-11  1.71579200e-05  5.09175374e-12 
 1.71599200e-05  5.01808829e-11  1.71599200e-05  5.09261401e-12 
 1.71619200e-05  5.01808829e-11  1.71619200e-05  5.09348626e-12 
 1.71639200e-05  5.01808829e-11  1.71639200e-05  5.09437029e-12 
 1.71659200e-05  5.01808829e-11  1.71659200e-05  5.09526588e-12 
 1.71679200e-05  5.01808829e-11  1.71679200e-05  5.09617284e-12 
 1.71699200e-05  5.01808829e-11  1.71699200e-05  5.09709095e-12 
 1.71719200e-05  5.01808829e-11  1.71719200e-05  5.09801998e-12 
 1.71739200e-05  5.01808829e-11  1.71739200e-05  5.09895970e-12 
 1.71759200e-05  5.01808829e-11  1.71759200e-05  5.09990988e-12 
 1.71779200e-05  5.01808829e-11  1.71779200e-05  5.10087027e-12 
 1.71799200e-05  5.01808829e-11  1.71799200e-05  5.10184061e-12 
 1.71819200e-05  5.01808829e-11  1.71819200e-05  5.10282065e-12 
 1.71839200e-05  5.01808829e-11  1.71839200e-05  5.10381014e-12 
 1.71859200e-05  5.01808829e-11  1.71859200e-05  5.10480879e-12 
 1.71879200e-05  5.01808829e-11  1.71879200e-05  5.10581634e-12 
 1.71899200e-05  5.01808829e-11  1.71899200e-05  5.10683250e-12 
 1.71919200e-05  5.01808829e-11  1.71919200e-05  5.10785698e-12 
 1.71939200e-05  5.01808829e-11  1.71939200e-05  5.10888951e-12 
 1.71959200e-05  5.01808829e-11  1.71959200e-05  5.10992977e-12 
 1.71979200e-05  5.01808829e-11  1.71979200e-05  5.11097747e-12 
 1.71999200e-05  5.01808829e-11  1.71999200e-05  5.11203230e-12 
 1.72019200e-05  5.01808829e-11  1.72019200e-05  5.11309396e-12 
 1.72039200e-05  5.01808829e-11  1.72039200e-05  5.11416212e-12 
 1.72059200e-05  5.01808829e-11  1.72059200e-05  5.11523647e-12 
 1.72079200e-05  5.01808829e-11  1.72079200e-05  5.11631669e-12 
 1.72099200e-05  5.01808829e-11  1.72099200e-05  5.11740244e-12 
 1.72119200e-05  5.01808829e-11  1.72119200e-05  5.11849340e-12 
 1.72139200e-05  5.01808829e-11  1.72139200e-05  5.11958924e-12 
 1.72159200e-05  5.01808829e-11  1.72159200e-05  5.12068962e-12 
 1.72179200e-05  5.01808829e-11  1.72179200e-05  5.12179419e-12 
 1.72199200e-05  5.01808829e-11  1.72199200e-05  5.12290263e-12 
 1.72219200e-05  5.01808829e-11  1.72219200e-05  5.12401457e-12 
 1.72239200e-05  5.01808829e-11  1.72239200e-05  5.12512969e-12 
 1.72259200e-05  5.01808829e-11  1.72259200e-05  5.12624762e-12 
 1.72279200e-05  5.01808829e-11  1.72279200e-05  5.12736802e-12 
 1.72299200e-05  5.01808829e-11  1.72299200e-05  5.12849053e-12 
 1.72319200e-05  5.01808829e-11  1.72319200e-05  5.12961481e-12 
 1.72339200e-05  5.01808829e-11  1.72339200e-05  5.13074050e-12 
 1.72359200e-05  5.01808829e-11  1.72359200e-05  5.13186724e-12 
 1.72379200e-05  5.01808829e-11  1.72379200e-05  5.13299467e-12 
 1.72399200e-05  5.01808829e-11  1.72399200e-05  5.13412245e-12 
 1.72419200e-05  5.01808829e-11  1.72419200e-05  5.13525021e-12 
 1.72439200e-05  5.01808829e-11  1.72439200e-05  5.13637760e-12 
 1.72459200e-05  5.01808829e-11  1.72459200e-05  5.13750426e-12 
 1.72479200e-05  5.01808829e-11  1.72479200e-05  5.13862983e-12 
 1.72499200e-05  5.01808829e-11  1.72499200e-05  5.13975397e-12 
 1.72519200e-05  5.01808829e-11  1.72519200e-05  5.14087631e-12 
 1.72539200e-05  5.01808829e-11  1.72539200e-05  5.14199650e-12 
 1.72559200e-05  5.01808829e-11  1.72559200e-05  5.14311420e-12 
 1.72579200e-05  5.01808829e-11  1.72579200e-05  5.14422904e-12 
 1.72599200e-05  5.01808829e-11  1.72599200e-05  5.14534069e-12 
 1.72619200e-05  5.01808829e-11  1.72619200e-05  5.14644880e-12 
 1.72639200e-05  5.01808829e-11  1.72639200e-05  5.14755302e-12 
 1.72659200e-05  5.01808829e-11  1.72659200e-05  5.14865301e-12 
 1.72679200e-05  5.01808829e-11  1.72679200e-05  5.14974843e-12 
 1.72699200e-05  5.01808829e-11  1.72699200e-05  5.15083894e-12 
 1.72719200e-05  5.01808829e-11  1.72719200e-05  5.15192422e-12 
 1.72739200e-05  5.01808829e-11  1.72739200e-05  5.15300393e-12 
 1.72759200e-05  5.01808829e-11  1.72759200e-05  5.15407775e-12 
 1.72779200e-05  5.01808829e-11  1.72779200e-05  5.15514536e-12 
 1.72799200e-05  5.01808829e-11  1.72799200e-05  5.15620643e-12 
 1.72819200e-05  5.01808829e-11  1.72819200e-05  5.15726065e-12 
 1.72839200e-05  5.01808829e-11  1.72839200e-05  5.15830772e-12 
 1.72859200e-05  5.01808829e-11  1.72859200e-05  5.15934732e-12 
 1.72879200e-05  5.01808829e-11  1.72879200e-05  5.16037915e-12 
 1.72899200e-05  5.01808829e-11  1.72899200e-05  5.16140293e-12 
 1.72919200e-05  5.01808829e-11  1.72919200e-05  5.16241836e-12 
 1.72939200e-05  5.01808829e-11  1.72939200e-05  5.16342515e-12 
 1.72959200e-05  5.01808829e-11  1.72959200e-05  5.16442303e-12 
 1.72979200e-05  5.01808829e-11  1.72979200e-05  5.16541171e-12 
 1.72999200e-05  5.01808829e-11  1.72999200e-05  5.16639094e-12 
 1.73019200e-05  5.01808829e-11  1.73019200e-05  5.16736044e-12 
 1.73039200e-05  5.01808829e-11  1.73039200e-05  5.16831997e-12 
 1.73059200e-05  5.01808829e-11  1.73059200e-05  5.16926927e-12 
 1.73079200e-05  5.01808829e-11  1.73079200e-05  5.17020810e-12 
 1.73099200e-05  5.01808829e-11  1.73099200e-05  5.17113622e-12 
 1.73119200e-05  5.01808829e-11  1.73119200e-05  5.17205340e-12 
 1.73139200e-05  5.01808829e-11  1.73139200e-05  5.17295942e-12 
 1.73159200e-05  5.01808829e-11  1.73159200e-05  5.17385406e-12 
 1.73179200e-05  5.01808829e-11  1.73179200e-05  5.17473712e-12 
 1.73199200e-05  5.01808829e-11  1.73199200e-05  5.17560839e-12 
 1.73219200e-05  5.01808829e-11  1.73219200e-05  5.17646767e-12 
 1.73239200e-05  5.01808829e-11  1.73239200e-05  5.17731479e-12 
 1.73259200e-05  5.01808829e-11  1.73259200e-05  5.17814956e-12 
 1.73279200e-05  5.01808829e-11  1.73279200e-05  5.17897180e-12 
 1.73299200e-05  5.01808829e-11  1.73299200e-05  5.17978137e-12 
 1.73319200e-05  5.01808829e-11  1.73319200e-05  5.18057810e-12 
 1.73339200e-05  5.01808829e-11  1.73339200e-05  5.18136184e-12 
 1.73359200e-05  5.01808829e-11  1.73359200e-05  5.18213246e-12 
 1.73379200e-05  5.01808829e-11  1.73379200e-05  5.18288982e-12 
 1.73399200e-05  5.01808829e-11  1.73399200e-05  5.18363381e-12 
 1.73419200e-05  5.01808829e-11  1.73419200e-05  5.18436431e-12 
 1.73439200e-05  5.01808829e-11  1.73439200e-05  5.18508121e-12 
 1.73459200e-05  5.01808829e-11  1.73459200e-05  5.18578442e-12 
 1.73479200e-05  5.01808829e-11  1.73479200e-05  5.18647384e-12 
 1.73499200e-05  5.01808829e-11  1.73499200e-05  5.18714941e-12 
 1.73519200e-05  5.01808829e-11  1.73519200e-05  5.18781105e-12 
 1.73539200e-05  5.01808829e-11  1.73539200e-05  5.18845870e-12 
 1.73559200e-05  5.01808829e-11  1.73559200e-05  5.18909230e-12 
 1.73579200e-05  5.01808829e-11  1.73579200e-05  5.18971182e-12 
 1.73599200e-05  5.01808829e-11  1.73599200e-05  5.19031721e-12 
 1.73619200e-05  5.01808829e-11  1.73619200e-05  5.19090845e-12 
 1.73639200e-05  5.01808829e-11  1.73639200e-05  5.19148553e-12 
 1.73659200e-05  5.01808829e-11  1.73659200e-05  5.19204843e-12 
 1.73679200e-05  5.01808829e-11  1.73679200e-05  5.19259715e-12 
 1.73699200e-05  5.01808829e-11  1.73699200e-05  5.19313171e-12 
 1.73719200e-05  5.01808829e-11  1.73719200e-05  5.19365213e-12 
 1.73739200e-05  5.01808829e-11  1.73739200e-05  5.19415842e-12 
 1.73759200e-05  5.01808829e-11  1.73759200e-05  5.19465064e-12 
 1.73779200e-05  5.01808829e-11  1.73779200e-05  5.19512882e-12 
 1.73799200e-05  5.01808829e-11  1.73799200e-05  5.19559301e-12 
 1.73819200e-05  5.01808829e-11  1.73819200e-05  5.19604329e-12 
 1.73839200e-05  5.01808829e-11  1.73839200e-05  5.19647972e-12 
 1.73859200e-05  5.01808829e-11  1.73859200e-05  5.19690238e-12 
 1.73879200e-05  5.01808829e-11  1.73879200e-05  5.19731137e-12 
 1.73899200e-05  5.01808829e-11  1.73899200e-05  5.19770677e-12 
 1.73919200e-05  5.01808829e-11  1.73919200e-05  5.19808871e-12 
 1.73939200e-05  5.01808829e-11  1.73939200e-05  5.19845728e-12 
 1.73959200e-05  5.01808829e-11  1.73959200e-05  5.19881262e-12 
 1.73979200e-05  5.01808829e-11  1.73979200e-05  5.19915486e-12 
 1.73999200e-05  5.01808829e-11  1.73999200e-05  5.19948414e-12 
 1.74019200e-05  5.01808829e-11  1.74019200e-05  5.19980061e-12 
 1.74039200e-05  5.01808829e-11  1.74039200e-05  5.20010441e-12 
 1.74059200e-05  5.01808829e-11  1.74059200e-05  5.20039573e-12 
 1.74079200e-05  5.01808829e-11  1.74079200e-05  5.20067472e-12 
 1.74099200e-05  5.01808829e-11  1.74099200e-05  5.20094157e-12 
 1.74119200e-05  5.01808829e-11  1.74119200e-05  5.20119647e-12 
 1.74139200e-05  5.01808829e-11  1.74139200e-05  5.20143962e-12 
 1.74159200e-05  5.01808829e-11  1.74159200e-05  5.20167121e-12 
 1.74179200e-05  5.01808829e-11  1.74179200e-05  5.20189145e-12 
 1.74199200e-05  5.01808829e-11  1.74199200e-05  5.20210057e-12 
 1.74219200e-05  5.01808829e-11  1.74219200e-05  5.20229878e-12 
 1.74239200e-05  5.01808829e-11  1.74239200e-05  5.20248633e-12 
 1.74259200e-05  5.01808829e-11  1.74259200e-05  5.20266344e-12 
 1.74279200e-05  5.01808829e-11  1.74279200e-05  5.20283035e-12 
 1.74299200e-05  5.01808829e-11  1.74299200e-05  5.20298734e-12 
 1.74319200e-05  5.01808829e-11  1.74319200e-05  5.20313463e-12 
 1.74339200e-05  5.01808829e-11  1.74339200e-05  5.20327252e-12 
 1.74359200e-05  5.01808829e-11  1.74359200e-05  5.20340125e-12 
 1.74379200e-05  5.01808829e-11  1.74379200e-05  5.20352111e-12 
 1.74399200e-05  5.01808829e-11  1.74399200e-05  5.20363237e-12 
 1.74419200e-05  5.01808829e-11  1.74419200e-05  5.20373533e-12 
 1.74439200e-05  5.01808829e-11  1.74439200e-05  5.20383027e-12 
 1.74459200e-05  5.01808829e-11  1.74459200e-05  5.20391749e-12 
 1.74479200e-05  5.01808829e-11  1.74479200e-05  5.20399730e-12 
 1.74499200e-05  5.01808829e-11  1.74499200e-05  5.20406999e-12 
 1.74519200e-05  5.01808829e-11  1.74519200e-05  5.20413587e-12 
 1.74539200e-05  5.01808829e-11  1.74539200e-05  5.20419527e-12 
 1.74559200e-05  5.01808829e-11  1.74559200e-05  5.20424850e-12 
 1.74579200e-05  5.01808829e-11  1.74579200e-05  5.20429589e-12 
 1.74599200e-05  5.01808829e-11  1.74599200e-05  5.20433775e-12 
 1.74619200e-05  5.01808829e-11  1.74619200e-05  5.20437443e-12 
 1.74639200e-05  5.01808829e-11  1.74639200e-05  5.20440625e-12 
 1.74659200e-05  5.01808829e-11  1.74659200e-05  5.20443354e-12 
 1.74679200e-05  5.01808829e-11  1.74679200e-05  5.20445665e-12 
 1.74699200e-05  5.01808829e-11  1.74699200e-05  5.20447593e-12 
 1.74719200e-05  5.01808829e-11  1.74719200e-05  5.20449170e-12 
 1.74739200e-05  5.01808829e-11  1.74739200e-05  5.20450433e-12 
 1.74759200e-05  5.01808829e-11  1.74759200e-05  5.20451415e-12 
 1.74779200e-05  5.01808829e-11  1.74779200e-05  5.20452152e-12 
 1.74799200e-05  5.01808829e-11  1.74799200e-05  5.20452679e-12 
 1.74819200e-05  5.01808829e-11  1.74819200e-05  5.20453032e-12 
 1.74839200e-05  5.01808829e-11  1.74839200e-05  5.20453244e-12 
 1.74859200e-05  5.01808829e-11  1.74859200e-05  5.20453353e-12 
 1.74879200e-05  5.01808829e-11  1.74879200e-05  5.20453394e-12 
 1.74899200e-05  5.01808829e-11  1.74899200e-05  5.20453401e-12 
 1.74919200e-05  5.01808829e-11  1.74919200e-05  5.20453412e-12 
 1.74939200e-05  5.01808829e-11  1.74939200e-05  5.20453461e-12 
 1.74959200e-05  5.01808829e-11  1.74959200e-05  5.20453583e-12 
 1.74979200e-05  5.01808829e-11  1.74979200e-05  5.20453815e-12 
 1.74999200e-05  5.01808829e-11  1.74999200e-05  5.20454193e-12 
 1.75019200e-05  5.01808829e-11  1.75019200e-05  5.20454750e-12 
 1.75039200e-05  5.01808829e-11  1.75039200e-05  5.20455523e-12 
 1.75059200e-05  5.01808829e-11  1.75059200e-05  5.20456546e-12 
 1.75079200e-05  5.01808829e-11  1.75079200e-05  5.20457856e-12 
 1.75099200e-05  5.01808829e-11  1.75099200e-05  5.20459485e-12 
 1.75119200e-05  5.01808829e-11  1.75119200e-05  5.20461469e-12 
 1.75139200e-05  5.01808829e-11  1.75139200e-05  5.20463843e-12 
 1.75159200e-05  5.01808829e-11  1.75159200e-05  5.20466640e-12 
 1.75179200e-05  5.01808829e-11  1.75179200e-05  5.20469894e-12 
 1.75199200e-05  5.01808829e-11  1.75199200e-05  5.20473639e-12 
 1.75219200e-05  5.01808829e-11  1.75219200e-05  5.20477907e-12 
 1.75239200e-05  5.01808829e-11  1.75239200e-05  5.20482733e-12 
 1.75259200e-05  5.01808829e-11  1.75259200e-05  5.20488148e-12 
 1.75279200e-05  5.01808829e-11  1.75279200e-05  5.20494184e-12 
 1.75299200e-05  5.01808829e-11  1.75299200e-05  5.20500873e-12 
 1.75319200e-05  5.01808829e-11  1.75319200e-05  5.20508247e-12 
 1.75339200e-05  5.01808829e-11  1.75339200e-05  5.20516337e-12 
 1.75359200e-05  5.01808829e-11  1.75359200e-05  5.20525172e-12 
 1.75379200e-05  5.01808829e-11  1.75379200e-05  5.20534784e-12 
 1.75399200e-05  5.01808829e-11  1.75399200e-05  5.20545201e-12 
 1.75419200e-05  5.01808829e-11  1.75419200e-05  5.20556452e-12 
 1.75439200e-05  5.01808829e-11  1.75439200e-05  5.20568566e-12 
 1.75459200e-05  5.01808829e-11  1.75459200e-05  5.20581571e-12 
 1.75479200e-05  5.01808829e-11  1.75479200e-05  5.20595494e-12 
 1.75499200e-05  5.01808829e-11  1.75499200e-05  5.20610363e-12 
 1.75519200e-05  5.01808829e-11  1.75519200e-05  5.20626202e-12 
 1.75539200e-05  5.01808829e-11  1.75539200e-05  5.20643037e-12 
 1.75559200e-05  5.01808829e-11  1.75559200e-05  5.20660895e-12 
 1.75579200e-05  5.01808829e-11  1.75579200e-05  5.20679798e-12 
 1.75599200e-05  5.01808829e-11  1.75599200e-05  5.20699770e-12 
 1.75619200e-05  5.01808829e-11  1.75619200e-05  5.20720835e-12 
 1.75639200e-05  5.01808829e-11  1.75639200e-05  5.20743015e-12 
 1.75659200e-05  5.01808829e-11  1.75659200e-05  5.20766330e-12 
 1.75679200e-05  5.01808829e-11  1.75679200e-05  5.20790803e-12 
 1.75699200e-05  5.01808829e-11  1.75699200e-05  5.20816452e-12 
 1.75719200e-05  5.01808829e-11  1.75719200e-05  5.20843298e-12 
 1.75739200e-05  5.01808829e-11  1.75739200e-05  5.20871359e-12 
 1.75759200e-05  5.01808829e-11  1.75759200e-05  5.20900653e-12 
 1.75779200e-05  5.01808829e-11  1.75779200e-05  5.20931196e-12 
 1.75799200e-05  5.01808829e-11  1.75799200e-05  5.20963006e-12 
 1.75819200e-05  5.01808829e-11  1.75819200e-05  5.20996097e-12 
 1.75839200e-05  5.01808829e-11  1.75839200e-05  5.21030484e-12 
 1.75859200e-05  5.01808829e-11  1.75859200e-05  5.21066180e-12 
 1.75879200e-05  5.01808829e-11  1.75879200e-05  5.21103200e-12 
 1.75899200e-05  5.01808829e-11  1.75899200e-05  5.21141555e-12 
 1.75919200e-05  5.01808829e-11  1.75919200e-05  5.21181256e-12 
 1.75939200e-05  5.01808829e-11  1.75939200e-05  5.21222314e-12 
 1.75959200e-05  5.01808829e-11  1.75959200e-05  5.21264738e-12 
 1.75979200e-05  5.01808829e-11  1.75979200e-05  5.21308537e-12 
 1.75999200e-05  5.01808829e-11  1.75999200e-05  5.21353719e-12 
 1.76019200e-05  5.01808829e-11  1.76019200e-05  5.21400291e-12 
 1.76039200e-05  5.01808829e-11  1.76039200e-05  5.21448259e-12 
 1.76059200e-05  5.01808829e-11  1.76059200e-05  5.21497629e-12 
 1.76079200e-05  5.01808829e-11  1.76079200e-05  5.21548403e-12 
 1.76099200e-05  5.01808829e-11  1.76099200e-05  5.21600587e-12 
 1.76119200e-05  5.01808829e-11  1.76119200e-05  5.21654182e-12 
 1.76139200e-05  5.01808829e-11  1.76139200e-05  5.21709190e-12 
 1.76159200e-05  5.01808829e-11  1.76159200e-05  5.21765612e-12 
 1.76179200e-05  5.01808829e-11  1.76179200e-05  5.21823448e-12 
 1.76199200e-05  5.01808829e-11  1.76199200e-05  5.21882697e-12 
 1.76219200e-05  5.01808829e-11  1.76219200e-05  5.21943356e-12 
 1.76239200e-05  5.01808829e-11  1.76239200e-05  5.22005423e-12 
 1.76259200e-05  5.01808829e-11  1.76259200e-05  5.22068895e-12 
 1.76279200e-05  5.01808829e-11  1.76279200e-05  5.22133766e-12 
 1.76299200e-05  5.01808829e-11  1.76299200e-05  5.22200032e-12 
 1.76319200e-05  5.01808829e-11  1.76319200e-05  5.22267685e-12 
 1.76339200e-05  5.01808829e-11  1.76339200e-05  5.22336719e-12 
 1.76359200e-05  5.01808829e-11  1.76359200e-05  5.22407125e-12 
 1.76379200e-05  5.01808829e-11  1.76379200e-05  5.22478895e-12 
 1.76399200e-05  5.01808829e-11  1.76399200e-05  5.22552019e-12 
 1.76419200e-05  5.01808829e-11  1.76419200e-05  5.22626485e-12 
 1.76439200e-05  5.01808829e-11  1.76439200e-05  5.22702283e-12 
 1.76459200e-05  5.01808829e-11  1.76459200e-05  5.22779400e-12 
 1.76479200e-05  5.01808829e-11  1.76479200e-05  5.22857822e-12 
 1.76499200e-05  5.01808829e-11  1.76499200e-05  5.22937536e-12 
 1.76519200e-05  5.01808829e-11  1.76519200e-05  5.23018527e-12 
 1.76539200e-05  5.01808829e-11  1.76539200e-05  5.23100779e-12 
 1.76559200e-05  5.01808829e-11  1.76559200e-05  5.23184276e-12 
 1.76579200e-05  5.01808829e-11  1.76579200e-05  5.23269000e-12 
 1.76599200e-05  5.01808829e-11  1.76599200e-05  5.23354934e-12 
 1.76619200e-05  5.01808829e-11  1.76619200e-05  5.23442058e-12 
 1.76639200e-05  5.01808829e-11  1.76639200e-05  5.23530353e-12 
 1.76659200e-05  5.01808829e-11  1.76659200e-05  5.23619799e-12 
 1.76679200e-05  5.01808829e-11  1.76679200e-05  5.23710375e-12 
 1.76699200e-05  5.01808829e-11  1.76699200e-05  5.23802058e-12 
 1.76719200e-05  5.01808829e-11  1.76719200e-05  5.23894827e-12 
 1.76739200e-05  5.01808829e-11  1.76739200e-05  5.23988659e-12 
 1.76759200e-05  5.01808829e-11  1.76759200e-05  5.24083529e-12 
 1.76779200e-05  5.01808829e-11  1.76779200e-05  5.24179413e-12 
 1.76799200e-05  5.01808829e-11  1.76799200e-05  5.24276286e-12 
 1.76819200e-05  5.01808829e-11  1.76819200e-05  5.24374123e-12 
 1.76839200e-05  5.01808829e-11  1.76839200e-05  5.24472896e-12 
 1.76859200e-05  5.01808829e-11  1.76859200e-05  5.24572580e-12 
 1.76879200e-05  5.01808829e-11  1.76879200e-05  5.24673146e-12 
 1.76899200e-05  5.01808829e-11  1.76899200e-05  5.24774566e-12 
 1.76919200e-05  5.01808829e-11  1.76919200e-05  5.24876813e-12 
 1.76939200e-05  5.01808829e-11  1.76939200e-05  5.24979856e-12 
 1.76959200e-05  5.01808829e-11  1.76959200e-05  5.25083666e-12 
 1.76979200e-05  5.01808829e-11  1.76979200e-05  5.25188214e-12 
 1.76999200e-05  5.01808829e-11  1.76999200e-05  5.25293468e-12 
 1.77019200e-05  5.01808829e-11  1.77019200e-05  5.25399397e-12 
 1.77039200e-05  5.01808829e-11  1.77039200e-05  5.25505971e-12 
 1.77059200e-05  5.01808829e-11  1.77059200e-05  5.25613156e-12 
 1.77079200e-05  5.01808829e-11  1.77079200e-05  5.25720922e-12 
 1.77099200e-05  5.01808829e-11  1.77099200e-05  5.25829235e-12 
 1.77119200e-05  5.01808829e-11  1.77119200e-05  5.25938062e-12 
 1.77139200e-05  5.01808829e-11  1.77139200e-05  5.26047371e-12 
 1.77159200e-05  5.01808829e-11  1.77159200e-05  5.26157127e-12 
 1.77179200e-05  5.01808829e-11  1.77179200e-05  5.26267296e-12 
 1.77199200e-05  5.01808829e-11  1.77199200e-05  5.26377846e-12 
 1.77219200e-05  5.01808829e-11  1.77219200e-05  5.26488740e-12 
 1.77239200e-05  5.01808829e-11  1.77239200e-05  5.26599945e-12 
 1.77259200e-05  5.01808829e-11  1.77259200e-05  5.26711426e-12 
 1.77279200e-05  5.01808829e-11  1.77279200e-05  5.26823148e-12 
 1.77299200e-05  5.01808829e-11  1.77299200e-05  5.26935075e-12 
 1.77319200e-05  5.01808829e-11  1.77319200e-05  5.27047173e-12 
 1.77339200e-05  5.01808829e-11  1.77339200e-05  5.27159406e-12 
 1.77359200e-05  5.01808829e-11  1.77359200e-05  5.27271739e-12 
 1.77379200e-05  5.01808829e-11  1.77379200e-05  5.27384136e-12 
 1.77399200e-05  5.01808829e-11  1.77399200e-05  5.27496562e-12 
 1.77419200e-05  5.01808829e-11  1.77419200e-05  5.27608982e-12 
 1.77439200e-05  5.01808829e-11  1.77439200e-05  5.27721359e-12 
 1.77459200e-05  5.01808829e-11  1.77459200e-05  5.27833658e-12 
 1.77479200e-05  5.01808829e-11  1.77479200e-05  5.27945844e-12 
 1.77499200e-05  5.01808829e-11  1.77499200e-05  5.28057881e-12 
 1.77519200e-05  5.01808829e-11  1.77519200e-05  5.28169734e-12 
 1.77539200e-05  5.01808829e-11  1.77539200e-05  5.28281368e-12 
 1.77559200e-05  5.01808829e-11  1.77559200e-05  5.28392747e-12 
 1.77579200e-05  5.01808829e-11  1.77579200e-05  5.28503838e-12 
 1.77599200e-05  5.01808829e-11  1.77599200e-05  5.28614605e-12 
 1.77619200e-05  5.01808829e-11  1.77619200e-05  5.28725014e-12 
 1.77639200e-05  5.01808829e-11  1.77639200e-05  5.28835030e-12 
 1.77659200e-05  5.01808829e-11  1.77659200e-05  5.28944619e-12 
 1.77679200e-05  5.01808829e-11  1.77679200e-05  5.29053748e-12 
 1.77699200e-05  5.01808829e-11  1.77699200e-05  5.29162384e-12 
 1.77719200e-05  5.01808829e-11  1.77719200e-05  5.29270492e-12 
 1.77739200e-05  5.01808829e-11  1.77739200e-05  5.29378041e-12 
 1.77759200e-05  5.01808829e-11  1.77759200e-05  5.29484998e-12 
 1.77779200e-05  5.01808829e-11  1.77779200e-05  5.29591330e-12 
 1.77799200e-05  5.01808829e-11  1.77799200e-05  5.29697007e-12 
 1.77819200e-05  5.01808829e-11  1.77819200e-05  5.29801996e-12 
 1.77839200e-05  5.01808829e-11  1.77839200e-05  5.29906267e-12 
 1.77859200e-05  5.01808829e-11  1.77859200e-05  5.30009790e-12 
 1.77879200e-05  5.01808829e-11  1.77879200e-05  5.30112535e-12 
 1.77899200e-05  5.01808829e-11  1.77899200e-05  5.30214471e-12 
 1.77919200e-05  5.01808829e-11  1.77919200e-05  5.30315572e-12 
 1.77939200e-05  5.01808829e-11  1.77939200e-05  5.30415807e-12 
 1.77959200e-05  5.01808829e-11  1.77959200e-05  5.30515149e-12 
 1.77979200e-05  5.01808829e-11  1.77979200e-05  5.30613572e-12 
 1.77999200e-05  5.01808829e-11  1.77999200e-05  5.30711047e-12 
 1.78019200e-05  5.01808829e-11  1.78019200e-05  5.30807550e-12 
 1.78039200e-05  5.01808829e-11  1.78039200e-05  5.30903054e-12 
 1.78059200e-05  5.01808829e-11  1.78059200e-05  5.30997535e-12 
 1.78079200e-05  5.01808829e-11  1.78079200e-05  5.31090969e-12 
 1.78099200e-05  5.01808829e-11  1.78099200e-05  5.31183332e-12 
 1.78119200e-05  5.01808829e-11  1.78119200e-05  5.31274602e-12 
 1.78139200e-05  5.01808829e-11  1.78139200e-05  5.31364755e-12 
 1.78159200e-05  5.01808829e-11  1.78159200e-05  5.31453771e-12 
 1.78179200e-05  5.01808829e-11  1.78179200e-05  5.31541629e-12 
 1.78199200e-05  5.01808829e-11  1.78199200e-05  5.31628309e-12 
 1.78219200e-05  5.01808829e-11  1.78219200e-05  5.31713792e-12 
 1.78239200e-05  5.01808829e-11  1.78239200e-05  5.31798059e-12 
 1.78259200e-05  5.01808829e-11  1.78259200e-05  5.31881093e-12 
 1.78279200e-05  5.01808829e-11  1.78279200e-05  5.31962876e-12 
 1.78299200e-05  5.01808829e-11  1.78299200e-05  5.32043393e-12 
 1.78319200e-05  5.01808829e-11  1.78319200e-05  5.32122627e-12 
 1.78339200e-05  5.01808829e-11  1.78339200e-05  5.32200565e-12 
 1.78359200e-05  5.01808829e-11  1.78359200e-05  5.32277193e-12 
 1.78379200e-05  5.01808829e-11  1.78379200e-05  5.32352498e-12 
 1.78399200e-05  5.01808829e-11  1.78399200e-05  5.32426467e-12 
 1.78419200e-05  5.01808829e-11  1.78419200e-05  5.32499090e-12 
 1.78439200e-05  5.01808829e-11  1.78439200e-05  5.32570357e-12 
 1.78459200e-05  5.01808829e-11  1.78459200e-05  5.32640257e-12 
 1.78479200e-05  5.01808829e-11  1.78479200e-05  5.32708782e-12 
 1.78499200e-05  5.01808829e-11  1.78499200e-05  5.32775924e-12 
 1.78519200e-05  5.01808829e-11  1.78519200e-05  5.32841677e-12 
 1.78539200e-05  5.01808829e-11  1.78539200e-05  5.32906034e-12 
 1.78559200e-05  5.01808829e-11  1.78559200e-05  5.32968991e-12 
 1.78579200e-05  5.01808829e-11  1.78579200e-05  5.33030543e-12 
 1.78599200e-05  5.01808829e-11  1.78599200e-05  5.33090686e-12 
 1.78619200e-05  5.01808829e-11  1.78619200e-05  5.33149418e-12 
 1.78639200e-05  5.01808829e-11  1.78639200e-05  5.33206738e-12 
 1.78659200e-05  5.01808829e-11  1.78659200e-05  5.33262645e-12 
 1.78679200e-05  5.01808829e-11  1.78679200e-05  5.33317139e-12 
 1.78699200e-05  5.01808829e-11  1.78699200e-05  5.33370221e-12 
 1.78719200e-05  5.01808829e-11  1.78719200e-05  5.33421893e-12 
 1.78739200e-05  5.01808829e-11  1.78739200e-05  5.33472159e-12 
 1.78759200e-05  5.01808829e-11  1.78759200e-05  5.33521021e-12 
 1.78779200e-05  5.01808829e-11  1.78779200e-05  5.33568485e-12 
 1.78799200e-05  5.01808829e-11  1.78799200e-05  5.33614555e-12 
 1.78819200e-05  5.01808829e-11  1.78819200e-05  5.33659239e-12 
 1.78839200e-05  5.01808829e-11  1.78839200e-05  5.33702544e-12 
 1.78859200e-05  5.01808829e-11  1.78859200e-05  5.33744478e-12 
 1.78879200e-05  5.01808829e-11  1.78879200e-05  5.33785050e-12 
 1.78899200e-05  5.01808829e-11  1.78899200e-05  5.33824269e-12 
 1.78919200e-05  5.01808829e-11  1.78919200e-05  5.33862148e-12 
 1.78939200e-05  5.01808829e-11  1.78939200e-05  5.33898696e-12 
 1.78959200e-05  5.01808829e-11  1.78959200e-05  5.33933927e-12 
 1.78979200e-05  5.01808829e-11  1.78979200e-05  5.33967854e-12 
 1.78999200e-05  5.01808829e-11  1.78999200e-05  5.34000491e-12 
 1.79019200e-05  5.01808829e-11  1.79019200e-05  5.34031852e-12 
 1.79039200e-05  5.01808829e-11  1.79039200e-05  5.34061955e-12 
 1.79059200e-05  5.01808829e-11  1.79059200e-05  5.34090814e-12 
 1.79079200e-05  5.01808829e-11  1.79079200e-05  5.34118448e-12 
 1.79099200e-05  5.01808829e-11  1.79099200e-05  5.34144874e-12 
 1.79119200e-05  5.01808829e-11  1.79119200e-05  5.34170111e-12 
 1.79139200e-05  5.01808829e-11  1.79139200e-05  5.34194180e-12 
 1.79159200e-05  5.01808829e-11  1.79159200e-05  5.34217099e-12 
 1.79179200e-05  5.01808829e-11  1.79179200e-05  5.34238891e-12 
 1.79199200e-05  5.01808829e-11  1.79199200e-05  5.34259577e-12 
 1.79219200e-05  5.01808829e-11  1.79219200e-05  5.34279179e-12 
 1.79239200e-05  5.01808829e-11  1.79239200e-05  5.34297721e-12 
 1.79259200e-05  5.01808829e-11  1.79259200e-05  5.34315227e-12 
 1.79279200e-05  5.01808829e-11  1.79279200e-05  5.34331720e-12 
 1.79299200e-05  5.01808829e-11  1.79299200e-05  5.34347226e-12 
 1.79319200e-05  5.01808829e-11  1.79319200e-05  5.34361771e-12 
 1.79339200e-05  5.01808829e-11  1.79339200e-05  5.34375381e-12 
 1.79359200e-05  5.01808829e-11  1.79359200e-05  5.34388082e-12 
 1.79379200e-05  5.01808829e-11  1.79379200e-05  5.34399904e-12 
 1.79399200e-05  5.01808829e-11  1.79399200e-05  5.34410872e-12 
 1.79419200e-05  5.01808829e-11  1.79419200e-05  5.34421017e-12 
 1.79439200e-05  5.01808829e-11  1.79439200e-05  5.34430367e-12 
 1.79459200e-05  5.01808829e-11  1.79459200e-05  5.34438952e-12 
 1.79479200e-05  5.01808829e-11  1.79479200e-05  5.34446802e-12 
 1.79499200e-05  5.01808829e-11  1.79499200e-05  5.34453947e-12 
 1.79519200e-05  5.01808829e-11  1.79519200e-05  5.34460418e-12 
 1.79539200e-05  5.01808829e-11  1.79539200e-05  5.34466248e-12 
 1.79559200e-05  5.01808829e-11  1.79559200e-05  5.34471467e-12 
 1.79579200e-05  5.01808829e-11  1.79579200e-05  5.34476108e-12 
 1.79599200e-05  5.01808829e-11  1.79599200e-05  5.34480204e-12 
 1.79619200e-05  5.01808829e-11  1.79619200e-05  5.34483787e-12 
 1.79639200e-05  5.01808829e-11  1.79639200e-05  5.34486890e-12 
 1.79659200e-05  5.01808829e-11  1.79659200e-05  5.34489548e-12 
 1.79679200e-05  5.01808829e-11  1.79679200e-05  5.34491794e-12 
 1.79699200e-05  5.01808829e-11  1.79699200e-05  5.34493663e-12 
 1.79719200e-05  5.01808829e-11  1.79719200e-05  5.34495187e-12 
 1.79739200e-05  5.01808829e-11  1.79739200e-05  5.34496403e-12 
 1.79759200e-05  5.01808829e-11  1.79759200e-05  5.34497344e-12 
 1.79779200e-05  5.01808829e-11  1.79779200e-05  5.34498046e-12 
 1.79799200e-05  5.01808829e-11  1.79799200e-05  5.34498544e-12 
 1.79819200e-05  5.01808829e-11  1.79819200e-05  5.34498872e-12 
 1.79839200e-05  5.01808829e-11  1.79839200e-05  5.34499067e-12 
 1.79859200e-05  5.01808829e-11  1.79859200e-05  5.34499163e-12 
 1.79879200e-05  5.01808829e-11  1.79879200e-05  5.34499197e-12 
 1.79899200e-05  5.01808829e-11  1.79899200e-05  5.34499203e-12 
 1.79919200e-05  5.01808829e-11  1.79919200e-05  5.34499216e-12 
 1.79939200e-05  5.01808829e-11  1.79939200e-05  5.34499273e-12 
 1.79959200e-05  5.01808829e-11  1.79959200e-05  5.34499410e-12 
 1.79979200e-05  5.01808829e-11  1.79979200e-05  5.34499660e-12 
 1.79999200e-05  5.01808829e-11  1.79999200e-05  5.34500060e-12 
 1.80019200e-05  5.01808829e-11  1.80019200e-05  5.34500645e-12 
 1.80039200e-05  5.01808829e-11  1.80039200e-05  5.34501450e-12 
 1.80059200e-05  5.01808829e-11  1.80059200e-05  5.34502509e-12 
 1.80079200e-05  5.01808829e-11  1.80079200e-05  5.34503859e-12 
 1.80099200e-05  5.01808829e-11  1.80099200e-05  5.34505533e-12 
 1.80119200e-05  5.01808829e-11  1.80119200e-05  5.34507566e-12 
 1.80139200e-05  5.01808829e-11  1.80139200e-05  5.34509991e-12 
 1.80159200e-05  5.01808829e-11  1.80159200e-05  5.34512844e-12 
 1.80179200e-05  5.01808829e-11  1.80179200e-05  5.34516157e-12 
 1.80199200e-05  5.01808829e-11  1.80199200e-05  5.34519965e-12 
 1.80219200e-05  5.01808829e-11  1.80219200e-05  5.34524299e-12 
 1.80239200e-05  5.01808829e-11  1.80239200e-05  5.34529193e-12 
 1.80259200e-05  5.01808829e-11  1.80259200e-05  5.34534680e-12 
 1.80279200e-05  5.01808829e-11  1.80279200e-05  5.34540790e-12 
 1.80299200e-05  5.01808829e-11  1.80299200e-05  5.34547557e-12 
 1.80319200e-05  5.01808829e-11  1.80319200e-05  5.34555010e-12 
 1.80339200e-05  5.01808829e-11  1.80339200e-05  5.34563181e-12 
 1.80359200e-05  5.01808829e-11  1.80359200e-05  5.34572100e-12 
 1.80379200e-05  5.01808829e-11  1.80379200e-05  5.34581797e-12 
 1.80399200e-05  5.01808829e-11  1.80399200e-05  5.34592301e-12 
 1.80419200e-05  5.01808829e-11  1.80419200e-05  5.34603641e-12 
 1.80439200e-05  5.01808829e-11  1.80439200e-05  5.34615845e-12 
 1.80459200e-05  5.01808829e-11  1.80459200e-05  5.34628942e-12 
 1.80479200e-05  5.01808829e-11  1.80479200e-05  5.34642957e-12 
 1.80499200e-05  5.01808829e-11  1.80499200e-05  5.34657919e-12 
 1.80519200e-05  5.01808829e-11  1.80519200e-05  5.34673852e-12 
 1.80539200e-05  5.01808829e-11  1.80539200e-05  5.34690782e-12 
 1.80559200e-05  5.01808829e-11  1.80559200e-05  5.34708735e-12 
 1.80579200e-05  5.01808829e-11  1.80579200e-05  5.34727733e-12 
 1.80599200e-05  5.01808829e-11  1.80599200e-05  5.34747801e-12 
 1.80619200e-05  5.01808829e-11  1.80619200e-05  5.34768960e-12 
 1.80639200e-05  5.01808829e-11  1.80639200e-05  5.34791235e-12 
 1.80659200e-05  5.01808829e-11  1.80659200e-05  5.34814645e-12 
 1.80679200e-05  5.01808829e-11  1.80679200e-05  5.34839211e-12 
 1.80699200e-05  5.01808829e-11  1.80699200e-05  5.34864953e-12 
 1.80719200e-05  5.01808829e-11  1.80719200e-05  5.34891891e-12 
 1.80739200e-05  5.01808829e-11  1.80739200e-05  5.34920042e-12 
 1.80759200e-05  5.01808829e-11  1.80759200e-05  5.34949425e-12 
 1.80779200e-05  5.01808829e-11  1.80779200e-05  5.34980056e-12 
 1.80799200e-05  5.01808829e-11  1.80799200e-05  5.35011952e-12 
 1.80819200e-05  5.01808829e-11  1.80819200e-05  5.35045127e-12 
 1.80839200e-05  5.01808829e-11  1.80839200e-05  5.35079596e-12 
 1.80859200e-05  5.01808829e-11  1.80859200e-05  5.35115373e-12 
 1.80879200e-05  5.01808829e-11  1.80879200e-05  5.35152471e-12 
 1.80899200e-05  5.01808829e-11  1.80899200e-05  5.35190901e-12 
 1.80919200e-05  5.01808829e-11  1.80919200e-05  5.35230675e-12 
 1.80939200e-05  5.01808829e-11  1.80939200e-05  5.35271803e-12 
 1.80959200e-05  5.01808829e-11  1.80959200e-05  5.35314294e-12 
 1.80979200e-05  5.01808829e-11  1.80979200e-05  5.35358157e-12 
 1.80999200e-05  5.01808829e-11  1.80999200e-05  5.35403399e-12 
 1.81019200e-05  5.01808829e-11  1.81019200e-05  5.35450028e-12 
 1.81039200e-05  5.01808829e-11  1.81039200e-05  5.35498050e-12 
 1.81059200e-05  5.01808829e-11  1.81059200e-05  5.35547469e-12 
 1.81079200e-05  5.01808829e-11  1.81079200e-05  5.35598290e-12 
 1.81099200e-05  5.01808829e-11  1.81099200e-05  5.35650515e-12 
 1.81119200e-05  5.01808829e-11  1.81119200e-05  5.35704148e-12 
 1.81139200e-05  5.01808829e-11  1.81139200e-05  5.35759190e-12 
 1.81159200e-05  5.01808829e-11  1.81159200e-05  5.35815641e-12 
 1.81179200e-05  5.01808829e-11  1.81179200e-05  5.35873502e-12 
 1.81199200e-05  5.01808829e-11  1.81199200e-05  5.35932770e-12 
 1.81219200e-05  5.01808829e-11  1.81219200e-05  5.35993445e-12 
 1.81239200e-05  5.01808829e-11  1.81239200e-05  5.36055523e-12 
 1.81259200e-05  5.01808829e-11  1.81259200e-05  5.36119000e-12 
 1.81279200e-05  5.01808829e-11  1.81279200e-05  5.36183871e-12 
 1.81299200e-05  5.01808829e-11  1.81299200e-05  5.36250132e-12 
 1.81319200e-05  5.01808829e-11  1.81319200e-05  5.36317774e-12 
 1.81339200e-05  5.01808829e-11  1.81339200e-05  5.36386792e-12 
 1.81359200e-05  5.01808829e-11  1.81359200e-05  5.36457177e-12 
 1.81379200e-05  5.01808829e-11  1.81379200e-05  5.36528920e-12 
 1.81399200e-05  5.01808829e-11  1.81399200e-05  5.36602011e-12 
 1.81419200e-05  5.01808829e-11  1.81419200e-05  5.36676438e-12 
 1.81439200e-05  5.01808829e-11  1.81439200e-05  5.36752192e-12 
 1.81459200e-05  5.01808829e-11  1.81459200e-05  5.36829258e-12 
 1.81479200e-05  5.01808829e-11  1.81479200e-05  5.36907624e-12 
 1.81499200e-05  5.01808829e-11  1.81499200e-05  5.36987275e-12 
 1.81519200e-05  5.01808829e-11  1.81519200e-05  5.37068197e-12 
 1.81539200e-05  5.01808829e-11  1.81539200e-05  5.37150374e-12 
 1.81559200e-05  5.01808829e-11  1.81559200e-05  5.37233789e-12 
 1.81579200e-05  5.01808829e-11  1.81579200e-05  5.37318425e-12 
 1.81599200e-05  5.01808829e-11  1.81599200e-05  5.37404263e-12 
 1.81619200e-05  5.01808829e-11  1.81619200e-05  5.37491286e-12 
 1.81639200e-05  5.01808829e-11  1.81639200e-05  5.37579474e-12 
 1.81659200e-05  5.01808829e-11  1.81659200e-05  5.37668805e-12 
 1.81679200e-05  5.01808829e-11  1.81679200e-05  5.37759260e-12 
 1.81699200e-05  5.01808829e-11  1.81699200e-05  5.37850815e-12 
 1.81719200e-05  5.01808829e-11  1.81719200e-05  5.37943450e-12 
 1.81739200e-05  5.01808829e-11  1.81739200e-05  5.38037140e-12 
 1.81759200e-05  5.01808829e-11  1.81759200e-05  5.38131862e-12 
 1.81779200e-05  5.01808829e-11  1.81779200e-05  5.38227591e-12 
 1.81799200e-05  5.01808829e-11  1.81799200e-05  5.38324303e-12 
 1.81819200e-05  5.01808829e-11  1.81819200e-05  5.38421971e-12 
 1.81839200e-05  5.01808829e-11  1.81839200e-05  5.38520569e-12 
 1.81859200e-05  5.01808829e-11  1.81859200e-05  5.38620070e-12 
 1.81879200e-05  5.01808829e-11  1.81879200e-05  5.38720447e-12 
 1.81899200e-05  5.01808829e-11  1.81899200e-05  5.38821672e-12 
 1.81919200e-05  5.01808829e-11  1.81919200e-05  5.38923716e-12 
 1.81939200e-05  5.01808829e-11  1.81939200e-05  5.39026549e-12 
 1.81959200e-05  5.01808829e-11  1.81959200e-05  5.39130144e-12 
 1.81979200e-05  5.01808829e-11  1.81979200e-05  5.39234468e-12 
 1.81999200e-05  5.01808829e-11  1.81999200e-05  5.39339493e-12 
 1.82019200e-05  5.01808829e-11  1.82019200e-05  5.39445186e-12 
 1.82039200e-05  5.01808829e-11  1.82039200e-05  5.39551516e-12 
 1.82059200e-05  5.01808829e-11  1.82059200e-05  5.39658453e-12 
 1.82079200e-05  5.01808829e-11  1.82079200e-05  5.39765962e-12 
 1.82099200e-05  5.01808829e-11  1.82099200e-05  5.39874013e-12 
 1.82119200e-05  5.01808829e-11  1.82119200e-05  5.39982571e-12 
 1.82139200e-05  5.01808829e-11  1.82139200e-05  5.40091604e-12 
 1.82159200e-05  5.01808829e-11  1.82159200e-05  5.40201078e-12 
 1.82179200e-05  5.01808829e-11  1.82179200e-05  5.40310960e-12 
 1.82199200e-05  5.01808829e-11  1.82199200e-05  5.40421215e-12 
 1.82219200e-05  5.01808829e-11  1.82219200e-05  5.40531809e-12 
 1.82239200e-05  5.01808829e-11  1.82239200e-05  5.40642708e-12 
 1.82259200e-05  5.01808829e-11  1.82259200e-05  5.40753876e-12 
 1.82279200e-05  5.01808829e-11  1.82279200e-05  5.40865280e-12 
 1.82299200e-05  5.01808829e-11  1.82299200e-05  5.40976883e-12 
 1.82319200e-05  5.01808829e-11  1.82319200e-05  5.41088652e-12 
 1.82339200e-05  5.01808829e-11  1.82339200e-05  5.41200550e-12 
 1.82359200e-05  5.01808829e-11  1.82359200e-05  5.41312542e-12 
 1.82379200e-05  5.01808829e-11  1.82379200e-05  5.41424594e-12 
 1.82399200e-05  5.01808829e-11  1.82399200e-05  5.41536668e-12 
 1.82419200e-05  5.01808829e-11  1.82419200e-05  5.41648731e-12 
 1.82439200e-05  5.01808829e-11  1.82439200e-05  5.41760747e-12 
 1.82459200e-05  5.01808829e-11  1.82459200e-05  5.41872679e-12 
 1.82479200e-05  5.01808829e-11  1.82479200e-05  5.41984494e-12 
 1.82499200e-05  5.01808829e-11  1.82499200e-05  5.42096155e-12 
 1.82519200e-05  5.01808829e-11  1.82519200e-05  5.42207628e-12 
 1.82539200e-05  5.01808829e-11  1.82539200e-05  5.42318877e-12 
 1.82559200e-05  5.01808829e-11  1.82559200e-05  5.42429867e-12 
 1.82579200e-05  5.01808829e-11  1.82579200e-05  5.42540565e-12 
 1.82599200e-05  5.01808829e-11  1.82599200e-05  5.42650934e-12 
 1.82619200e-05  5.01808829e-11  1.82619200e-05  5.42760941e-12 
 1.82639200e-05  5.01808829e-11  1.82639200e-05  5.42870552e-12 
 1.82659200e-05  5.01808829e-11  1.82659200e-05  5.42979733e-12 
 1.82679200e-05  5.01808829e-11  1.82679200e-05  5.43088450e-12 
 1.82699200e-05  5.01808829e-11  1.82699200e-05  5.43196670e-12 
 1.82719200e-05  5.01808829e-11  1.82719200e-05  5.43304360e-12 
 1.82739200e-05  5.01808829e-11  1.82739200e-05  5.43411488e-12 
 1.82759200e-05  5.01808829e-11  1.82759200e-05  5.43518020e-12 
 1.82779200e-05  5.01808829e-11  1.82779200e-05  5.43623925e-12 
 1.82799200e-05  5.01808829e-11  1.82799200e-05  5.43729172e-12 
 1.82819200e-05  5.01808829e-11  1.82819200e-05  5.43833730e-12 
 1.82839200e-05  5.01808829e-11  1.82839200e-05  5.43937567e-12 
 1.82859200e-05  5.01808829e-11  1.82859200e-05  5.44040654e-12 
 1.82879200e-05  5.01808829e-11  1.82879200e-05  5.44142960e-12 
 1.82899200e-05  5.01808829e-11  1.82899200e-05  5.44244457e-12 
 1.82919200e-05  5.01808829e-11  1.82919200e-05  5.44345116e-12 
 1.82939200e-05  5.01808829e-11  1.82939200e-05  5.44444908e-12 
 1.82959200e-05  5.01808829e-11  1.82959200e-05  5.44543807e-12 
 1.82979200e-05  5.01808829e-11  1.82979200e-05  5.44641784e-12 
 1.82999200e-05  5.01808829e-11  1.82999200e-05  5.44738814e-12 
 1.83019200e-05  5.01808829e-11  1.83019200e-05  5.44834870e-12 
 1.83039200e-05  5.01808829e-11  1.83039200e-05  5.44929927e-12 
 1.83059200e-05  5.01808829e-11  1.83059200e-05  5.45023961e-12 
 1.83079200e-05  5.01808829e-11  1.83079200e-05  5.45116947e-12 
 1.83099200e-05  5.01808829e-11  1.83099200e-05  5.45208863e-12 
 1.83119200e-05  5.01808829e-11  1.83119200e-05  5.45299685e-12 
 1.83139200e-05  5.01808829e-11  1.83139200e-05  5.45389391e-12 
 1.83159200e-05  5.01808829e-11  1.83159200e-05  5.45477961e-12 
 1.83179200e-05  5.01808829e-11  1.83179200e-05  5.45565373e-12 
 1.83199200e-05  5.01808829e-11  1.83199200e-05  5.45651608e-12 
 1.83219200e-05  5.01808829e-11  1.83219200e-05  5.45736647e-12 
 1.83239200e-05  5.01808829e-11  1.83239200e-05  5.45820471e-12 
 1.83259200e-05  5.01808829e-11  1.83259200e-05  5.45903063e-12 
 1.83279200e-05  5.01808829e-11  1.83279200e-05  5.45984406e-12 
 1.83299200e-05  5.01808829e-11  1.83299200e-05  5.46064484e-12 
 1.83319200e-05  5.01808829e-11  1.83319200e-05  5.46143282e-12 
 1.83339200e-05  5.01808829e-11  1.83339200e-05  5.46220785e-12 
 1.83359200e-05  5.01808829e-11  1.83359200e-05  5.46296981e-12 
 1.83379200e-05  5.01808829e-11  1.83379200e-05  5.46371855e-12 
 1.83399200e-05  5.01808829e-11  1.83399200e-05  5.46445397e-12 
 1.83419200e-05  5.01808829e-11  1.83419200e-05  5.46517596e-12 
 1.83439200e-05  5.01808829e-11  1.83439200e-05  5.46588440e-12 
 1.83459200e-05  5.01808829e-11  1.83459200e-05  5.46657921e-12 
 1.83479200e-05  5.01808829e-11  1.83479200e-05  5.46726030e-12 
 1.83499200e-05  5.01808829e-11  1.83499200e-05  5.46792760e-12 
 1.83519200e-05  5.01808829e-11  1.83519200e-05  5.46858104e-12 
 1.83539200e-05  5.01808829e-11  1.83539200e-05  5.46922055e-12 
 1.83559200e-05  5.01808829e-11  1.83559200e-05  5.46984610e-12 
 1.83579200e-05  5.01808829e-11  1.83579200e-05  5.47045763e-12 
 1.83599200e-05  5.01808829e-11  1.83599200e-05  5.47105512e-12 
 1.83619200e-05  5.01808829e-11  1.83619200e-05  5.47163855e-12 
 1.83639200e-05  5.01808829e-11  1.83639200e-05  5.47220789e-12 
 1.83659200e-05  5.01808829e-11  1.83659200e-05  5.47276315e-12 
 1.83679200e-05  5.01808829e-11  1.83679200e-05  5.47330432e-12 
 1.83699200e-05  5.01808829e-11  1.83699200e-05  5.47383142e-12 
 1.83719200e-05  5.01808829e-11  1.83719200e-05  5.47434447e-12 
 1.83739200e-05  5.01808829e-11  1.83739200e-05  5.47484350e-12 
 1.83759200e-05  5.01808829e-11  1.83759200e-05  5.47532855e-12 
 1.83779200e-05  5.01808829e-11  1.83779200e-05  5.47579966e-12 
 1.83799200e-05  5.01808829e-11  1.83799200e-05  5.47625690e-12 
 1.83819200e-05  5.01808829e-11  1.83819200e-05  5.47670033e-12 
 1.83839200e-05  5.01808829e-11  1.83839200e-05  5.47713001e-12 
 1.83859200e-05  5.01808829e-11  1.83859200e-05  5.47754604e-12 
 1.83879200e-05  5.01808829e-11  1.83879200e-05  5.47794851e-12 
 1.83899200e-05  5.01808829e-11  1.83899200e-05  5.47833752e-12 
 1.83919200e-05  5.01808829e-11  1.83919200e-05  5.47871316e-12 
 1.83939200e-05  5.01808829e-11  1.83939200e-05  5.47907557e-12 
 1.83959200e-05  5.01808829e-11  1.83959200e-05  5.47942487e-12 
 1.83979200e-05  5.01808829e-11  1.83979200e-05  5.47976118e-12 
 1.83999200e-05  5.01808829e-11  1.83999200e-05  5.48008466e-12 
 1.84019200e-05  5.01808829e-11  1.84019200e-05  5.48039545e-12 
 1.84039200e-05  5.01808829e-11  1.84039200e-05  5.48069371e-12 
 1.84059200e-05  5.01808829e-11  1.84059200e-05  5.48097960e-12 
 1.84079200e-05  5.01808829e-11  1.84079200e-05  5.48125330e-12 
 1.84099200e-05  5.01808829e-11  1.84099200e-05  5.48151499e-12 
 1.84119200e-05  5.01808829e-11  1.84119200e-05  5.48176485e-12 
 1.84139200e-05  5.01808829e-11  1.84139200e-05  5.48200310e-12 
 1.84159200e-05  5.01808829e-11  1.84159200e-05  5.48222992e-12 
 1.84179200e-05  5.01808829e-11  1.84179200e-05  5.48244552e-12 
 1.84199200e-05  5.01808829e-11  1.84199200e-05  5.48265014e-12 
 1.84219200e-05  5.01808829e-11  1.84219200e-05  5.48284399e-12 
 1.84239200e-05  5.01808829e-11  1.84239200e-05  5.48302730e-12 
 1.84259200e-05  5.01808829e-11  1.84259200e-05  5.48320031e-12 
 1.84279200e-05  5.01808829e-11  1.84279200e-05  5.48336327e-12 
 1.84299200e-05  5.01808829e-11  1.84299200e-05  5.48351643e-12 
 1.84319200e-05  5.01808829e-11  1.84319200e-05  5.48366004e-12 
 1.84339200e-05  5.01808829e-11  1.84339200e-05  5.48379438e-12 
 1.84359200e-05  5.01808829e-11  1.84359200e-05  5.48391969e-12 
 1.84379200e-05  5.01808829e-11  1.84379200e-05  5.48403628e-12 
 1.84399200e-05  5.01808829e-11  1.84399200e-05  5.48414440e-12 
 1.84419200e-05  5.01808829e-11  1.84419200e-05  5.48424435e-12 
 1.84439200e-05  5.01808829e-11  1.84439200e-05  5.48433643e-12 
 1.84459200e-05  5.01808829e-11  1.84459200e-05  5.48442091e-12 
 1.84479200e-05  5.01808829e-11  1.84479200e-05  5.48449812e-12 
 1.84499200e-05  5.01808829e-11  1.84499200e-05  5.48456834e-12 
 1.84519200e-05  5.01808829e-11  1.84519200e-05  5.48463190e-12 
 1.84539200e-05  5.01808829e-11  1.84539200e-05  5.48468910e-12 
 1.84559200e-05  5.01808829e-11  1.84559200e-05  5.48474027e-12 
 1.84579200e-05  5.01808829e-11  1.84579200e-05  5.48478572e-12 
 1.84599200e-05  5.01808829e-11  1.84599200e-05  5.48482578e-12 
 1.84619200e-05  5.01808829e-11  1.84619200e-05  5.48486078e-12 
 1.84639200e-05  5.01808829e-11  1.84639200e-05  5.48489105e-12 
 1.84659200e-05  5.01808829e-11  1.84659200e-05  5.48491692e-12 
 1.84679200e-05  5.01808829e-11  1.84679200e-05  5.48493874e-12 
 1.84699200e-05  5.01808829e-11  1.84699200e-05  5.48495684e-12 
 1.84719200e-05  5.01808829e-11  1.84719200e-05  5.48497157e-12 
 1.84739200e-05  5.01808829e-11  1.84739200e-05  5.48498326e-12 
 1.84759200e-05  5.01808829e-11  1.84759200e-05  5.48499228e-12 
 1.84779200e-05  5.01808829e-11  1.84779200e-05  5.48499895e-12 
 1.84799200e-05  5.01808829e-11  1.84799200e-05  5.48500365e-12 
 1.84819200e-05  5.01808829e-11  1.84819200e-05  5.48500671e-12 
 1.84839200e-05  5.01808829e-11  1.84839200e-05  5.48500848e-12 
 1.84859200e-05  5.01808829e-11  1.84859200e-05  5.48500933e-12 
 1.84879200e-05  5.01808829e-11  1.84879200e-05  5.48500960e-12 
 1.84899200e-05  5.01808829e-11  1.84899200e-05  5.48500965e-12 
 1.84919200e-05  5.01808829e-11  1.84919200e-05  5.48500982e-12 
 1.84939200e-05  5.01808829e-11  1.84939200e-05  5.48501049e-12 
 1.84959200e-05  5.01808829e-11  1.84959200e-05  5.48501199e-12 
 1.84979200e-05  5.01808829e-11  1.84979200e-05  5.48501468e-12 
 1.84999200e-05  5.01808829e-11  1.84999200e-05  5.48501892e-12 
 1.85019200e-05  5.01808829e-11  1.85019200e-05  5.48502504e-12 
 1.85039200e-05  5.01808829e-11  1.85039200e-05  5.48503342e-12 
 1.85059200e-05  5.01808829e-11  1.85059200e-05  5.48504438e-12 
 1.85079200e-05  5.01808829e-11  1.85079200e-05  5.48505829e-12 
 1.85099200e-05  5.01808829e-11  1.85099200e-05  5.48507548e-12 
 1.85119200e-05  5.01808829e-11  1.85119200e-05  5.48509629e-12 
 1.85139200e-05  5.01808829e-11  1.85139200e-05  5.48512107e-12 
 1.85159200e-05  5.01808829e-11  1.85159200e-05  5.48515016e-12 
 1.85179200e-05  5.01808829e-11  1.85179200e-05  5.48518389e-12 
 1.85199200e-05  5.01808829e-11  1.85199200e-05  5.48522259e-12 
 1.85219200e-05  5.01808829e-11  1.85219200e-05  5.48526660e-12 
 1.85239200e-05  5.01808829e-11  1.85239200e-05  5.48531623e-12 
 1.85259200e-05  5.01808829e-11  1.85259200e-05  5.48537181e-12 
 1.85279200e-05  5.01808829e-11  1.85279200e-05  5.48543366e-12 
 1.85299200e-05  5.01808829e-11  1.85299200e-05  5.48550209e-12 
 1.85319200e-05  5.01808829e-11  1.85319200e-05  5.48557742e-12 
 1.85339200e-05  5.01808829e-11  1.85339200e-05  5.48565995e-12 
 1.85359200e-05  5.01808829e-11  1.85359200e-05  5.48574997e-12 
 1.85379200e-05  5.01808829e-11  1.85379200e-05  5.48584780e-12 
 1.85399200e-05  5.01808829e-11  1.85399200e-05  5.48595371e-12 
 1.85419200e-05  5.01808829e-11  1.85419200e-05  5.48606800e-12 
 1.85439200e-05  5.01808829e-11  1.85439200e-05  5.48619094e-12 
 1.85459200e-05  5.01808829e-11  1.85459200e-05  5.48632282e-12 
 1.85479200e-05  5.01808829e-11  1.85479200e-05  5.48646389e-12 
 1.85499200e-05  5.01808829e-11  1.85499200e-05  5.48661444e-12 
 1.85519200e-05  5.01808829e-11  1.85519200e-05  5.48677471e-12 
 1.85539200e-05  5.01808829e-11  1.85539200e-05  5.48694496e-12 
 1.85559200e-05  5.01808829e-11  1.85559200e-05  5.48712543e-12 
 1.85579200e-05  5.01808829e-11  1.85579200e-05  5.48731636e-12 
 1.85599200e-05  5.01808829e-11  1.85599200e-05  5.48751798e-12 
 1.85619200e-05  5.01808829e-11  1.85619200e-05  5.48773053e-12 
 1.85639200e-05  5.01808829e-11  1.85639200e-05  5.48795422e-12 
 1.85659200e-05  5.01808829e-11  1.85659200e-05  5.48818925e-12 
 1.85679200e-05  5.01808829e-11  1.85679200e-05  5.48843585e-12 
 1.85699200e-05  5.01808829e-11  1.85699200e-05  5.48869419e-12 
 1.85719200e-05  5.01808829e-11  1.85719200e-05  5.48896449e-12 
 1.85739200e-05  5.01808829e-11  1.85739200e-05  5.48924690e-12 
 1.85759200e-05  5.01808829e-11  1.85759200e-05  5.48954162e-12 
 1.85779200e-05  5.01808829e-11  1.85779200e-05  5.48984880e-12 
 1.85799200e-05  5.01808829e-11  1.85799200e-05  5.49016862e-12 
 1.85819200e-05  5.01808829e-11  1.85819200e-05  5.49050121e-12 
 1.85839200e-05  5.01808829e-11  1.85839200e-05  5.49084672e-12 
 1.85859200e-05  5.01808829e-11  1.85859200e-05  5.49120528e-12 
 1.85879200e-05  5.01808829e-11  1.85879200e-05  5.49157703e-12 
 1.85899200e-05  5.01808829e-11  1.85899200e-05  5.49196208e-12 
 1.85919200e-05  5.01808829e-11  1.85919200e-05  5.49236053e-12 
 1.85939200e-05  5.01808829e-11  1.85939200e-05  5.49277250e-12 
 1.85959200e-05  5.01808829e-11  1.85959200e-05  5.49319808e-12 
 1.85979200e-05  5.01808829e-11  1.85979200e-05  5.49363734e-12 
 1.85999200e-05  5.01808829e-11  1.85999200e-05  5.49409036e-12 
 1.86019200e-05  5.01808829e-11  1.86019200e-05  5.49455722e-12 
 1.86039200e-05  5.01808829e-11  1.86039200e-05  5.49503796e-12 
 1.86059200e-05  5.01808829e-11  1.86059200e-05  5.49553264e-12 
 1.86079200e-05  5.01808829e-11  1.86079200e-05  5.49604130e-12 
 1.86099200e-05  5.01808829e-11  1.86099200e-05  5.49656397e-12 
 1.86119200e-05  5.01808829e-11  1.86119200e-05  5.49710067e-12 
 1.86139200e-05  5.01808829e-11  1.86139200e-05  5.49765142e-12 
 1.86159200e-05  5.01808829e-11  1.86159200e-05  5.49821622e-12 
 1.86179200e-05  5.01808829e-11  1.86179200e-05  5.49879506e-12 
 1.86199200e-05  5.01808829e-11  1.86199200e-05  5.49938794e-12 
 1.86219200e-05  5.01808829e-11  1.86219200e-05  5.49999483e-12 
 1.86239200e-05  5.01808829e-11  1.86239200e-05  5.50061570e-12 
 1.86259200e-05  5.01808829e-11  1.86259200e-05  5.50125052e-12 
 1.86279200e-05  5.01808829e-11  1.86279200e-05  5.50189923e-12 
 1.86299200e-05  5.01808829e-11  1.86299200e-05  5.50256177e-12 
 1.86319200e-05  5.01808829e-11  1.86319200e-05  5.50323809e-12 
 1.86339200e-05  5.01808829e-11  1.86339200e-05  5.50392810e-12 
 1.86359200e-05  5.01808829e-11  1.86359200e-05  5.50463173e-12 
 1.86379200e-05  5.01808829e-11  1.86379200e-05  5.50534888e-12 
 1.86399200e-05  5.01808829e-11  1.86399200e-05  5.50607945e-12 
 1.86419200e-05  5.01808829e-11  1.86419200e-05  5.50682333e-12 
 1.86439200e-05  5.01808829e-11  1.86439200e-05  5.50758041e-12 
 1.86459200e-05  5.01808829e-11  1.86459200e-05  5.50835056e-12 
 1.86479200e-05  5.01808829e-11  1.86479200e-05  5.50913364e-12 
 1.86499200e-05  5.01808829e-11  1.86499200e-05  5.50992952e-12 
 1.86519200e-05  5.01808829e-11  1.86519200e-05  5.51073804e-12 
 1.86539200e-05  5.01808829e-11  1.86539200e-05  5.51155905e-12 
 1.86559200e-05  5.01808829e-11  1.86559200e-05  5.51239238e-12 
 1.86579200e-05  5.01808829e-11  1.86579200e-05  5.51323785e-12 
 1.86599200e-05  5.01808829e-11  1.86599200e-05  5.51409528e-12 
 1.86619200e-05  5.01808829e-11  1.86619200e-05  5.51496449e-12 
 1.86639200e-05  5.01808829e-11  1.86639200e-05  5.51584528e-12 
 1.86659200e-05  5.01808829e-11  1.86659200e-05  5.51673745e-12 
 1.86679200e-05  5.01808829e-11  1.86679200e-05  5.51764077e-12 
 1.86699200e-05  5.01808829e-11  1.86699200e-05  5.51855505e-12 
 1.86719200e-05  5.01808829e-11  1.86719200e-05  5.51948004e-12 
 1.86739200e-05  5.01808829e-11  1.86739200e-05  5.52041552e-12 
 1.86759200e-05  5.01808829e-11  1.86759200e-05  5.52136126e-12 
 1.86779200e-05  5.01808829e-11  1.86779200e-05  5.52231699e-12 
 1.86799200e-05  5.01808829e-11  1.86799200e-05  5.52328249e-12 
 1.86819200e-05  5.01808829e-11  1.86819200e-05  5.52425748e-12 
 1.86839200e-05  5.01808829e-11  1.86839200e-05  5.52524170e-12 
 1.86859200e-05  5.01808829e-11  1.86859200e-05  5.52623489e-12 
 1.86879200e-05  5.01808829e-11  1.86879200e-05  5.52723676e-12 
 1.86899200e-05  5.01808829e-11  1.86899200e-05  5.52824705e-12 
 1.86919200e-05  5.01808829e-11  1.86919200e-05  5.52926546e-12 
 1.86939200e-05  5.01808829e-11  1.86939200e-05  5.53029170e-12 
 1.86959200e-05  5.01808829e-11  1.86959200e-05  5.53132548e-12 
 1.86979200e-05  5.01808829e-11  1.86979200e-05  5.53236649e-12 
 1.86999200e-05  5.01808829e-11  1.86999200e-05  5.53341444e-12 
 1.87019200e-05  5.01808829e-11  1.87019200e-05  5.53446900e-12 
 1.87039200e-05  5.01808829e-11  1.87039200e-05  5.53552988e-12 
 1.87059200e-05  5.01808829e-11  1.87059200e-05  5.53659674e-12 
 1.87079200e-05  5.01808829e-11  1.87079200e-05  5.53766927e-12 
 1.87099200e-05  5.01808829e-11  1.87099200e-05  5.53874715e-12 
 1.87119200e-05  5.01808829e-11  1.87119200e-05  5.53983004e-12 
 1.87139200e-05  5.01808829e-11  1.87139200e-05  5.54091762e-12 
 1.87159200e-05  5.01808829e-11  1.87159200e-05  5.54200955e-12 
 1.87179200e-05  5.01808829e-11  1.87179200e-05  5.54310548e-12 
 1.87199200e-05  5.01808829e-11  1.87199200e-05  5.54420509e-12 
 1.87219200e-05  5.01808829e-11  1.87219200e-05  5.54530803e-12 
 1.87239200e-05  5.01808829e-11  1.87239200e-05  5.54641396e-12 
 1.87259200e-05  5.01808829e-11  1.87259200e-05  5.54752252e-12 
 1.87279200e-05  5.01808829e-11  1.87279200e-05  5.54863338e-12 
 1.87299200e-05  5.01808829e-11  1.87299200e-05  5.54974617e-12 
 1.87319200e-05  5.01808829e-11  1.87319200e-05  5.55086057e-12 
 1.87339200e-05  5.01808829e-11  1.87339200e-05  5.55197620e-12 
 1.87359200e-05  5.01808829e-11  1.87359200e-05  5.55309272e-12 
 1.87379200e-05  5.01808829e-11  1.87379200e-05  5.55420977e-12 
 1.87399200e-05  5.01808829e-11  1.87399200e-05  5.55532701e-12 
 1.87419200e-05  5.01808829e-11  1.87419200e-05  5.55644408e-12 
 1.87439200e-05  5.01808829e-11  1.87439200e-05  5.55756062e-12 
 1.87459200e-05  5.01808829e-11  1.87459200e-05  5.55867629e-12 
 1.87479200e-05  5.01808829e-11  1.87479200e-05  5.55979073e-12 
 1.87499200e-05  5.01808829e-11  1.87499200e-05  5.56090359e-12 
 1.87519200e-05  5.01808829e-11  1.87519200e-05  5.56201451e-12 
 1.87539200e-05  5.01808829e-11  1.87539200e-05  5.56312316e-12 
 1.87559200e-05  5.01808829e-11  1.87559200e-05  5.56422918e-12 
 1.87579200e-05  5.01808829e-11  1.87579200e-05  5.56533222e-12 
 1.87599200e-05  5.01808829e-11  1.87599200e-05  5.56643195e-12 
 1.87619200e-05  5.01808829e-11  1.87619200e-05  5.56752802e-12 
 1.87639200e-05  5.01808829e-11  1.87639200e-05  5.56862009e-12 
 1.87659200e-05  5.01808829e-11  1.87659200e-05  5.56970782e-12 
 1.87679200e-05  5.01808829e-11  1.87679200e-05  5.57079088e-12 
 1.87699200e-05  5.01808829e-11  1.87699200e-05  5.57186893e-12 
 1.87719200e-05  5.01808829e-11  1.87719200e-05  5.57294166e-12 
 1.87739200e-05  5.01808829e-11  1.87739200e-05  5.57400872e-12 
 1.87759200e-05  5.01808829e-11  1.87759200e-05  5.57506981e-12 
 1.87779200e-05  5.01808829e-11  1.87779200e-05  5.57612460e-12 
 1.87799200e-05  5.01808829e-11  1.87799200e-05  5.57717279e-12 
 1.87819200e-05  5.01808829e-11  1.87819200e-05  5.57821405e-12 
 1.87839200e-05  5.01808829e-11  1.87839200e-05  5.57924809e-12 
 1.87859200e-05  5.01808829e-11  1.87859200e-05  5.58027461e-12 
 1.87879200e-05  5.01808829e-11  1.87879200e-05  5.58129330e-12 
 1.87899200e-05  5.01808829e-11  1.87899200e-05  5.58230389e-12 
 1.87919200e-05  5.01808829e-11  1.87919200e-05  5.58330607e-12 
 1.87939200e-05  5.01808829e-11  1.87939200e-05  5.58429958e-12 
 1.87959200e-05  5.01808829e-11  1.87959200e-05  5.58528414e-12 
 1.87979200e-05  5.01808829e-11  1.87979200e-05  5.58625948e-12 
 1.87999200e-05  5.01808829e-11  1.87999200e-05  5.58722533e-12 
 1.88019200e-05  5.01808829e-11  1.88019200e-05  5.58818144e-12 
 1.88039200e-05  5.01808829e-11  1.88039200e-05  5.58912756e-12 
 1.88059200e-05  5.01808829e-11  1.88059200e-05  5.59006343e-12 
 1.88079200e-05  5.01808829e-11  1.88079200e-05  5.59098883e-12 
 1.88099200e-05  5.01808829e-11  1.88099200e-05  5.59190353e-12 
 1.88119200e-05  5.01808829e-11  1.88119200e-05  5.59280728e-12 
 1.88139200e-05  5.01808829e-11  1.88139200e-05  5.59369989e-12 
 1.88159200e-05  5.01808829e-11  1.88159200e-05  5.59458114e-12 
 1.88179200e-05  5.01808829e-11  1.88179200e-05  5.59545081e-12 
 1.88199200e-05  5.01808829e-11  1.88199200e-05  5.59630873e-12 
 1.88219200e-05  5.01808829e-11  1.88219200e-05  5.59715469e-12 
 1.88239200e-05  5.01808829e-11  1.88239200e-05  5.59798852e-12 
 1.88259200e-05  5.01808829e-11  1.88259200e-05  5.59881004e-12 
 1.88279200e-05  5.01808829e-11  1.88279200e-05  5.59961908e-12 
 1.88299200e-05  5.01808829e-11  1.88299200e-05  5.60041550e-12 
 1.88319200e-05  5.01808829e-11  1.88319200e-05  5.60119913e-12 
 1.88339200e-05  5.01808829e-11  1.88339200e-05  5.60196983e-12 
 1.88359200e-05  5.01808829e-11  1.88359200e-05  5.60272748e-12 
 1.88379200e-05  5.01808829e-11  1.88379200e-05  5.60347194e-12 
 1.88399200e-05  5.01808829e-11  1.88399200e-05  5.60420311e-12 
 1.88419200e-05  5.01808829e-11  1.88419200e-05  5.60492086e-12 
 1.88439200e-05  5.01808829e-11  1.88439200e-05  5.60562510e-12 
 1.88459200e-05  5.01808829e-11  1.88459200e-05  5.60631574e-12 
 1.88479200e-05  5.01808829e-11  1.88479200e-05  5.60699269e-12 
 1.88499200e-05  5.01808829e-11  1.88499200e-05  5.60765588e-12 
 1.88519200e-05  5.01808829e-11  1.88519200e-05  5.60830524e-12 
 1.88539200e-05  5.01808829e-11  1.88539200e-05  5.60894071e-12 
 1.88559200e-05  5.01808829e-11  1.88559200e-05  5.60956226e-12 
 1.88579200e-05  5.01808829e-11  1.88579200e-05  5.61016983e-12 
 1.88599200e-05  5.01808829e-11  1.88599200e-05  5.61076340e-12 
 1.88619200e-05  5.01808829e-11  1.88619200e-05  5.61134294e-12 
 1.88639200e-05  5.01808829e-11  1.88639200e-05  5.61190845e-12 
 1.88659200e-05  5.01808829e-11  1.88659200e-05  5.61245991e-12 
 1.88679200e-05  5.01808829e-11  1.88679200e-05  5.61299733e-12 
 1.88699200e-05  5.01808829e-11  1.88699200e-05  5.61352073e-12 
 1.88719200e-05  5.01808829e-11  1.88719200e-05  5.61403013e-12 
 1.88739200e-05  5.01808829e-11  1.88739200e-05  5.61452555e-12 
 1.88759200e-05  5.01808829e-11  1.88759200e-05  5.61500704e-12 
 1.88779200e-05  5.01808829e-11  1.88779200e-05  5.61547465e-12 
 1.88799200e-05  5.01808829e-11  1.88799200e-05  5.61592844e-12 
 1.88819200e-05  5.01808829e-11  1.88819200e-05  5.61636847e-12 
 1.88839200e-05  5.01808829e-11  1.88839200e-05  5.61679481e-12 
 1.88859200e-05  5.01808829e-11  1.88859200e-05  5.61720756e-12 
 1.88879200e-05  5.01808829e-11  1.88879200e-05  5.61760679e-12 
 1.88899200e-05  5.01808829e-11  1.88899200e-05  5.61799262e-12 
 1.88919200e-05  5.01808829e-11  1.88919200e-05  5.61836516e-12 
 1.88939200e-05  5.01808829e-11  1.88939200e-05  5.61872451e-12 
 1.88959200e-05  5.01808829e-11  1.88959200e-05  5.61907081e-12 
 1.88979200e-05  5.01808829e-11  1.88979200e-05  5.61940419e-12 
 1.88999200e-05  5.01808829e-11  1.88999200e-05  5.61972479e-12 
 1.89019200e-05  5.01808829e-11  1.89019200e-05  5.62003277e-12 
 1.89039200e-05  5.01808829e-11  1.89039200e-05  5.62032828e-12 
 1.89059200e-05  5.01808829e-11  1.89059200e-05  5.62061149e-12 
 1.89079200e-05  5.01808829e-11  1.89079200e-05  5.62088256e-12 
 1.89099200e-05  5.01808829e-11  1.89099200e-05  5.62114170e-12 
 1.89119200e-05  5.01808829e-11  1.89119200e-05  5.62138908e-12 
 1.89139200e-05  5.01808829e-11  1.89139200e-05  5.62162489e-12 
 1.89159200e-05  5.01808829e-11  1.89159200e-05  5.62184935e-12 
 1.89179200e-05  5.01808829e-11  1.89179200e-05  5.62206267e-12 
 1.89199200e-05  5.01808829e-11  1.89199200e-05  5.62226506e-12 
 1.89219200e-05  5.01808829e-11  1.89219200e-05  5.62245675e-12 
 1.89239200e-05  5.01808829e-11  1.89239200e-05  5.62263797e-12 
 1.89259200e-05  5.01808829e-11  1.89259200e-05  5.62280896e-12 
 1.89279200e-05  5.01808829e-11  1.89279200e-05  5.62296997e-12 
 1.89299200e-05  5.01808829e-11  1.89299200e-05  5.62312124e-12 
 1.89319200e-05  5.01808829e-11  1.89319200e-05  5.62326303e-12 
 1.89339200e-05  5.01808829e-11  1.89339200e-05  5.62339561e-12 
 1.89359200e-05  5.01808829e-11  1.89359200e-05  5.62351924e-12 
 1.89379200e-05  5.01808829e-11  1.89379200e-05  5.62363421e-12 
 1.89399200e-05  5.01808829e-11  1.89399200e-05  5.62374079e-12 
 1.89419200e-05  5.01808829e-11  1.89419200e-05  5.62383926e-12 
 1.89439200e-05  5.01808829e-11  1.89439200e-05  5.62392992e-12 
 1.89459200e-05  5.01808829e-11  1.89459200e-05  5.62401306e-12 
 1.89479200e-05  5.01808829e-11  1.89479200e-05  5.62408899e-12 
 1.89499200e-05  5.01808829e-11  1.89499200e-05  5.62415800e-12 
 1.89519200e-05  5.01808829e-11  1.89519200e-05  5.62422041e-12 
 1.89539200e-05  5.01808829e-11  1.89539200e-05  5.62427654e-12 
 1.89559200e-05  5.01808829e-11  1.89559200e-05  5.62432669e-12 
 1.89579200e-05  5.01808829e-11  1.89579200e-05  5.62437119e-12 
 1.89599200e-05  5.01808829e-11  1.89599200e-05  5.62441037e-12 
 1.89619200e-05  5.01808829e-11  1.89619200e-05  5.62444455e-12 
 1.89639200e-05  5.01808829e-11  1.89639200e-05  5.62447406e-12 
 1.89659200e-05  5.01808829e-11  1.89659200e-05  5.62449924e-12 
 1.89679200e-05  5.01808829e-11  1.89679200e-05  5.62452043e-12 
 1.89699200e-05  5.01808829e-11  1.89699200e-05  5.62453796e-12 
 1.89719200e-05  5.01808829e-11  1.89719200e-05  5.62455217e-12 
 1.89739200e-05  5.01808829e-11  1.89739200e-05  5.62456342e-12 
 1.89759200e-05  5.01808829e-11  1.89759200e-05  5.62457204e-12 
 1.89779200e-05  5.01808829e-11  1.89779200e-05  5.62457839e-12 
 1.89799200e-05  5.01808829e-11  1.89799200e-05  5.62458281e-12 
 1.89819200e-05  5.01808829e-11  1.89819200e-05  5.62458565e-12 
 1.89839200e-05  5.01808829e-11  1.89839200e-05  5.62458726e-12 
 1.89859200e-05  5.01808829e-11  1.89859200e-05  5.62458800e-12 
 1.89879200e-05  5.01808829e-11  1.89879200e-05  5.62458821e-12 
 1.89899200e-05  5.01808829e-11  1.89899200e-05  5.62458826e-12 
 1.89919200e-05  5.01808829e-11  1.89919200e-05  5.62458848e-12 
 1.89939200e-05  5.01808829e-11  1.89939200e-05  5.62458924e-12 
 1.89959200e-05  5.01808829e-11  1.89959200e-05  5.62459089e-12 
 1.89979200e-05  5.01808829e-11  1.89979200e-05  5.62459378e-12 
 1.89999200e-05  5.01808829e-11  1.89999200e-05  5.62459825e-12 
 1.90019200e-05  5.01808829e-11  1.90019200e-05  5.62460467e-12 
 1.90039200e-05  5.01808829e-11  1.90039200e-05  5.62461337e-12 
 1.90059200e-05  5.01808829e-11  1.90059200e-05  5.62462471e-12 
 1.90079200e-05  5.01808829e-11  1.90079200e-05  5.62463903e-12 
 1.90099200e-05  5.01808829e-11  1.90099200e-05  5.62465667e-12 
 1.90119200e-05  5.01808829e-11  1.90119200e-05  5.62467798e-12 
 1.90139200e-05  5.01808829e-11  1.90139200e-05  5.62470329e-12 
 1.90159200e-05  5.01808829e-11  1.90159200e-05  5.62473294e-12 
 1.90179200e-05  5.01808829e-11  1.90179200e-05  5.62476727e-12 
 1.90199200e-05  5.01808829e-11  1.90199200e-05  5.62480660e-12 
 1.90219200e-05  5.01808829e-11  1.90219200e-05  5.62485127e-12 
 1.90239200e-05  5.01808829e-11  1.90239200e-05  5.62490159e-12 
 1.90259200e-05  5.01808829e-11  1.90259200e-05  5.62495789e-12 
 1.90279200e-05  5.01808829e-11  1.90279200e-05  5.62502049e-12 
 1.90299200e-05  5.01808829e-11  1.90299200e-05  5.62508970e-12 
 1.90319200e-05  5.01808829e-11  1.90319200e-05  5.62516582e-12 
 1.90339200e-05  5.01808829e-11  1.90339200e-05  5.62524916e-12 
 1.90359200e-05  5.01808829e-11  1.90359200e-05  5.62534002e-12 
 1.90379200e-05  5.01808829e-11  1.90379200e-05  5.62543870e-12 
 1.90399200e-05  5.01808829e-11  1.90399200e-05  5.62554548e-12 
 1.90419200e-05  5.01808829e-11  1.90419200e-05  5.62566066e-12 
 1.90439200e-05  5.01808829e-11  1.90439200e-05  5.62578450e-12 
 1.90459200e-05  5.01808829e-11  1.90459200e-05  5.62591729e-12 
 1.90479200e-05  5.01808829e-11  1.90479200e-05  5.62605929e-12 
 1.90499200e-05  5.01808829e-11  1.90499200e-05  5.62621076e-12 
 1.90519200e-05  5.01808829e-11  1.90519200e-05  5.62637197e-12 
 1.90539200e-05  5.01808829e-11  1.90539200e-05  5.62654316e-12 
 1.90559200e-05  5.01808829e-11  1.90559200e-05  5.62672457e-12 
 1.90579200e-05  5.01808829e-11  1.90579200e-05  5.62691645e-12 
 1.90599200e-05  5.01808829e-11  1.90599200e-05  5.62711902e-12 
 1.90619200e-05  5.01808829e-11  1.90619200e-05  5.62733251e-12 
 1.90639200e-05  5.01808829e-11  1.90639200e-05  5.62755714e-12 
 1.90659200e-05  5.01808829e-11  1.90659200e-05  5.62779311e-12 
 1.90679200e-05  5.01808829e-11  1.90679200e-05  5.62804063e-12 
 1.90699200e-05  5.01808829e-11  1.90699200e-05  5.62829990e-12 
 1.90719200e-05  5.01808829e-11  1.90719200e-05  5.62857110e-12 
 1.90739200e-05  5.01808829e-11  1.90739200e-05  5.62885441e-12 
 1.90759200e-05  5.01808829e-11  1.90759200e-05  5.62915001e-12 
 1.90779200e-05  5.01808829e-11  1.90779200e-05  5.62945806e-12 
 1.90799200e-05  5.01808829e-11  1.90799200e-05  5.62977872e-12 
 1.90819200e-05  5.01808829e-11  1.90819200e-05  5.63011215e-12 
 1.90839200e-05  5.01808829e-11  1.90839200e-05  5.63045847e-12 
 1.90859200e-05  5.01808829e-11  1.90859200e-05  5.63081782e-12 
 1.90879200e-05  5.01808829e-11  1.90879200e-05  5.63119034e-12 
 1.90899200e-05  5.01808829e-11  1.90899200e-05  5.63157612e-12 
 1.90919200e-05  5.01808829e-11  1.90919200e-05  5.63197530e-12 
 1.90939200e-05  5.01808829e-11  1.90939200e-05  5.63238795e-12 
 1.90959200e-05  5.01808829e-11  1.90959200e-05  5.63281418e-12 
 1.90979200e-05  5.01808829e-11  1.90979200e-05  5.63325407e-12 
 1.90999200e-05  5.01808829e-11  1.90999200e-05  5.63370768e-12 
 1.91019200e-05  5.01808829e-11  1.91019200e-05  5.63417509e-12 
 1.91039200e-05  5.01808829e-11  1.91039200e-05  5.63465636e-12 
 1.91059200e-05  5.01808829e-11  1.91059200e-05  5.63515153e-12 
 1.91079200e-05  5.01808829e-11  1.91079200e-05  5.63566063e-12 
 1.91099200e-05  5.01808829e-11  1.91099200e-05  5.63618370e-12 
 1.91119200e-05  5.01808829e-11  1.91119200e-05  5.63672077e-12 
 1.91139200e-05  5.01808829e-11  1.91139200e-05  5.63727184e-12 
 1.91159200e-05  5.01808829e-11  1.91159200e-05  5.63783691e-12 
 1.91179200e-05  5.01808829e-11  1.91179200e-05  5.63841599e-12 
 1.91199200e-05  5.01808829e-11  1.91199200e-05  5.63900905e-12 
 1.91219200e-05  5.01808829e-11  1.91219200e-05  5.63961608e-12 
 1.91239200e-05  5.01808829e-11  1.91239200e-05  5.64023704e-12 
 1.91259200e-05  5.01808829e-11  1.91259200e-05  5.64087190e-12 
 1.91279200e-05  5.01808829e-11  1.91279200e-05  5.64152059e-12 
 1.91299200e-05  5.01808829e-11  1.91299200e-05  5.64218307e-12 
 1.91319200e-05  5.01808829e-11  1.91319200e-05  5.64285927e-12 
 1.91339200e-05  5.01808829e-11  1.91339200e-05  5.64354911e-12 
 1.91359200e-05  5.01808829e-11  1.91359200e-05  5.64425251e-12 
 1.91379200e-05  5.01808829e-11  1.91379200e-05  5.64496937e-12 
 1.91399200e-05  5.01808829e-11  1.91399200e-05  5.64569960e-12 
 1.91419200e-05  5.01808829e-11  1.91419200e-05  5.64644308e-12 
 1.91439200e-05  5.01808829e-11  1.91439200e-05  5.64719970e-12 
 1.91459200e-05  5.01808829e-11  1.91459200e-05  5.64796933e-12 
 1.91479200e-05  5.01808829e-11  1.91479200e-05  5.64875183e-12 
 1.91499200e-05  5.01808829e-11  1.91499200e-05  5.64954706e-12 
 1.91519200e-05  5.01808829e-11  1.91519200e-05  5.65035488e-12 
 1.91539200e-05  5.01808829e-11  1.91539200e-05  5.65117512e-12 
 1.91559200e-05  5.01808829e-11  1.91559200e-05  5.65200761e-12 
 1.91579200e-05  5.01808829e-11  1.91579200e-05  5.65285219e-12 
 1.91599200e-05  5.01808829e-11  1.91599200e-05  5.65370866e-12 
 1.91619200e-05  5.01808829e-11  1.91619200e-05  5.65457685e-12 
 1.91639200e-05  5.01808829e-11  1.91639200e-05  5.65545655e-12 
 1.91659200e-05  5.01808829e-11  1.91659200e-05  5.65634755e-12 
 1.91679200e-05  5.01808829e-11  1.91679200e-05  5.65724966e-12 
 1.91699200e-05  5.01808829e-11  1.91699200e-05  5.65816264e-12 
 1.91719200e-05  5.01808829e-11  1.91719200e-05  5.65908628e-12 
 1.91739200e-05  5.01808829e-11  1.91739200e-05  5.66002034e-12 
 1.91759200e-05  5.01808829e-11  1.91759200e-05  5.66096458e-12 
 1.91779200e-05  5.01808829e-11  1.91779200e-05  5.66191876e-12 
 1.91799200e-05  5.01808829e-11  1.91799200e-05  5.66288262e-12 
 1.91819200e-05  5.01808829e-11  1.91819200e-05  5.66385592e-12 
 1.91839200e-05  5.01808829e-11  1.91839200e-05  5.66483838e-12 
 1.91859200e-05  5.01808829e-11  1.91859200e-05  5.66582974e-12 
 1.91879200e-05  5.01808829e-11  1.91879200e-05  5.66682972e-12 
 1.91899200e-05  5.01808829e-11  1.91899200e-05  5.66783804e-12 
 1.91919200e-05  5.01808829e-11  1.91919200e-05  5.66885441e-12 
 1.91939200e-05  5.01808829e-11  1.91939200e-05  5.66987855e-12 
 1.91959200e-05  5.01808829e-11  1.91959200e-05  5.67091016e-12 
 1.91979200e-05  5.01808829e-11  1.91979200e-05  5.67194894e-12 
 1.91999200e-05  5.01808829e-11  1.91999200e-05  5.67299459e-12 
 1.92019200e-05  5.01808829e-11  1.92019200e-05  5.67404678e-12 
 1.92039200e-05  5.01808829e-11  1.92039200e-05  5.67510523e-12 
 1.92059200e-05  5.01808829e-11  1.92059200e-05  5.67616959e-12 
 1.92079200e-05  5.01808829e-11  1.92079200e-05  5.67723956e-12 
 1.92099200e-05  5.01808829e-11  1.92099200e-05  5.67831481e-12 
 1.92119200e-05  5.01808829e-11  1.92119200e-05  5.67939501e-12 
 1.92139200e-05  5.01808829e-11  1.92139200e-05  5.68047983e-12 
 1.92159200e-05  5.01808829e-11  1.92159200e-05  5.68156894e-12 
 1.92179200e-05  5.01808829e-11  1.92179200e-05  5.68266200e-12 
 1.92199200e-05  5.01808829e-11  1.92199200e-05  5.68375867e-12 
 1.92219200e-05  5.01808829e-11  1.92219200e-05  5.68485860e-12 
 1.92239200e-05  5.01808829e-11  1.92239200e-05  5.68596147e-12 
 1.92259200e-05  5.01808829e-11  1.92259200e-05  5.68706691e-12 
 1.92279200e-05  5.01808829e-11  1.92279200e-05  5.68817459e-12 
 1.92299200e-05  5.01808829e-11  1.92299200e-05  5.68928415e-12 
 1.92319200e-05  5.01808829e-11  1.92319200e-05  5.69039525e-12 
 1.92339200e-05  5.01808829e-11  1.92339200e-05  5.69150754e-12 
 1.92359200e-05  5.01808829e-11  1.92359200e-05  5.69262066e-12 
 1.92379200e-05  5.01808829e-11  1.92379200e-05  5.69373426e-12 
 1.92399200e-05  5.01808829e-11  1.92399200e-05  5.69484799e-12 
 1.92419200e-05  5.01808829e-11  1.92419200e-05  5.69596150e-12 
 1.92439200e-05  5.01808829e-11  1.92439200e-05  5.69707444e-12 
 1.92459200e-05  5.01808829e-11  1.92459200e-05  5.69818645e-12 
 1.92479200e-05  5.01808829e-11  1.92479200e-05  5.69929719e-12 
 1.92499200e-05  5.01808829e-11  1.92499200e-05  5.70040629e-12 
 1.92519200e-05  5.01808829e-11  1.92519200e-05  5.70151343e-12 
 1.92539200e-05  5.01808829e-11  1.92539200e-05  5.70261824e-12 
 1.92559200e-05  5.01808829e-11  1.92559200e-05  5.70372038e-12 
 1.92579200e-05  5.01808829e-11  1.92579200e-05  5.70481950e-12 
 1.92599200e-05  5.01808829e-11  1.92599200e-05  5.70591527e-12 
 1.92619200e-05  5.01808829e-11  1.92619200e-05  5.70700734e-12 
 1.92639200e-05  5.01808829e-11  1.92639200e-05  5.70809537e-12 
 1.92659200e-05  5.01808829e-11  1.92659200e-05  5.70917903e-12 
 1.92679200e-05  5.01808829e-11  1.92679200e-05  5.71025798e-12 
 1.92699200e-05  5.01808829e-11  1.92699200e-05  5.71133190e-12 
 1.92719200e-05  5.01808829e-11  1.92719200e-05  5.71240046e-12 
 1.92739200e-05  5.01808829e-11  1.92739200e-05  5.71346333e-12 
 1.92759200e-05  5.01808829e-11  1.92759200e-05  5.71452019e-12 
 1.92779200e-05  5.01808829e-11  1.92779200e-05  5.71557073e-12 
 1.92799200e-05  5.01808829e-11  1.92799200e-05  5.71661464e-12 
 1.92819200e-05  5.01808829e-11  1.92819200e-05  5.71765161e-12 
 1.92839200e-05  5.01808829e-11  1.92839200e-05  5.71868133e-12 
 1.92859200e-05  5.01808829e-11  1.92859200e-05  5.71970350e-12 
 1.92879200e-05  5.01808829e-11  1.92879200e-05  5.72071784e-12 
 1.92899200e-05  5.01808829e-11  1.92899200e-05  5.72172405e-12 
 1.92919200e-05  5.01808829e-11  1.92919200e-05  5.72272185e-12 
 1.92939200e-05  5.01808829e-11  1.92939200e-05  5.72371095e-12 
 1.92959200e-05  5.01808829e-11  1.92959200e-05  5.72469110e-12 
 1.92979200e-05  5.01808829e-11  1.92979200e-05  5.72566201e-12 
 1.92999200e-05  5.01808829e-11  1.92999200e-05  5.72662343e-12 
 1.93019200e-05  5.01808829e-11  1.93019200e-05  5.72757510e-12 
 1.93039200e-05  5.01808829e-11  1.93039200e-05  5.72851677e-12 
 1.93059200e-05  5.01808829e-11  1.93059200e-05  5.72944820e-12 
 1.93079200e-05  5.01808829e-11  1.93079200e-05  5.73036915e-12 
 1.93099200e-05  5.01808829e-11  1.93099200e-05  5.73127940e-12 
 1.93119200e-05  5.01808829e-11  1.93119200e-05  5.73217871e-12 
 1.93139200e-05  5.01808829e-11  1.93139200e-05  5.73306687e-12 
 1.93159200e-05  5.01808829e-11  1.93159200e-05  5.73394368e-12 
 1.93179200e-05  5.01808829e-11  1.93179200e-05  5.73480893e-12 
 1.93199200e-05  5.01808829e-11  1.93199200e-05  5.73566242e-12 
 1.93219200e-05  5.01808829e-11  1.93219200e-05  5.73650397e-12 
 1.93239200e-05  5.01808829e-11  1.93239200e-05  5.73733340e-12 
 1.93259200e-05  5.01808829e-11  1.93259200e-05  5.73815054e-12 
 1.93279200e-05  5.01808829e-11  1.93279200e-05  5.73895522e-12 
 1.93299200e-05  5.01808829e-11  1.93299200e-05  5.73974728e-12 
 1.93319200e-05  5.01808829e-11  1.93319200e-05  5.74052658e-12 
 1.93339200e-05  5.01808829e-11  1.93339200e-05  5.74129297e-12 
 1.93359200e-05  5.01808829e-11  1.93359200e-05  5.74204633e-12 
 1.93379200e-05  5.01808829e-11  1.93379200e-05  5.74278653e-12 
 1.93399200e-05  5.01808829e-11  1.93399200e-05  5.74351345e-12 
 1.93419200e-05  5.01808829e-11  1.93419200e-05  5.74422699e-12 
 1.93439200e-05  5.01808829e-11  1.93439200e-05  5.74492704e-12 
 1.93459200e-05  5.01808829e-11  1.93459200e-05  5.74561352e-12 
 1.93479200e-05  5.01808829e-11  1.93479200e-05  5.74628635e-12 
 1.93499200e-05  5.01808829e-11  1.93499200e-05  5.74694545e-12 
 1.93519200e-05  5.01808829e-11  1.93519200e-05  5.74759075e-12 
 1.93539200e-05  5.01808829e-11  1.93539200e-05  5.74822221e-12 
 1.93559200e-05  5.01808829e-11  1.93559200e-05  5.74883977e-12 
 1.93579200e-05  5.01808829e-11  1.93579200e-05  5.74944340e-12 
 1.93599200e-05  5.01808829e-11  1.93599200e-05  5.75003306e-12 
 1.93619200e-05  5.01808829e-11  1.93619200e-05  5.75060874e-12 
 1.93639200e-05  5.01808829e-11  1.93639200e-05  5.75117043e-12 
 1.93659200e-05  5.01808829e-11  1.93659200e-05  5.75171811e-12 
 1.93679200e-05  5.01808829e-11  1.93679200e-05  5.75225181e-12 
 1.93699200e-05  5.01808829e-11  1.93699200e-05  5.75277152e-12 
 1.93719200e-05  5.01808829e-11  1.93719200e-05  5.75327728e-12 
 1.93739200e-05  5.01808829e-11  1.93739200e-05  5.75376912e-12 
 1.93759200e-05  5.01808829e-11  1.93759200e-05  5.75424708e-12 
 1.93779200e-05  5.01808829e-11  1.93779200e-05  5.75471120e-12 
 1.93799200e-05  5.01808829e-11  1.93799200e-05  5.75516155e-12 
 1.93819200e-05  5.01808829e-11  1.93819200e-05  5.75559820e-12 
 1.93839200e-05  5.01808829e-11  1.93839200e-05  5.75602122e-12 
 1.93859200e-05  5.01808829e-11  1.93859200e-05  5.75643070e-12 
 1.93879200e-05  5.01808829e-11  1.93879200e-05  5.75682672e-12 
 1.93899200e-05  5.01808829e-11  1.93899200e-05  5.75720940e-12 
 1.93919200e-05  5.01808829e-11  1.93919200e-05  5.75757883e-12 
 1.93939200e-05  5.01808829e-11  1.93939200e-05  5.75793515e-12 
 1.93959200e-05  5.01808829e-11  1.93959200e-05  5.75827847e-12 
 1.93979200e-05  5.01808829e-11  1.93979200e-05  5.75860894e-12 
 1.93999200e-05  5.01808829e-11  1.93999200e-05  5.75892668e-12 
 1.94019200e-05  5.01808829e-11  1.94019200e-05  5.75923187e-12 
 1.94039200e-05  5.01808829e-11  1.94039200e-05  5.75952465e-12 
 1.94059200e-05  5.01808829e-11  1.94059200e-05  5.75980519e-12 
 1.94079200e-05  5.01808829e-11  1.94079200e-05  5.76007366e-12 
 1.94099200e-05  5.01808829e-11  1.94099200e-05  5.76033026e-12 
 1.94119200e-05  5.01808829e-11  1.94119200e-05  5.76057516e-12 
 1.94139200e-05  5.01808829e-11  1.94139200e-05  5.76080857e-12 
 1.94159200e-05  5.01808829e-11  1.94159200e-05  5.76103069e-12 
 1.94179200e-05  5.01808829e-11  1.94179200e-05  5.76124173e-12 
 1.94199200e-05  5.01808829e-11  1.94199200e-05  5.76144192e-12 
 1.94219200e-05  5.01808829e-11  1.94219200e-05  5.76163146e-12 
 1.94239200e-05  5.01808829e-11  1.94239200e-05  5.76181061e-12 
 1.94259200e-05  5.01808829e-11  1.94259200e-05  5.76197959e-12 
 1.94279200e-05  5.01808829e-11  1.94279200e-05  5.76213866e-12 
 1.94299200e-05  5.01808829e-11  1.94299200e-05  5.76228806e-12 
 1.94319200e-05  5.01808829e-11  1.94319200e-05  5.76242804e-12 
 1.94339200e-05  5.01808829e-11  1.94339200e-05  5.76255889e-12 
 1.94359200e-05  5.01808829e-11  1.94359200e-05  5.76268085e-12 
 1.94379200e-05  5.01808829e-11  1.94379200e-05  5.76279422e-12 
 1.94399200e-05  5.01808829e-11  1.94399200e-05  5.76289926e-12 
 1.94419200e-05  5.01808829e-11  1.94419200e-05  5.76299627e-12 
 1.94439200e-05  5.01808829e-11  1.94439200e-05  5.76308553e-12 
 1.94459200e-05  5.01808829e-11  1.94459200e-05  5.76316734e-12 
 1.94479200e-05  5.01808829e-11  1.94479200e-05  5.76324200e-12 
 1.94499200e-05  5.01808829e-11  1.94499200e-05  5.76330982e-12 
 1.94519200e-05  5.01808829e-11  1.94519200e-05  5.76337110e-12 
 1.94539200e-05  5.01808829e-11  1.94539200e-05  5.76342616e-12 
 1.94559200e-05  5.01808829e-11  1.94559200e-05  5.76347531e-12 
 1.94579200e-05  5.01808829e-11  1.94579200e-05  5.76351887e-12 
 1.94599200e-05  5.01808829e-11  1.94599200e-05  5.76355718e-12 
 1.94619200e-05  5.01808829e-11  1.94619200e-05  5.76359055e-12 
 1.94639200e-05  5.01808829e-11  1.94639200e-05  5.76361932e-12 
 1.94659200e-05  5.01808829e-11  1.94659200e-05  5.76364381e-12 
 1.94679200e-05  5.01808829e-11  1.94679200e-05  5.76366438e-12 
 1.94699200e-05  5.01808829e-11  1.94699200e-05  5.76368135e-12 
 1.94719200e-05  5.01808829e-11  1.94719200e-05  5.76369507e-12 
 1.94739200e-05  5.01808829e-11  1.94739200e-05  5.76370588e-12 
 1.94759200e-05  5.01808829e-11  1.94759200e-05  5.76371412e-12 
 1.94779200e-05  5.01808829e-11  1.94779200e-05  5.76372014e-12 
 1.94799200e-05  5.01808829e-11  1.94799200e-05  5.76372429e-12 
 1.94819200e-05  5.01808829e-11  1.94819200e-05  5.76372693e-12 
 1.94839200e-05  5.01808829e-11  1.94839200e-05  5.76372838e-12 
 1.94859200e-05  5.01808829e-11  1.94859200e-05  5.76372902e-12 
 1.94879200e-05  5.01808829e-11  1.94879200e-05  5.76372919e-12 
 1.94899200e-05  5.01808829e-11  1.94899200e-05  5.76372924e-12 
 1.94919200e-05  5.01808829e-11  1.94919200e-05  5.76372952e-12 
 1.94939200e-05  5.01808829e-11  1.94939200e-05  5.76373038e-12 
 1.94959200e-05  5.01808829e-11  1.94959200e-05  5.76373219e-12 
 1.94979200e-05  5.01808829e-11  1.94979200e-05  5.76373527e-12 
 1.94999200e-05  5.01808829e-11  1.94999200e-05  5.76374000e-12 
 1.95019200e-05  5.01808829e-11  1.95019200e-05  5.76374670e-12 
 1.95039200e-05  5.01808829e-11  1.95039200e-05  5.76375574e-12 
 1.95059200e-05  5.01808829e-11  1.95059200e-05  5.76376746e-12 
 1.95079200e-05  5.01808829e-11  1.95079200e-05  5.76378219e-12 
 1.95099200e-05  5.01808829e-11  1.95099200e-05  5.76380029e-12 
 1.95119200e-05  5.01808829e-11  1.95119200e-05  5.76382210e-12 
 1.95139200e-05  5.01808829e-11  1.95139200e-05  5.76384794e-12 
 1.95159200e-05  5.01808829e-11  1.95159200e-05  5.76387816e-12 
 1.95179200e-05  5.01808829e-11  1.95179200e-05  5.76391309e-12 
 1.95199200e-05  5.01808829e-11  1.95199200e-05  5.76395306e-12 
 1.95219200e-05  5.01808829e-11  1.95219200e-05  5.76399839e-12 
 1.95239200e-05  5.01808829e-11  1.95239200e-05  5.76404940e-12 
 1.95259200e-05  5.01808829e-11  1.95259200e-05  5.76410643e-12 
 1.95279200e-05  5.01808829e-11  1.95279200e-05  5.76416977e-12 
 1.95299200e-05  5.01808829e-11  1.95299200e-05  5.76423975e-12 
 1.95319200e-05  5.01808829e-11  1.95319200e-05  5.76431666e-12 
 1.95339200e-05  5.01808829e-11  1.95339200e-05  5.76440082e-12 
 1.95359200e-05  5.01808829e-11  1.95359200e-05  5.76449252e-12 
 1.95379200e-05  5.01808829e-11  1.95379200e-05  5.76459205e-12 
 1.95399200e-05  5.01808829e-11  1.95399200e-05  5.76469971e-12 
 1.95419200e-05  5.01808829e-11  1.95419200e-05  5.76481577e-12 
 1.95439200e-05  5.01808829e-11  1.95439200e-05  5.76494051e-12 
 1.95459200e-05  5.01808829e-11  1.95459200e-05  5.76507420e-12 
 1.95479200e-05  5.01808829e-11  1.95479200e-05  5.76521712e-12 
 1.95499200e-05  5.01808829e-11  1.95499200e-05  5.76536953e-12 
 1.95519200e-05  5.01808829e-11  1.95519200e-05  5.76553167e-12 
 1.95539200e-05  5.01808829e-11  1.95539200e-05  5.76570379e-12 
 1.95559200e-05  5.01808829e-11  1.95559200e-05  5.76588615e-12 
 1.95579200e-05  5.01808829e-11  1.95579200e-05  5.76607897e-12 
 1.95599200e-05  5.01808829e-11  1.95599200e-05  5.76628249e-12 
 1.95619200e-05  5.01808829e-11  1.95619200e-05  5.76649692e-12 
 1.95639200e-05  5.01808829e-11  1.95639200e-05  5.76672248e-12 
 1.95659200e-05  5.01808829e-11  1.95659200e-05  5.76695938e-12 
 1.95679200e-05  5.01808829e-11  1.95679200e-05  5.76720783e-12 
 1.95699200e-05  5.01808829e-11  1.95699200e-05  5.76746801e-12 
 1.95719200e-05  5.01808829e-11  1.95719200e-05  5.76774011e-12 
 1.95739200e-05  5.01808829e-11  1.95739200e-05  5.76802432e-12 
 1.95759200e-05  5.01808829e-11  1.95759200e-05  5.76832080e-12 
 1.95779200e-05  5.01808829e-11  1.95779200e-05  5.76862971e-12 
 1.95799200e-05  5.01808829e-11  1.95799200e-05  5.76895122e-12 
 1.95819200e-05  5.01808829e-11  1.95819200e-05  5.76928547e-12 
 1.95839200e-05  5.01808829e-11  1.95839200e-05  5.76963260e-12 
 1.95859200e-05  5.01808829e-11  1.95859200e-05  5.76999273e-12 
 1.95879200e-05  5.01808829e-11  1.95879200e-05  5.77036601e-12 
 1.95899200e-05  5.01808829e-11  1.95899200e-05  5.77075253e-12 
 1.95919200e-05  5.01808829e-11  1.95919200e-05  5.77115241e-12 
 1.95939200e-05  5.01808829e-11  1.95939200e-05  5.77156575e-12 
 1.95959200e-05  5.01808829e-11  1.95959200e-05  5.77199262e-12 
 1.95979200e-05  5.01808829e-11  1.95979200e-05  5.77243313e-12 
 1.95999200e-05  5.01808829e-11  1.95999200e-05  5.77288733e-12 
 1.96019200e-05  5.01808829e-11  1.96019200e-05  5.77335529e-12 
 1.96039200e-05  5.01808829e-11  1.96039200e-05  5.77383707e-12 
 1.96059200e-05  5.01808829e-11  1.96059200e-05  5.77433271e-12 
 1.96079200e-05  5.01808829e-11  1.96079200e-05  5.77484226e-12 
 1.96099200e-05  5.01808829e-11  1.96099200e-05  5.77536573e-12 
 1.96119200e-05  5.01808829e-11  1.96119200e-05  5.77590315e-12 
 1.96139200e-05  5.01808829e-11  1.96139200e-05  5.77645453e-12 
 1.96159200e-05  5.01808829e-11  1.96159200e-05  5.77701988e-12 
 1.96179200e-05  5.01808829e-11  1.96179200e-05  5.77759918e-12 
 1.96199200e-05  5.01808829e-11  1.96199200e-05  5.77819242e-12 
 1.96219200e-05  5.01808829e-11  1.96219200e-05  5.77879958e-12 
 1.96239200e-05  5.01808829e-11  1.96239200e-05  5.77942062e-12 
 1.96259200e-05  5.01808829e-11  1.96259200e-05  5.78005550e-12 
 1.96279200e-05  5.01808829e-11  1.96279200e-05  5.78070418e-12 
 1.96299200e-05  5.01808829e-11  1.96299200e-05  5.78136659e-12 
 1.96319200e-05  5.01808829e-11  1.96319200e-05  5.78204266e-12 
 1.96339200e-05  5.01808829e-11  1.96339200e-05  5.78273232e-12 
 1.96359200e-05  5.01808829e-11  1.96359200e-05  5.78343548e-12 
 1.96379200e-05  5.01808829e-11  1.96379200e-05  5.78415205e-12 
 1.96399200e-05  5.01808829e-11  1.96399200e-05  5.78488193e-12 
 1.96419200e-05  5.01808829e-11  1.96419200e-05  5.78562500e-12 
 1.96439200e-05  5.01808829e-11  1.96439200e-05  5.78638115e-12 
 1.96459200e-05  5.01808829e-11  1.96459200e-05  5.78715025e-12 
 1.96479200e-05  5.01808829e-11  1.96479200e-05  5.78793216e-12 
 1.96499200e-05  5.01808829e-11  1.96499200e-05  5.78872675e-12 
 1.96519200e-05  5.01808829e-11  1.96519200e-05  5.78953385e-12 
 1.96539200e-05  5.01808829e-11  1.96539200e-05  5.79035332e-12 
 1.96559200e-05  5.01808829e-11  1.96559200e-05  5.79118497e-12 
 1.96579200e-05  5.01808829e-11  1.96579200e-05  5.79202865e-12 
 1.96599200e-05  5.01808829e-11  1.96599200e-05  5.79288415e-12 
 1.96619200e-05  5.01808829e-11  1.96619200e-05  5.79375131e-12 
 1.96639200e-05  5.01808829e-11  1.96639200e-05  5.79462991e-12 
 1.96659200e-05  5.01808829e-11  1.96659200e-05  5.79551975e-12 
 1.96679200e-05  5.01808829e-11  1.96679200e-05  5.79642063e-12 
 1.96699200e-05  5.01808829e-11  1.96699200e-05  5.79733232e-12 
 1.96719200e-05  5.01808829e-11  1.96719200e-05  5.79825459e-12 
 1.96739200e-05  5.01808829e-11  1.96739200e-05  5.79918722e-12 
 1.96759200e-05  5.01808829e-11  1.96759200e-05  5.80012997e-12 
 1.96779200e-05  5.01808829e-11  1.96779200e-05  5.80108258e-12 
 1.96799200e-05  5.01808829e-11  1.96799200e-05  5.80204482e-12 
 1.96819200e-05  5.01808829e-11  1.96819200e-05  5.80301641e-12 
 1.96839200e-05  5.01808829e-11  1.96839200e-05  5.80399711e-12 
 1.96859200e-05  5.01808829e-11  1.96859200e-05  5.80498663e-12 
 1.96879200e-05  5.01808829e-11  1.96879200e-05  5.80598471e-12 
 1.96899200e-05  5.01808829e-11  1.96899200e-05  5.80699106e-12 
 1.96919200e-05  5.01808829e-11  1.96919200e-05  5.80800540e-12 
 1.96939200e-05  5.01808829e-11  1.96939200e-05  5.80902743e-12 
 1.96959200e-05  5.01808829e-11  1.96959200e-05  5.81005687e-12 
 1.96979200e-05  5.01808829e-11  1.96979200e-05  5.81109341e-12 
 1.96999200e-05  5.01808829e-11  1.96999200e-05  5.81213675e-12 
 1.97019200e-05  5.01808829e-11  1.97019200e-05  5.81318658e-12 
 1.97039200e-05  5.01808829e-11  1.97039200e-05  5.81424259e-12 
 1.97059200e-05  5.01808829e-11  1.97059200e-05  5.81530446e-12 
 1.97079200e-05  5.01808829e-11  1.97079200e-05  5.81637186e-12 
 1.97099200e-05  5.01808829e-11  1.97099200e-05  5.81744448e-12 
 1.97119200e-05  5.01808829e-11  1.97119200e-05  5.81852199e-12 
 1.97139200e-05  5.01808829e-11  1.97139200e-05  5.81960405e-12 
 1.97159200e-05  5.01808829e-11  1.97159200e-05  5.82069034e-12 
 1.97179200e-05  5.01808829e-11  1.97179200e-05  5.82178052e-12 
 1.97199200e-05  5.01808829e-11  1.97199200e-05  5.82287425e-12 
 1.97219200e-05  5.01808829e-11  1.97219200e-05  5.82397118e-12 
 1.97239200e-05  5.01808829e-11  1.97239200e-05  5.82507099e-12 
 1.97259200e-05  5.01808829e-11  1.97259200e-05  5.82617331e-12 
 1.97279200e-05  5.01808829e-11  1.97279200e-05  5.82727782e-12 
 1.97299200e-05  5.01808829e-11  1.97299200e-05  5.82838415e-12 
 1.97319200e-05  5.01808829e-11  1.97319200e-05  5.82949196e-12 
 1.97339200e-05  5.01808829e-11  1.97339200e-05  5.83060090e-12 
 1.97359200e-05  5.01808829e-11  1.97359200e-05  5.83171062e-12 
 1.97379200e-05  5.01808829e-11  1.97379200e-05  5.83282077e-12 
 1.97399200e-05  5.01808829e-11  1.97399200e-05  5.83393100e-12 
 1.97419200e-05  5.01808829e-11  1.97419200e-05  5.83504096e-12 
 1.97439200e-05  5.01808829e-11  1.97439200e-05  5.83615029e-12 
 1.97459200e-05  5.01808829e-11  1.97459200e-05  5.83725865e-12 
 1.97479200e-05  5.01808829e-11  1.97479200e-05  5.83836569e-12 
 1.97499200e-05  5.01808829e-11  1.97499200e-05  5.83947106e-12 
 1.97519200e-05  5.01808829e-11  1.97519200e-05  5.84057440e-12 
 1.97539200e-05  5.01808829e-11  1.97539200e-05  5.84167538e-12 
 1.97559200e-05  5.01808829e-11  1.97559200e-05  5.84277364e-12 
 1.97579200e-05  5.01808829e-11  1.97579200e-05  5.84386886e-12 
 1.97599200e-05  5.01808829e-11  1.97599200e-05  5.84496067e-12 
 1.97619200e-05  5.01808829e-11  1.97619200e-05  5.84604875e-12 
 1.97639200e-05  5.01808829e-11  1.97639200e-05  5.84713275e-12 
 1.97659200e-05  5.01808829e-11  1.97659200e-05  5.84821235e-12 
 1.97679200e-05  5.01808829e-11  1.97679200e-05  5.84928720e-12 
 1.97699200e-05  5.01808829e-11  1.97699200e-05  5.85035699e-12 
 1.97719200e-05  5.01808829e-11  1.97719200e-05  5.85142139e-12 
 1.97739200e-05  5.01808829e-11  1.97739200e-05  5.85248007e-12 
 1.97759200e-05  5.01808829e-11  1.97759200e-05  5.85353272e-12 
 1.97779200e-05  5.01808829e-11  1.97779200e-05  5.85457902e-12 
 1.97799200e-05  5.01808829e-11  1.97799200e-05  5.85561866e-12 
 1.97819200e-05  5.01808829e-11  1.97819200e-05  5.85665134e-12 
 1.97839200e-05  5.01808829e-11  1.97839200e-05  5.85767675e-12 
 1.97859200e-05  5.01808829e-11  1.97859200e-05  5.85869460e-12 
 1.97879200e-05  5.01808829e-11  1.97879200e-05  5.85970459e-12 
 1.97899200e-05  5.01808829e-11  1.97899200e-05  5.86070643e-12 
 1.97919200e-05  5.01808829e-11  1.97919200e-05  5.86169985e-12 
 1.97939200e-05  5.01808829e-11  1.97939200e-05  5.86268457e-12 
 1.97959200e-05  5.01808829e-11  1.97959200e-05  5.86366031e-12 
 1.97979200e-05  5.01808829e-11  1.97979200e-05  5.86462681e-12 
 1.97999200e-05  5.01808829e-11  1.97999200e-05  5.86558381e-12 
 1.98019200e-05  5.01808829e-11  1.98019200e-05  5.86653105e-12 
 1.98039200e-05  5.01808829e-11  1.98039200e-05  5.86746829e-12 
 1.98059200e-05  5.01808829e-11  1.98059200e-05  5.86839529e-12 
 1.98079200e-05  5.01808829e-11  1.98079200e-05  5.86931181e-12 
 1.98099200e-05  5.01808829e-11  1.98099200e-05  5.87021762e-12 
 1.98119200e-05  5.01808829e-11  1.98119200e-05  5.87111250e-12 
 1.98139200e-05  5.01808829e-11  1.98139200e-05  5.87199624e-12 
 1.98159200e-05  5.01808829e-11  1.98159200e-05  5.87286862e-12 
 1.98179200e-05  5.01808829e-11  1.98179200e-05  5.87372946e-12 
 1.98199200e-05  5.01808829e-11  1.98199200e-05  5.87457854e-12 
 1.98219200e-05  5.01808829e-11  1.98219200e-05  5.87541570e-12 
 1.98239200e-05  5.01808829e-11  1.98239200e-05  5.87624075e-12 
 1.98259200e-05  5.01808829e-11  1.98259200e-05  5.87705352e-12 
 1.98279200e-05  5.01808829e-11  1.98279200e-05  5.87785384e-12 
 1.98299200e-05  5.01808829e-11  1.98299200e-05  5.87864157e-12 
 1.98319200e-05  5.01808829e-11  1.98319200e-05  5.87941655e-12 
 1.98339200e-05  5.01808829e-11  1.98339200e-05  5.88017865e-12 
 1.98359200e-05  5.01808829e-11  1.98359200e-05  5.88092774e-12 
 1.98379200e-05  5.01808829e-11  1.98379200e-05  5.88166369e-12 
 1.98399200e-05  5.01808829e-11  1.98399200e-05  5.88238638e-12 
 1.98419200e-05  5.01808829e-11  1.98419200e-05  5.88309572e-12 
 1.98439200e-05  5.01808829e-11  1.98439200e-05  5.88379161e-12 
 1.98459200e-05  5.01808829e-11  1.98459200e-05  5.88447396e-12 
 1.98479200e-05  5.01808829e-11  1.98479200e-05  5.88514268e-12 
 1.98499200e-05  5.01808829e-11  1.98499200e-05  5.88579770e-12 
 1.98519200e-05  5.01808829e-11  1.98519200e-05  5.88643897e-12 
 1.98539200e-05  5.01808829e-11  1.98539200e-05  5.88706642e-12 
 1.98559200e-05  5.01808829e-11  1.98559200e-05  5.88768002e-12 
 1.98579200e-05  5.01808829e-11  1.98579200e-05  5.88827972e-12 
 1.98599200e-05  5.01808829e-11  1.98599200e-05  5.88886550e-12 
 1.98619200e-05  5.01808829e-11  1.98619200e-05  5.88943733e-12 
 1.98639200e-05  5.01808829e-11  1.98639200e-05  5.88999521e-12 
 1.98659200e-05  5.01808829e-11  1.98659200e-05  5.89053914e-12 
 1.98679200e-05  5.01808829e-11  1.98679200e-05  5.89106912e-12 
 1.98699200e-05  5.01808829e-11  1.98699200e-05  5.89158517e-12 
 1.98719200e-05  5.01808829e-11  1.98719200e-05  5.89208731e-12 
 1.98739200e-05  5.01808829e-11  1.98739200e-05  5.89257558e-12 
 1.98759200e-05  5.01808829e-11  1.98759200e-05  5.89305002e-12 
 1.98779200e-05  5.01808829e-11  1.98779200e-05  5.89351068e-12 
 1.98799200e-05  5.01808829e-11  1.98799200e-05  5.89395762e-12 
 1.98819200e-05  5.01808829e-11  1.98819200e-05  5.89439091e-12 
 1.98839200e-05  5.01808829e-11  1.98839200e-05  5.89481062e-12 
 1.98859200e-05  5.01808829e-11  1.98859200e-05  5.89521685e-12 
 1.98879200e-05  5.01808829e-11  1.98879200e-05  5.89560968e-12 
 1.98899200e-05  5.01808829e-11  1.98899200e-05  5.89598922e-12 
 1.98919200e-05  5.01808829e-11  1.98919200e-05  5.89635557e-12 
 1.98939200e-05  5.01808829e-11  1.98939200e-05  5.89670887e-12 
 1.98959200e-05  5.01808829e-11  1.98959200e-05  5.89704923e-12 
 1.98979200e-05  5.01808829e-11  1.98979200e-05  5.89737680e-12 
 1.98999200e-05  5.01808829e-11  1.98999200e-05  5.89769171e-12 
 1.99019200e-05  5.01808829e-11  1.99019200e-05  5.89799412e-12 
 1.99039200e-05  5.01808829e-11  1.99039200e-05  5.89828418e-12 
 1.99059200e-05  5.01808829e-11  1.99059200e-05  5.89856207e-12 
 1.99079200e-05  5.01808829e-11  1.99079200e-05  5.89882796e-12 
 1.99099200e-05  5.01808829e-11  1.99099200e-05  5.89908204e-12 
 1.99119200e-05  5.01808829e-11  1.99119200e-05  5.89932449e-12 
 1.99139200e-05  5.01808829e-11  1.99139200e-05  5.89955551e-12 
 1.99159200e-05  5.01808829e-11  1.99159200e-05  5.89977530e-12 
 1.99179200e-05  5.01808829e-11  1.99179200e-05  5.89998409e-12 
 1.99199200e-05  5.01808829e-11  1.99199200e-05  5.90018208e-12 
 1.99219200e-05  5.01808829e-11  1.99219200e-05  5.90036950e-12 
 1.99239200e-05  5.01808829e-11  1.99239200e-05  5.90054659e-12 
 1.99259200e-05  5.01808829e-11  1.99259200e-05  5.90071358e-12 
 1.99279200e-05  5.01808829e-11  1.99279200e-05  5.90087072e-12 
 1.99299200e-05  5.01808829e-11  1.99299200e-05  5.90101826e-12 
 1.99319200e-05  5.01808829e-11  1.99319200e-05  5.90115646e-12 
 1.99339200e-05  5.01808829e-11  1.99339200e-05  5.90128558e-12 
 1.99359200e-05  5.01808829e-11  1.99359200e-05  5.90140590e-12 
 1.99379200e-05  5.01808829e-11  1.99379200e-05  5.90151768e-12 
 1.99399200e-05  5.01808829e-11  1.99399200e-05  5.90162120e-12 
 1.99419200e-05  5.01808829e-11  1.99419200e-05  5.90171676e-12 
 1.99439200e-05  5.01808829e-11  1.99439200e-05  5.90180463e-12 
 1.99459200e-05  5.01808829e-11  1.99459200e-05  5.90188513e-12 
 1.99479200e-05  5.01808829e-11  1.99479200e-05  5.90195854e-12 
 1.99499200e-05  5.01808829e-11  1.99499200e-05  5.90202517e-12 
 1.99519200e-05  5.01808829e-11  1.99519200e-05  5.90208533e-12 
 1.99539200e-05  5.01808829e-11  1.99539200e-05  5.90213933e-12 
 1.99559200e-05  5.01808829e-11  1.99559200e-05  5.90218750e-12 
 1.99579200e-05  5.01808829e-11  1.99579200e-05  5.90223014e-12 
 1.99599200e-05  5.01808829e-11  1.99599200e-05  5.90226758e-12 
 1.99619200e-05  5.01808829e-11  1.99619200e-05  5.90230016e-12 
 1.99639200e-05  5.01808829e-11  1.99639200e-05  5.90232819e-12 
 1.99659200e-05  5.01808829e-11  1.99659200e-05  5.90235202e-12 
 1.99679200e-05  5.01808829e-11  1.99679200e-05  5.90237198e-12 
 1.99699200e-05  5.01808829e-11  1.99699200e-05  5.90238840e-12 
 1.99719200e-05  5.01808829e-11  1.99719200e-05  5.90240163e-12 
 1.99739200e-05  5.01808829e-11  1.99739200e-05  5.90241201e-12 
 1.99759200e-05  5.01808829e-11  1.99759200e-05  5.90241988e-12 
 1.99779200e-05  5.01808829e-11  1.99779200e-05  5.90242559e-12 
 1.99799200e-05  5.01808829e-11  1.99799200e-05  5.90242948e-12 
 1.99819200e-05  5.01808829e-11  1.99819200e-05  5.90243191e-12 
 1.99839200e-05  5.01808829e-11  1.99839200e-05  5.90243322e-12 
 1.99859200e-05  5.01808829e-11  1.99859200e-05  5.90243377e-12 
 1.99879200e-05  5.01808829e-11  1.99879200e-05  5.90243390e-12 
 1.99899200e-05  5.01808829e-11  1.99899200e-05  5.90243396e-12 
 1.99919200e-05  5.01808829e-11  1.99919200e-05  5.90243430e-12 
 1.99939200e-05  5.01808829e-11  1.99939200e-05  5.90243528e-12 
 1.99959200e-05  5.01808829e-11  1.99959200e-05  5.90243724e-12 
 1.99979200e-05  5.01808829e-11  1.99979200e-05  5.90244054e-12 
 1.99999200e-05  5.01808829e-11  1.99999200e-05  5.90244551e-12 
 2.00000000e-05  5.01808829e-11  2.00000000e-05  5.90244575e-12 
