 2.00000000e-11  9.96015936e-01  2.00000000e-11  9.99999984e-01  2.00000000e-11  1.25691682e-07 
 4.00000000e-11  9.92047745e-01  4.00000000e-11  9.99999953e-01  4.00000000e-11  2.51383344e-07 
 8.00000000e-11  9.84142982e-01  8.00000000e-11  9.99999858e-01  8.00000000e-11  5.02766624e-07 
 1.60000000e-10  9.68521665e-01  1.60000000e-10  9.99999478e-01  1.60000000e-10  1.00553288e-06 
 3.20000000e-10  9.38017046e-01  3.20000000e-10  9.99997960e-01  3.20000000e-10  2.01106367e-06 
 6.40000000e-10  8.79845446e-01  6.40000000e-10  9.99991889e-01  6.40000000e-10  4.02211459e-06 
 1.28000000e-09  7.73999377e-01  1.28000000e-09  9.99967605e-01  1.28000000e-09  8.04414325e-06 
 2.00000000e-09  6.70029312e-01  2.00000000e-09  9.99920934e-01  2.00000000e-09  1.25687456e-05 
 2.12800000e-09  6.53304711e-01  2.12800000e-09  9.99910169e-01  2.12800000e-09  1.33730895e-05 
 2.38400000e-09  6.20690435e-01  2.38400000e-09  9.99887342e-01  2.38400000e-09  1.49817575e-05 
 2.89600000e-09  5.60227440e-01  2.89600000e-09  9.99833919e-01  2.89600000e-09  1.81989632e-05 
 3.92000000e-09  4.56150354e-01  3.92000000e-09  9.99695996e-01  3.92000000e-09  2.46327278e-05 
 5.92000000e-09  3.04100236e-01  5.92000000e-09  9.99307140e-01  5.92000000e-09  3.71952443e-05 
 7.92000000e-09  2.02733491e-01  7.92000000e-09  9.98760304e-01  7.92000000e-09  4.97517226e-05 
 9.92000000e-09  1.35155660e-01  9.92000000e-09  9.98055575e-01  9.92000000e-09  6.23001775e-05 
 1.19200000e-08  9.01037736e-02  1.19200000e-08  9.97193067e-01  1.19200000e-08  7.48386252e-05 
 1.39200000e-08  6.00691824e-02  1.39200000e-08  9.96172918e-01  1.39200000e-08  8.73650838e-05 
 1.59200000e-08  4.00461216e-02  1.59200000e-08  9.94995291e-01  1.59200000e-08  9.98775729e-05 
 1.79200000e-08  2.66974144e-02  1.79200000e-08  9.93660375e-01  1.79200000e-08  1.12374114e-04 
 1.99200000e-08  1.77982763e-02  1.99200000e-08  9.92168382e-01  1.99200000e-08  1.24852733e-04 
 2.19200000e-08  1.18655175e-02  2.19200000e-08  9.90519551e-01  2.19200000e-08  1.37311456e-04 
 2.39200000e-08  7.91034501e-03  2.39200000e-08  9.88714143e-01  2.39200000e-08  1.49748315e-04 
 2.59200000e-08  5.27356334e-03  2.59200000e-08  9.86752447e-01  2.59200000e-08  1.62161342e-04 
 2.79200000e-08  3.51570889e-03  2.79200000e-08  9.84634775e-01  2.79200000e-08  1.74548577e-04 
 2.99200000e-08  2.34380593e-03  2.99200000e-08  9.82361463e-01  2.99200000e-08  1.86908060e-04 
 3.19200000e-08  1.56253729e-03  3.19200000e-08  9.79932872e-01  3.19200000e-08  1.99237839e-04 
 3.39200000e-08  1.04169152e-03  3.39200000e-08  9.77349389e-01  3.39200000e-08  2.11535964e-04 
 3.59200000e-08  6.94461016e-04  3.59200000e-08  9.74611424e-01  3.59200000e-08  2.23800492e-04 
 3.79200000e-08  4.62974011e-04  3.79200000e-08  9.71719412e-01  3.79200000e-08  2.36029483e-04 
 3.99200000e-08  3.08649340e-04  3.99200000e-08  9.68673811e-01  3.99200000e-08  2.48221006e-04 
 4.19200000e-08  2.05766227e-04  4.19200000e-08  9.65475106e-01  4.19200000e-08  2.60373133e-04 
 4.39200000e-08  1.37177485e-04  4.39200000e-08  9.62123803e-01  4.39200000e-08  2.72483943e-04 
 4.59200000e-08  9.14516564e-05  4.59200000e-08  9.58620436e-01  4.59200000e-08  2.84551523e-04 
 4.79200000e-08  6.09677710e-05  4.79200000e-08  9.54965558e-01  4.79200000e-08  2.96573965e-04 
 4.99200000e-08  4.06451806e-05  4.99200000e-08  9.51159751e-01  4.99200000e-08  3.08549368e-04 
 5.19200000e-08  2.70967871e-05  5.19200000e-08  9.47203618e-01  5.19200000e-08  3.20475841e-04 
 5.39200000e-08  1.80645247e-05  5.39200000e-08  9.43097786e-01  5.39200000e-08  3.32351498e-04 
 5.59200000e-08  1.20430165e-05  5.59200000e-08  9.38842905e-01  5.59200000e-08  3.44174463e-04 
 5.79200000e-08  8.02867766e-06  5.79200000e-08  9.34439652e-01  5.79200000e-08  3.55942866e-04 
 5.99200000e-08  5.35245177e-06  5.99200000e-08  9.29888723e-01  5.99200000e-08  3.67654849e-04 
 6.19200000e-08  3.56830118e-06  6.19200000e-08  9.25190840e-01  6.19200000e-08  3.79308559e-04 
 6.39200000e-08  2.37886745e-06  6.39200000e-08  9.20346747e-01  6.39200000e-08  3.90902157e-04 
 6.59200000e-08  1.58591164e-06  6.59200000e-08  9.15357213e-01  6.59200000e-08  4.02433809e-04 
 6.79200000e-08  1.05727442e-06  6.79200000e-08  9.10223027e-01  6.79200000e-08  4.13901692e-04 
 6.99200000e-08  7.04849616e-07  6.99200000e-08  9.04945004e-01  6.99200000e-08  4.25303996e-04 
 7.19200000e-08  4.69899744e-07  7.19200000e-08  8.99523979e-01  7.19200000e-08  4.36638918e-04 
 7.39200000e-08  3.13266496e-07  7.39200000e-08  8.93960812e-01  7.39200000e-08  4.47904666e-04 
 7.59200000e-08  2.08844331e-07  7.59200000e-08  8.88256384e-01  7.59200000e-08  4.59099462e-04 
 7.79200000e-08  1.39229554e-07  7.79200000e-08  8.82411598e-01  7.79200000e-08  4.70221535e-04 
 7.99200000e-08  9.28197025e-08  7.99200000e-08  8.76427380e-01  7.99200000e-08  4.81269128e-04 
 8.19200000e-08  6.18798017e-08  8.19200000e-08  8.70304677e-01  8.19200000e-08  4.92240496e-04 
 8.39200000e-08  4.12532011e-08  8.39200000e-08  8.64044461e-01  8.39200000e-08  5.03133905e-04 
 8.59200000e-08  2.75021341e-08  8.59200000e-08  8.57647722e-01  8.59200000e-08  5.13947634e-04 
 8.79200000e-08  1.83347561e-08  8.79200000e-08  8.51115473e-01  8.79200000e-08  5.24679974e-04 
 8.99200000e-08  1.22231707e-08  8.99200000e-08  8.44448748e-01  8.99200000e-08  5.35329230e-04 
 9.19200000e-08  8.14878047e-09  9.19200000e-08  8.37648604e-01  9.19200000e-08  5.45893718e-04 
 9.39200000e-08  5.43252031e-09  9.39200000e-08  8.30716117e-01  9.39200000e-08  5.56371771e-04 
 9.59200000e-08  3.62168021e-09  9.59200000e-08  8.23652384e-01  9.59200000e-08  5.66761732e-04 
 9.79200000e-08  2.41445347e-09  9.79200000e-08  8.16458524e-01  9.79200000e-08  5.77061960e-04 
 9.99200000e-08  1.60963565e-09  9.99200000e-08  8.09135676e-01  9.99200000e-08  5.87270827e-04 
 1.01920000e-07  1.07309043e-09  1.01920000e-07  8.01685000e-01  1.01920000e-07  5.97386722e-04 
 1.03920000e-07  7.15393621e-10  1.03920000e-07  7.94107674e-01  1.03920000e-07  6.07408045e-04 
 1.05920000e-07  4.76929081e-10  1.05920000e-07  7.86404899e-01  1.05920000e-07  6.17333213e-04 
 1.07920000e-07  3.17952721e-10  1.07920000e-07  7.78577894e-01  1.07920000e-07  6.27160660e-04 
 1.09920000e-07  2.11968480e-10  1.09920000e-07  7.70627897e-01  1.09920000e-07  6.36888831e-04 
 1.11920000e-07  1.41312320e-10  1.11920000e-07  7.62556167e-01  1.11920000e-07  6.46516191e-04 
 1.13920000e-07  9.42082135e-11  1.13920000e-07  7.54363982e-01  1.13920000e-07  6.56041218e-04 
 1.15920000e-07  6.28054757e-11  1.15920000e-07  7.46052639e-01  1.15920000e-07  6.65462409e-04 
 1.17920000e-07  4.18703171e-11  1.17920000e-07  7.37623452e-01  1.17920000e-07  6.74778275e-04 
 1.19920000e-07  2.79135447e-11  1.19920000e-07  7.29077756e-01  1.19920000e-07  6.83987344e-04 
 1.21920000e-07  1.86090298e-11  1.21920000e-07  7.20416904e-01  1.21920000e-07  6.93088162e-04 
 1.23920000e-07  1.24060199e-11  1.23920000e-07  7.11642266e-01  1.23920000e-07  7.02079291e-04 
 1.25920000e-07  8.27067992e-12  1.25920000e-07  7.02755231e-01  1.25920000e-07  7.10959312e-04 
 1.27920000e-07  5.51378662e-12  1.27920000e-07  6.93757205e-01  1.27920000e-07  7.19726822e-04 
 1.29920000e-07  3.67585774e-12  1.29920000e-07  6.84649612e-01  1.29920000e-07  7.28380436e-04 
 1.31920000e-07  2.45057183e-12  1.31920000e-07  6.75433894e-01  1.31920000e-07  7.36918788e-04 
 1.33920000e-07  1.63371455e-12  1.33920000e-07  6.66111508e-01  1.33920000e-07  7.45340528e-04 
 1.35920000e-07  1.08914304e-12  1.35920000e-07  6.56683930e-01  1.35920000e-07  7.53644328e-04 
 1.37920000e-07  7.26095357e-13  1.37920000e-07  6.47152652e-01  1.37920000e-07  7.61828876e-04 
 1.39920000e-07  4.84063571e-13  1.39920000e-07  6.37519182e-01  1.39920000e-07  7.69892879e-04 
 1.41920000e-07  3.22709047e-13  1.41920000e-07  6.27785044e-01  1.41920000e-07  7.77835064e-04 
 1.43920000e-07  2.15139365e-13  1.43920000e-07  6.17951778e-01  1.43920000e-07  7.85654177e-04 
 1.45920000e-07  1.43426243e-13  1.45920000e-07  6.08020941e-01  1.45920000e-07  7.93348984e-04 
 1.47920000e-07  9.56174955e-14  1.47920000e-07  5.97994103e-01  1.47920000e-07  8.00918268e-04 
 1.49920000e-07  6.37449970e-14  1.49920000e-07  5.87872851e-01  1.49920000e-07  8.08360836e-04 
 1.51920000e-07  4.24966647e-14  1.51920000e-07  5.77658785e-01  1.51920000e-07  8.15675512e-04 
 1.53920000e-07  2.83311098e-14  1.53920000e-07  5.67353523e-01  1.53920000e-07  8.22861142e-04 
 1.55920000e-07  1.88874065e-14  1.55920000e-07  5.56958695e-01  1.55920000e-07  8.29916591e-04 
 1.57920000e-07  1.25916044e-14  1.57920000e-07  5.46475944e-01  1.57920000e-07  8.36840745e-04 
 1.59920000e-07  8.39440290e-15  1.59920000e-07  5.35906930e-01  1.59920000e-07  8.43632511e-04 
 1.61920000e-07  5.59626860e-15  1.61920000e-07  5.25253324e-01  1.61920000e-07  8.50290817e-04 
 1.63920000e-07  3.73084573e-15  1.63920000e-07  5.14516812e-01  1.63920000e-07  8.56814612e-04 
 1.65920000e-07  2.48723049e-15  1.65920000e-07  5.03699092e-01  1.65920000e-07  8.63202867e-04 
 1.67920000e-07  1.65815366e-15  1.67920000e-07  4.92801876e-01  1.67920000e-07  8.69454573e-04 
 1.69920000e-07  1.10543577e-15  1.69920000e-07  4.81826886e-01  1.69920000e-07  8.75568744e-04 
 1.71920000e-07  7.36957182e-16  1.71920000e-07  4.70775860e-01  1.71920000e-07  8.81544414e-04 
 1.73920000e-07  4.91304788e-16  1.73920000e-07  4.59650545e-01  1.73920000e-07  8.87380641e-04 
 1.75920000e-07  3.27536525e-16  1.75920000e-07  4.48452702e-01  1.75920000e-07  8.93076503e-04 
 1.77920000e-07  2.18357684e-16  1.77920000e-07  4.37184100e-01  1.77920000e-07  8.98631103e-04 
 1.79920000e-07  1.45571789e-16  1.79920000e-07  4.25846524e-01  1.79920000e-07  9.04043563e-04 
 1.81920000e-07  9.70478594e-17  1.81920000e-07  4.14441765e-01  1.81920000e-07  9.09313030e-04 
 1.83920000e-07  6.46985729e-17  1.83920000e-07  4.02971629e-01  1.83920000e-07  9.14438672e-04 
 1.85920000e-07  4.31323819e-17  1.85920000e-07  3.91437929e-01  1.85920000e-07  9.19419682e-04 
 1.87920000e-07  2.87549213e-17  1.87920000e-07  3.79842489e-01  1.87920000e-07  9.24255272e-04 
 1.89920000e-07  1.91699475e-17  1.89920000e-07  3.68187143e-01  1.89920000e-07  9.28944682e-04 
 1.91920000e-07  1.27799650e-17  1.91920000e-07  3.56473735e-01  1.91920000e-07  9.33487170e-04 
 1.93920000e-07  8.51997668e-18  1.93920000e-07  3.44704118e-01  1.93920000e-07  9.37882021e-04 
 1.95920000e-07  5.67998445e-18  1.95920000e-07  3.32880152e-01  1.95920000e-07  9.42128542e-04 
 1.97920000e-07  3.78665630e-18  1.97920000e-07  3.21003708e-01  1.97920000e-07  9.46226063e-04 
 1.99920000e-07  2.52443753e-18  1.99920000e-07  3.09076664e-01  1.99920000e-07  9.50173938e-04 
 2.01920000e-07  1.68295836e-18  2.01920000e-07  2.97100906e-01  2.01920000e-07  9.53971546e-04 
 2.03920000e-07  1.12197224e-18  2.03920000e-07  2.85078328e-01  2.03920000e-07  9.57618287e-04 
 2.05920000e-07  7.47981492e-19  2.05920000e-07  2.73010832e-01  2.05920000e-07  9.61113588e-04 
 2.07920000e-07  4.98654328e-19  2.07920000e-07  2.60900326e-01  2.07920000e-07  9.64456896e-04 
 2.09920000e-07  3.32436219e-19  2.09920000e-07  2.48748725e-01  2.09920000e-07  9.67647687e-04 
 2.11920000e-07  2.21624146e-19  2.11920000e-07  2.36557950e-01  2.11920000e-07  9.70685456e-04 
 2.13920000e-07  1.47749430e-19  2.13920000e-07  2.24329930e-01  2.13920000e-07  9.73569726e-04 
 2.15920000e-07  9.84996203e-20  2.15920000e-07  2.12066599e-01  2.15920000e-07  9.76300043e-04 
 2.17920000e-07  6.56664135e-20  2.17920000e-07  1.99769894e-01  2.17920000e-07  9.78875977e-04 
 2.19920000e-07  4.37776090e-20  2.19920000e-07  1.87441761e-01  2.19920000e-07  9.81297123e-04 
 2.21920000e-07  2.91850727e-20  2.21920000e-07  1.75084150e-01  2.21920000e-07  9.83563099e-04 
 2.23920000e-07  1.94567151e-20  2.23920000e-07  1.62699014e-01  2.23920000e-07  9.85673551e-04 
 2.25920000e-07  1.29711434e-20  2.25920000e-07  1.50288311e-01  2.25920000e-07  9.87628145e-04 
 2.27920000e-07  8.64742894e-21  2.27920000e-07  1.37854005e-01  2.27920000e-07  9.89426575e-04 
 2.29920000e-07  5.76495263e-21  2.29920000e-07  1.25398061e-01  2.29920000e-07  9.91068558e-04 
 2.31920000e-07  3.84330175e-21  2.31920000e-07  1.12922448e-01  2.31920000e-07  9.92553837e-04 
 2.33920000e-07  2.56220117e-21  2.33920000e-07  1.00429140e-01  2.33920000e-07  9.93882179e-04 
 2.35920000e-07  1.70813411e-21  2.35920000e-07  8.79201111e-02  2.35920000e-07  9.95053377e-04 
 2.37920000e-07  1.13875607e-21  2.37920000e-07  7.53973399e-02  2.37920000e-07  9.96067246e-04 
 2.39920000e-07  7.59170717e-22  2.39920000e-07  6.28628061e-02  2.39920000e-07  9.96923628e-04 
 2.41920000e-07  5.06113811e-22  2.41920000e-07  5.03184915e-02  2.41920000e-07  9.97622391e-04 
 2.43920000e-07  3.37409207e-22  2.43920000e-07  3.77663795e-02  2.43920000e-07  9.98163425e-04 
 2.45920000e-07  2.24939472e-22  2.45920000e-07  2.52084545e-02  2.45920000e-07  9.98546647e-04 
 2.47920000e-07  1.49959648e-22  2.47920000e-07  1.26467020e-02  2.47920000e-07  9.98771999e-04 
 2.49920000e-07  9.99730985e-23  2.49920000e-07  8.31079849e-05  2.49920000e-07  9.98839446e-04 
 2.51920000e-07  6.66487323e-23  2.51920000e-07 -1.24803412e-02  2.51920000e-07  9.98748981e-04 
 2.53920000e-07  4.44324882e-23  2.53920000e-07 -2.50416595e-02  2.53920000e-07  9.98500619e-04 
 2.55920000e-07  2.96216588e-23  2.55920000e-07 -3.75988609e-02  2.55920000e-07  9.98094401e-04 
 2.57920000e-07  1.97477725e-23  2.57920000e-07 -5.01499602e-02  2.57920000e-07  9.97530395e-04 
 2.59920000e-07  1.31651817e-23  2.59920000e-07 -6.26929733e-02  2.59920000e-07  9.96808690e-04 
 2.61920000e-07  8.77678779e-24  2.61920000e-07 -7.52259173e-02  2.61920000e-07  9.95929403e-04 
 2.63920000e-07  5.85119186e-24  2.63920000e-07 -8.77468109e-02  2.63920000e-07  9.94892676e-04 
 2.65920000e-07  3.90079458e-24  2.65920000e-07 -1.00253675e-01  2.65920000e-07  9.93698674e-04 
 2.67920000e-07  2.60052972e-24  2.67920000e-07 -1.12744532e-01  2.67920000e-07  9.92347587e-04 
 2.69920000e-07  1.73368648e-24  2.69920000e-07 -1.25217407e-01  2.69920000e-07  9.90839631e-04 
 2.71920000e-07  1.15579099e-24  2.71920000e-07 -1.37670330e-01  2.71920000e-07  9.89175047e-04 
 2.73920000e-07  7.70527324e-25  2.73920000e-07 -1.50101331e-01  2.73920000e-07  9.87354100e-04 
 2.75920000e-07  5.13684882e-25  2.75920000e-07 -1.62508445e-01  2.75920000e-07  9.85377080e-04 
 2.77920000e-07  3.42456588e-25  2.77920000e-07 -1.74889712e-01  2.77920000e-07  9.83244300e-04 
 2.79920000e-07  2.28304392e-25  2.79920000e-07 -1.87243173e-01  2.79920000e-07  9.80956101e-04 
 2.81920000e-07  1.52202928e-25  2.81920000e-07 -1.99566877e-01  2.81920000e-07  9.78512846e-04 
 2.83920000e-07  1.01468619e-25  2.83920000e-07 -2.11858876e-01  2.83920000e-07  9.75914923e-04 
 2.85920000e-07  6.76457458e-26  2.85920000e-07 -2.24117226e-01  2.85920000e-07  9.73162745e-04 
 2.87920000e-07  4.50971639e-26  2.87920000e-07 -2.36339990e-01  2.87920000e-07  9.70256749e-04 
 2.89920000e-07  3.00647759e-26  2.89920000e-07 -2.48525236e-01  2.89920000e-07  9.67197396e-04 
 2.91920000e-07  2.00431839e-26  2.91920000e-07 -2.60671039e-01  2.91920000e-07  9.63985172e-04 
 2.93920000e-07  1.33621226e-26  2.93920000e-07 -2.72775477e-01  2.93920000e-07  9.60620587e-04 
 2.95920000e-07  8.90808175e-27  2.95920000e-07 -2.84836639e-01  2.95920000e-07  9.57104174e-04 
 2.97920000e-07  5.93872117e-27  2.97920000e-07 -2.96852618e-01  2.97920000e-07  9.53436492e-04 
 2.99920000e-07  3.95914745e-27  2.99920000e-07 -3.08821515e-01  2.99920000e-07  9.49618121e-04 
 3.01920000e-07  2.63943163e-27  3.01920000e-07 -3.20741439e-01  3.01920000e-07  9.45649668e-04 
 3.03920000e-07  1.75962109e-27  3.03920000e-07 -3.32610504e-01  3.03920000e-07  9.41531762e-04 
 3.05920000e-07  1.17308072e-27  3.05920000e-07 -3.44426836e-01  3.05920000e-07  9.37265056e-04 
 3.07920000e-07  7.82053817e-28  3.07920000e-07 -3.56188568e-01  3.07920000e-07  9.32850226e-04 
 3.09920000e-07  5.21369211e-28  3.09920000e-07 -3.67893839e-01  3.09920000e-07  9.28287972e-04 
 3.11920000e-07  3.47579474e-28  3.11920000e-07 -3.79540802e-01  3.11920000e-07  9.23579018e-04 
 3.13920000e-07  2.31719649e-28  3.13920000e-07 -3.91127614e-01  3.13920000e-07  9.18724108e-04 
 3.15920000e-07  1.54479766e-28  3.15920000e-07 -4.02652445e-01  3.15920000e-07  9.13724014e-04 
 3.17920000e-07  1.02986511e-28  3.17920000e-07 -4.14113473e-01  3.17920000e-07  9.08579527e-04 
 3.19920000e-07  6.86576739e-29  3.19920000e-07 -4.25508888e-01  3.19920000e-07  9.03291462e-04 
 3.21920000e-07  4.57717826e-29  3.21920000e-07 -4.36836889e-01  3.21920000e-07  8.97860657e-04 
 3.23920000e-07  3.05145217e-29  3.23920000e-07 -4.48095685e-01  3.23920000e-07  8.92287973e-04 
 3.25920000e-07  2.03430145e-29  3.25920000e-07 -4.59283498e-01  3.25920000e-07  8.86574292e-04 
 3.27920000e-07  1.35620097e-29  3.27920000e-07 -4.70398560e-01  3.27920000e-07  8.80720519e-04 
 3.29920000e-07  9.04133977e-30  3.29920000e-07 -4.81439114e-01  3.29920000e-07  8.74727582e-04 
 3.31920000e-07  6.02755985e-30  3.31920000e-07 -4.92403416e-01  3.31920000e-07  8.68596430e-04 
 3.33920000e-07  4.01837323e-30  3.33920000e-07 -5.03289734e-01  3.33920000e-07  8.62328034e-04 
 3.35920000e-07  2.67891549e-30  3.35920000e-07 -5.14096346e-01  3.35920000e-07  8.55923386e-04 
 3.37920000e-07  1.78594366e-30  3.37920000e-07 -5.24821547e-01  3.37920000e-07  8.49383501e-04 
 3.39920000e-07  1.19062911e-30  3.39920000e-07 -5.35463641e-01  3.39920000e-07  8.42709414e-04 
 3.41920000e-07  7.93752737e-31  3.41920000e-07 -5.46020946e-01  3.41920000e-07  8.35902183e-04 
 3.43920000e-07  5.29168491e-31  3.43920000e-07 -5.56491796e-01  3.43920000e-07  8.28962885e-04 
 3.45920000e-07  3.52778994e-31  3.45920000e-07 -5.66874535e-01  3.45920000e-07  8.21892619e-04 
 3.47920000e-07  2.35185996e-31  3.47920000e-07 -5.77167523e-01  3.47920000e-07  8.14692504e-04 
 3.49920000e-07  1.56790664e-31  3.49920000e-07 -5.87369134e-01  3.49920000e-07  8.07363681e-04 
 3.51920000e-07  1.04527109e-31  3.51920000e-07 -5.97477757e-01  3.51920000e-07  7.99907309e-04 
 3.53920000e-07  6.96847396e-32  3.53920000e-07 -6.07491794e-01  3.53920000e-07  7.92324569e-04 
 3.55920000e-07  4.64564931e-32  3.55920000e-07 -6.17409663e-01  3.55920000e-07  7.84616661e-04 
 3.57920000e-07  3.09709954e-32  3.57920000e-07 -6.27229798e-01  3.57920000e-07  7.76784806e-04 
 3.59920000e-07  2.06473303e-32  3.59920000e-07 -6.36950647e-01  3.59920000e-07  7.68830243e-04 
 3.61920000e-07  1.37648868e-32  3.61920000e-07 -6.46570676e-01  3.61920000e-07  7.60754231e-04 
 3.63920000e-07  9.17659122e-33  3.63920000e-07 -6.56088363e-01  3.63920000e-07  7.52558049e-04 
 3.65920000e-07  6.11772748e-33  3.65920000e-07 -6.65502206e-01  3.65920000e-07  7.44242994e-04 
 3.67920000e-07  4.07848499e-33  3.67920000e-07 -6.74810718e-01  3.67920000e-07  7.35810382e-04 
 3.69920000e-07  2.71898999e-33  3.69920000e-07 -6.84012428e-01  3.69920000e-07  7.27261548e-04 
 3.71920000e-07  1.81265999e-33  3.71920000e-07 -6.93105883e-01  3.71920000e-07  7.18597844e-04 
 3.73920000e-07  1.20844000e-33  3.73920000e-07 -7.02089647e-01  3.73920000e-07  7.09820642e-04 
 3.75920000e-07  8.05626664e-34  3.75920000e-07 -7.10962301e-01  3.75920000e-07  7.00931331e-04 
 3.77920000e-07  5.37084443e-34  3.77920000e-07 -7.19722444e-01  3.77920000e-07  6.91931318e-04 
 3.79920000e-07  3.58056295e-34  3.79920000e-07 -7.28368691e-01  3.79920000e-07  6.82822026e-04 
 3.81920000e-07  2.38704197e-34  3.81920000e-07 -7.36899678e-01  3.81920000e-07  6.73604898e-04 
 3.83920000e-07  1.59136131e-34  3.83920000e-07 -7.45314057e-01  3.83920000e-07  6.64281392e-04 
 3.85920000e-07  1.06090754e-34  3.85920000e-07 -7.53610500e-01  3.85920000e-07  6.54852983e-04 
 3.87920000e-07  7.07271694e-35  3.87920000e-07 -7.61787696e-01  3.87920000e-07  6.45321163e-04 
 3.89920000e-07  4.71514463e-35  3.89920000e-07 -7.69844354e-01  3.89920000e-07  6.35687441e-04 
 3.91920000e-07  3.14342975e-35  3.91920000e-07 -7.77779201e-01  3.91920000e-07  6.25953340e-04 
 3.93920000e-07  2.09561984e-35  3.93920000e-07 -7.85590986e-01  3.93920000e-07  6.16120401e-04 
 3.95920000e-07  1.39707989e-35  3.95920000e-07 -7.93278474e-01  3.95920000e-07  6.06190180e-04 
 3.97920000e-07  9.31386593e-36  3.97920000e-07 -8.00840451e-01  3.97920000e-07  5.96164248e-04 
 3.99920000e-07  6.20924396e-36  3.99920000e-07 -8.08275725e-01  3.99920000e-07  5.86044191e-04 
 4.01920000e-07  4.13949597e-36  4.01920000e-07 -8.15583120e-01  4.01920000e-07  5.75831610e-04 
 4.03920000e-07  2.75966398e-36  4.03920000e-07 -8.22761483e-01  4.03920000e-07  5.65528122e-04 
 4.05920000e-07  1.83977599e-36  4.05920000e-07 -8.29809681e-01  4.05920000e-07  5.55135355e-04 
 4.07920000e-07  1.22651732e-36  4.07920000e-07 -8.36726601e-01  4.07920000e-07  5.44654954e-04 
 4.09920000e-07  8.17678216e-37  4.09920000e-07 -8.43511151e-01  4.09920000e-07  5.34088578e-04 
 4.11920000e-07  5.45118811e-37  4.11920000e-07 -8.50162261e-01  4.11920000e-07  5.23437897e-04 
 4.13920000e-07  3.63412541e-37  4.13920000e-07 -8.56678881e-01  4.13920000e-07  5.12704597e-04 
 4.15920000e-07  2.42275027e-37  4.15920000e-07 -8.63059981e-01  4.15920000e-07  5.01890376e-04 
 4.17920000e-07  1.61516685e-37  4.17920000e-07 -8.69304555e-01  4.17920000e-07  4.90996944e-04 
 4.19920000e-07  1.07677790e-37  4.19920000e-07 -8.75411618e-01  4.19920000e-07  4.80026024e-04 
 4.21920000e-07  7.17851932e-38  4.21920000e-07 -8.81380205e-01  4.21920000e-07  4.68979353e-04 
 4.23920000e-07  4.78567955e-38  4.23920000e-07 -8.87209375e-01  4.23920000e-07  4.57858676e-04 
 4.25920000e-07  3.19045303e-38  4.25920000e-07 -8.92898208e-01  4.25920000e-07  4.46665754e-04 
 4.27920000e-07  2.12696869e-38  4.27920000e-07 -8.98445806e-01  4.27920000e-07  4.35402357e-04 
 4.29920000e-07  1.41797913e-38  4.29920000e-07 -9.03851295e-01  4.29920000e-07  4.24070267e-04 
 4.31920000e-07  9.45319417e-39  4.31920000e-07 -9.09113820e-01  4.31920000e-07  4.12671275e-04 
 4.33920000e-07  6.30212945e-39  4.33920000e-07 -9.14232553e-01  4.33920000e-07  4.01207185e-04 
 4.35920000e-07  4.20141963e-39  4.35920000e-07 -9.19206685e-01  4.35920000e-07  3.89679809e-04 
 4.37920000e-07  2.80094642e-39  4.37920000e-07 -9.24035432e-01  4.37920000e-07  3.78090973e-04 
 4.39920000e-07  1.86729761e-39  4.39920000e-07 -9.28718032e-01  4.39920000e-07  3.66442507e-04 
 4.41920000e-07  1.24486508e-39  4.41920000e-07 -9.33253748e-01  4.41920000e-07  3.54736255e-04 
 4.43920000e-07  8.29910050e-40  4.43920000e-07 -9.37641863e-01  4.43920000e-07  3.42974067e-04 
 4.45920000e-07  5.53273367e-40  4.45920000e-07 -9.41881686e-01  4.45920000e-07  3.31157805e-04 
 4.47920000e-07  3.68848911e-40  4.47920000e-07 -9.45972549e-01  4.47920000e-07  3.19289337e-04 
 4.49920000e-07  2.45899274e-40  4.49920000e-07 -9.49913806e-01  4.49920000e-07  3.07370540e-04 
 4.51920000e-07  1.63932849e-40  4.51920000e-07 -9.53704836e-01  4.51920000e-07  2.95403299e-04 
 4.53920000e-07  1.09288566e-40  4.53920000e-07 -9.57345042e-01  4.53920000e-07  2.83389506e-04 
 4.55920000e-07  7.28590442e-41  4.55920000e-07 -9.60833851e-01  4.55920000e-07  2.71331061e-04 
 4.57920000e-07  4.85726961e-41  4.57920000e-07 -9.64170712e-01  4.57920000e-07  2.59229872e-04 
 4.59920000e-07  3.23817974e-41  4.59920000e-07 -9.67355100e-01  4.59920000e-07  2.47087852e-04 
 4.61920000e-07  2.15878649e-41  4.61920000e-07 -9.70386514e-01  4.61920000e-07  2.34906921e-04 
 4.63920000e-07  1.43919100e-41  4.63920000e-07 -9.73264476e-01  4.63920000e-07  2.22689006e-04 
 4.65920000e-07  9.59460664e-42  4.65920000e-07 -9.75988533e-01  4.65920000e-07  2.10436037e-04 
 4.67920000e-07  6.39640443e-42  4.67920000e-07 -9.78558256e-01  4.67920000e-07  1.98149954e-04 
 4.69920000e-07  4.26426962e-42  4.69920000e-07 -9.80973241e-01  4.69920000e-07  1.85832699e-04 
 4.71920000e-07  2.84284641e-42  4.71920000e-07 -9.83233109e-01  4.71920000e-07  1.73486219e-04 
 4.73920000e-07  1.89523094e-42  4.73920000e-07 -9.85337503e-01  4.73920000e-07  1.61112467e-04 
 4.75920000e-07  1.26348729e-42  4.75920000e-07 -9.87286093e-01  4.75920000e-07  1.48713399e-04 
 4.77920000e-07  8.42324863e-43  4.77920000e-07 -9.89078574e-01  4.77920000e-07  1.36290976e-04 
 4.79920000e-07  5.61549909e-43  4.79920000e-07 -9.90714662e-01  4.79920000e-07  1.23847163e-04 
 4.81920000e-07  3.74366606e-43  4.81920000e-07 -9.92194103e-01  4.81920000e-07  1.11383926e-04 
 4.83920000e-07  2.49577737e-43  4.83920000e-07 -9.93516664e-01  4.83920000e-07  9.89032359e-05 
 4.85920000e-07  1.66385158e-43  4.85920000e-07 -9.94682138e-01  4.85920000e-07  8.64070670e-05 
 4.87920000e-07  1.10923439e-43  4.87920000e-07 -9.95690342e-01  4.87920000e-07  7.38973946e-05 
 4.89920000e-07  7.39489592e-44  4.89920000e-07 -9.96541119e-01  4.89920000e-07  6.13761965e-05 
 4.91920000e-07  4.92993061e-44  4.91920000e-07 -9.97234337e-01  4.91920000e-07  4.88454525e-05 
 4.93920000e-07  3.28662041e-44  4.93920000e-07 -9.97769888e-01  4.93920000e-07  3.63071438e-05 
 4.95920000e-07  2.19108027e-44  4.95920000e-07 -9.98147689e-01  4.95920000e-07  2.37632527e-05 
 4.97920000e-07  1.46072018e-44  4.97920000e-07 -9.98367683e-01  4.97920000e-07  1.12157623e-05 
 4.99920000e-07  9.73813454e-45  4.99920000e-07 -9.98429837e-01  4.99920000e-07 -1.33334349e-06 
 5.01920000e-07  6.49208969e-45  5.01920000e-07 -9.98334142e-01  5.01920000e-07 -1.38820808e-05 
 5.03920000e-07  4.32805980e-45  5.03920000e-07 -9.98080617e-01  5.03920000e-07 -2.64284656e-05 
 5.05920000e-07  2.88537320e-45  5.05920000e-07 -9.97669302e-01  5.05920000e-07 -3.89705146e-05 
 5.07920000e-07  1.92358213e-45  5.07920000e-07 -9.97100266e-01  5.07920000e-07 -5.15062449e-05 
 5.09920000e-07  1.28238809e-45  5.09920000e-07 -9.96373600e-01  5.09920000e-07 -6.40336747e-05 
 5.11920000e-07  8.54925392e-46  5.11920000e-07 -9.95489421e-01  5.11920000e-07 -7.65508236e-05 
 5.13920000e-07  5.69950261e-46  5.13920000e-07 -9.94447870e-01  5.13920000e-07 -8.90557128e-05 
 5.15920000e-07  3.79966841e-46  5.15920000e-07 -9.93249115e-01  5.15920000e-07 -1.01546366e-04 
 5.17920000e-07  2.53311227e-46  5.17920000e-07 -9.91893347e-01  5.17920000e-07 -1.14020807e-04 
 5.19920000e-07  1.68874151e-46  5.19920000e-07 -9.90380781e-01  5.19920000e-07 -1.26477066e-04 
 5.21920000e-07  1.12582768e-46  5.21920000e-07 -9.88711660e-01  5.21920000e-07 -1.38913173e-04 
 5.23920000e-07  7.50551784e-47  5.23920000e-07 -9.86886249e-01  5.23920000e-07 -1.51327162e-04 
 5.25920000e-07  5.00367856e-47  5.25920000e-07 -9.84904839e-01  5.25920000e-07 -1.63717071e-04 
 5.27920000e-07  3.33578571e-47  5.27920000e-07 -9.82767745e-01  5.27920000e-07 -1.76080941e-04 
 5.29920000e-07  2.22385714e-47  5.29920000e-07 -9.80475306e-01  5.29920000e-07 -1.88416818e-04 
 5.31920000e-07  1.48257143e-47  5.31920000e-07 -9.78027887e-01  5.31920000e-07 -2.00722752e-04 
 5.33920000e-07  9.88380951e-48  5.33920000e-07 -9.75425878e-01  5.33920000e-07 -2.12996798e-04 
 5.35920000e-07  6.58920634e-48  5.35920000e-07 -9.72669690e-01  5.35920000e-07 -2.25237016e-04 
 5.37920000e-07  4.39280423e-48  5.37920000e-07 -9.69759762e-01  5.37920000e-07 -2.37441471e-04 
 5.39920000e-07  2.92853615e-48  5.39920000e-07 -9.66696557e-01  5.39920000e-07 -2.49608235e-04 
 5.41920000e-07  1.95235743e-48  5.41920000e-07 -9.63480559e-01  5.41920000e-07 -2.61735383e-04 
 5.43920000e-07  1.30157162e-48  5.43920000e-07 -9.60112280e-01  5.43920000e-07 -2.73821000e-04 
 5.45920000e-07  8.67714415e-49  5.45920000e-07 -9.56592254e-01  5.45920000e-07 -2.85863175e-04 
 5.47920000e-07  5.78476277e-49  5.47920000e-07 -9.52921039e-01  5.47920000e-07 -2.97860005e-04 
 5.49920000e-07  3.85650851e-49  5.49920000e-07 -9.49099217e-01  5.49920000e-07 -3.09809594e-04 
 5.51920000e-07  2.57100567e-49  5.51920000e-07 -9.45127396e-01  5.51920000e-07 -3.21710054e-04 
 5.53920000e-07  1.71400378e-49  5.53920000e-07 -9.41006204e-01  5.53920000e-07 -3.33559502e-04 
 5.55920000e-07  1.14266919e-49  5.55920000e-07 -9.36736294e-01  5.55920000e-07 -3.45356068e-04 
 5.57920000e-07  7.61779459e-50  5.57920000e-07 -9.32318345e-01  5.57920000e-07 -3.57097886e-04 
 5.59920000e-07  5.07852973e-50  5.59920000e-07 -9.27753056e-01  5.59920000e-07 -3.68783101e-04 
 5.61920000e-07  3.38568648e-50  5.61920000e-07 -9.23041150e-01  5.61920000e-07 -3.80409866e-04 
 5.63920000e-07  2.25712432e-50  5.63920000e-07 -9.18183375e-01  5.63920000e-07 -3.91976344e-04 
 5.65920000e-07  1.50474955e-50  5.65920000e-07 -9.13180501e-01  5.65920000e-07 -4.03480707e-04 
 5.67920000e-07  1.00316637e-50  5.67920000e-07 -9.08033319e-01  5.67920000e-07 -4.14921136e-04 
 5.69920000e-07  6.68777577e-51  5.69920000e-07 -9.02742647e-01  5.69920000e-07 -4.26295825e-04 
 5.71920000e-07  4.45851718e-51  5.71920000e-07 -8.97309321e-01  5.71920000e-07 -4.37602975e-04 
 5.73920000e-07  2.97234479e-51  5.73920000e-07 -8.91734203e-01  5.73920000e-07 -4.48840801e-04 
 5.75920000e-07  1.98156319e-51  5.75920000e-07 -8.86018176e-01  5.75920000e-07 -4.60007525e-04 
 5.77920000e-07  1.32104213e-51  5.77920000e-07 -8.80162145e-01  5.77920000e-07 -4.71101383e-04 
 5.79920000e-07  8.80694752e-52  5.79920000e-07 -8.74167038e-01  5.79920000e-07 -4.82120624e-04 
 5.81920000e-07  5.87129834e-52  5.81920000e-07 -8.68033804e-01  5.81920000e-07 -4.93063504e-04 
 5.83920000e-07  3.91419890e-52  5.83920000e-07 -8.61763416e-01  5.83920000e-07 -5.03928296e-04 
 5.85920000e-07  2.60946593e-52  5.85920000e-07 -8.55356865e-01  5.85920000e-07 -5.14713283e-04 
 5.87920000e-07  1.73964395e-52  5.87920000e-07 -8.48815166e-01  5.87920000e-07 -5.25416760e-04 
 5.89920000e-07  1.15976264e-52  5.89920000e-07 -8.42139356e-01  5.89920000e-07 -5.36037037e-04 
 5.91920000e-07  7.73175091e-53  5.91920000e-07 -8.35330492e-01  5.91920000e-07 -5.46572435e-04 
 5.93920000e-07  5.15450060e-53  5.93920000e-07 -8.28389651e-01  5.93920000e-07 -5.57021290e-04 
 5.95920000e-07  3.43633374e-53  5.95920000e-07 -8.21317932e-01  5.95920000e-07 -5.67381951e-04 
 5.97920000e-07  2.29088916e-53  5.97920000e-07 -8.14116456e-01  5.97920000e-07 -5.77652781e-04 
 5.99920000e-07  1.52725944e-53  5.99920000e-07 -8.06786362e-01  5.99920000e-07 -5.87832158e-04 
 6.01920000e-07  1.01817296e-53  6.01920000e-07 -7.99328811e-01  6.01920000e-07 -5.97918473e-04 
 6.03920000e-07  6.78781973e-54  6.03920000e-07 -7.91744983e-01  6.03920000e-07 -6.07910134e-04 
 6.05920000e-07  4.52521315e-54  6.05920000e-07 -7.84036079e-01  6.05920000e-07 -6.17805560e-04 
 6.07920000e-07  3.01680877e-54  6.07920000e-07 -7.76203320e-01  6.07920000e-07 -6.27603191e-04 
 6.09920000e-07  2.01120584e-54  6.09920000e-07 -7.68247945e-01  6.09920000e-07 -6.37301477e-04 
 6.11920000e-07  1.34080390e-54  6.11920000e-07 -7.60171213e-01  6.11920000e-07 -6.46898886e-04 
 6.13920000e-07  8.93869264e-55  6.13920000e-07 -7.51974403e-01  6.13920000e-07 -6.56393903e-04 
 6.15920000e-07  5.95912843e-55  6.15920000e-07 -7.43658812e-01  6.15920000e-07 -6.65785028e-04 
 6.17920000e-07  3.97275229e-55  6.17920000e-07 -7.35225757e-01  6.17920000e-07 -6.75070777e-04 
 6.19920000e-07  2.64850152e-55  6.19920000e-07 -7.26676571e-01  6.19920000e-07 -6.84249683e-04 
 6.21920000e-07  1.76566768e-55  6.21920000e-07 -7.18012609e-01  6.21920000e-07 -6.93320298e-04 
 6.23920000e-07  1.17711179e-55  6.23920000e-07 -7.09235241e-01  6.23920000e-07 -7.02281187e-04 
 6.25920000e-07  7.84741192e-56  6.25920000e-07 -7.00345857e-01  6.25920000e-07 -7.11130937e-04 
 6.27920000e-07  5.23160795e-56  6.27920000e-07 -6.91345863e-01  6.27920000e-07 -7.19868149e-04 
 6.29920000e-07  3.48773863e-56  6.29920000e-07 -6.82236683e-01  6.29920000e-07 -7.28491442e-04 
 6.31920000e-07  2.32515909e-56  6.31920000e-07 -6.73019759e-01  6.31920000e-07 -7.36999457e-04 
 6.33920000e-07  1.55010606e-56  6.33920000e-07 -6.63696550e-01  6.33920000e-07 -7.45390848e-04 
 6.35920000e-07  1.03340404e-56  6.35920000e-07 -6.54268530e-01  6.35920000e-07 -7.53664290e-04 
 6.37920000e-07  6.88936026e-57  6.37920000e-07 -6.44737192e-01  6.37920000e-07 -7.61818478e-04 
 6.39920000e-07  4.59290684e-57  6.39920000e-07 -6.35104043e-01  6.39920000e-07 -7.69852123e-04 
 6.41920000e-07  3.06193789e-57  6.41920000e-07 -6.25370609e-01  6.41920000e-07 -7.77763957e-04 
 6.43920000e-07  2.04129193e-57  6.43920000e-07 -6.15538428e-01  6.43920000e-07 -7.85552731e-04 
 6.45920000e-07  1.36086129e-57  6.45920000e-07 -6.05609058e-01  6.45920000e-07 -7.93217214e-04 
 6.47920000e-07  9.07240857e-58  6.47920000e-07 -5.95584068e-01  6.47920000e-07 -8.00756197e-04 
 6.49920000e-07  6.04827238e-58  6.49920000e-07 -5.85465044e-01  6.49920000e-07 -8.08168489e-04 
 6.51920000e-07  4.03218159e-58  6.51920000e-07 -5.75253589e-01  6.51920000e-07 -8.15452920e-04 
 6.53920000e-07  2.68812106e-58  6.53920000e-07 -5.64951317e-01  6.53920000e-07 -8.22608340e-04 
 6.55920000e-07  1.79208071e-58  6.55920000e-07 -5.54559858e-01  6.55920000e-07 -8.29633619e-04 
 6.57920000e-07  1.19472047e-58  6.57920000e-07 -5.44080856e-01  6.57920000e-07 -8.36527649e-04 
 6.59920000e-07  7.96480314e-59  6.59920000e-07 -5.33515970e-01  6.59920000e-07 -8.43289341e-04 
 6.61920000e-07  5.30986876e-59  6.61920000e-07 -5.22866869e-01  6.61920000e-07 -8.49917628e-04 
 6.63920000e-07  3.53991251e-59  6.63920000e-07 -5.12135240e-01  6.63920000e-07 -8.56411463e-04 
 6.65920000e-07  2.35994167e-59  6.65920000e-07 -5.01322779e-01  6.65920000e-07 -8.62769821e-04 
 6.67920000e-07  1.57329445e-59  6.67920000e-07 -4.90431197e-01  6.67920000e-07 -8.68991700e-04 
 6.69920000e-07  1.04886296e-59  6.69920000e-07 -4.79462217e-01  6.69920000e-07 -8.75076117e-04 
 6.71920000e-07  6.99241976e-60  6.71920000e-07 -4.68417574e-01  6.71920000e-07 -8.81022112e-04 
 6.73920000e-07  4.66161318e-60  6.73920000e-07 -4.57299015e-01  6.73920000e-07 -8.86828746e-04 
 6.75920000e-07  3.10774212e-60  6.75920000e-07 -4.46108299e-01  6.75920000e-07 -8.92495104e-04 
 6.77920000e-07  2.07182808e-60  6.77920000e-07 -4.34847196e-01  6.77920000e-07 -8.98020291e-04 
 6.79920000e-07  1.38121872e-60  6.79920000e-07 -4.23517487e-01  6.79920000e-07 -9.03403435e-04 
 6.81920000e-07  9.20812479e-61  6.81920000e-07 -4.12120964e-01  6.81920000e-07 -9.08643688e-04 
 6.83920000e-07  6.13874986e-61  6.83920000e-07 -4.00659430e-01  6.83920000e-07 -9.13740223e-04 
 6.85920000e-07  4.09249991e-61  6.85920000e-07 -3.89134698e-01  6.85920000e-07 -9.18692235e-04 
 6.87920000e-07  2.72833327e-61  6.87920000e-07 -3.77548590e-01  6.87920000e-07 -9.23498944e-04 
 6.89920000e-07  1.81888885e-61  6.89920000e-07 -3.65902939e-01  6.89920000e-07 -9.28159591e-04 
 6.91920000e-07  1.21259257e-61  6.91920000e-07 -3.54199586e-01  6.91920000e-07 -9.32673442e-04 
 6.93920000e-07  8.08395043e-62  6.93920000e-07 -3.42440383e-01  6.93920000e-07 -9.37039785e-04 
 6.95920000e-07  5.38930029e-62  6.95920000e-07 -3.30627190e-01  6.95920000e-07 -9.41257931e-04 
 6.97920000e-07  3.59286686e-62  6.97920000e-07 -3.18761875e-01  6.97920000e-07 -9.45327215e-04 
 6.99920000e-07  2.39524457e-62  6.99920000e-07 -3.06846314e-01  6.99920000e-07 -9.49246997e-04 
 7.01920000e-07  1.59682972e-62  7.01920000e-07 -2.94882391e-01  7.01920000e-07 -9.53016657e-04 
 7.03920000e-07  1.06455314e-62  7.03920000e-07 -2.82872000e-01  7.03920000e-07 -9.56635602e-04 
 7.05920000e-07  7.09702096e-63  7.05920000e-07 -2.70817038e-01  7.05920000e-07 -9.60103262e-04 
 7.07920000e-07  4.73134731e-63  7.07920000e-07 -2.58719414e-01  7.07920000e-07 -9.63419090e-04 
 7.09920000e-07  3.15423154e-63  7.09920000e-07 -2.46581038e-01  7.09920000e-07 -9.66582565e-04 
 7.11920000e-07  2.10282102e-63  7.11920000e-07 -2.34403832e-01  7.11920000e-07 -9.69593187e-04 
 7.13920000e-07  1.40188068e-63  7.13920000e-07 -2.22189721e-01  7.13920000e-07 -9.72450483e-04 
 7.15920000e-07  9.34587122e-64  7.15920000e-07 -2.09940636e-01  7.15920000e-07 -9.75154003e-04 
 7.17920000e-07  6.23058081e-64  7.17920000e-07 -1.97658515e-01  7.17920000e-07 -9.77703322e-04 
 7.19920000e-07  4.15372054e-64  7.19920000e-07 -1.85345299e-01  7.19920000e-07 -9.80098038e-04 
 7.21920000e-07  2.76914703e-64  7.21920000e-07 -1.73002935e-01  7.21920000e-07 -9.82337775e-04 
 7.23920000e-07  1.84609802e-64  7.23920000e-07 -1.60633376e-01  7.23920000e-07 -9.84422180e-04 
 7.25920000e-07  1.23073201e-64  7.25920000e-07 -1.48238576e-01  7.25920000e-07 -9.86350927e-04 
 7.27920000e-07  8.20488008e-65  7.27920000e-07 -1.35820497e-01  7.27920000e-07 -9.88123711e-04 
 7.29920000e-07  5.46992006e-65  7.29920000e-07 -1.23381101e-01  7.29920000e-07 -9.89740256e-04 
 7.31920000e-07  3.64661337e-65  7.31920000e-07 -1.10922355e-01  7.31920000e-07 -9.91200306e-04 
 7.33920000e-07  2.43107558e-65  7.33920000e-07 -9.84462298e-02  7.33920000e-07 -9.92503634e-04 
 7.35920000e-07  1.62071705e-65  7.35920000e-07 -8.59546973e-02  7.35920000e-07 -9.93650035e-04 
 7.37920000e-07  1.08047804e-65  7.37920000e-07 -7.34497327e-02  7.37920000e-07 -9.94639330e-04 
 7.39920000e-07  7.20318690e-66  7.39920000e-07 -6.09333133e-02  7.39920000e-07 -9.95471365e-04 
 7.41920000e-07  4.80212460e-66  7.41920000e-07 -4.84074178e-02  7.41920000e-07 -9.96146010e-04 
 7.43920000e-07  3.20141640e-66  7.43920000e-07 -3.58740268e-02  7.43920000e-07 -9.96663160e-04 
 7.45920000e-07  2.13427760e-66  7.45920000e-07 -2.33351218e-02  7.45920000e-07 -9.97022735e-04 
 7.47920000e-07  1.42285173e-66  7.47920000e-07 -1.07926852e-02  7.47920000e-07 -9.97224681e-04 
 7.49920000e-07  9.48567823e-67  7.49920000e-07  1.75129997e-03  7.49920000e-07 -9.97268968e-04 
 7.51920000e-07  6.32378549e-67  7.51920000e-07  1.42948507e-02  7.51920000e-07 -9.97155590e-04 
 7.53920000e-07  4.21585699e-67  7.53920000e-07  2.68359837e-02  7.53920000e-07 -9.96884568e-04 
 7.55920000e-07  2.81057133e-67  7.55920000e-07  3.93727165e-02  7.55920000e-07 -9.96455947e-04 
 7.57920000e-07  1.87371422e-67  7.57920000e-07  5.19030671e-02  7.57920000e-07 -9.95869796e-04 
 7.59920000e-07  1.24914281e-67  7.59920000e-07  6.44250546e-02  7.59920000e-07 -9.95126209e-04 
 7.61920000e-07  8.32761875e-68  7.61920000e-07  7.69366993e-02  7.61920000e-07 -9.94225307e-04 
 7.63920000e-07  5.55174583e-68  7.63920000e-07  8.94360235e-02  7.63920000e-07 -9.93167233e-04 
 7.65920000e-07  3.70116389e-68  7.65920000e-07  1.01921051e-01  7.65920000e-07 -9.91952158e-04 
 7.67920000e-07  2.46744259e-68  7.67920000e-07  1.14389809e-01  7.67920000e-07 -9.90580275e-04 
 7.69920000e-07  1.64496173e-68  7.69920000e-07  1.26840325e-01  7.69920000e-07 -9.89051802e-04 
 7.71920000e-07  1.09664115e-68  7.71920000e-07  1.39270632e-01  7.71920000e-07 -9.87366984e-04 
 7.73920000e-07  7.31094101e-69  7.73920000e-07  1.51678764e-01  7.73920000e-07 -9.85526089e-04 
 7.75920000e-07  4.87396067e-69  7.75920000e-07  1.64062761e-01  7.75920000e-07 -9.83529410e-04 
 7.77920000e-07  3.24930712e-69  7.77920000e-07  1.76420665e-01  7.77920000e-07 -9.81377264e-04 
 7.79920000e-07  2.16620474e-69  7.79920000e-07  1.88750522e-01  7.79920000e-07 -9.79069994e-04 
 7.81920000e-07  1.44413650e-69  7.81920000e-07  2.01050383e-01  7.81920000e-07 -9.76607967e-04 
 7.83920000e-07  9.62757664e-70  7.83920000e-07  2.13318305e-01  7.83920000e-07 -9.73991573e-04 
 7.85920000e-07  6.41838443e-70  7.85920000e-07  2.25552347e-01  7.85920000e-07 -9.71221228e-04 
 7.87920000e-07  4.27892295e-70  7.87920000e-07  2.37750578e-01  7.87920000e-07 -9.68297373e-04 
 7.89920000e-07  2.85261530e-70  7.89920000e-07  2.49911067e-01  7.89920000e-07 -9.65220470e-04 
 7.91920000e-07  1.90174353e-70  7.91920000e-07  2.62031894e-01  7.91920000e-07 -9.61991009e-04 
 7.93920000e-07  1.26782902e-70  7.93920000e-07  2.74111143e-01  7.93920000e-07 -9.58609503e-04 
 7.95920000e-07  8.45219348e-71  7.95920000e-07  2.86146903e-01  7.95920000e-07 -9.55076487e-04 
 7.97920000e-07  5.63479566e-71  7.97920000e-07  2.98137275e-01  7.97920000e-07 -9.51392522e-04 
 7.99920000e-07  3.75653044e-71  7.99920000e-07  3.10080361e-01  7.99920000e-07 -9.47558192e-04 
 8.01920000e-07  2.50435363e-71  8.01920000e-07  3.21974275e-01  8.01920000e-07 -9.43574106e-04 
 8.03920000e-07  1.66956908e-71  8.03920000e-07  3.33817136e-01  8.03920000e-07 -9.39440895e-04 
 8.05920000e-07  1.11304606e-71  8.05920000e-07  3.45607074e-01  8.05920000e-07 -9.35159215e-04 
 8.07920000e-07  7.42030704e-72  8.07920000e-07  3.57342225e-01  8.07920000e-07 -9.30729744e-04 
 8.09920000e-07  4.94687136e-72  8.09920000e-07  3.69020734e-01  8.09920000e-07 -9.26153185e-04 
 8.11920000e-07  3.29791424e-72  8.11920000e-07  3.80640755e-01  8.11920000e-07 -9.21430262e-04 
 8.13920000e-07  2.19860949e-72  8.13920000e-07  3.92200453e-01  8.13920000e-07 -9.16561725e-04 
 8.15920000e-07  1.46573966e-72  8.15920000e-07  4.03698001e-01  8.15920000e-07 -9.11548344e-04 
 8.17920000e-07  9.77159774e-73  8.17920000e-07  4.15131581e-01  8.17920000e-07 -9.06390915e-04 
 8.19920000e-07  6.51439850e-73  8.19920000e-07  4.26499387e-01  8.19920000e-07 -9.01090255e-04 
 8.21920000e-07  4.34293233e-73  8.21920000e-07  4.37799623e-01  8.21920000e-07 -8.95647202e-04 
 8.23920000e-07  2.89528822e-73  8.23920000e-07  4.49030502e-01  8.23920000e-07 -8.90062621e-04 
 8.25920000e-07  1.93019215e-73  8.25920000e-07  4.60190251e-01  8.25920000e-07 -8.84337394e-04 
 8.27920000e-07  1.28679476e-73  8.27920000e-07  4.71277105e-01  8.27920000e-07 -8.78472430e-04 
 8.29920000e-07  8.57863177e-74  8.29920000e-07  4.82289313e-01  8.29920000e-07 -8.72468657e-04 
 8.31920000e-07  5.71908784e-74  8.31920000e-07  4.93225135e-01  8.31920000e-07 -8.66327026e-04 
 8.33920000e-07  3.81272523e-74  8.33920000e-07  5.04082843e-01  8.33920000e-07 -8.60048509e-04 
 8.35920000e-07  2.54181682e-74  8.35920000e-07  5.14860721e-01  8.35920000e-07 -8.53634102e-04 
 8.37920000e-07  1.69454455e-74  8.37920000e-07  5.25557066e-01  8.37920000e-07 -8.47084820e-04 
 8.39920000e-07  1.12969636e-74  8.39920000e-07  5.36170189e-01  8.39920000e-07 -8.40401700e-04 
 8.41920000e-07  7.53130909e-75  8.41920000e-07  5.46698412e-01  8.41920000e-07 -8.33585799e-04 
 8.43920000e-07  5.02087273e-75  8.43920000e-07  5.57140073e-01  8.43920000e-07 -8.26638199e-04 
 8.45920000e-07  3.34724849e-75  8.45920000e-07  5.67493521e-01  8.45920000e-07 -8.19559998e-04 
 8.47920000e-07  2.23149899e-75  8.47920000e-07  5.77757120e-01  8.47920000e-07 -8.12352317e-04 
 8.49920000e-07  1.48766599e-75  8.49920000e-07  5.87929250e-01  8.49920000e-07 -8.05016297e-04 
 8.51920000e-07  9.91777329e-76  8.51920000e-07  5.98008303e-01  8.51920000e-07 -7.97553101e-04 
 8.53920000e-07  6.61184886e-76  8.53920000e-07  6.07992686e-01  8.53920000e-07 -7.89963908e-04 
 8.55920000e-07  4.40789924e-76  8.55920000e-07  6.17880824e-01  8.55920000e-07 -7.82249921e-04 
 8.57920000e-07  2.93859949e-76  8.57920000e-07  6.27671152e-01  8.57920000e-07 -7.74412361e-04 
 8.59920000e-07  1.95906633e-76  8.59920000e-07  6.37362126e-01  8.59920000e-07 -7.66452468e-04 
 8.61920000e-07  1.30604422e-76  8.61920000e-07  6.46952214e-01  8.61920000e-07 -7.58371503e-04 
 8.63920000e-07  8.70696146e-77  8.63920000e-07  6.56439901e-01  8.63920000e-07 -7.50170743e-04 
 8.65920000e-07  5.80464098e-77  8.65920000e-07  6.65823689e-01  8.65920000e-07 -7.41851489e-04 
 8.67920000e-07  3.86976065e-77  8.67920000e-07  6.75102095e-01  8.67920000e-07 -7.33415055e-04 
 8.69920000e-07  2.57984043e-77  8.69920000e-07  6.84273653e-01  8.69920000e-07 -7.24862778e-04 
 8.71920000e-07  1.71989362e-77  8.71920000e-07  6.93336916e-01  8.71920000e-07 -7.16196011e-04 
 8.73920000e-07  1.14659575e-77  8.73920000e-07  7.02290452e-01  8.73920000e-07 -7.07416126e-04 
 8.75920000e-07  7.64397166e-78  8.75920000e-07  7.11132846e-01  8.75920000e-07 -6.98524511e-04 
 8.77920000e-07  5.09598110e-78  8.77920000e-07  7.19862701e-01  8.77920000e-07 -6.89522575e-04 
 8.79920000e-07  3.39732074e-78  8.79920000e-07  7.28478640e-01  8.79920000e-07 -6.80411741e-04 
 8.81920000e-07  2.26488049e-78  8.81920000e-07  7.36979302e-01  8.81920000e-07 -6.71193452e-04 
 8.83920000e-07  1.50992033e-78  8.83920000e-07  7.45363344e-01  8.83920000e-07 -6.61869165e-04 
 8.85920000e-07  1.00661355e-78  8.85920000e-07  7.53629441e-01  8.85920000e-07 -6.52440358e-04 
 8.87920000e-07  6.71075701e-79  8.87920000e-07  7.61776290e-01  8.87920000e-07 -6.42908521e-04 
 8.89920000e-07  4.47383801e-79  8.89920000e-07  7.69802602e-01  8.89920000e-07 -6.33275163e-04 
 8.91920000e-07  2.98255867e-79  8.91920000e-07  7.77707111e-01  8.91920000e-07 -6.23541808e-04 
 8.93920000e-07  1.98837245e-79  8.93920000e-07  7.85488569e-01  8.93920000e-07 -6.13709997e-04 
 8.95920000e-07  1.32558163e-79  8.95920000e-07  7.93145747e-01  8.95920000e-07 -6.03781284e-04 
 8.97920000e-07  8.83721088e-80  8.97920000e-07  8.00677436e-01  8.97920000e-07 -5.93757240e-04 
 8.99920000e-07  5.89147392e-80  8.99920000e-07  8.08082447e-01  8.99920000e-07 -5.83639453e-04 
 9.01920000e-07  3.92764928e-80  9.01920000e-07  8.15359610e-01  9.01920000e-07 -5.73429522e-04 
 9.03920000e-07  2.61843285e-80  9.03920000e-07  8.22507777e-01  9.03920000e-07 -5.63129062e-04 
 9.05920000e-07  1.74562190e-80  9.05920000e-07  8.29525820e-01  9.05920000e-07 -5.52739704e-04 
 9.07920000e-07  1.16374793e-80  9.07920000e-07  8.36412630e-01  9.07920000e-07 -5.42263090e-04 
 9.09920000e-07  7.75831956e-81  9.09920000e-07  8.43167120e-01  9.09920000e-07 -5.31700879e-04 
 9.11920000e-07  5.17221304e-81  9.11920000e-07  8.49788225e-01  9.11920000e-07 -5.21054741e-04 
 9.13920000e-07  3.44814203e-81  9.13920000e-07  8.56274898e-01  9.13920000e-07 -5.10326361e-04 
 9.15920000e-07  2.29876135e-81  9.15920000e-07  8.62626117e-01  9.15920000e-07 -4.99517435e-04 
 9.17920000e-07  1.53250757e-81  9.17920000e-07  8.68840879e-01  9.17920000e-07 -4.88629673e-04 
 9.19920000e-07  1.02167171e-81  9.19920000e-07  8.74918202e-01  9.19920000e-07 -4.77664798e-04 
 9.21920000e-07  6.81114475e-82  9.21920000e-07  8.80857129e-01  9.21920000e-07 -4.66624545e-04 
 9.23920000e-07  4.54076316e-82  9.23920000e-07  8.86656722e-01  9.23920000e-07 -4.55510658e-04 
 9.25920000e-07  3.02717544e-82  9.25920000e-07  8.92316065e-01  9.25920000e-07 -4.44324898e-04 
 9.27920000e-07  2.01811696e-82  9.27920000e-07  8.97834266e-01  9.27920000e-07 -4.33069032e-04 
 9.29920000e-07  1.34541131e-82  9.29920000e-07  9.03210453e-01  9.29920000e-07 -4.21744841e-04 
 9.31920000e-07  8.96940872e-83  9.31920000e-07  9.08443780e-01  9.31920000e-07 -4.10354117e-04 
 9.33920000e-07  5.97960581e-83  9.33920000e-07  9.13533420e-01  9.33920000e-07 -3.98898660e-04 
 9.35920000e-07  3.98640388e-83  9.35920000e-07  9.18478571e-01  9.35920000e-07 -3.87380284e-04 
 9.37920000e-07  2.65760258e-83  9.37920000e-07  9.23278452e-01  9.37920000e-07 -3.75800809e-04 
 9.39920000e-07  1.77173506e-83  9.39920000e-07  9.27932307e-01  9.39920000e-07 -3.64162067e-04 
 9.41920000e-07  1.18115670e-83  9.41920000e-07  9.32439401e-01  9.41920000e-07 -3.52465899e-04 
 9.43920000e-07  7.87437802e-84  9.43920000e-07  9.36799024e-01  9.43920000e-07 -3.40714155e-04 
 9.45920000e-07  5.24958535e-84  9.45920000e-07  9.41010488e-01  9.45920000e-07 -3.28908694e-04 
 9.47920000e-07  3.49972357e-84  9.47920000e-07  9.45073130e-01  9.47920000e-07 -3.17051381e-04 
 9.49920000e-07  2.33314904e-84  9.49920000e-07  9.48986309e-01  9.49920000e-07 -3.05144094e-04 
 9.51920000e-07  1.55543270e-84  9.51920000e-07  9.52749409e-01  9.51920000e-07 -2.93188714e-04 
 9.53920000e-07  1.03695513e-84  9.53920000e-07  9.56361835e-01  9.53920000e-07 -2.81187132e-04 
 9.55920000e-07  6.91303421e-85  9.55920000e-07  9.59823020e-01  9.55920000e-07 -2.69141247e-04 
 9.57920000e-07  4.60868947e-85  9.57920000e-07  9.63132418e-01  9.57920000e-07 -2.57052963e-04 
 9.59920000e-07  3.07245965e-85  9.59920000e-07  9.66289507e-01  9.59920000e-07 -2.44924192e-04 
 9.61920000e-07  2.04830643e-85  9.61920000e-07  9.69293790e-01  9.61920000e-07 -2.32756853e-04 
 9.63920000e-07  1.36553762e-85  9.63920000e-07  9.72144795e-01  9.63920000e-07 -2.20552868e-04 
 9.65920000e-07  9.10358414e-86  9.65920000e-07  9.74842071e-01  9.65920000e-07 -2.08314168e-04 
 9.67920000e-07  6.06905609e-86  9.67920000e-07  9.77385196e-01  9.67920000e-07 -1.96042689e-04 
 9.69920000e-07  4.04603740e-86  9.69920000e-07  9.79773769e-01  9.69920000e-07 -1.83740370e-04 
 9.71920000e-07  2.69735826e-86  9.71920000e-07  9.82007414e-01  9.71920000e-07 -1.71409158e-04 
 9.73920000e-07  1.79823884e-86  9.73920000e-07  9.84085780e-01  9.73920000e-07 -1.59051001e-04 
 9.75920000e-07  1.19882589e-86  9.75920000e-07  9.86008540e-01  9.75920000e-07 -1.46667855e-04 
 9.77920000e-07  7.99217263e-87  9.77920000e-07  9.87775392e-01  9.77920000e-07 -1.34261676e-04 
 9.79920000e-07  5.32811509e-87  9.79920000e-07  9.89386059e-01  9.79920000e-07 -1.21834428e-04 
 9.81920000e-07  3.55207673e-87  9.81920000e-07  9.90840289e-01  9.81920000e-07 -1.09388074e-04 
 9.83920000e-07  2.36805115e-87  9.83920000e-07  9.92137853e-01  9.83920000e-07 -9.69245825e-05 
 9.85920000e-07  1.57870077e-87  9.85920000e-07  9.93278548e-01  9.85920000e-07 -8.44459246e-05 
 9.87920000e-07  1.05246718e-87  9.87920000e-07  9.94262196e-01  9.87920000e-07 -7.19540730e-05 
 9.89920000e-07  7.01644785e-88  9.89920000e-07  9.95088643e-01  9.89920000e-07 -5.94510028e-05 
 9.91920000e-07  4.67763190e-88  9.91920000e-07  9.95757760e-01  9.91920000e-07 -4.69386908e-05 
 9.93920000e-07  3.11842127e-88  9.93920000e-07  9.96269445e-01  9.93920000e-07 -3.44191152e-05 
 9.95920000e-07  2.07894751e-88  9.95920000e-07  9.96623617e-01  9.95920000e-07 -2.18942555e-05 
 9.97920000e-07  1.38596501e-88  9.97920000e-07  9.96820223e-01  9.97920000e-07 -9.36609183e-06 
 9.99920000e-07  9.23976672e-89  9.99920000e-07  9.96859233e-01  9.99920000e-07  3.16339512e-06 
 1.00192000e-06  6.15984448e-89  1.00192000e-06  9.96740645e-01  1.00192000e-06  1.56922245e-05 
 1.00392000e-06  4.10656299e-89  1.00392000e-06  9.96464477e-01  1.00392000e-06  2.82184155e-05 
 1.00592000e-06  2.73770866e-89  1.00592000e-06  9.96030776e-01  1.00592000e-06  4.07399878e-05 
 1.00792000e-06  1.82513911e-89  1.00792000e-06  9.95439613e-01  1.00792000e-06  5.32549620e-05 
 1.00992000e-06  1.21675940e-89  1.00992000e-06  9.94691083e-01  1.00992000e-06  6.57613595e-05 
 1.01192000e-06  8.11172936e-90  1.01192000e-06  9.93785306e-01  1.01192000e-06  7.82572033e-05 
 1.01392000e-06  5.40781957e-90  1.01392000e-06  9.92722427e-01  1.01392000e-06  9.07405179e-05 
 1.01592000e-06  3.60521305e-90  1.01592000e-06  9.91502617e-01  1.01592000e-06  1.03209330e-04 
 1.01792000e-06  2.40347536e-90  1.01792000e-06  9.90126069e-01  1.01792000e-06  1.15661668e-04 
 1.01992000e-06  1.60231691e-90  1.01992000e-06  9.88593005e-01  1.01992000e-06  1.28095565e-04 
 1.02192000e-06  1.06821127e-90  1.02192000e-06  9.86903668e-01  1.02192000e-06  1.40509053e-04 
 1.02392000e-06  7.12140849e-91  1.02392000e-06  9.85058327e-01  1.02392000e-06  1.52900172e-04 
 1.02592000e-06  4.74760566e-91  1.02592000e-06  9.83057276e-01  1.02592000e-06  1.65266962e-04 
 1.02792000e-06  3.16507044e-91  1.02792000e-06  9.80900833e-01  1.02792000e-06  1.77607469e-04 
 1.02992000e-06  2.11004696e-91  1.02992000e-06  9.78589341e-01  1.02992000e-06  1.89919742e-04 
 1.03192000e-06  1.40669797e-91  1.03192000e-06  9.76123167e-01  1.03192000e-06  2.02201834e-04 
 1.03392000e-06  9.37798649e-92  1.03392000e-06  9.73502704e-01  1.03392000e-06  2.14451805e-04 
 1.03592000e-06  6.25199099e-92  1.03592000e-06  9.70728368e-01  1.03592000e-06  2.26667718e-04 
 1.03792000e-06  4.16799399e-92  1.03792000e-06  9.67800598e-01  1.03792000e-06  2.38847643e-04 
 1.03992000e-06  2.77866266e-92  1.03992000e-06  9.64719860e-01  1.03992000e-06  2.50989653e-04 
 1.04192000e-06  1.85244178e-92  1.04192000e-06  9.61486643e-01  1.04192000e-06  2.63091831e-04 
 1.04392000e-06  1.23496118e-92  1.04392000e-06  9.58101461e-01  1.04392000e-06  2.75152263e-04 
 1.04592000e-06  8.23307456e-93  1.04592000e-06  9.54564849e-01  1.04592000e-06  2.87169043e-04 
 1.04792000e-06  5.48871637e-93  1.04792000e-06  9.50877369e-01  1.04792000e-06  2.99140272e-04 
 1.04992000e-06  3.65914425e-93  1.04992000e-06  9.47039605e-01  1.04992000e-06  3.11064058e-04 
 1.05192000e-06  2.43942950e-93  1.05192000e-06  9.43052168e-01  1.05192000e-06  3.22938515e-04 
 1.05392000e-06  1.62628633e-93  1.05392000e-06  9.38915688e-01  1.05392000e-06  3.34761769e-04 
 1.05592000e-06  1.08419089e-93  1.05592000e-06  9.34630822e-01  1.05592000e-06  3.46531950e-04 
 1.05792000e-06  7.22793925e-94  1.05792000e-06  9.30198249e-01  1.05792000e-06  3.58247197e-04 
 1.05992000e-06  4.81862617e-94  1.05992000e-06  9.25618671e-01  1.05992000e-06  3.69905660e-04 
 1.06192000e-06  3.21241745e-94  1.06192000e-06  9.20892815e-01  1.06192000e-06  3.81505496e-04 
 1.06392000e-06  2.14161163e-94  1.06392000e-06  9.16021429e-01  1.06392000e-06  3.93044872e-04 
 1.06592000e-06  1.42774109e-94  1.06592000e-06  9.11005285e-01  1.06592000e-06  4.04521964e-04 
 1.06792000e-06  9.51827391e-95  1.06792000e-06  9.05845179e-01  1.06792000e-06  4.15934959e-04 
 1.06992000e-06  6.34551594e-95  1.06992000e-06  9.00541927e-01  1.06992000e-06  4.27282053e-04 
 1.07192000e-06  4.23034396e-95  1.07192000e-06  8.95096370e-01  1.07192000e-06  4.38561453e-04 
 1.07392000e-06  2.82022931e-95  1.07392000e-06  8.89509371e-01  1.07392000e-06  4.49771377e-04 
 1.07592000e-06  1.88015287e-95  1.07592000e-06  8.83781815e-01  1.07592000e-06  4.60910053e-04 
 1.07792000e-06  1.25343525e-95  1.07792000e-06  8.77914609e-01  1.07792000e-06  4.71975721e-04 
 1.07992000e-06  8.35623499e-96  1.07992000e-06  8.71908682e-01  1.07992000e-06  4.82966633e-04 
 1.08192000e-06  5.57082332e-96  1.08192000e-06  8.65764986e-01  1.08192000e-06  4.93881051e-04 
 1.08392000e-06  3.71388222e-96  1.08392000e-06  8.59484494e-01  1.08392000e-06  5.04717253e-04 
 1.08592000e-06  2.47592148e-96  1.08592000e-06  8.53068200e-01  1.08592000e-06  5.15473524e-04 
 1.08792000e-06  1.65061432e-96  1.08792000e-06  8.46517120e-01  1.08792000e-06  5.26148166e-04 
 1.08992000e-06  1.10040955e-96  1.08992000e-06  8.39832292e-01  1.08992000e-06  5.36739493e-04 
 1.09192000e-06  7.33606364e-97  1.09192000e-06  8.33014774e-01  1.09192000e-06  5.47245830e-04 
 1.09392000e-06  4.89070909e-97  1.09392000e-06  8.26065646e-01  1.09392000e-06  5.57665518e-04 
 1.09592000e-06  3.26047273e-97  1.09592000e-06  8.18986008e-01  1.09592000e-06  5.67996910e-04 
 1.09792000e-06  2.17364849e-97  1.09792000e-06  8.11776981e-01  1.09792000e-06  5.78238375e-04 
 1.09992000e-06  1.44909899e-97  1.09992000e-06  8.04439706e-01  1.09992000e-06  5.88388295e-04 
 1.10192000e-06  9.66065993e-98  1.10192000e-06  7.96975346e-01  1.10192000e-06  5.98445065e-04 
 1.10392000e-06  6.44043996e-98  1.10392000e-06  7.89385081e-01  1.10392000e-06  6.08407097e-04 
 1.10592000e-06  4.29362664e-98  1.10592000e-06  7.81670113e-01  1.10592000e-06  6.18272818e-04 
 1.10792000e-06  2.86241776e-98  1.10792000e-06  7.73831663e-01  1.10792000e-06  6.28040669e-04 
 1.10992000e-06  1.90827851e-98  1.10992000e-06  7.65870973e-01  1.10992000e-06  6.37709106e-04 
 1.11192000e-06  1.27218567e-98  1.11192000e-06  7.57789301e-01  1.11192000e-06  6.47276603e-04 
 1.11392000e-06  8.48123780e-99  1.11392000e-06  7.49587929e-01  1.11392000e-06  6.56741648e-04 
 1.11592000e-06  5.65415853e-99  1.11592000e-06  7.41268153e-01  1.11592000e-06  6.66102746e-04 
 1.11792000e-06  3.76943902e-99  1.11792000e-06  7.32831290e-01  1.11792000e-06  6.75358419e-04 
 1.11992000e-06  2.51295935e-99  1.11992000e-06  7.24278676e-01  1.11992000e-06  6.84507204e-04 
 1.12192000e-06  1.67530623e-99  1.12192000e-06  7.15611664e-01  1.12192000e-06  6.93547657e-04 
 1.12392000e-06  1.11687082e-99  1.12392000e-06  7.06831627e-01  1.12392000e-06  7.02478349e-04 
 1.12592000e-06  7.44580548e-100  1.12592000e-06  6.97939952e-01  1.12592000e-06  7.11297870e-04 
 1.12792000e-06  4.96387032e-100  1.12792000e-06  6.88938048e-01  1.12792000e-06  7.20004828e-04 
 1.12992000e-06  3.30924688e-100  1.12992000e-06  6.79827340e-01  1.12992000e-06  7.28597846e-04 
 1.13192000e-06  2.20616459e-100  1.13192000e-06  6.70609268e-01  1.13192000e-06  7.37075569e-04 
 1.13392000e-06  1.47077639e-100  1.13392000e-06  6.61285292e-01  1.13392000e-06  7.45436656e-04 
 1.13592000e-06  9.80517594e-101  1.13592000e-06  6.51856886e-01  1.13592000e-06  7.53679789e-04 
 1.13792000e-06  6.53678396e-101  1.13792000e-06  6.42325544e-01  1.13792000e-06  7.61803664e-04 
 1.13992000e-06  4.35785597e-101  1.13992000e-06  6.32692773e-01  1.13992000e-06  7.69806999e-04 
 1.14192000e-06  2.90523731e-101  1.14192000e-06  6.22960096e-01  1.14192000e-06  7.77688531e-04 
 1.14392000e-06  1.93682488e-101  1.14392000e-06  6.13129055e-01  1.14392000e-06  7.85447015e-04 
 1.14592000e-06  1.29121658e-101  1.14592000e-06  6.03201205e-01  1.14592000e-06  7.93081225e-04 
 1.14792000e-06  8.60811056e-102  1.14792000e-06  5.93178115e-01  1.14792000e-06  8.00589957e-04 
 1.14992000e-06  5.73874037e-102  1.14992000e-06  5.83061373e-01  1.14992000e-06  8.07972025e-04 
 1.15192000e-06  3.82582692e-102  1.15192000e-06  5.72852579e-01  1.15192000e-06  8.15226263e-04 
 1.15392000e-06  2.55055128e-102  1.15392000e-06  5.62553348e-01  1.15392000e-06  8.22351527e-04 
 1.15592000e-06  1.70036752e-102  1.15592000e-06  5.52165309e-01  1.15592000e-06  8.29346691e-04 
 1.15792000e-06  1.13357835e-102  1.15792000e-06  5.41690105e-01  1.15792000e-06  8.36210651e-04 
 1.15992000e-06  7.55718897e-103  1.15992000e-06  5.31129395e-01  1.15992000e-06  8.42942323e-04 
 1.16192000e-06  5.03812598e-103  1.16192000e-06  5.20484848e-01  1.16192000e-06  8.49540646e-04 
 1.16392000e-06  3.35875065e-103  1.16392000e-06  5.09758148e-01  1.16392000e-06  8.56004577e-04 
 1.16592000e-06  2.23916710e-103  1.16592000e-06  4.98950993e-01  1.16592000e-06  8.62333096e-04 
 1.16792000e-06  1.49277807e-103  1.16792000e-06  4.88065092e-01  1.16792000e-06  8.68525205e-04 
 1.16992000e-06  9.95185379e-104  1.16992000e-06  4.77102166e-01  1.16992000e-06  8.74579926e-04 
 1.17192000e-06  6.63456919e-104  1.17192000e-06  4.66063951e-01  1.17192000e-06  8.80496304e-04 
 1.17392000e-06  4.42304613e-104  1.17392000e-06  4.54952192e-01  1.17392000e-06  8.86273404e-04 
 1.17592000e-06  2.94869742e-104  1.17592000e-06  4.43768646e-01  1.17592000e-06  8.91910317e-04 
 1.17792000e-06  1.96579828e-104  1.17792000e-06  4.32515084e-01  1.17792000e-06  8.97406151e-04 
 1.17992000e-06  1.31053219e-104  1.17992000e-06  4.21193284e-01  1.17992000e-06  9.02760041e-04 
 1.18192000e-06  8.73688124e-105  1.18192000e-06  4.09805037e-01  1.18192000e-06  9.07971141e-04 
 1.18392000e-06  5.82458749e-105  1.18392000e-06  3.98352146e-01  1.18392000e-06  9.13038629e-04 
 1.18592000e-06  3.88305833e-105  1.18592000e-06  3.86836420e-01  1.18592000e-06  9.17961706e-04 
 1.18792000e-06  2.58870555e-105  1.18792000e-06  3.75259683e-01  1.18792000e-06  9.22739596e-04 
 1.18992000e-06  1.72580370e-105  1.18992000e-06  3.63623764e-01  1.18992000e-06  9.27371544e-04 
 1.19192000e-06  1.15053580e-105  1.19192000e-06  3.51930503e-01  1.19192000e-06  9.31856821e-04 
 1.19392000e-06  7.67023868e-106  1.19392000e-06  3.40181752e-01  1.19392000e-06  9.36194720e-04 
 1.19592000e-06  5.11349245e-106  1.19592000e-06  3.28379366e-01  1.19592000e-06  9.40384555e-04 
 1.19792000e-06  3.40899497e-106  1.19792000e-06  3.16525214e-01  1.19792000e-06  9.44425668e-04 
 1.19992000e-06  2.27266331e-106  1.19992000e-06  3.04621169e-01  1.19992000e-06  9.48317420e-04 
 1.20192000e-06  1.51510887e-106  1.20192000e-06  2.92669115e-01  1.20192000e-06  9.52059198e-04 
 1.20392000e-06  1.01007258e-106  1.20392000e-06  2.80670941e-01  1.20392000e-06  9.55650413e-04 
 1.20592000e-06  6.73381722e-107  1.20592000e-06  2.68628546e-01  1.20592000e-06  9.59090499e-04 
 1.20792000e-06  4.48921148e-107  1.20792000e-06  2.56543832e-01  1.20792000e-06  9.62378914e-04 
 1.20992000e-06  2.99280765e-107  1.20992000e-06  2.44418713e-01  1.20992000e-06  9.65515140e-04 
 1.21192000e-06  1.99520510e-107  1.21192000e-06  2.32255104e-01  1.21192000e-06  9.68498683e-04 
 1.21392000e-06  1.33013673e-107  1.21392000e-06  2.20054929e-01  1.21392000e-06  9.71329072e-04 
 1.21592000e-06  8.86757823e-108  1.21592000e-06  2.07820118e-01  1.21592000e-06  9.74005864e-04 
 1.21792000e-06  5.91171882e-108  1.21792000e-06  1.95552606e-01  1.21792000e-06  9.76528636e-04 
 1.21992000e-06  3.94114588e-108  1.21992000e-06  1.83254331e-01  1.21992000e-06  9.78896991e-04 
 1.22192000e-06  2.62743059e-108  1.22192000e-06  1.70927240e-01  1.22192000e-06  9.81110557e-04 
 1.22392000e-06  1.75162039e-108  1.22392000e-06  1.58573280e-01  1.22392000e-06  9.83168987e-04 
 1.22592000e-06  1.16774693e-108  1.22592000e-06  1.46194406e-01  1.22592000e-06  9.85071956e-04 
 1.22792000e-06  7.78497952e-109  1.22792000e-06  1.33792575e-01  1.22792000e-06  9.86819165e-04 
 1.22992000e-06  5.18998634e-109  1.22992000e-06  1.21369748e-01  1.22992000e-06  9.88410341e-04 
 1.23192000e-06  3.45999090e-109  1.23192000e-06  1.08927889e-01  1.23192000e-06  9.89845233e-04 
 1.23392000e-06  2.30666060e-109  1.23392000e-06  9.64689658e-02  1.23392000e-06  9.91123618e-04 
 1.23592000e-06  1.53777373e-109  1.23592000e-06  8.39949475e-02  1.23592000e-06  9.92245294e-04 
 1.23792000e-06  1.02518249e-109  1.23792000e-06  7.15078068e-02  1.23792000e-06  9.93210086e-04 
 1.23992000e-06  6.83454992e-110  1.23992000e-06  5.90095179e-02  1.23992000e-06  9.94017845e-04 
 1.24192000e-06  4.55636661e-110  1.24192000e-06  4.65020570e-02  1.24192000e-06  9.94668443e-04 
 1.24392000e-06  3.03757774e-110  1.24392000e-06  3.39874015e-02  1.24392000e-06  9.95161781e-04 
 1.24592000e-06  2.02505183e-110  1.24592000e-06  2.14675300e-02  1.24592000e-06  9.95497782e-04 
 1.24792000e-06  1.35003455e-110  1.24792000e-06  8.94442197e-03  1.24792000e-06  9.95676394e-04 
 1.24992000e-06  9.00023035e-111  1.24992000e-06 -3.57994273e-03  1.24992000e-06  9.95697593e-04 
 1.25192000e-06  6.00015356e-111  1.25192000e-06 -1.61035840e-02  1.25192000e-06  9.95561376e-04 
 1.25392000e-06  4.00010238e-111  1.25392000e-06 -2.86245220e-02  1.25392000e-06  9.95267767e-04 
 1.25592000e-06  2.66673492e-111  1.25592000e-06 -4.11407773e-02  1.25592000e-06  9.94816814e-04 
 1.25792000e-06  1.77782328e-111  1.25792000e-06 -5.36503710e-02  1.25792000e-06  9.94208591e-04 
 1.25992000e-06  1.18521552e-111  1.25992000e-06 -6.61513256e-02  1.25992000e-06  9.93443195e-04 
 1.26192000e-06  7.90143679e-112  1.26192000e-06 -7.86416649e-02  1.26192000e-06  9.92520750e-04 
 1.26392000e-06  5.26762453e-112  1.26392000e-06 -9.11194143e-02  1.26392000e-06  9.91441404e-04 
 1.26592000e-06  3.51174969e-112  1.26592000e-06 -1.03582601e-01  1.26592000e-06  9.90205329e-04 
 1.26792000e-06  2.34116646e-112  1.26792000e-06 -1.16029256e-01  1.26792000e-06  9.88812722e-04 
 1.26992000e-06  1.56077764e-112  1.26992000e-06 -1.28457410e-01  1.26992000e-06  9.87263806e-04 
 1.27192000e-06  1.04051843e-112  1.27192000e-06 -1.40865100e-01  1.27192000e-06  9.85558828e-04 
 1.27392000e-06  6.93678950e-113  1.27392000e-06 -1.53250363e-01  1.27392000e-06  9.83698058e-04 
 1.27592000e-06  4.62452633e-113  1.27592000e-06 -1.65611243e-01  1.27592000e-06  9.81681794e-04 
 1.27792000e-06  3.08301756e-113  1.27792000e-06 -1.77945784e-01  1.27792000e-06  9.79510355e-04 
 1.27992000e-06  2.05534504e-113  1.27992000e-06 -1.90252039e-01  1.27992000e-06  9.77184087e-04 
 1.28192000e-06  1.37023002e-113  1.28192000e-06 -2.02528060e-01  1.28192000e-06  9.74703361e-04 
 1.28392000e-06  9.13486683e-114  1.28392000e-06 -2.14771909e-01  1.28392000e-06  9.72068569e-04 
 1.28592000e-06  6.08991122e-114  1.28592000e-06 -2.26981649e-01  1.28592000e-06  9.69280131e-04 
 1.28792000e-06  4.05994081e-114  1.28792000e-06 -2.39155351e-01  1.28792000e-06  9.66338488e-04 
 1.28992000e-06  2.70662721e-114  1.28992000e-06 -2.51291091e-01  1.28992000e-06  9.63244109e-04 
 1.29192000e-06  1.80441814e-114  1.29192000e-06 -2.63386950e-01  1.29192000e-06  9.59997485e-04 
 1.29392000e-06  1.20294543e-114  1.29392000e-06 -2.75441017e-01  1.29392000e-06  9.56599130e-04 
 1.29592000e-06  8.01963618e-115  1.29592000e-06 -2.87451386e-01  1.29592000e-06  9.53049583e-04 
 1.29792000e-06  5.34642412e-115  1.29792000e-06 -2.99416159e-01  1.29792000e-06  9.49349408e-04 
 1.29992000e-06  3.56428275e-115  1.29992000e-06 -3.11333446e-01  1.29992000e-06  9.45499192e-04 
 1.30192000e-06  2.37618850e-115  1.30192000e-06 -3.23201363e-01  1.30192000e-06  9.41499545e-04 
 1.30392000e-06  1.58412566e-115  1.30392000e-06 -3.35018034e-01  1.30392000e-06  9.37351102e-04 
 1.30592000e-06  1.05608378e-115  1.30592000e-06 -3.46781591e-01  1.30592000e-06  9.33054519e-04 
 1.30792000e-06  7.04055851e-116  1.30792000e-06 -3.58490176e-01  1.30792000e-06  9.28610479e-04 
 1.30992000e-06  4.69370567e-116  1.30992000e-06 -3.70141938e-01  1.30992000e-06  9.24019686e-04 
 1.31192000e-06  3.12913712e-116  1.31192000e-06 -3.81735036e-01  1.31192000e-06  9.19282867e-04 
 1.31392000e-06  2.08609141e-116  1.31392000e-06 -3.93267637e-01  1.31392000e-06  9.14400773e-04 
 1.31592000e-06  1.39072761e-116  1.31592000e-06 -4.04737920e-01  1.31592000e-06  9.09374177e-04 
 1.31792000e-06  9.27151738e-117  1.31792000e-06 -4.16144071e-01  1.31792000e-06  9.04203877e-04 
 1.31992000e-06  6.18101159e-117  1.31992000e-06 -4.27484289e-01  1.31992000e-06  8.98890691e-04 
 1.32192000e-06  4.12067439e-117  1.32192000e-06 -4.38756780e-01  1.32192000e-06  8.93435462e-04 
 1.32392000e-06  2.74711626e-117  1.32392000e-06 -4.49959765e-01  1.32392000e-06  8.87839052e-04 
 1.32592000e-06  1.83141084e-117  1.32592000e-06 -4.61091471e-01  1.32592000e-06  8.82102350e-04 
 1.32792000e-06  1.22094056e-117  1.32792000e-06 -4.72150142e-01  1.32792000e-06  8.76226263e-04 
 1.32992000e-06  8.13960373e-118  1.32992000e-06 -4.83134029e-01  1.32992000e-06  8.70211723e-04 
 1.33192000e-06  5.42640249e-118  1.33192000e-06 -4.94041396e-01  1.33192000e-06  8.64059682e-04 
 1.33392000e-06  3.61760166e-118  1.33392000e-06 -5.04870521e-01  1.33392000e-06  8.57771114e-04 
 1.33592000e-06  2.41173444e-118  1.33592000e-06 -5.15619691e-01  1.33592000e-06  8.51347016e-04 
 1.33792000e-06  1.60782296e-118  1.33792000e-06 -5.26287210e-01  1.33792000e-06  8.44788404e-04 
 1.33992000e-06  1.07188197e-118  1.33992000e-06 -5.36871390e-01  1.33992000e-06  8.38096317e-04 
 1.34192000e-06  7.14587982e-119  1.34192000e-06 -5.47370561e-01  1.34192000e-06  8.31271815e-04 
 1.34392000e-06  4.76391988e-119  1.34392000e-06 -5.57783063e-01  1.34392000e-06  8.24315978e-04 
 1.34592000e-06  3.17594659e-119  1.34592000e-06 -5.68107251e-01  1.34592000e-06  8.17229909e-04 
 1.34792000e-06  2.11729772e-119  1.34792000e-06 -5.78341494e-01  1.34792000e-06  8.10014728e-04 
 1.34992000e-06  1.41153182e-119  1.34992000e-06 -5.88484175e-01  1.34992000e-06  8.02671577e-04 
 1.35192000e-06  9.41021211e-120  1.35192000e-06 -5.98533692e-01  1.35192000e-06  7.95201621e-04 
 1.35392000e-06  6.27347474e-120  1.35392000e-06 -6.08488457e-01  1.35392000e-06  7.87606040e-04 
 1.35592000e-06  4.18231649e-120  1.35592000e-06 -6.18346898e-01  1.35592000e-06  7.79886038e-04 
 1.35792000e-06  2.78821100e-120  1.35792000e-06 -6.28107457e-01  1.35792000e-06  7.72042837e-04 
 1.35992000e-06  1.85880733e-120  1.35992000e-06 -6.37768592e-01  1.35992000e-06  7.64077677e-04 
 1.36192000e-06  1.23920489e-120  1.36192000e-06 -6.47328777e-01  1.36192000e-06  7.55991820e-04 
 1.36392000e-06  8.26136591e-121  1.36392000e-06 -6.56786503e-01  1.36392000e-06  7.47786547e-04 
 1.36592000e-06  5.50757728e-121  1.36592000e-06 -6.66140275e-01  1.36592000e-06  7.39463154e-04 
 1.36792000e-06  3.67171818e-121  1.36792000e-06 -6.75388615e-01  1.36792000e-06  7.31022960e-04 
 1.36992000e-06  2.44781212e-121  1.36992000e-06 -6.84530063e-01  1.36992000e-06  7.22467301e-04 
 1.37192000e-06  1.63187475e-121  1.37192000e-06 -6.93563175e-01  1.37192000e-06  7.13797531e-04 
 1.37392000e-06  1.08791650e-121  1.37392000e-06 -7.02486525e-01  1.37392000e-06  7.05015021e-04 
 1.37592000e-06  7.25277666e-122  1.37592000e-06 -7.11298702e-01  1.37592000e-06  6.96121162e-04 
 1.37792000e-06  4.83518444e-122  1.37792000e-06 -7.19998315e-01  1.37792000e-06  6.87117361e-04 
 1.37992000e-06  3.22345629e-122  1.37992000e-06 -7.28583991e-01  1.37992000e-06  6.78005044e-04 
 1.38192000e-06  2.14897086e-122  1.38192000e-06 -7.37054373e-01  1.38192000e-06  6.68785651e-04 
 1.38392000e-06  1.43264724e-122  1.38392000e-06 -7.45408123e-01  1.38392000e-06  6.59460642e-04 
 1.38592000e-06  9.55098161e-123  1.38592000e-06 -7.53643922e-01  1.38592000e-06  6.50031492e-04 
 1.38792000e-06  6.36732107e-123  1.38792000e-06 -7.61760471e-01  1.38792000e-06  6.40499694e-04 
 1.38992000e-06  4.24488072e-123  1.38992000e-06 -7.69756486e-01  1.38992000e-06  6.30866756e-04 
 1.39192000e-06  2.82992048e-123  1.39192000e-06 -7.77630706e-01  1.39192000e-06  6.21134201e-04 
 1.39392000e-06  1.88661365e-123  1.39392000e-06 -7.85381887e-01  1.39392000e-06  6.11303570e-04 
 1.39592000e-06  1.25774243e-123  1.39592000e-06 -7.93008805e-01  1.39592000e-06  6.01376418e-04 
 1.39792000e-06  8.38494956e-124  1.39792000e-06 -8.00510256e-01  1.39792000e-06  5.91354317e-04 
 1.39992000e-06  5.58996637e-124  1.39992000e-06 -8.07885056e-01  1.39992000e-06  5.81238850e-04 
 1.40192000e-06  3.72664425e-124  1.40192000e-06 -8.15132040e-01  1.40192000e-06  5.71031620e-04 
 1.40392000e-06  2.48442950e-124  1.40392000e-06 -8.22250064e-01  1.40392000e-06  5.60734240e-04 
 1.40592000e-06  1.65628633e-124  1.40592000e-06 -8.29238005e-01  1.40592000e-06  5.50348341e-04 
 1.40792000e-06  1.10419089e-124  1.40792000e-06 -8.36094759e-01  1.40792000e-06  5.39875564e-04 
 1.40992000e-06  7.36127259e-125  1.40992000e-06 -8.42819244e-01  1.40992000e-06  5.29317566e-04 
 1.41192000e-06  4.90751506e-125  1.41192000e-06 -8.49410399e-01  1.41192000e-06  5.18676019e-04 
 1.41392000e-06  3.27167671e-125  1.41392000e-06 -8.55867183e-01  1.41392000e-06  5.07952605e-04 
 1.41592000e-06  2.18111780e-125  1.41592000e-06 -8.62188577e-01  1.41592000e-06  4.97149021e-04 
 1.41792000e-06  1.45407854e-125  1.41792000e-06 -8.68373583e-01  1.41792000e-06  4.86266976e-04 
 1.41992000e-06  9.69385691e-126  1.41992000e-06 -8.74421226e-01  1.41992000e-06  4.75308191e-04 
 1.42192000e-06  6.46257127e-126  1.42192000e-06 -8.80330550e-01  1.42192000e-06  4.64274399e-04 
 1.42392000e-06  4.30838085e-126  1.42392000e-06 -8.86100624e-01  1.42392000e-06  4.53167347e-04 
 1.42592000e-06  2.87225390e-126  1.42592000e-06 -8.91730537e-01  1.42592000e-06  4.41988790e-04 
 1.42792000e-06  1.91483593e-126  1.42792000e-06 -8.97219400e-01  1.42792000e-06  4.30740497e-04 
 1.42992000e-06  1.27655729e-126  1.42992000e-06 -9.02566348e-01  1.42992000e-06  4.19424248e-04 
 1.43192000e-06  8.51038192e-127  1.43192000e-06 -9.07770537e-01  1.43192000e-06  4.08041832e-04 
 1.43392000e-06  5.67358795e-127  1.43392000e-06 -9.12831147e-01  1.43392000e-06  3.96595049e-04 
 1.43592000e-06  3.78239197e-127  1.43592000e-06 -9.17747378e-01  1.43592000e-06  3.85085710e-04 
 1.43792000e-06  2.52159464e-127  1.43792000e-06 -9.22518456e-01  1.43792000e-06  3.73515636e-04 
 1.43992000e-06  1.68106310e-127  1.43992000e-06 -9.27143627e-01  1.43992000e-06  3.61886655e-04 
 1.44192000e-06  1.12070873e-127  1.44192000e-06 -9.31622164e-01  1.44192000e-06  3.50200609e-04 
 1.44392000e-06  7.47139154e-128  1.44392000e-06 -9.35953358e-01  1.44392000e-06  3.38459344e-04 
 1.44592000e-06  4.98092769e-128  1.44592000e-06 -9.40136528e-01  1.44592000e-06  3.26664717e-04 
 1.44792000e-06  3.32061846e-128  1.44792000e-06 -9.44171015e-01  1.44792000e-06  3.14818595e-04 
 1.44992000e-06  2.21374564e-128  1.44992000e-06 -9.48056181e-01  1.44992000e-06  3.02922850e-04 
 1.45192000e-06  1.47583043e-128  1.45192000e-06 -9.51791415e-01  1.45192000e-06  2.90979364e-04 
 1.45392000e-06  9.83886951e-129  1.45392000e-06 -9.55376128e-01  1.45392000e-06  2.78990025e-04 
 1.45592000e-06  6.55924634e-129  1.45592000e-06 -9.58809756e-01  1.45592000e-06  2.66956731e-04 
 1.45792000e-06  4.37283090e-129  1.45792000e-06 -9.62091756e-01  1.45792000e-06  2.54881382e-04 
 1.45992000e-06  2.91522060e-129  1.45992000e-06 -9.65221613e-01  1.45992000e-06  2.42765890e-04 
 1.46192000e-06  1.94348040e-129  1.46192000e-06 -9.68198834e-01  1.46192000e-06  2.30612170e-04 
 1.46392000e-06  1.29565360e-129  1.46392000e-06 -9.71022949e-01  1.46392000e-06  2.18422144e-04 
 1.46592000e-06  8.63769066e-130  1.46592000e-06 -9.73693514e-01  1.46592000e-06  2.06197739e-04 
 1.46792000e-06  5.75846044e-130  1.46792000e-06 -9.76210109e-01  1.46792000e-06  1.93940890e-04 
 1.46992000e-06  3.83897363e-130  1.46992000e-06 -9.78572339e-01  1.46992000e-06  1.81653533e-04 
 1.47192000e-06  2.55931575e-130  1.47192000e-06 -9.80779830e-01  1.47192000e-06  1.69337612e-04 
 1.47392000e-06  1.70621050e-130  1.47392000e-06 -9.82832237e-01  1.47392000e-06  1.56995074e-04 
 1.47592000e-06  1.13747367e-130  1.47592000e-06 -9.84729236e-01  1.47592000e-06  1.44627871e-04 
 1.47792000e-06  7.58315778e-131  1.47792000e-06 -9.86470531e-01  1.47792000e-06  1.32237959e-04 
 1.47992000e-06  5.05543852e-131  1.47992000e-06 -9.88055847e-01  1.47992000e-06  1.19827296e-04 
 1.48192000e-06  3.37029235e-131  1.48192000e-06 -9.89484936e-01  1.48192000e-06  1.07397845e-04 
 1.48392000e-06  2.24686156e-131  1.48392000e-06 -9.90757574e-01  1.48392000e-06  9.49515706e-05 
 1.48592000e-06  1.49790771e-131  1.48592000e-06 -9.91873561e-01  1.48592000e-06  8.24904416e-05 
 1.48792000e-06  9.98605140e-132  1.48792000e-06 -9.92832724e-01  1.48792000e-06  7.00164279e-05 
 1.48992000e-06  6.65736760e-132  1.48992000e-06 -9.93634912e-01  1.48992000e-06  5.75315016e-05 
 1.49192000e-06  4.43824507e-132  1.49192000e-06 -9.94280001e-01  1.49192000e-06  4.50376368e-05 
 1.49392000e-06  2.95883004e-132  1.49392000e-06 -9.94767891e-01  1.49392000e-06  3.25368088e-05 
 1.49592000e-06  1.97255336e-132  1.49592000e-06 -9.95098506e-01  1.49592000e-06  2.00309940e-05 
 1.49792000e-06  1.31503557e-132  1.49792000e-06 -9.95271796e-01  1.49792000e-06  7.52216949e-06 
 1.49992000e-06  8.76690383e-133  1.49992000e-06 -9.95287736e-01  1.49992000e-06 -4.98768698e-06 
 1.50192000e-06  5.84460255e-133  1.50192000e-06 -9.95146326e-01  1.50192000e-06 -1.74965977e-05 
 1.50392000e-06  3.89640170e-133  1.50392000e-06 -9.94847589e-01  1.50392000e-06 -3.00025850e-05 
 1.50592000e-06  2.59760114e-133  1.50592000e-06 -9.94391575e-01  1.50592000e-06 -4.25036719e-05 
 1.50792000e-06  1.73173409e-133  1.50792000e-06 -9.93778357e-01  1.50792000e-06 -5.49978821e-05 
 1.50992000e-06  1.15448939e-133  1.50992000e-06 -9.93008036e-01  1.50992000e-06 -6.74832402e-05 
 1.51192000e-06  7.69659596e-134  1.51192000e-06 -9.92080734e-01  1.51192000e-06 -7.99577727e-05 
 1.51392000e-06  5.13106397e-134  1.51392000e-06 -9.90996600e-01  1.51392000e-06 -9.24195074e-05 
 1.51592000e-06  3.42070931e-134  1.51592000e-06 -9.89755808e-01  1.51592000e-06 -1.04866474e-04 
 1.51792000e-06  2.28047288e-134  1.51792000e-06 -9.88358555e-01  1.51792000e-06 -1.17296706e-04 
 1.51992000e-06  1.52031525e-134  1.51992000e-06 -9.86805065e-01  1.51992000e-06 -1.29708237e-04 
 1.52192000e-06  1.01354350e-134  1.52192000e-06 -9.85095585e-01  1.52192000e-06 -1.42099106e-04 
 1.52392000e-06  6.75695667e-135  1.52392000e-06 -9.83230387e-01  1.52392000e-06 -1.54467354e-04 
 1.52592000e-06  4.50463778e-135  1.52592000e-06 -9.81209768e-01  1.52592000e-06 -1.66811026e-04 
 1.52792000e-06  3.00309185e-135  1.52792000e-06 -9.79034050e-01  1.52792000e-06 -1.79128171e-04 
 1.52992000e-06  2.00206124e-135  1.52992000e-06 -9.76703578e-01  1.52992000e-06 -1.91416842e-04 
 1.53192000e-06  1.33470749e-135  1.53192000e-06 -9.74218723e-01  1.53192000e-06 -2.03675096e-04 
 1.53392000e-06  8.89804994e-136  1.53392000e-06 -9.71579880e-01  1.53392000e-06 -2.15900995e-04 
 1.53592000e-06  5.93203329e-136  1.53592000e-06 -9.68787467e-01  1.53592000e-06 -2.28092609e-04 
 1.53792000e-06  3.95468886e-136  1.53792000e-06 -9.65841929e-01  1.53792000e-06 -2.40248008e-04 
 1.53992000e-06  2.63645924e-136  1.53992000e-06 -9.62743732e-01  1.53992000e-06 -2.52365273e-04 
 1.54192000e-06  1.75763949e-136  1.54192000e-06 -9.59493369e-01  1.54192000e-06 -2.64442487e-04 
 1.54392000e-06  1.17175966e-136  1.54392000e-06 -9.56091355e-01  1.54392000e-06 -2.76477743e-04 
 1.54592000e-06  7.81173108e-137  1.54592000e-06 -9.52538229e-01  1.54592000e-06 -2.88469137e-04 
 1.54792000e-06  5.20782072e-137  1.54792000e-06 -9.48834557e-01  1.54792000e-06 -3.00414775e-04 
 1.54992000e-06  3.47188048e-137  1.54992000e-06 -9.44980925e-01  1.54992000e-06 -3.12312769e-04 
 1.55192000e-06  2.31458699e-137  1.55192000e-06 -9.40977944e-01  1.55192000e-06 -3.24161238e-04 
 1.55392000e-06  1.54305799e-137  1.55392000e-06 -9.36826248e-01  1.55392000e-06 -3.35958309e-04 
 1.55592000e-06  1.02870533e-137  1.55592000e-06 -9.32526497e-01  1.55592000e-06 -3.47702119e-04 
 1.55792000e-06  6.85803552e-138  1.55792000e-06 -9.28079372e-01  1.55792000e-06 -3.59390811e-04 
 1.55992000e-06  4.57202368e-138  1.55992000e-06 -9.23485577e-01  1.55992000e-06 -3.71022537e-04 
 1.56192000e-06  3.04801579e-138  1.56192000e-06 -9.18745841e-01  1.56192000e-06 -3.82595461e-04 
 1.56392000e-06  2.03201052e-138  1.56392000e-06 -9.13860915e-01  1.56392000e-06 -3.94107753e-04 
 1.56592000e-06  1.35467368e-138  1.56592000e-06 -9.08831574e-01  1.56592000e-06 -4.05557593e-04 
 1.56792000e-06  9.03115788e-139  1.56792000e-06 -9.03658613e-01  1.56792000e-06 -4.16943173e-04 
 1.56992000e-06  6.02077192e-139  1.56992000e-06 -8.98342853e-01  1.56992000e-06 -4.28262692e-04 
 1.57192000e-06  4.01384795e-139  1.57192000e-06 -8.92885135e-01  1.57192000e-06 -4.39514363e-04 
 1.57392000e-06  2.67589863e-139  1.57392000e-06 -8.87286326e-01  1.57392000e-06 -4.50696407e-04 
 1.57592000e-06  1.78393242e-139  1.57592000e-06 -8.81547310e-01  1.57592000e-06 -4.61807058e-04 
 1.57792000e-06  1.18928828e-139  1.57792000e-06 -8.75668998e-01  1.57792000e-06 -4.72844559e-04 
 1.57992000e-06  7.92858854e-140  1.57992000e-06 -8.69652320e-01  1.57992000e-06 -4.83807167e-04 
 1.58192000e-06  5.28572569e-140  1.58192000e-06 -8.63498230e-01  1.58192000e-06 -4.94693150e-04 
 1.58392000e-06  3.52381713e-140  1.58392000e-06 -8.57207702e-01  1.58392000e-06 -5.05500787e-04 
 1.58592000e-06  2.34921142e-140  1.58592000e-06 -8.50781733e-01  1.58592000e-06 -5.16228370e-04 
 1.58792000e-06  1.56614095e-140  1.58792000e-06 -8.44221339e-01  1.58792000e-06 -5.26874206e-04 
 1.58992000e-06  1.04409396e-140  1.58992000e-06 -8.37527561e-01  1.58992000e-06 -5.37436611e-04 
 1.59192000e-06  6.96062643e-141  1.59192000e-06 -8.30701457e-01  1.59192000e-06 -5.47913917e-04 
 1.59392000e-06  4.64041762e-141  1.59392000e-06 -8.23744108e-01  1.59392000e-06 -5.58304468e-04 
 1.59592000e-06  3.09361175e-141  1.59592000e-06 -8.16656617e-01  1.59592000e-06 -5.68606624e-04 
 1.59792000e-06  2.06240783e-141  1.59792000e-06 -8.09440105e-01  1.59792000e-06 -5.78818756e-04 
 1.59992000e-06  1.37493855e-141  1.59992000e-06 -8.02095715e-01  1.59992000e-06 -5.88939251e-04 
 1.60192000e-06  9.16625702e-142  1.60192000e-06 -7.94624610e-01  1.60192000e-06 -5.98966510e-04 
 1.60392000e-06  6.11083802e-142  1.60392000e-06 -7.87027972e-01  1.60392000e-06 -6.08898949e-04 
 1.60592000e-06  4.07389201e-142  1.60592000e-06 -7.79307004e-01  1.60592000e-06 -6.18734999e-04 
 1.60792000e-06  2.71592801e-142  1.60792000e-06 -7.71462928e-01  1.60792000e-06 -6.28473106e-04 
 1.60992000e-06  1.81061867e-142  1.60992000e-06 -7.63496985e-01  1.60992000e-06 -6.38111732e-04 
 1.61192000e-06  1.20707911e-142  1.61192000e-06 -7.55410437e-01  1.61192000e-06 -6.47649355e-04 
 1.61392000e-06  8.04719409e-143  1.61392000e-06 -7.47204564e-01  1.61392000e-06 -6.57084467e-04 
 1.61592000e-06  5.36479606e-143  1.61592000e-06 -7.38880665e-01  1.61592000e-06 -6.66415578e-04 
 1.61792000e-06  3.57653071e-143  1.61792000e-06 -7.30440056e-01  1.61792000e-06 -6.75641215e-04 
 1.61992000e-06  2.38435381e-143  1.61992000e-06 -7.21884074e-01  1.61992000e-06 -6.84759919e-04 
 1.62192000e-06  1.58956920e-143  1.62192000e-06 -7.13214073e-01  1.62192000e-06 -6.93770252e-04 
 1.62392000e-06  1.05971280e-143  1.62392000e-06 -7.04431425e-01  1.62392000e-06 -7.02670790e-04 
 1.62592000e-06  7.06475202e-144  1.62592000e-06 -6.95537520e-01  1.62592000e-06 -7.11460126e-04 
 1.62792000e-06  4.70983468e-144  1.62792000e-06 -6.86533765e-01  1.62792000e-06 -7.20136874e-04 
 1.62992000e-06  3.13988979e-144  1.62992000e-06 -6.77421586e-01  1.62992000e-06 -7.28699662e-04 
 1.63192000e-06  2.09325986e-144  1.63192000e-06 -6.68202423e-01  1.63192000e-06 -7.37147138e-04 
 1.63392000e-06  1.39550657e-144  1.63392000e-06 -6.58877737e-01  1.63392000e-06 -7.45477968e-04 
 1.63592000e-06  9.30337714e-145  1.63592000e-06 -6.49449002e-01  1.63592000e-06 -7.53690837e-04 
 1.63792000e-06  6.20225143e-145  1.63792000e-06 -6.39917711e-01  1.63792000e-06 -7.61784448e-04 
 1.63992000e-06  4.13483429e-145  1.63992000e-06 -6.30285372e-01  1.63992000e-06 -7.69757522e-04 
 1.64192000e-06  2.75655619e-145  1.64192000e-06 -6.20553508e-01  1.64192000e-06 -7.77608801e-04 
 1.64392000e-06  1.83770413e-145  1.64392000e-06 -6.10723660e-01  1.64392000e-06 -7.85337044e-04 
 1.64592000e-06  1.22513608e-145  1.64592000e-06 -6.00797383e-01  1.64592000e-06 -7.92941032e-04 
 1.64792000e-06  8.16757390e-146  1.64792000e-06 -5.90776247e-01  1.64792000e-06 -8.00419564e-04 
 1.64992000e-06  5.44504926e-146  1.64992000e-06 -5.80661838e-01  1.64992000e-06 -8.07771460e-04 
 1.65192000e-06  3.63003284e-146  1.65192000e-06 -5.70455756e-01  1.65192000e-06 -8.14995558e-04 
 1.65392000e-06  2.42002190e-146  1.65392000e-06 -5.60159616e-01  1.65392000e-06 -8.22090718e-04 
 1.65592000e-06  1.61334793e-146  1.65592000e-06 -5.49775047e-01  1.65592000e-06 -8.29055820e-04 
 1.65792000e-06  1.07556529e-146  1.65792000e-06 -5.39303691e-01  1.65792000e-06 -8.35889764e-04 
 1.65992000e-06  7.17043525e-147  1.65992000e-06 -5.28747205e-01  1.65992000e-06 -8.42591472e-04 
 1.66192000e-06  4.78029016e-147  1.66192000e-06 -5.18107260e-01  1.66192000e-06 -8.49159886e-04 
 1.66392000e-06  3.18686011e-147  1.66392000e-06 -5.07385537e-01  1.66392000e-06 -8.55593969e-04 
 1.66592000e-06  2.12457341e-147  1.66592000e-06 -4.96583734e-01  1.66592000e-06 -8.61892705e-04 
 1.66792000e-06  1.41638227e-147  1.66792000e-06 -4.85703559e-01  1.66792000e-06 -8.68055101e-04 
 1.66992000e-06  9.44254847e-148  1.66992000e-06 -4.74746734e-01  1.66992000e-06 -8.74080184e-04 
 1.67192000e-06  6.29503231e-148  1.67192000e-06 -4.63714990e-01  1.67192000e-06 -8.79967003e-04 
 1.67392000e-06  4.19668821e-148  1.67392000e-06 -4.52610074e-01  1.67392000e-06 -8.85714629e-04 
 1.67592000e-06  2.79779214e-148  1.67592000e-06 -4.41433742e-01  1.67592000e-06 -8.91322156e-04 
 1.67792000e-06  1.86519476e-148  1.67792000e-06 -4.30187762e-01  1.67792000e-06 -8.96788698e-04 
 1.67992000e-06  1.24346317e-148  1.67992000e-06 -4.18873913e-01  1.67992000e-06 -9.02113393e-04 
 1.68192000e-06  8.28975449e-149  1.68192000e-06 -4.07493983e-01  1.68192000e-06 -9.07295400e-04 
 1.68392000e-06  5.52650299e-149  1.68392000e-06 -3.96049774e-01  1.68392000e-06 -9.12333904e-04 
 1.68592000e-06  3.68433533e-149  1.68592000e-06 -3.84543094e-01  1.68592000e-06 -9.17228108e-04 
 1.68792000e-06  2.45622355e-149  1.68792000e-06 -3.72975765e-01  1.68792000e-06 -9.21977241e-04 
 1.68992000e-06  1.63748237e-149  1.68992000e-06 -3.61349615e-01  1.68992000e-06 -9.26580554e-04 
 1.69192000e-06  1.09165491e-149  1.69192000e-06 -3.49666484e-01  1.69192000e-06 -9.31037321e-04 
 1.69392000e-06  7.27769941e-150  1.69392000e-06 -3.37928219e-01  1.69392000e-06 -9.35346839e-04 
 1.69592000e-06  4.85179961e-150  1.69592000e-06 -3.26136676e-01  1.69592000e-06 -9.39508428e-04 
 1.69792000e-06  3.23453307e-150  1.69792000e-06 -3.14293721e-01  1.69792000e-06 -9.43521433e-04 
 1.69992000e-06  2.15635538e-150  1.69992000e-06 -3.02401227e-01  1.69992000e-06 -9.47385222e-04 
 1.70192000e-06  1.43757025e-150  1.70192000e-06 -2.90461073e-01  1.70192000e-06 -9.51099184e-04 
 1.70392000e-06  9.58380170e-151  1.70392000e-06 -2.78475149e-01  1.70392000e-06 -9.54662735e-04 
 1.70592000e-06  6.38920113e-151  1.70592000e-06 -2.66445350e-01  1.70592000e-06 -9.58075313e-04 
 1.70792000e-06  4.25946742e-151  1.70792000e-06 -2.54373578e-01  1.70792000e-06 -9.61336381e-04 
 1.70992000e-06  2.83964495e-151  1.70992000e-06 -2.42261743e-01  1.70992000e-06 -9.64445426e-04 
 1.71192000e-06  1.89309663e-151  1.71192000e-06 -2.30111760e-01  1.71192000e-06 -9.67401956e-04 
 1.71392000e-06  1.26206442e-151  1.71392000e-06 -2.17925549e-01  1.71392000e-06 -9.70205508e-04 
 1.71592000e-06  8.41376281e-152  1.71592000e-06 -2.05705039e-01  1.71592000e-06 -9.72855639e-04 
 1.71792000e-06  5.60917520e-152  1.71792000e-06 -1.93452161e-01  1.71792000e-06 -9.75351932e-04 
 1.71992000e-06  3.73945014e-152  1.71992000e-06 -1.81168853e-01  1.71992000e-06 -9.77693996e-04 
 1.72192000e-06  2.49296676e-152  1.72192000e-06 -1.68857058e-01  1.72192000e-06 -9.79881461e-04 
 1.72392000e-06  1.66197784e-152  1.72392000e-06 -1.56518722e-01  1.72392000e-06 -9.81913984e-04 
 1.72592000e-06  1.10798523e-152  1.72592000e-06 -1.44155796e-01  1.72592000e-06 -9.83791245e-04 
 1.72792000e-06  7.38656817e-153  1.72792000e-06 -1.31770235e-01  1.72792000e-06 -9.85512949e-04 
 1.72992000e-06  4.92437878e-153  1.72992000e-06 -1.19363997e-01  1.72992000e-06 -9.87078826e-04 
 1.73192000e-06  3.28291919e-153  1.73192000e-06 -1.06939045e-01  1.73192000e-06 -9.88488631e-04 
 1.73392000e-06  2.18861279e-153  1.73392000e-06 -9.44973417e-02  1.73392000e-06 -9.89742143e-04 
 1.73592000e-06  1.45907519e-153  1.73592000e-06 -8.20408554e-02  1.73592000e-06 -9.90839165e-04 
 1.73792000e-06  9.72716796e-154  1.73792000e-06 -6.95715555e-02  1.73792000e-06 -9.91779527e-04 
 1.73992000e-06  6.48477864e-154  1.73992000e-06 -5.70914133e-02  1.73992000e-06 -9.92563080e-04 
 1.74192000e-06  4.32318576e-154  1.74192000e-06 -4.46024021e-02  1.74192000e-06 -9.93189704e-04 
 1.74392000e-06  2.88212384e-154  1.74392000e-06 -3.21064964e-02  1.74392000e-06 -9.93659301e-04 
 1.74592000e-06  1.92141589e-154  1.74592000e-06 -1.96056719e-02  1.74592000e-06 -9.93971799e-04 
 1.74792000e-06  1.28094393e-154  1.74792000e-06 -7.10190491e-03  1.74792000e-06 -9.94127151e-04 
 1.74992000e-06  8.53962619e-155  1.74992000e-06  5.40282769e-03  1.74992000e-06 -9.94125333e-04 
 1.75192000e-06  5.69308413e-155  1.75192000e-06  1.79065490e-02  1.75192000e-06 -9.93966349e-04 
 1.75392000e-06  3.79538942e-155  1.75392000e-06  3.04072821e-02  1.75392000e-06 -9.93650225e-04 
 1.75592000e-06  2.53025961e-155  1.75592000e-06  4.29030509e-02  1.75592000e-06 -9.93177014e-04 
 1.75792000e-06  1.68683974e-155  1.75792000e-06  5.53918799e-02  1.75792000e-06 -9.92546792e-04 
 1.75992000e-06  1.12455983e-155  1.75992000e-06  6.78717947e-02  1.75992000e-06 -9.91759660e-04 
 1.76192000e-06  7.49706552e-156  1.76192000e-06  8.03408224e-02  1.76192000e-06 -9.90815746e-04 
 1.76392000e-06  4.99804368e-156  1.76392000e-06  9.27969919e-02  1.76392000e-06 -9.89715200e-04 
 1.76592000e-06  3.33202912e-156  1.76592000e-06  1.05238334e-01  1.76592000e-06 -9.88458198e-04 
 1.76792000e-06  2.22135275e-156  1.76792000e-06  1.17662882e-01  1.76792000e-06 -9.87044941e-04 
 1.76992000e-06  1.48090183e-156  1.76992000e-06  1.30068672e-01  1.76992000e-06 -9.85475654e-04 
 1.77192000e-06  9.87267887e-157  1.77192000e-06  1.42453743e-01  1.77192000e-06 -9.83750588e-04 
 1.77392000e-06  6.58178592e-157  1.77392000e-06  1.54816136e-01  1.77392000e-06 -9.81870017e-04 
 1.77592000e-06  4.38785728e-157  1.77592000e-06  1.67153899e-01  1.77592000e-06 -9.79834241e-04 
 1.77792000e-06  2.92523818e-157  1.77792000e-06  1.79465080e-01  1.77792000e-06 -9.77643582e-04 
 1.77992000e-06  1.95015879e-157  1.77992000e-06  1.91747734e-01  1.77992000e-06 -9.75298391e-04 
 1.78192000e-06  1.30010586e-157  1.78192000e-06  2.03999919e-01  1.78192000e-06 -9.72799038e-04 
 1.78392000e-06  8.66737240e-158  1.78392000e-06  2.16219699e-01  1.78392000e-06 -9.70145921e-04 
 1.78592000e-06  5.77824827e-158  1.78592000e-06  2.28405142e-01  1.78592000e-06 -9.67339462e-04 
 1.78792000e-06  3.85216551e-158  1.78792000e-06  2.40554321e-01  1.78792000e-06 -9.64380107e-04 
 1.78992000e-06  2.56811034e-158  1.78992000e-06  2.52665318e-01  1.78992000e-06 -9.61268324e-04 
 1.79192000e-06  1.71207356e-158  1.79192000e-06  2.64736217e-01  1.79192000e-06 -9.58004608e-04 
 1.79392000e-06  1.14138237e-158  1.79392000e-06  2.76765110e-01  1.79392000e-06 -9.54589477e-04 
 1.79592000e-06  7.60921582e-159  1.79592000e-06  2.88750097e-01  1.79592000e-06 -9.51023473e-04 
 1.79792000e-06  5.07281055e-159  1.79792000e-06  3.00689284e-01  1.79792000e-06 -9.47307161e-04 
 1.79992000e-06  3.38187370e-159  1.79992000e-06  3.12580782e-01  1.79992000e-06 -9.43441131e-04 
 1.80192000e-06  2.25458247e-159  1.80192000e-06  3.24422714e-01  1.80192000e-06 -9.39425995e-04 
 1.80392000e-06  1.50305498e-159  1.80392000e-06  3.36213207e-01  1.80392000e-06 -9.35262391e-04 
 1.80592000e-06  1.00203665e-159  1.80592000e-06  3.47950398e-01  1.80592000e-06 -9.30950978e-04 
 1.80792000e-06  6.68024434e-160  1.80792000e-06  3.59632432e-01  1.80792000e-06 -9.26492440e-04 
 1.80992000e-06  4.45349623e-160  1.80992000e-06  3.71257463e-01  1.80992000e-06 -9.21887484e-04 
 1.81192000e-06  2.96899749e-160  1.81192000e-06  3.82823654e-01  1.81192000e-06 -9.17136840e-04 
 1.81392000e-06  1.97933166e-160  1.81392000e-06  3.94329176e-01  1.81392000e-06 -9.12241260e-04 
 1.81592000e-06  1.31955444e-160  1.81592000e-06  4.05772213e-01  1.81592000e-06 -9.07201520e-04 
 1.81792000e-06  8.79702959e-161  1.81792000e-06  4.17150955e-01  1.81792000e-06 -9.02018420e-04 
 1.81992000e-06  5.86468639e-161  1.81992000e-06  4.28463604e-01  1.81992000e-06 -8.96692779e-04 
 1.82192000e-06  3.90979093e-161  1.82192000e-06  4.39708372e-01  1.82192000e-06 -8.91225442e-04 
 1.82392000e-06  2.60652729e-161  1.82392000e-06  4.50883484e-01  1.82392000e-06 -8.85617275e-04 
 1.82592000e-06  1.73768486e-161  1.82592000e-06  4.61987172e-01  1.82592000e-06 -8.79869167e-04 
 1.82792000e-06  1.15845657e-161  1.82792000e-06  4.73017683e-01  1.82792000e-06 -8.73982027e-04 
 1.82992000e-06  7.72304381e-162  1.82992000e-06  4.83973273e-01  1.82992000e-06 -8.67956789e-04 
 1.83192000e-06  5.14869587e-162  1.83192000e-06  4.94852211e-01  1.83192000e-06 -8.61794406e-04 
 1.83392000e-06  3.43246392e-162  1.83392000e-06  5.05652779e-01  1.83392000e-06 -8.55495855e-04 
 1.83592000e-06  2.28830928e-162  1.83592000e-06  5.16373269e-01  1.83592000e-06 -8.49062133e-04 
 1.83792000e-06  1.52553952e-162  1.83792000e-06  5.27011989e-01  1.83792000e-06 -8.42494259e-04 
 1.83992000e-06  1.01702635e-162  1.83992000e-06  5.37567256e-01  1.83992000e-06 -8.35793273e-04 
 1.84192000e-06  6.78017564e-163  1.84192000e-06  5.48037404e-01  1.84192000e-06 -8.28960236e-04 
 1.84392000e-06  4.52011709e-163  1.84392000e-06  5.58420778e-01  1.84392000e-06 -8.21996230e-04 
 1.84592000e-06  3.01341139e-163  1.84592000e-06  5.68715738e-01  1.84592000e-06 -8.14902357e-04 
 1.84792000e-06  2.00894093e-163  1.84792000e-06  5.78920657e-01  1.84792000e-06 -8.07679741e-04 
 1.84992000e-06  1.33929395e-163  1.84992000e-06  5.89033922e-01  1.84992000e-06 -8.00329526e-04 
 1.85192000e-06  8.92862635e-164  1.85192000e-06  5.99053937e-01  1.85192000e-06 -7.92852874e-04 
 1.85392000e-06  5.95241757e-164  1.85392000e-06  6.08979119e-01  1.85392000e-06 -7.85250970e-04 
 1.85592000e-06  3.96827838e-164  1.85592000e-06  6.18807899e-01  1.85592000e-06 -7.77525017e-04 
 1.85792000e-06  2.64551892e-164  1.85792000e-06  6.28538724e-01  1.85792000e-06 -7.69676238e-04 
 1.85992000e-06  1.76367928e-164  1.85992000e-06  6.38170058e-01  1.85992000e-06 -7.61705875e-04 
 1.86192000e-06  1.17578619e-164  1.86192000e-06  6.47700379e-01  1.86192000e-06 -7.53615189e-04 
 1.86392000e-06  7.83857457e-165  1.86392000e-06  6.57128182e-01  1.86392000e-06 -7.45405463e-04 
 1.86592000e-06  5.22571638e-165  1.86592000e-06  6.66451978e-01  1.86592000e-06 -7.37077994e-04 
 1.86792000e-06  3.48381092e-165  1.86792000e-06  6.75670293e-01  1.86792000e-06 -7.28634101e-04 
 1.86992000e-06  2.32254061e-165  1.86992000e-06  6.84781671e-01  1.86992000e-06 -7.20075121e-04 
 1.87192000e-06  1.54836041e-165  1.87192000e-06  6.93784675e-01  1.87192000e-06 -7.11402407e-04 
 1.87392000e-06  1.03224027e-165  1.87392000e-06  7.02677881e-01  1.87392000e-06 -7.02617333e-04 
 1.87592000e-06  6.88160182e-166  1.87592000e-06  7.11459884e-01  1.87592000e-06 -6.93721288e-04 
 1.87792000e-06  4.58773455e-166  1.87792000e-06  7.20129299e-01  1.87792000e-06 -6.84715682e-04 
 1.87992000e-06  3.05848970e-166  1.87992000e-06  7.28684756e-01  1.87992000e-06 -6.75601938e-04 
 1.88192000e-06  2.03899313e-166  1.88192000e-06  7.37124904e-01  1.88192000e-06 -6.66381498e-04 
 1.88392000e-06  1.35932875e-166  1.88392000e-06  7.45448409e-01  1.88392000e-06 -6.57055823e-04 
 1.88592000e-06  9.06219170e-167  1.88592000e-06  7.53653957e-01  1.88592000e-06 -6.47626388e-04 
 1.88792000e-06  6.04146113e-167  1.88792000e-06  7.61740253e-01  1.88792000e-06 -6.38094684e-04 
 1.88992000e-06  4.02764076e-167  1.88992000e-06  7.69706020e-01  1.88992000e-06 -6.28462220e-04 
 1.89192000e-06  2.68509384e-167  1.89192000e-06  7.77549999e-01  1.89192000e-06 -6.18730520e-04 
 1.89392000e-06  1.79006256e-167  1.89392000e-06  7.85270953e-01  1.89392000e-06 -6.08901123e-04 
 1.89592000e-06  1.19337504e-167  1.89592000e-06  7.92867662e-01  1.89592000e-06 -5.98975586e-04 
 1.89792000e-06  7.95583359e-168  1.89792000e-06  8.00338927e-01  1.89792000e-06 -5.88955478e-04 
 1.89992000e-06  5.30388906e-168  1.89992000e-06  8.07683567e-01  1.89992000e-06 -5.78842385e-04 
 1.90192000e-06  3.53592604e-168  1.90192000e-06  8.14900424e-01  1.90192000e-06 -5.68637907e-04 
 1.90392000e-06  2.35728403e-168  1.90392000e-06  8.21988359e-01  1.90392000e-06 -5.58343657e-04 
 1.90592000e-06  1.57152268e-168  1.90592000e-06  8.28946251e-01  1.90592000e-06 -5.47961266e-04 
 1.90792000e-06  1.04768179e-168  1.90792000e-06  8.35773004e-01  1.90792000e-06 -5.37492375e-04 
 1.90992000e-06  6.98454526e-169  1.90992000e-06  8.42467538e-01  1.90992000e-06 -5.26938640e-04 
 1.91192000e-06  4.65636351e-169  1.91192000e-06  8.49028799e-01  1.91192000e-06 -5.16301731e-04 
 1.91392000e-06  3.10424234e-169  1.91392000e-06  8.55455749e-01  1.91392000e-06 -5.05583331e-04 
 1.91592000e-06  2.06949489e-169  1.91592000e-06  8.61747374e-01  1.91592000e-06 -4.94785135e-04 
 1.91792000e-06  1.37966326e-169  1.91792000e-06  8.67902682e-01  1.91792000e-06 -4.83908852e-04 
 1.91992000e-06  9.19775508e-170  1.91992000e-06  8.73920702e-01  1.91992000e-06 -4.72956201e-04 
 1.92192000e-06  6.13183672e-170  1.92192000e-06  8.79800482e-01  1.92192000e-06 -4.61928916e-04 
 1.92392000e-06  4.08789115e-170  1.92392000e-06  8.85541096e-01  1.92392000e-06 -4.50828740e-04 
 1.92592000e-06  2.72526076e-170  1.92592000e-06  8.91141638e-01  1.92592000e-06 -4.39657430e-04 
 1.92792000e-06  1.81684051e-170  1.92792000e-06  8.96601224e-01  1.92792000e-06 -4.28416753e-04 
 1.92992000e-06  1.21122701e-170  1.92992000e-06  9.01918993e-01  1.92992000e-06 -4.17108486e-04 
 1.93192000e-06  8.07484671e-171  1.93192000e-06  9.07094106e-01  1.93192000e-06 -4.05734418e-04 
 1.93392000e-06  5.38323114e-171  1.93392000e-06  9.12125746e-01  1.93392000e-06 -3.94296349e-04 
 1.93592000e-06  3.58882076e-171  1.93592000e-06  9.17013120e-01  1.93592000e-06 -3.82796086e-04 
 1.93792000e-06  2.39254717e-171  1.93792000e-06  9.21755456e-01  1.93792000e-06 -3.71235450e-04 
 1.93992000e-06  1.59503145e-171  1.93992000e-06  9.26352008e-01  1.93992000e-06 -3.59616269e-04 
 1.94192000e-06  1.06335430e-171  1.94192000e-06  9.30802050e-01  1.94192000e-06 -3.47940379e-04 
 1.94392000e-06  7.08902866e-172  1.94392000e-06  9.35104880e-01  1.94392000e-06 -3.36209629e-04 
 1.94592000e-06  4.72601911e-172  1.94592000e-06  9.39259820e-01  1.94592000e-06 -3.24425873e-04 
 1.94792000e-06  3.15067941e-172  1.94792000e-06  9.43266216e-01  1.94792000e-06 -3.12590975e-04 
 1.94992000e-06  2.10045294e-172  1.94992000e-06  9.47123434e-01  1.94992000e-06 -3.00706806e-04 
 1.95192000e-06  1.40030196e-172  1.95192000e-06  9.50830869e-01  1.95192000e-06 -2.88775246e-04 
 1.95392000e-06  9.33534639e-173  1.95392000e-06  9.54387934e-01  1.95392000e-06 -2.76798183e-04 
 1.95592000e-06  6.22356426e-173  1.95592000e-06  9.57794071e-01  1.95592000e-06 -2.64777509e-04 
 1.95792000e-06  4.14904284e-173  1.95792000e-06  9.61048741e-01  1.95792000e-06 -2.52715126e-04 
 1.95992000e-06  2.76602856e-173  1.95992000e-06  9.64151434e-01  1.95992000e-06 -2.40612941e-04 
 1.96192000e-06  1.84401904e-173  1.96192000e-06  9.67101659e-01  1.96192000e-06 -2.28472869e-04 
 1.96392000e-06  1.22934603e-173  1.96392000e-06  9.69898953e-01  1.96392000e-06 -2.16296829e-04 
 1.96592000e-06  8.19564017e-174  1.96592000e-06  9.72542874e-01  1.96592000e-06 -2.04086746e-04 
 1.96792000e-06  5.46376012e-174  1.96792000e-06  9.75033008e-01  1.96792000e-06 -1.91844552e-04 
 1.96992000e-06  3.64250674e-174  1.96992000e-06  9.77368963e-01  1.96992000e-06 -1.79572182e-04 
 1.97192000e-06  2.42833783e-174  1.97192000e-06  9.79550370e-01  1.97192000e-06 -1.67271576e-04 
 1.97392000e-06  1.61889189e-174  1.97392000e-06  9.81576887e-01  1.97392000e-06 -1.54944680e-04 
 1.97592000e-06  1.07926126e-174  1.97592000e-06  9.83448196e-01  1.97592000e-06 -1.42593443e-04 
 1.97792000e-06  7.19507505e-175  1.97792000e-06  9.85164003e-01  1.97792000e-06 -1.30219818e-04 
 1.97992000e-06  4.79671670e-175  1.97992000e-06  9.86724038e-01  1.97992000e-06 -1.17825761e-04 
 1.98192000e-06  3.19781113e-175  1.98192000e-06  9.88128057e-01  1.98192000e-06 -1.05413232e-04 
 1.98392000e-06  2.13187409e-175  1.98392000e-06  9.89375839e-01  1.98392000e-06 -9.29841941e-05 
 1.98592000e-06  1.42124939e-175  1.98592000e-06  9.90467190e-01  1.98592000e-06 -8.05406118e-05 
 1.98792000e-06  9.47499595e-176  1.98792000e-06  9.91401939e-01  1.98792000e-06 -6.80844528e-05 
 1.98992000e-06  6.31666397e-176  1.98992000e-06  9.92179940e-01  1.98992000e-06 -5.56176865e-05 
 1.99192000e-06  4.21110931e-176  1.99192000e-06  9.92801072e-01  1.99192000e-06 -4.31422839e-05 
 1.99392000e-06  2.80740621e-176  1.99392000e-06  9.93265239e-01  1.99392000e-06 -3.06602176e-05 
 1.99592000e-06  1.87160414e-176  1.99592000e-06  9.93572369e-01  1.99592000e-06 -1.81734609e-05 
 1.99792000e-06  1.24773609e-176  1.99792000e-06  9.93722416e-01  1.99792000e-06 -5.68398805e-06 
 1.99992000e-06  8.31824062e-177  1.99992000e-06  9.93715357e-01  1.99992000e-06  6.80622647e-06 
 2.00192000e-06  5.54549374e-177  2.00192000e-06  9.93551197e-01  2.00192000e-06  1.92952080e-05 
 2.00392000e-06  3.69699583e-177  2.00392000e-06  9.93229964e-01  2.00392000e-06  3.17809820e-05 
 2.00592000e-06  2.46466389e-177  2.00592000e-06  9.92751708e-01  2.00592000e-06  4.42615747e-05 
 2.00792000e-06  1.64310926e-177  2.00792000e-06  9.92116510e-01  2.00792000e-06  5.67350130e-05 
 2.00992000e-06  1.09540617e-177  2.00992000e-06  9.91324470e-01  2.00992000e-06  6.91993249e-05 
 2.01192000e-06  7.30270781e-178  2.01192000e-06  9.90375716e-01  2.01192000e-06  8.16525401e-05 
 2.01392000e-06  4.86847187e-178  2.01392000e-06  9.89270400e-01  2.01392000e-06  9.40926899e-05 
 2.01592000e-06  3.24564792e-178  2.01592000e-06  9.88008699e-01  2.01592000e-06  1.06517808e-04 
 2.01792000e-06  2.16376528e-178  2.01792000e-06  9.86590814e-01  2.01792000e-06  1.18925929e-04 
 2.01992000e-06  1.44251018e-178  2.01992000e-06  9.85016971e-01  2.01992000e-06  1.31315093e-04 
 2.02192000e-06  9.61673457e-179  2.02192000e-06  9.83287421e-01  2.02192000e-06  1.43683341e-04 
 2.02392000e-06  6.41115638e-179  2.02392000e-06  9.81402439e-01  2.02392000e-06  1.56028718e-04 
 2.02592000e-06  4.27410425e-179  2.02592000e-06  9.79362326e-01  2.02592000e-06  1.68349272e-04 
 2.02792000e-06  2.84940283e-179  2.02792000e-06  9.77167406e-01  2.02792000e-06  1.80643056e-04 
 2.02992000e-06  1.89960189e-179  2.02992000e-06  9.74818027e-01  2.02992000e-06  1.92908127e-04 
 2.03192000e-06  1.26640126e-179  2.03192000e-06  9.72314564e-01  2.03192000e-06  2.05142546e-04 
 2.03392000e-06  8.44267506e-180  2.03392000e-06  9.69657414e-01  2.03392000e-06  2.17344379e-04 
 2.03592000e-06  5.62845004e-180  2.03592000e-06  9.66846998e-01  2.03592000e-06  2.29511697e-04 
 2.03792000e-06  3.75230003e-180  2.03792000e-06  9.63883764e-01  2.03792000e-06  2.41642577e-04 
 2.03992000e-06  2.50153335e-180  2.03992000e-06  9.60768181e-01  2.03992000e-06  2.53735103e-04 
 2.04192000e-06  1.66768890e-180  2.04192000e-06  9.57500744e-01  2.04192000e-06  2.65787362e-04 
 2.04392000e-06  1.11179260e-180  2.04392000e-06  9.54081972e-01  2.04392000e-06  2.77797450e-04 
 2.04592000e-06  7.41195067e-181  2.04592000e-06  9.50512406e-01  2.04592000e-06  2.89763468e-04 
 2.04792000e-06  4.94130045e-181  2.04792000e-06  9.46792614e-01  2.04792000e-06  3.01683526e-04 
 2.04992000e-06  3.29420030e-181  2.04992000e-06  9.42923184e-01  2.04992000e-06  3.13555739e-04 
 2.05192000e-06  2.19613353e-181  2.05192000e-06  9.38904732e-01  2.05192000e-06  3.25378231e-04 
 2.05392000e-06  1.46408902e-181  2.05392000e-06  9.34737893e-01  2.05392000e-06  3.37149133e-04 
 2.05592000e-06  9.76059348e-182  2.05592000e-06  9.30423329e-01  2.05592000e-06  3.48866586e-04 
 2.05792000e-06  6.50706232e-182  2.05792000e-06  9.25961723e-01  2.05792000e-06  3.60528737e-04 
 2.05992000e-06  4.33804155e-182  2.05992000e-06  9.21353783e-01  2.05992000e-06  3.72133744e-04 
 2.06192000e-06  2.89202770e-182  2.06192000e-06  9.16600238e-01  2.06192000e-06  3.83679773e-04 
 2.06392000e-06  1.92801847e-182  2.06392000e-06  9.11701844e-01  2.06392000e-06  3.95164998e-04 
 2.06592000e-06  1.28534564e-182  2.06592000e-06  9.06659375e-01  2.06592000e-06  4.06587605e-04 
 2.06792000e-06  8.56897096e-183  2.06792000e-06  9.01473630e-01  2.06792000e-06  4.17945788e-04 
 2.06992000e-06  5.71264730e-183  2.06992000e-06  8.96145432e-01  2.06992000e-06  4.29237754e-04 
 2.07192000e-06  3.80843154e-183  2.07192000e-06  8.90675624e-01  2.07192000e-06  4.40461717e-04 
 2.07392000e-06  2.53895436e-183  2.07392000e-06  8.85065072e-01  2.07392000e-06  4.51615904e-04 
 2.07592000e-06  1.69263624e-183  2.07592000e-06  8.79314667e-01  2.07592000e-06  4.62698552e-04 
 2.07792000e-06  1.12842416e-183  2.07792000e-06  8.73425318e-01  2.07792000e-06  4.73707911e-04 
 2.07992000e-06  7.52282773e-184  2.07992000e-06  8.67397959e-01  2.07992000e-06  4.84642240e-04 
 2.08192000e-06  5.01521848e-184  2.08192000e-06  8.61233543e-01  2.08192000e-06  4.95499811e-04 
 2.08392000e-06  3.34347899e-184  2.08392000e-06  8.54933048e-01  2.08392000e-06  5.06278910e-04 
 2.08592000e-06  2.22898599e-184  2.08592000e-06  8.48497471e-01  2.08592000e-06  5.16977833e-04 
 2.08792000e-06  1.48599066e-184  2.08792000e-06  8.41927832e-01  2.08792000e-06  5.27594890e-04 
 2.08992000e-06  9.90660441e-185  2.08992000e-06  8.35225169e-01  2.08992000e-06  5.38128403e-04 
 2.09192000e-06  6.60440294e-185  2.09192000e-06  8.28390546e-01  2.09192000e-06  5.48576708e-04 
 2.09392000e-06  4.40293529e-185  2.09392000e-06  8.21425044e-01  2.09392000e-06  5.58938154e-04 
 2.09592000e-06  2.93529020e-185  2.09592000e-06  8.14329765e-01  2.09592000e-06  5.69211104e-04 
 2.09792000e-06  1.95686013e-185  2.09792000e-06  8.07105834e-01  2.09792000e-06  5.79393935e-04 
 2.09992000e-06  1.30457342e-185  2.09992000e-06  7.99754394e-01  2.09992000e-06  5.89485039e-04 
 2.10192000e-06  8.69715614e-186  2.10192000e-06  7.92276609e-01  2.10192000e-06  5.99482821e-04 
 2.10392000e-06  5.79810409e-186  2.10392000e-06  7.84673662e-01  2.10392000e-06  6.09385702e-04 
 2.10592000e-06  3.86540273e-186  2.10592000e-06  7.76946758e-01  2.10592000e-06  6.19192117e-04 
 2.10792000e-06  2.57693515e-186  2.10792000e-06  7.69097118e-01  2.10792000e-06  6.28900517e-04 
 2.10992000e-06  1.71795677e-186  2.10992000e-06  7.61125987e-01  2.10992000e-06  6.38509369e-04 
 2.11192000e-06  1.14530451e-186  2.11192000e-06  7.53034625e-01  2.11192000e-06  6.48017155e-04 
 2.11392000e-06  7.63536341e-187  2.11392000e-06  7.44824314e-01  2.11392000e-06  6.57422373e-04 
 2.11592000e-06  5.09024227e-187  2.11592000e-06  7.36496352e-01  2.11592000e-06  6.66723537e-04 
 2.11792000e-06  3.39349485e-187  2.11792000e-06  7.28052058e-01  2.11792000e-06  6.75919178e-04 
 2.11992000e-06  2.26232990e-187  2.11992000e-06  7.19492769e-01  2.11992000e-06  6.85007843e-04 
 2.12192000e-06  1.50821993e-187  2.12192000e-06  7.10819838e-01  2.12192000e-06  6.93988098e-04 
 2.12392000e-06  1.00547996e-187  2.12392000e-06  7.02034640e-01  2.12392000e-06  7.02858524e-04 
 2.12592000e-06  6.70319970e-188  2.12592000e-06  6.93138563e-01  2.12592000e-06  7.11617719e-04 
 2.12792000e-06  4.46879980e-188  2.12792000e-06  6.84133015e-01  2.12792000e-06  7.20264300e-04 
 2.12992000e-06  2.97919987e-188  2.12992000e-06  6.75019423e-01  2.12992000e-06  7.28796902e-04 
 2.13192000e-06  1.98613325e-188  2.13192000e-06  6.65799227e-01  2.13192000e-06  7.37214178e-04 
 2.13392000e-06  1.32408883e-188  2.13392000e-06  6.56473888e-01  2.13392000e-06  7.45514797e-04 
 2.13592000e-06  8.82725887e-189  2.13592000e-06  6.47044880e-01  2.13592000e-06  7.53697450e-04 
 2.13792000e-06  5.88483925e-189  2.13792000e-06  6.37513696e-01  2.13792000e-06  7.61760843e-04 
 2.13992000e-06  3.92322616e-189  2.13992000e-06  6.27881843e-01  2.13992000e-06  7.69703705e-04 
 2.14192000e-06  2.61548411e-189  2.14192000e-06  6.18150847e-01  2.14192000e-06  7.77524779e-04 
 2.14392000e-06  1.74365607e-189  2.14392000e-06  6.08322245e-01  2.14392000e-06  7.85222832e-04 
 2.14592000e-06  1.16243738e-189  2.14592000e-06  5.98397594e-01  2.14592000e-06  7.92796649e-04 
 2.14792000e-06  7.74958255e-190  2.14792000e-06  5.88378464e-01  2.14792000e-06  8.00245032e-04 
 2.14992000e-06  5.16638836e-190  2.14992000e-06  5.78266440e-01  2.14992000e-06  8.07566807e-04 
 2.15192000e-06  3.44425891e-190  2.15192000e-06  5.68063122e-01  2.15192000e-06  8.14760816e-04 
 2.15392000e-06  2.29617261e-190  2.15392000e-06  5.57770123e-01  2.15392000e-06  8.21825926e-04 
 2.15592000e-06  1.53078174e-190  2.15592000e-06  5.47389073e-01  2.15592000e-06  8.28761019e-04 
 2.15792000e-06  1.02052116e-190  2.15792000e-06  5.36921614e-01  2.15792000e-06  8.35565003e-04 
 2.15992000e-06  6.80347439e-191  2.15992000e-06  5.26369402e-01  2.15992000e-06  8.42236801e-04 
 2.16192000e-06  4.53564959e-191  2.16192000e-06  5.15734105e-01  2.16192000e-06  8.48775362e-04 
 2.16392000e-06  3.02376639e-191  2.16392000e-06  5.05017407e-01  2.16392000e-06  8.55179653e-04 
 2.16592000e-06  2.01584426e-191  2.16592000e-06  4.94221002e-01  2.16592000e-06  8.61448663e-04 
 2.16792000e-06  1.34389618e-191  2.16792000e-06  4.83346599e-01  2.16792000e-06  8.67581404e-04 
 2.16992000e-06  8.95930784e-192  2.16992000e-06  4.72395918e-01  2.16992000e-06  8.73576906e-04 
 2.17192000e-06  5.97287189e-192  2.17192000e-06  4.61370691e-01  2.17192000e-06  8.79434225e-04 
 2.17392000e-06  3.98191459e-192  2.17392000e-06  4.50272662e-01  2.17392000e-06  8.85152435e-04 
 2.17592000e-06  2.65460973e-192  2.17592000e-06  4.39103586e-01  2.17592000e-06  8.90730635e-04 
 2.17792000e-06  1.76973982e-192  2.17792000e-06  4.27865230e-01  2.17792000e-06  8.96167944e-04 
 2.17992000e-06  1.17982655e-192  2.17992000e-06  4.16559372e-01  2.17992000e-06  9.01463505e-04 
 2.18192000e-06  7.86551031e-193  2.18192000e-06  4.05187799e-01  2.18192000e-06  9.06616482e-04 
 2.18392000e-06  5.24367354e-193  2.18392000e-06  3.93752312e-01  2.18392000e-06  9.11626062e-04 
 2.18592000e-06  3.49578236e-193  2.18592000e-06  3.82254717e-01  2.18592000e-06  9.16491455e-04 
 2.18792000e-06  2.33052157e-193  2.18792000e-06  3.70696835e-01  2.18792000e-06  9.21211894e-04 
 2.18992000e-06  1.55368105e-193  2.18992000e-06  3.59080492e-01  2.18992000e-06  9.25786634e-04 
 2.19192000e-06  1.03578737e-193  2.19192000e-06  3.47407526e-01  2.19192000e-06  9.30214954e-04 
 2.19392000e-06  6.90524911e-194  2.19392000e-06  3.35679783e-01  2.19392000e-06  9.34496155e-04 
 2.19592000e-06  4.60349940e-194  2.19592000e-06  3.23899118e-01  2.19592000e-06  9.38629563e-04 
 2.19792000e-06  3.06899960e-194  2.19792000e-06  3.12067394e-01  2.19792000e-06  9.42614526e-04 
 2.19992000e-06  2.04599974e-194  2.19992000e-06  3.00186482e-01  2.19992000e-06  9.46450415e-04 
 2.20192000e-06  1.36399982e-194  2.20192000e-06  2.88258262e-01  2.20192000e-06  9.50136627e-04 
 2.20392000e-06  9.09333216e-195  2.20392000e-06  2.76284619e-01  2.20392000e-06  9.53672580e-04 
 2.20592000e-06  6.06222144e-195  2.20592000e-06  2.64267448e-01  2.20592000e-06  9.57057717e-04 
 2.20792000e-06  4.04148096e-195  2.20792000e-06  2.52208647e-01  2.20792000e-06  9.60291506e-04 
 2.20992000e-06  2.69432064e-195  2.20992000e-06  2.40110126e-01  2.20992000e-06  9.63373435e-04 
 2.21192000e-06  1.79621376e-195  2.21192000e-06  2.27973796e-01  2.21192000e-06  9.66303021e-04 
 2.21392000e-06  1.19747584e-195  2.21392000e-06  2.15801577e-01  2.21392000e-06  9.69079802e-04 
 2.21592000e-06  7.98317226e-196  2.21592000e-06  2.03595394e-01  2.21592000e-06  9.71703341e-04 
 2.21792000e-06  5.32211484e-196  2.21792000e-06  1.91357176e-01  2.21792000e-06  9.74173225e-04 
 2.21992000e-06  3.54807656e-196  2.21992000e-06  1.79088860e-01  2.21992000e-06  9.76489066e-04 
 2.22192000e-06  2.36538437e-196  2.22192000e-06  1.66792385e-01  2.22192000e-06  9.78650498e-04 
 2.22392000e-06  1.57692292e-196  2.22392000e-06  1.54469695e-01  2.22392000e-06  9.80657184e-04 
 2.22592000e-06  1.05128194e-196  2.22592000e-06  1.42122739e-01  2.22592000e-06  9.82508807e-04 
 2.22792000e-06  7.00854629e-197  2.22792000e-06  1.29753469e-01  2.22792000e-06  9.84205076e-04 
 2.22992000e-06  4.67236420e-197  2.22992000e-06  1.17363842e-01  2.22992000e-06  9.85745725e-04 
 2.23192000e-06  3.11490946e-197  2.23192000e-06  1.04955815e-01  2.23192000e-06  9.87130513e-04 
 2.23392000e-06  2.07660631e-197  2.23392000e-06  9.25313511e-02  2.23392000e-06  9.88359223e-04 
 2.23592000e-06  1.38440421e-197  2.23592000e-06  8.00924147e-02  2.23592000e-06  9.89431662e-04 
 2.23792000e-06  9.22936137e-198  2.23792000e-06  6.76409724e-02  2.23792000e-06  9.90347663e-04 
 2.23992000e-06  6.15290758e-198  2.23992000e-06  5.51789929e-02  2.23992000e-06  9.91107083e-04 
 2.24192000e-06  4.10193839e-198  2.24192000e-06  4.27084465e-02  2.24192000e-06  9.91709804e-04 
 2.24392000e-06  2.73462559e-198  2.24392000e-06  3.02313047e-02  2.24392000e-06  9.92155732e-04 
 2.24592000e-06  1.82308373e-198  2.24592000e-06  1.77495404e-02  2.24592000e-06  9.92444799e-04 
 2.24792000e-06  1.21538915e-198  2.24792000e-06  5.26512679e-03  2.24792000e-06  9.92576962e-04 
 2.24992000e-06  8.10259435e-199  2.24992000e-06 -7.21996228e-03  2.24992000e-06  9.92552201e-04 
 2.25192000e-06  5.40172957e-199  2.25192000e-06 -1.97037530e-02  2.25192000e-06  9.92370522e-04 
 2.25392000e-06  3.60115304e-199  2.25392000e-06 -3.21842717e-02  2.25392000e-06  9.92031956e-04 
 2.25592000e-06  2.40076870e-199  2.25592000e-06 -4.46595454e-02  2.25592000e-06  9.91536559e-04 
 2.25792000e-06  1.60051246e-199  2.25792000e-06 -5.71276018e-02  2.25792000e-06  9.90884410e-04 
 2.25992000e-06  1.06700831e-199  2.25992000e-06 -6.95864699e-02  2.25992000e-06  9.90075615e-04 
 2.26192000e-06  7.11338873e-200  2.26192000e-06 -8.20341801e-02  2.26192000e-06  9.89110304e-04 
 2.26392000e-06  4.74225915e-200  2.26392000e-06 -9.44687646e-02  2.26392000e-06  9.87988631e-04 
 2.26592000e-06  3.16150610e-200  2.26592000e-06 -1.06888258e-01  2.26592000e-06  9.86710775e-04 
 2.26792000e-06  2.10767073e-200  2.26792000e-06 -1.19290696e-01  2.26792000e-06  9.85276942e-04 
 2.26992000e-06  1.40511382e-200  2.26992000e-06 -1.31674119e-01  2.26992000e-06  9.83687358e-04 
 2.27192000e-06  9.36742549e-201  2.27192000e-06 -1.44036570e-01  2.27192000e-06  9.81942277e-04 
 2.27392000e-06  6.24495032e-201  2.27392000e-06 -1.56376094e-01  2.27392000e-06  9.80041978e-04 
 2.27592000e-06  4.16330022e-201  2.27592000e-06 -1.68690740e-01  2.27592000e-06  9.77986763e-04 
 2.27792000e-06  2.77553348e-201  2.27792000e-06 -1.80978562e-01  2.27792000e-06  9.75776958e-04 
 2.27992000e-06  1.85035565e-201  2.27992000e-06 -1.93237618e-01  2.27992000e-06  9.73412914e-04 
 2.28192000e-06  1.23357043e-201  2.28192000e-06 -2.05465969e-01  2.28192000e-06  9.70895009e-04 
 2.28392000e-06  8.22380290e-202  2.28392000e-06 -2.17661684e-01  2.28392000e-06  9.68223640e-04 
 2.28592000e-06  5.48253526e-202  2.28592000e-06 -2.29822834e-01  2.28592000e-06  9.65399234e-04 
 2.28792000e-06  3.65502351e-202  2.28792000e-06 -2.41947498e-01  2.28792000e-06  9.62422237e-04 
 2.28992000e-06  2.43668234e-202  2.28992000e-06 -2.54033758e-01  2.28992000e-06  9.59293124e-04 
 2.29192000e-06  1.62445489e-202  2.29192000e-06 -2.66079704e-01  2.29192000e-06  9.56012390e-04 
 2.29392000e-06  1.08296993e-202  2.29392000e-06 -2.78083434e-01  2.29392000e-06  9.52580556e-04 
 2.29592000e-06  7.21979952e-203  2.29592000e-06 -2.90043048e-01  2.29592000e-06  9.48998166e-04 
 2.29792000e-06  4.81319968e-203  2.29792000e-06 -3.01956658e-01  2.29792000e-06  9.45265789e-04 
 2.29992000e-06  3.20879979e-203  2.29992000e-06 -3.13822380e-01  2.29992000e-06  9.41384016e-04 
 2.30192000e-06  2.13919986e-203  2.30192000e-06 -3.25638339e-01  2.30192000e-06  9.37353464e-04 
 2.30392000e-06  1.42613324e-203  2.30392000e-06 -3.37402668e-01  2.30392000e-06  9.33174771e-04 
 2.30592000e-06  9.50755493e-204  2.30592000e-06 -3.49113506e-01  2.30592000e-06  9.28848600e-04 
 2.30792000e-06  6.33836995e-204  2.30792000e-06 -3.60769005e-01  2.30792000e-06  9.24375636e-04 
 2.30992000e-06  4.22557997e-204  2.30992000e-06 -3.72367321e-01  2.30992000e-06  9.19756589e-04 
 2.31192000e-06  2.81705331e-204  2.31192000e-06 -3.83906621e-01  2.31192000e-06  9.14992190e-04 
 2.31392000e-06  1.87803554e-204  2.31392000e-06 -3.95385083e-01  2.31392000e-06  9.10083195e-04 
 2.31592000e-06  1.25202369e-204  2.31592000e-06 -4.06800891e-01  2.31592000e-06  9.05030382e-04 
 2.31792000e-06  8.34682463e-205  2.31792000e-06 -4.18152243e-01  2.31792000e-06  8.99834551e-04 
 2.31992000e-06  5.56454975e-205  2.31992000e-06 -4.29437344e-01  2.31992000e-06  8.94496526e-04 
 2.32192000e-06  3.70969984e-205  2.32192000e-06 -4.40654411e-01  2.32192000e-06  8.89017152e-04 
 2.32392000e-06  2.47313322e-205  2.32392000e-06 -4.51801672e-01  2.32392000e-06  8.83397297e-04 
 2.32592000e-06  1.64875548e-205  2.32592000e-06 -4.62877365e-01  2.32592000e-06  8.77637851e-04 
 2.32792000e-06  1.09917032e-205  2.32792000e-06 -4.73879740e-01  2.32792000e-06  8.71739727e-04 
 2.32992000e-06  7.32780214e-206  2.32992000e-06 -4.84807058e-01  2.32992000e-06  8.65703860e-04 
 2.33192000e-06  4.88520143e-206  2.33192000e-06 -4.95657593e-01  2.33192000e-06  8.59531204e-04 
 2.33392000e-06  3.25680095e-206  2.33392000e-06 -5.06429630e-01  2.33392000e-06  8.53222738e-04 
 2.33592000e-06  2.17120064e-206  2.33592000e-06 -5.17121468e-01  2.33592000e-06  8.46779460e-04 
 2.33792000e-06  1.44746709e-206  2.33792000e-06 -5.27731416e-01  2.33792000e-06  8.40202391e-04 
 2.33992000e-06  9.64978060e-207  2.33992000e-06 -5.38257800e-01  2.33992000e-06  8.33492573e-04 
 2.34192000e-06  6.43318707e-207  2.34192000e-06 -5.48698955e-01  2.34192000e-06  8.26651068e-04 
 2.34392000e-06  4.28879138e-207  2.34392000e-06 -5.59053232e-01  2.34392000e-06  8.19678958e-04 
 2.34592000e-06  2.85919425e-207  2.34592000e-06 -5.69318995e-01  2.34592000e-06  8.12577349e-04 
 2.34792000e-06  1.90612950e-207  2.34792000e-06 -5.79494622e-01  2.34792000e-06  8.05347364e-04 
 2.34992000e-06  1.27075300e-207  2.34992000e-06 -5.89578506e-01  2.34992000e-06  7.97990149e-04 
 2.35192000e-06  8.47168667e-208  2.35192000e-06 -5.99569053e-01  2.35192000e-06  7.90506867e-04 
 2.35392000e-06  5.64779112e-208  2.35392000e-06 -6.09464685e-01  2.35392000e-06  7.82898703e-04 
 2.35592000e-06  3.76519408e-208  2.35592000e-06 -6.19263840e-01  2.35592000e-06  7.75166863e-04 
 2.35792000e-06  2.51012938e-208  2.35792000e-06 -6.28964968e-01  2.35792000e-06  7.67312569e-04 
 2.35992000e-06  1.67341959e-208  2.35992000e-06 -6.38566538e-01  2.35992000e-06  7.59337065e-04 
 2.36192000e-06  1.11561306e-208  2.36192000e-06 -6.48067033e-01  2.36192000e-06  7.51241613e-04 
 2.36392000e-06  7.43742040e-209  2.36392000e-06 -6.57464952e-01  2.36392000e-06  7.43027496e-04 
 2.36592000e-06  4.95828027e-209  2.36592000e-06 -6.66758811e-01  2.36592000e-06  7.34696012e-04 
 2.36792000e-06  3.30552018e-209  2.36792000e-06 -6.75947141e-01  2.36792000e-06  7.26248481e-04 
 2.36992000e-06  2.20368012e-209  2.36992000e-06 -6.85028491e-01  2.36992000e-06  7.17686240e-04 
 2.37192000e-06  1.46912008e-209  2.37192000e-06 -6.94001428e-01  2.37192000e-06  7.09010643e-04 
 2.37392000e-06  9.79413386e-210  2.37392000e-06 -7.02864533e-01  2.37392000e-06  7.00223063e-04 
 2.37592000e-06  6.52942257e-210  2.37592000e-06 -7.11616407e-01  2.37592000e-06  6.91324892e-04 
 2.37792000e-06  4.35294838e-210  2.37792000e-06 -7.20255667e-01  2.37792000e-06  6.82317538e-04 
 2.37992000e-06  2.90196559e-210  2.37992000e-06 -7.28780950e-01  2.37992000e-06  6.73202425e-04 
 2.38192000e-06  1.93464373e-210  2.38192000e-06 -7.37190909e-01  2.38192000e-06  6.63980997e-04 
 2.38392000e-06  1.28976248e-210  2.38392000e-06 -7.45484215e-01  2.38392000e-06  6.54654712e-04 
 2.38592000e-06  8.59841656e-211  2.38592000e-06 -7.53659559e-01  2.38592000e-06  6.45225046e-04 
 2.38792000e-06  5.73227770e-211  2.38792000e-06 -7.61715651e-01  2.38792000e-06  6.35693492e-04 
 2.38992000e-06  3.82151847e-211  2.38992000e-06 -7.69651217e-01  2.38992000e-06  6.26061557e-04 
 2.39192000e-06  2.54767898e-211  2.39192000e-06 -7.77465005e-01  2.39192000e-06  6.16330766e-04 
 2.39392000e-06  1.69845265e-211  2.39392000e-06 -7.85155782e-01  2.39392000e-06  6.06502658e-04 
 2.39592000e-06  1.13230177e-211  2.39592000e-06 -7.92722332e-01  2.39592000e-06  5.96578788e-04 
 2.39792000e-06  7.54867846e-212  2.39792000e-06 -8.00163461e-01  2.39792000e-06  5.86560726e-04 
 2.39992000e-06  5.03245231e-212  2.39992000e-06 -8.07477994e-01  2.39992000e-06  5.76450058e-04 
 2.40192000e-06  3.35496820e-212  2.40192000e-06 -8.14664776e-01  2.40192000e-06  5.66248382e-04 
 2.40392000e-06  2.23664547e-212  2.40392000e-06 -8.21722674e-01  2.40392000e-06  5.55957314e-04 
 2.40592000e-06  1.49109698e-212  2.40592000e-06 -8.28650572e-01  2.40592000e-06  5.45578480e-04 
 2.40792000e-06  9.94064653e-213  2.40792000e-06 -8.35447377e-01  2.40792000e-06  5.35113523e-04 
 2.40992000e-06  6.62709769e-213  2.40992000e-06 -8.42112016e-01  2.40992000e-06  5.24564099e-04 
 2.41192000e-06  4.41806512e-213  2.41192000e-06 -8.48643437e-01  2.41192000e-06  5.13931876e-04 
 2.41392000e-06  2.94537675e-213  2.41392000e-06 -8.55040610e-01  2.41392000e-06  5.03218537e-04 
 2.41592000e-06  1.96358450e-213  2.41592000e-06 -8.61302524e-01  2.41592000e-06  4.92425775e-04 
 2.41792000e-06  1.30905633e-213  2.41792000e-06 -8.67428191e-01  2.41792000e-06  4.81555299e-04 
 2.41992000e-06  8.72704222e-214  2.41992000e-06 -8.73416645e-01  2.41992000e-06  4.70608828e-04 
 2.42192000e-06  5.81802815e-214  2.42192000e-06 -8.79266940e-01  2.42192000e-06  4.59588093e-04 
 2.42392000e-06  3.87868543e-214  2.42392000e-06 -8.84978153e-01  2.42392000e-06  4.48494838e-04 
 2.42592000e-06  2.58579029e-214  2.42592000e-06 -8.90549384e-01  2.42592000e-06  4.37330817e-04 
 2.42792000e-06  1.72386019e-214  2.42792000e-06 -8.95979752e-01  2.42792000e-06  4.26097797e-04 
 2.42992000e-06  1.14924013e-214  2.42992000e-06 -9.01268402e-01  2.42992000e-06  4.14797553e-04 
 2.43192000e-06  7.66160085e-215  2.43192000e-06 -9.06414499e-01  2.43192000e-06  4.03431874e-04 
 2.43392000e-06  5.10773390e-215  2.43392000e-06 -9.11417232e-01  2.43392000e-06  3.92002557e-04 
 2.43592000e-06  3.40515593e-215  2.43592000e-06 -9.16275810e-01  2.43592000e-06  3.80511410e-04 
 2.43792000e-06  2.27010396e-215  2.43792000e-06 -9.20989468e-01  2.43792000e-06  3.68960250e-04 
 2.43992000e-06  1.51340264e-215  2.43992000e-06 -9.25557463e-01  2.43992000e-06  3.57350905e-04 
 2.44192000e-06  1.00893509e-215  2.44192000e-06 -9.29979074e-01  2.44192000e-06  3.45685209e-04 
 2.44392000e-06  6.72623394e-216  2.44392000e-06 -9.34253603e-01  2.44392000e-06  3.33965009e-04 
 2.44592000e-06  4.48415596e-216  2.44592000e-06 -9.38380378e-01  2.44592000e-06  3.22192158e-04 
 2.44792000e-06  2.98943731e-216  2.44792000e-06 -9.42358747e-01  2.44792000e-06  3.10368518e-04 
 2.44992000e-06  1.99295821e-216  2.44992000e-06 -9.46188083e-01  2.44992000e-06  2.98495959e-04 
 2.45192000e-06  1.32863880e-216  2.45192000e-06 -9.49867783e-01  2.45192000e-06  2.86576357e-04 
 2.45392000e-06  8.85759202e-217  2.45392000e-06 -9.53397267e-01  2.45392000e-06  2.74611600e-04 
 2.45592000e-06  5.90506135e-217  2.45592000e-06 -9.56775979e-01  2.45592000e-06  2.62603577e-04 
 2.45792000e-06  3.93670757e-217  2.45792000e-06 -9.60003387e-01  2.45792000e-06  2.50554190e-04 
 2.45992000e-06  2.62447171e-217  2.45992000e-06 -9.63078981e-01  2.45992000e-06  2.38465342e-04 
 2.46192000e-06  1.74964781e-217  2.46192000e-06 -9.66002279e-01  2.46192000e-06  2.26338945e-04 
 2.46392000e-06  1.16643187e-217  2.46392000e-06 -9.68772819e-01  2.46392000e-06  2.14176918e-04 
 2.46592000e-06  7.77621248e-218  2.46592000e-06 -9.71390165e-01  2.46592000e-06  2.01981184e-04 
 2.46792000e-06  5.18414165e-218  2.46792000e-06 -9.73853906e-01  2.46792000e-06  1.89753670e-04 
 2.46992000e-06  3.45609443e-218  2.46992000e-06 -9.76163655e-01  2.46992000e-06  1.77496311e-04 
 2.47192000e-06  2.30406296e-218  2.47192000e-06 -9.78319047e-01  2.47192000e-06  1.65211045e-04 
 2.47392000e-06  1.53604197e-218  2.47392000e-06 -9.80319744e-01  2.47392000e-06  1.52899814e-04 
 2.47592000e-06  1.02402798e-218  2.47592000e-06 -9.82165432e-01  2.47592000e-06  1.40564565e-04 
 2.47792000e-06  6.82685320e-219  2.47792000e-06 -9.83855821e-01  2.47792000e-06  1.28207248e-04 
 2.47992000e-06  4.55123547e-219  2.47992000e-06 -9.85390645e-01  2.47992000e-06  1.15829817e-04 
 2.48192000e-06  3.03415698e-219  2.48192000e-06 -9.86769664e-01  2.48192000e-06  1.03434230e-04 
 2.48392000e-06  2.02277132e-219  2.48392000e-06 -9.87992662e-01  2.48392000e-06  9.10224466e-05 
 2.48592000e-06  1.34851421e-219  2.48592000e-06 -9.89059448e-01  2.48592000e-06  7.85964287e-05 
 2.48792000e-06  8.99009475e-220  2.48792000e-06 -9.89969854e-01  2.48792000e-06  6.61581411e-05 
 2.48992000e-06  5.99339650e-220  2.48992000e-06 -9.90723738e-01  2.48992000e-06  5.37095506e-05 
 2.49192000e-06  3.99559767e-220  2.49192000e-06 -9.91320985e-01  2.49192000e-06  4.12526253e-05 
 2.49392000e-06  2.66373178e-220  2.49392000e-06 -9.91761500e-01  2.49392000e-06  2.87893347e-05 
 2.49592000e-06  1.77582119e-220  2.49592000e-06 -9.92045217e-01  2.49592000e-06  1.63216493e-05 
 2.49792000e-06  1.18388079e-220  2.49792000e-06 -9.92172093e-01  2.49792000e-06  3.85154023e-06 
 2.49992000e-06  7.89253860e-221  2.49992000e-06 -9.92142108e-01  2.49992000e-06 -8.61902103e-06 
 2.50192000e-06  5.26169240e-221  2.50192000e-06 -9.91955271e-01  2.50192000e-06 -2.10880629e-05 
 2.50392000e-06  3.50779494e-221  2.50392000e-06 -9.91611613e-01  2.50392000e-06 -3.35536142e-05 
 2.50592000e-06  2.33852996e-221  2.50592000e-06 -9.91111190e-01  2.50592000e-06 -4.60137041e-05 
 2.50792000e-06  1.55901997e-221  2.50792000e-06 -9.90454082e-01  2.50792000e-06 -5.84663628e-05 
 2.50992000e-06  1.03934665e-221  2.50992000e-06 -9.89640397e-01  2.50992000e-06 -7.09096218e-05 
 2.51192000e-06  6.92897765e-222  2.51192000e-06 -9.88670264e-01  2.51192000e-06 -8.33415138e-05 
 2.51392000e-06  4.61931843e-222  2.51392000e-06 -9.87543839e-01  2.51392000e-06 -9.57600737e-05 
 2.51592000e-06  3.07954562e-222  2.51592000e-06 -9.86261302e-01  2.51592000e-06 -1.08163338e-04 
 2.51792000e-06  2.05303041e-222  2.51792000e-06 -9.84822857e-01  2.51792000e-06 -1.20549347e-04 
 2.51992000e-06  1.36868694e-222  2.51992000e-06 -9.83228735e-01  2.51992000e-06 -1.32916141e-04 
 2.52192000e-06  9.12457962e-223  2.52192000e-06 -9.81479188e-01  2.52192000e-06 -1.45261767e-04 
 2.52392000e-06  6.08305308e-223  2.52392000e-06 -9.79574496e-01  2.52392000e-06 -1.57584272e-04 
 2.52592000e-06  4.05536872e-223  2.52592000e-06 -9.77514961e-01  2.52592000e-06 -1.69881709e-04 
 2.52792000e-06  2.70357915e-223  2.52792000e-06 -9.75300912e-01  2.52792000e-06 -1.82152134e-04 
 2.52992000e-06  1.80238610e-223  2.52992000e-06 -9.72932700e-01  2.52992000e-06 -1.94393608e-04 
 2.53192000e-06  1.20159073e-223  2.53192000e-06 -9.70410701e-01  2.53192000e-06 -2.06604194e-04 
 2.53392000e-06  8.01060488e-224  2.53392000e-06 -9.67735317e-01  2.53392000e-06 -2.18781964e-04 
 2.53592000e-06  5.34040325e-224  2.53592000e-06 -9.64906971e-01  2.53592000e-06 -2.30924993e-04 
 2.53792000e-06  3.56026884e-224  2.53792000e-06 -9.61926113e-01  2.53792000e-06 -2.43031360e-04 
 2.53992000e-06  2.37351256e-224  2.53992000e-06 -9.58793217e-01  2.53992000e-06 -2.55099154e-04 
 2.54192000e-06  1.58234170e-224  2.54192000e-06 -9.55508779e-01  2.54192000e-06 -2.67126465e-04 
 2.54392000e-06  1.05489447e-224  2.54392000e-06 -9.52073321e-01  2.54392000e-06 -2.79111394e-04 
 2.54592000e-06  7.03262980e-225  2.54592000e-06 -9.48487387e-01  2.54592000e-06 -2.91052046e-04 
 2.54792000e-06  4.68841987e-225  2.54792000e-06 -9.44751547e-01  2.54792000e-06 -3.02946534e-04 
 2.54992000e-06  3.12561324e-225  2.54992000e-06 -9.40866393e-01  2.54992000e-06 -3.14792978e-04 
 2.55192000e-06  2.08374216e-225  2.55192000e-06 -9.36832541e-01  2.55192000e-06 -3.26589506e-04 
 2.55392000e-06  1.38916144e-225  2.55392000e-06 -9.32650631e-01  2.55392000e-06 -3.38334253e-04 
 2.55592000e-06  9.26107628e-226  2.55592000e-06 -9.28321325e-01  2.55592000e-06 -3.50025363e-04 
 2.55792000e-06  6.17405085e-226  2.55792000e-06 -9.23845310e-01  2.55792000e-06 -3.61660989e-04 
 2.55992000e-06  4.11603390e-226  2.55992000e-06 -9.19223296e-01  2.55992000e-06 -3.73239292e-04 
 2.56192000e-06  2.74402260e-226  2.56192000e-06 -9.14456014e-01  2.56192000e-06 -3.84758442e-04 
 2.56392000e-06  1.82934840e-226  2.56392000e-06 -9.09544221e-01  2.56392000e-06 -3.96216618e-04 
 2.56592000e-06  1.21956560e-226  2.56592000e-06 -9.04488696e-01  2.56592000e-06 -4.07612010e-04 
 2.56792000e-06  8.13043734e-227  2.56792000e-06 -8.99290237e-01  2.56792000e-06 -4.18942818e-04 
 2.56992000e-06  5.42029156e-227  2.56992000e-06 -8.93949671e-01  2.56992000e-06 -4.30207250e-04 
 2.57192000e-06  3.61352770e-227  2.57192000e-06 -8.88467842e-01  2.57192000e-06 -4.41403526e-04 
 2.57392000e-06  2.40901847e-227  2.57392000e-06 -8.82845620e-01  2.57392000e-06 -4.52529878e-04 
 2.57592000e-06  1.60601231e-227  2.57592000e-06 -8.77083894e-01  2.57592000e-06 -4.63584548e-04 
 2.57792000e-06  1.07067488e-227  2.57792000e-06 -8.71183577e-01  2.57792000e-06 -4.74565787e-04 
 2.57992000e-06  7.13783250e-228  2.57992000e-06 -8.65145604e-01  2.57992000e-06 -4.85471862e-04 
 2.58192000e-06  4.75855500e-228  2.58192000e-06 -8.58970932e-01  2.58192000e-06 -4.96301049e-04 
 2.58392000e-06  3.17237000e-228  2.58392000e-06 -8.52660538e-01  2.58392000e-06 -5.07051637e-04 
 2.58592000e-06  2.11491333e-228  2.58592000e-06 -8.46215421e-01  2.58592000e-06 -5.17721927e-04 
 2.58792000e-06  1.40994222e-228  2.58792000e-06 -8.39636602e-01  2.58792000e-06 -5.28310233e-04 
 2.58992000e-06  9.39961482e-229  2.58992000e-06 -8.32925124e-01  2.58992000e-06 -5.38814883e-04 
 2.59192000e-06  6.26640988e-229  2.59192000e-06 -8.26082048e-01  2.59192000e-06 -5.49234217e-04 
 2.59392000e-06  4.17760659e-229  2.59392000e-06 -8.19108458e-01  2.59392000e-06 -5.59566588e-04 
 2.59592000e-06  2.78507106e-229  2.59592000e-06 -8.12005458e-01  2.59592000e-06 -5.69810364e-04 
 2.59792000e-06  1.85671404e-229  2.59792000e-06 -8.04774173e-01  2.59792000e-06 -5.79963927e-04 
 2.59992000e-06  1.23780936e-229  2.59992000e-06 -7.97415748e-01  2.59992000e-06 -5.90025673e-04 
 2.60192000e-06  8.25206239e-230  2.60192000e-06 -7.89931347e-01  2.60192000e-06 -5.99994012e-04 
 2.60392000e-06  5.50137493e-230  2.60392000e-06 -7.82322156e-01  2.60392000e-06 -6.09867369e-04 
 2.60592000e-06  3.66758329e-230  2.60592000e-06 -7.74589379e-01  2.60592000e-06 -6.19644185e-04 
 2.60792000e-06  2.44505552e-230  2.60792000e-06 -7.66734240e-01  2.60792000e-06 -6.29322915e-04 
 2.60992000e-06  1.63003702e-230  2.60992000e-06 -7.58757983e-01  2.60992000e-06 -6.38902030e-04 
 2.61192000e-06  1.08669134e-230  2.61192000e-06 -7.50661869e-01  2.61192000e-06 -6.48380018e-04 
 2.61392000e-06  7.24460896e-231  2.61392000e-06 -7.42447181e-01  2.61392000e-06 -6.57755380e-04 
 2.61592000e-06  4.82973931e-231  2.61592000e-06 -7.34115219e-01  2.61592000e-06 -6.67026636e-04 
 2.61792000e-06  3.21982620e-231  2.61792000e-06 -7.25667301e-01  2.61792000e-06 -6.76192322e-04 
 2.61992000e-06  2.14655080e-231  2.61992000e-06 -7.17104764e-01  2.61992000e-06 -6.85250989e-04 
 2.62192000e-06  1.43103387e-231  2.62192000e-06 -7.08428964e-01  2.62192000e-06 -6.94201208e-04 
 2.62392000e-06  9.54022579e-232  2.62392000e-06 -6.99641274e-01  2.62392000e-06 -7.03041564e-04 
 2.62592000e-06  6.36015053e-232  2.62592000e-06 -6.90743084e-01  2.62592000e-06 -7.11770661e-04 
 2.62792000e-06  4.24010035e-232  2.62792000e-06 -6.81735802e-01  2.62792000e-06 -7.20387121e-04 
 2.62992000e-06  2.82673357e-232  2.62992000e-06 -6.72620854e-01  2.62992000e-06 -7.28889582e-04 
 2.63192000e-06  1.88448904e-232  2.63192000e-06 -6.63399683e-01  2.63192000e-06 -7.37276702e-04 
 2.63392000e-06  1.25632603e-232  2.63392000e-06 -6.54073747e-01  2.63392000e-06 -7.45547157e-04 
 2.63592000e-06  8.37550687e-233  2.63592000e-06 -6.44644521e-01  2.63592000e-06 -7.53699640e-04 
 2.63792000e-06  5.58367124e-233  2.63792000e-06 -6.35113499e-01  2.63792000e-06 -7.61732865e-04 
 2.63992000e-06  3.72244750e-233  2.63992000e-06 -6.25482188e-01  2.63992000e-06 -7.69645561e-04 
 2.64192000e-06  2.48163166e-233  2.64192000e-06 -6.15752113e-01  2.64192000e-06 -7.77436481e-04 
 2.64392000e-06  1.65442111e-233  2.64392000e-06 -6.05924812e-01  2.64392000e-06 -7.85104393e-04 
 2.64592000e-06  1.10294741e-233  2.64592000e-06 -5.96001840e-01  2.64592000e-06 -7.92648088e-04 
 2.64792000e-06  7.35298271e-234  2.64792000e-06 -5.85984768e-01  2.64792000e-06 -8.00066374e-04 
 2.64992000e-06  4.90198847e-234  2.64992000e-06 -5.75875180e-01  2.64992000e-06 -8.07358079e-04 
 2.65192000e-06  3.26799231e-234  2.65192000e-06 -5.65674676e-01  2.65192000e-06 -8.14522054e-04 
 2.65392000e-06  2.17866154e-234  2.65392000e-06 -5.55384870e-01  2.65392000e-06 -8.21557166e-04 
 2.65592000e-06  1.45244103e-234  2.65592000e-06 -5.45007389e-01  2.65592000e-06 -8.28462305e-04 
 2.65792000e-06  9.68294019e-235  2.65792000e-06 -5.34543875e-01  2.65792000e-06 -8.35236381e-04 
 2.65992000e-06  6.45529346e-235  2.65992000e-06 -5.23995984e-01  2.65992000e-06 -8.41878324e-04 
 2.66192000e-06  4.30352897e-235  2.66192000e-06 -5.13365384e-01  2.66192000e-06 -8.48387087e-04 
 2.66392000e-06  2.86901932e-235  2.66392000e-06 -5.02653757e-01  2.66392000e-06 -8.54761642e-04 
 2.66592000e-06  1.91267954e-235  2.66592000e-06 -4.91862797e-01  2.66592000e-06 -8.61000983e-04 
 2.66792000e-06  1.27511970e-235  2.66792000e-06 -4.80994211e-01  2.66792000e-06 -8.67104125e-04 
 2.66992000e-06  8.50079797e-236  2.66992000e-06 -4.70049719e-01  2.66992000e-06 -8.73070106e-04 
 2.67192000e-06  5.66719865e-236  2.67192000e-06 -4.59031052e-01  2.67192000e-06 -8.78897982e-04 
 2.67392000e-06  3.77813243e-236  2.67392000e-06 -4.47939952e-01  2.67392000e-06 -8.84586836e-04 
 2.67592000e-06  2.51875496e-236  2.67592000e-06 -4.36778175e-01  2.67592000e-06 -8.90135769e-04 
 2.67792000e-06  1.67916997e-236  2.67792000e-06 -4.25547485e-01  2.67792000e-06 -8.95543905e-04 
 2.67992000e-06  1.11944665e-236  2.67992000e-06 -4.14249659e-01  2.67992000e-06 -9.00810393e-04 
 2.68192000e-06  7.46297765e-237  2.68192000e-06 -4.02886485e-01  2.68192000e-06 -9.05934399e-04 
 2.68392000e-06  4.97531843e-237  2.68392000e-06 -3.91459758e-01  2.68392000e-06 -9.10915118e-04 
 2.68592000e-06  3.31687895e-237  2.68592000e-06 -3.79971287e-01  2.68592000e-06 -9.15751762e-04 
 2.68792000e-06  2.21125264e-237  2.68792000e-06 -3.68422889e-01  2.68792000e-06 -9.20443569e-04 
 2.68992000e-06  1.47416842e-237  2.68992000e-06 -3.56816390e-01  2.68992000e-06 -9.24989799e-04 
 2.69192000e-06  9.82778949e-238  2.69192000e-06 -3.45153625e-01  2.69192000e-06 -9.29389735e-04 
 2.69392000e-06  6.55185966e-238  2.69392000e-06 -3.33436440e-01  2.69392000e-06 -9.33642684e-04 
 2.69592000e-06  4.36790644e-238  2.69592000e-06 -3.21666688e-01  2.69592000e-06 -9.37747974e-04 
 2.69792000e-06  2.91193763e-238  2.69792000e-06 -3.09846229e-01  2.69792000e-06 -9.41704959e-04 
 2.69992000e-06  1.94129175e-238  2.69992000e-06 -2.97976934e-01  2.69992000e-06 -9.45513015e-04 
 2.70192000e-06  1.29419450e-238  2.70192000e-06 -2.86060679e-01  2.70192000e-06 -9.49171542e-04 
 2.70392000e-06  8.62796334e-239  2.70392000e-06 -2.74099348e-01  2.70392000e-06 -9.52679963e-04 
 2.70592000e-06  5.75197556e-239  2.70592000e-06 -2.62094835e-01  2.70592000e-06 -9.56037725e-04 
 2.70792000e-06  3.83465037e-239  2.70792000e-06 -2.50049036e-01  2.70792000e-06 -9.59244300e-04 
 2.70992000e-06  2.55643358e-239  2.70992000e-06 -2.37963857e-01  2.70992000e-06 -9.62299182e-04 
 2.71192000e-06  1.70428905e-239  2.71192000e-06 -2.25841208e-01  2.71192000e-06 -9.65201891e-04 
 2.71392000e-06  1.13619270e-239  2.71392000e-06 -2.13683008e-01  2.71392000e-06 -9.67951969e-04 
 2.71592000e-06  7.57461802e-240  2.71592000e-06 -2.01491178e-01  2.71592000e-06 -9.70548984e-04 
 2.71792000e-06  5.04974535e-240  2.71792000e-06 -1.89267646e-01  2.71792000e-06 -9.72992527e-04 
 2.71992000e-06  3.36649690e-240  2.71992000e-06 -1.77014346e-01  2.71992000e-06 -9.75282213e-04 
 2.72192000e-06  2.24433127e-240  2.72192000e-06 -1.64733215e-01  2.72192000e-06 -9.77417683e-04 
 2.72392000e-06  1.49622084e-240  2.72392000e-06 -1.52426194e-01  2.72392000e-06 -9.79398600e-04 
 2.72592000e-06  9.97480562e-241  2.72592000e-06 -1.40095230e-01  2.72592000e-06 -9.81224654e-04 
 2.72792000e-06  6.64987042e-241  2.72792000e-06 -1.27742273e-01  2.72792000e-06 -9.82895558e-04 
 2.72992000e-06  4.43324694e-241  2.72992000e-06 -1.15369275e-01  2.72992000e-06 -9.84411050e-04 
 2.73192000e-06  2.95549796e-241  2.73192000e-06 -1.02978194e-01  2.73192000e-06 -9.85770891e-04 
 2.73392000e-06  1.97033198e-241  2.73392000e-06 -9.05709880e-02  2.73392000e-06 -9.86974870e-04 
 2.73592000e-06  1.31355465e-241  2.73592000e-06 -7.81496191e-02  2.73592000e-06 -9.88022796e-04 
 2.73792000e-06  8.75703100e-242  2.73792000e-06 -6.57160511e-02  2.73792000e-06 -9.88914508e-04 
 2.73992000e-06  5.83802067e-242  2.73992000e-06 -5.32722500e-02  2.73992000e-06 -9.89649866e-04 
 2.74192000e-06  3.89201378e-242  2.74192000e-06 -4.08201832e-02  2.74192000e-06 -9.90228755e-04 
 2.74392000e-06  2.59467585e-242  2.74392000e-06 -2.83618194e-02  2.74392000e-06 -9.90651086e-04 
 2.74592000e-06  1.72978390e-242  2.74592000e-06 -1.58991283e-02  2.74592000e-06 -9.90916795e-04 
 2.74792000e-06  1.15318927e-242  2.74792000e-06 -3.43408033e-03  2.74792000e-06 -9.91025840e-04 
 2.74992000e-06  7.68792845e-243  2.74992000e-06  9.03135393e-03  2.74992000e-06 -9.90978208e-04 
 2.75192000e-06  5.12528563e-243  2.75192000e-06  2.14952037e-02  2.75192000e-06 -9.90773906e-04 
 2.75392000e-06  3.41685709e-243  2.75392000e-06  3.39554985e-02  2.75392000e-06 -9.90412971e-04 
 2.75592000e-06  2.27790473e-243  2.75592000e-06  4.64102685e-02  2.75592000e-06 -9.89895460e-04 
 2.75792000e-06  1.51860315e-243  2.75792000e-06  5.88575447e-02  2.75792000e-06 -9.89221457e-04 
 2.75992000e-06  1.01240210e-243  2.75992000e-06  7.12953594e-02  2.75992000e-06 -9.88391072e-04 
 2.76192000e-06  6.74934734e-244  2.76192000e-06  8.37217462e-02  2.76192000e-06 -9.87404437e-04 
 2.76392000e-06  4.49956489e-244  2.76392000e-06  9.61347409e-02  2.76392000e-06 -9.86261710e-04 
 2.76592000e-06  2.99970993e-244  2.76592000e-06  1.08532381e-01  2.76592000e-06 -9.84963073e-04 
 2.76792000e-06  1.99980662e-244  2.76792000e-06  1.20912707e-01  2.76792000e-06 -9.83508735e-04 
 2.76992000e-06  1.33320441e-244  2.76992000e-06  1.33273761e-01  2.76992000e-06 -9.81898927e-04 
 2.77192000e-06  8.88802941e-245  2.77192000e-06  1.45613590e-01  2.77192000e-06 -9.80133905e-04 
 2.77392000e-06  5.92535294e-245  2.77392000e-06  1.57930244e-01  2.77392000e-06 -9.78213951e-04 
 2.77592000e-06  3.95023530e-245  2.77592000e-06  1.70221774e-01  2.77592000e-06 -9.76139369e-04 
 2.77792000e-06  2.63349020e-245  2.77792000e-06  1.82486238e-01  2.77792000e-06 -9.73910490e-04 
 2.77992000e-06  1.75566013e-245  2.77992000e-06  1.94721699e-01  2.77992000e-06 -9.71527669e-04 
 2.78192000e-06  1.17044009e-245  2.78192000e-06  2.06926220e-01  2.78192000e-06 -9.68991283e-04 
 2.78392000e-06  7.80293392e-246  2.78392000e-06  2.19097875e-01  2.78392000e-06 -9.66301736e-04 
 2.78592000e-06  5.20195594e-246  2.78592000e-06  2.31234737e-01  2.78592000e-06 -9.63459455e-04 
 2.78792000e-06  3.46797063e-246  2.78792000e-06  2.43334890e-01  2.78792000e-06 -9.60464890e-04 
 2.78992000e-06  2.31198042e-246  2.78992000e-06  2.55396421e-01  2.78992000e-06 -9.57318519e-04 
 2.79192000e-06  1.54132028e-246  2.79192000e-06  2.67417424e-01  2.79192000e-06 -9.54020839e-04 
 2.79392000e-06  1.02754685e-246  2.79392000e-06  2.79395997e-01  2.79392000e-06 -9.50572374e-04 
 2.79592000e-06  6.85031235e-247  2.79592000e-06  2.91330249e-01  2.79592000e-06 -9.46973671e-04 
 2.79792000e-06  4.56687490e-247  2.79792000e-06  3.03218293e-01  2.79792000e-06 -9.43225301e-04 
 2.79992000e-06  3.04458327e-247  2.79992000e-06  3.15058250e-01  2.79992000e-06 -9.39327858e-04 
 2.80192000e-06  2.02972218e-247  2.80192000e-06  3.26848249e-01  2.80192000e-06 -9.35281961e-04 
 2.80392000e-06  1.35314812e-247  2.80392000e-06  3.38586426e-01  2.80392000e-06 -9.31088251e-04 
 2.80592000e-06  9.02098746e-248  2.80592000e-06  3.50270927e-01  2.80592000e-06 -9.26747393e-04 
 2.80792000e-06  6.01399164e-248  2.80792000e-06  3.61899905e-01  2.80792000e-06 -9.22260074e-04 
 2.80992000e-06  4.00932776e-248  2.80992000e-06  3.73471522e-01  2.80992000e-06 -9.17627007e-04 
 2.81192000e-06  2.67288517e-248  2.81192000e-06  3.84983949e-01  2.81192000e-06 -9.12848925e-04 
 2.81392000e-06  1.78192345e-248  2.81392000e-06  3.96435367e-01  2.81392000e-06 -9.07926587e-04 
 2.81592000e-06  1.18794897e-248  2.81592000e-06  4.07823967e-01  2.81592000e-06 -9.02860770e-04 
 2.81792000e-06  7.91965978e-249  2.81792000e-06  4.19147948e-01  2.81792000e-06 -8.97652280e-04 
 2.81992000e-06  5.27977318e-249  2.81992000e-06  4.30405522e-01  2.81992000e-06 -8.92301940e-04 
 2.82192000e-06  3.51984879e-249  2.82192000e-06  4.41594909e-01  2.82192000e-06 -8.86810598e-04 
 2.82392000e-06  2.34656586e-249  2.82392000e-06  4.52714341e-01  2.82392000e-06 -8.81179124e-04 
 2.82592000e-06  1.56437724e-249  2.82592000e-06  4.63762062e-01  2.82592000e-06 -8.75408411e-04 
 2.82792000e-06  1.04291816e-249  2.82792000e-06  4.74736325e-01  2.82792000e-06 -8.69499372e-04 
 2.82992000e-06  6.95278773e-250  2.82992000e-06  4.85635396e-01  2.82992000e-06 -8.63452943e-04 
 2.83192000e-06  4.63519182e-250  2.83192000e-06  4.96457553e-01  2.83192000e-06 -8.57270083e-04 
 2.83392000e-06  3.09012788e-250  2.83392000e-06  5.07201087e-01  2.83392000e-06 -8.50951769e-04 
 2.83592000e-06  2.06008525e-250  2.83592000e-06  5.17864299e-01  2.83592000e-06 -8.44499004e-04 
 2.83792000e-06  1.37339017e-250  2.83792000e-06  5.28445506e-01  2.83792000e-06 -8.37912807e-04 
 2.83992000e-06  9.15593446e-251  2.83992000e-06  5.38943034e-01  2.83992000e-06 -8.31194224e-04 
 2.84192000e-06  6.10395631e-251  2.84192000e-06  5.49355226e-01  2.84192000e-06 -8.24344317e-04 
 2.84392000e-06  4.06930421e-251  2.84392000e-06  5.59680437e-01  2.84392000e-06 -8.17364170e-04 
 2.84592000e-06  2.71286947e-251  2.84592000e-06  5.69917035e-01  2.84592000e-06 -8.10254890e-04 
 2.84792000e-06  1.80857965e-251  2.84792000e-06  5.80063402e-01  2.84792000e-06 -8.03017601e-04 
 2.84992000e-06  1.20571976e-251  2.84992000e-06  5.90117937e-01  2.84992000e-06 -7.95653450e-04 
 2.85192000e-06  8.03813176e-252  2.85192000e-06  6.00079051e-01  2.85192000e-06 -7.88163603e-04 
 2.85392000e-06  5.35875451e-252  2.85392000e-06  6.09945169e-01  2.85392000e-06 -7.80549244e-04 
 2.85592000e-06  3.57250301e-252  2.85592000e-06  6.19714734e-01  2.85592000e-06 -7.72811580e-04 
 2.85792000e-06  2.38166867e-252  2.85792000e-06  6.29386202e-01  2.85792000e-06 -7.64951834e-04 
 2.85992000e-06  1.58777911e-252  2.85992000e-06  6.38958046e-01  2.85992000e-06 -7.56971252e-04 
 2.86192000e-06  1.05851941e-252  2.86192000e-06  6.48428752e-01  2.86192000e-06 -7.48871097e-04 
 2.86392000e-06  7.05679606e-253  2.86392000e-06  6.57796826e-01  2.86392000e-06 -7.40652650e-04 
 2.86592000e-06  4.70453071e-253  2.86592000e-06  6.67060788e-01  2.86592000e-06 -7.32317213e-04 
 2.86792000e-06  3.13635380e-253  2.86792000e-06  6.76219173e-01  2.86792000e-06 -7.23866105e-04 
 2.86992000e-06  2.09090254e-253  2.86992000e-06  6.85270537e-01  2.86992000e-06 -7.15300662e-04 
 2.87192000e-06  1.39393502e-253  2.87192000e-06  6.94213448e-01  2.87192000e-06 -7.06622242e-04 
 2.87392000e-06  9.29290016e-254  2.87392000e-06  7.03046495e-01  2.87392000e-06 -6.97832216e-04 
 2.87592000e-06  6.19526678e-254  2.87592000e-06  7.11768282e-01  2.87592000e-06 -6.88931978e-04 
 2.87792000e-06  4.13017785e-254  2.87792000e-06  7.20377433e-01  2.87792000e-06 -6.79922933e-04 
 2.87992000e-06  2.75345190e-254  2.87992000e-06  7.28872586e-01  2.87992000e-06 -6.70806510e-04 
 2.88192000e-06  1.83563460e-254  2.88192000e-06  7.37252402e-01  2.88192000e-06 -6.61584149e-04 
 2.88392000e-06  1.22375640e-254  2.88392000e-06  7.45515556e-01  2.88392000e-06 -6.52257311e-04 
 2.88592000e-06  8.15837600e-255  2.88592000e-06  7.53660743e-01  2.88592000e-06 -6.42827471e-04 
 2.88792000e-06  5.43891733e-255  2.88792000e-06  7.61686677e-01  2.88792000e-06 -6.33296121e-04 
 2.88992000e-06  3.62594489e-255  2.88992000e-06  7.69592092e-01  2.88992000e-06 -6.23664770e-04 
 2.89192000e-06  2.41729659e-255  2.89192000e-06  7.77375738e-01  2.89192000e-06 -6.13934942e-04 
 2.89392000e-06  1.61153106e-255  2.89392000e-06  7.85036386e-01  2.89392000e-06 -6.04108175e-04 
 2.89592000e-06  1.07435404e-255  2.89592000e-06  7.92572828e-01  2.89592000e-06 -5.94186025e-04 
 2.89792000e-06  7.16236027e-256  2.89792000e-06  7.99983873e-01  2.89792000e-06 -5.84170062e-04 
 2.89992000e-06  4.77490685e-256  2.89992000e-06  8.07268350e-01  2.89992000e-06 -5.74061870e-04 
 2.90192000e-06  3.18327123e-256  2.90192000e-06  8.14425111e-01  2.90192000e-06 -5.63863048e-04 
 2.90392000e-06  2.12218082e-256  2.90392000e-06  8.21453024e-01  2.90392000e-06 -5.53575210e-04 
 2.90592000e-06  1.41478721e-256  2.90592000e-06  8.28350981e-01  2.90592000e-06 -5.43199984e-04 
 2.90792000e-06  9.43191476e-257  2.90792000e-06  8.35117893e-01  2.90792000e-06 -5.32739011e-04 
 2.90992000e-06  6.28794318e-257  2.90992000e-06  8.41752692e-01  2.90992000e-06 -5.22193945e-04 
 2.91192000e-06  4.19196212e-257  2.91192000e-06  8.48254329e-01  2.91192000e-06 -5.11566456e-04 
 2.91392000e-06  2.79464141e-257  2.91392000e-06  8.54621780e-01  2.91392000e-06 -5.00858223e-04 
 2.91592000e-06  1.86309427e-257  2.91592000e-06  8.60854039e-01  2.91592000e-06 -4.90070942e-04 
 2.91792000e-06  1.24206285e-257  2.91792000e-06  8.66950123e-01  2.91792000e-06 -4.79206319e-04 
 2.91992000e-06  8.28041900e-258  2.91992000e-06  8.72909068e-01  2.91992000e-06 -4.68266071e-04 
 2.92192000e-06  5.52027933e-258  2.92192000e-06  8.78729936e-01  2.92192000e-06 -4.57251930e-04 
 2.92392000e-06  3.68018622e-258  2.92392000e-06  8.84411808e-01  2.92392000e-06 -4.46165639e-04 
 2.92592000e-06  2.45345748e-258  2.92592000e-06  8.89953786e-01  2.92592000e-06 -4.35008950e-04 
 2.92792000e-06  1.63563832e-258  2.92792000e-06  8.95354998e-01  2.92792000e-06 -4.23783628e-04 
 2.92992000e-06  1.09042555e-258  2.92992000e-06  9.00614589e-01  2.92992000e-06 -4.12491448e-04 
 2.93192000e-06  7.26950365e-259  2.93192000e-06  9.05731732e-01  2.93192000e-06 -4.01134198e-04 
 2.93392000e-06  4.84633576e-259  2.93392000e-06  9.10705618e-01  2.93392000e-06 -3.89713673e-04 
 2.93592000e-06  3.23089051e-259  2.93592000e-06  9.15535463e-01  2.93592000e-06 -3.78231680e-04 
 2.93792000e-06  2.15392701e-259  2.93792000e-06  9.20220505e-01  2.93792000e-06 -3.66690034e-04 
 2.93992000e-06  1.43595134e-259  2.93992000e-06  9.24760005e-01  2.93992000e-06 -3.55090561e-04 
 2.94192000e-06  9.57300892e-260  2.94192000e-06  9.29153249e-01  2.94192000e-06 -3.43435096e-04 
 2.94392000e-06  6.38200595e-260  2.94392000e-06  9.33399542e-01  2.94392000e-06 -3.31725481e-04 
 2.94592000e-06  4.25467063e-260  2.94592000e-06  9.37498215e-01  2.94592000e-06 -3.19963570e-04 
 2.94792000e-06  2.83644709e-260  2.94792000e-06  9.41448622e-01  2.94792000e-06 -3.08151221e-04 
 2.94992000e-06  1.89096472e-260  2.94992000e-06  9.45250141e-01  2.94992000e-06 -2.96290304e-04 
 2.95192000e-06  1.26064315e-260  2.95192000e-06  9.48902173e-01  2.95192000e-06 -2.84382693e-04 
 2.95392000e-06  8.40428766e-261  2.95392000e-06  9.52404141e-01  2.95392000e-06 -2.72430273e-04 
 2.95592000e-06  5.60285844e-261  2.95592000e-06  9.55755495e-01  2.95592000e-06 -2.60434933e-04 
 2.95792000e-06  3.73523896e-261  2.95792000e-06  9.58955705e-01  2.95792000e-06 -2.48398570e-04 
 2.95992000e-06  2.49015931e-261  2.95992000e-06  9.62004269e-01  2.95992000e-06 -2.36323087e-04 
 2.96192000e-06  1.66010621e-261  2.96192000e-06  9.64900706e-01  2.96192000e-06 -2.24210395e-04 
 2.96392000e-06  1.10673747e-261  2.96392000e-06  9.67644560e-01  2.96392000e-06 -2.12062408e-04 
 2.96592000e-06  7.37824980e-262  2.96592000e-06  9.70235400e-01  2.96592000e-06 -1.99881048e-04 
 2.96792000e-06  4.91883320e-262  2.96792000e-06  9.72672816e-01  2.96792000e-06 -1.87668240e-04 
 2.96992000e-06  3.27922213e-262  2.96992000e-06  9.74956428e-01  2.96992000e-06 -1.75425917e-04 
 2.97192000e-06  2.18614809e-262  2.97192000e-06  9.77085874e-01  2.97192000e-06 -1.63156013e-04 
 2.97392000e-06  1.45743206e-262  2.97392000e-06  9.79060820e-01  2.97392000e-06 -1.50860470e-04 
 2.97592000e-06  9.71621373e-263  2.97592000e-06  9.80880957e-01  2.97592000e-06 -1.38541230e-04 
 2.97792000e-06  6.47747582e-263  2.97792000e-06  9.82545997e-01  2.97792000e-06 -1.26200243e-04 
 2.97992000e-06  4.31831721e-263  2.97992000e-06  9.84055681e-01  2.97992000e-06 -1.13839459e-04 
 2.98192000e-06  2.87887814e-263  2.98192000e-06  9.85409771e-01  2.98192000e-06 -1.01460833e-04 
 2.98392000e-06  1.91925209e-263  2.98392000e-06  9.86608055e-01  2.98392000e-06 -8.90663221e-05 
 2.98592000e-06  1.27950140e-263  2.98592000e-06  9.87650345e-01  2.98592000e-06 -7.66578859e-05 
 2.98792000e-06  8.53000931e-264  2.98792000e-06  9.88536480e-01  2.98792000e-06 -6.42374864e-05 
 2.98992000e-06  5.68667287e-264  2.98992000e-06  9.89266320e-01  2.98992000e-06 -5.18070874e-05 
 2.99192000e-06  3.79111525e-264  2.99192000e-06  9.89839752e-01  2.99192000e-06 -3.93686541e-05 
 2.99392000e-06  2.52741017e-264  2.99392000e-06  9.90256688e-01  2.99392000e-06 -2.69241531e-05 
 2.99592000e-06  1.68494011e-264  2.99592000e-06  9.90517064e-01  2.99592000e-06 -1.44755520e-05 
 2.99792000e-06  1.12329341e-264  2.99792000e-06  9.90620840e-01  2.99792000e-06 -2.02481874e-06 
 2.99992000e-06  7.48862271e-265  2.99992000e-06  9.90568001e-01  2.99992000e-06  1.04260781e-05 
 3.00192000e-06  4.99241514e-265  3.00192000e-06  9.90358560e-01  3.00192000e-06  2.28751701e-05 
 3.00392000e-06  3.32827676e-265  3.00392000e-06  9.89992549e-01  3.00392000e-06  3.53204892e-05 
 3.00592000e-06  2.21885117e-265  3.00592000e-06  9.89470030e-01  3.00592000e-06  4.77600679e-05 
 3.00792000e-06  1.47923412e-265  3.00792000e-06  9.88791087e-01  3.00792000e-06  6.01919396e-05 
 3.00992000e-06  9.86156078e-266  3.00992000e-06  9.87955828e-01  3.00992000e-06  7.26141389e-05 
 3.01192000e-06  6.57437385e-266  3.01192000e-06  9.86964389e-01  3.01192000e-06  8.50247021e-05 
 3.01392000e-06  4.38291590e-266  3.01392000e-06  9.85816928e-01  3.01392000e-06  9.74216674e-05 
 3.01592000e-06  2.92194393e-266  3.01592000e-06  9.84513627e-01  3.01592000e-06  1.09803075e-04 
 3.01792000e-06  1.94796262e-266  3.01792000e-06  9.83054696e-01  3.01792000e-06  1.22166967e-04 
 3.01992000e-06  1.29864175e-266  3.01992000e-06  9.81440367e-01  3.01992000e-06  1.34511390e-04 
 3.02192000e-06  8.65761166e-267  3.02192000e-06  9.79670897e-01  3.02192000e-06  1.46834393e-04 
 3.02392000e-06  5.77174110e-267  3.02392000e-06  9.77746567e-01  3.02392000e-06  1.59134026e-04 
 3.02592000e-06  3.84782740e-267  3.02592000e-06  9.75667684e-01  3.02592000e-06  1.71408347e-04 
 3.02792000e-06  2.56521827e-267  3.02792000e-06  9.73434579e-01  3.02792000e-06  1.83655414e-04 
 3.02992000e-06  1.71014551e-267  3.02992000e-06  9.71047606e-01  3.02992000e-06  1.95873292e-04 
 3.03192000e-06  1.14009701e-267  3.03192000e-06  9.68507144e-01  3.03192000e-06  2.08060051e-04 
 3.03392000e-06  7.60064672e-268  3.03392000e-06  9.65813598e-01  3.03392000e-06  2.20213762e-04 
 3.03592000e-06  5.06709781e-268  3.03592000e-06  9.62967395e-01  3.03592000e-06  2.32332506e-04 
 3.03792000e-06  3.37806521e-268  3.03792000e-06  9.59968987e-01  3.03792000e-06  2.44414367e-04 
 3.03992000e-06  2.25204347e-268  3.03992000e-06  9.56818850e-01  3.03992000e-06  2.56457435e-04 
 3.04192000e-06  1.50136232e-268  3.04192000e-06  9.53517484e-01  3.04192000e-06  2.68459807e-04 
 3.04392000e-06  1.00090821e-268  3.04392000e-06  9.50065412e-01  3.04392000e-06  2.80419586e-04 
 3.04592000e-06  6.67272140e-269  3.04592000e-06  9.46463183e-01  3.04592000e-06  2.92334882e-04 
 3.04792000e-06  4.44848093e-269  3.04792000e-06  9.42711367e-01  3.04792000e-06  3.04203811e-04 
 3.04992000e-06  2.96565396e-269  3.04992000e-06  9.38810560e-01  3.04992000e-06  3.16024498e-04 
 3.05192000e-06  1.97710264e-269  3.05192000e-06  9.34761381e-01  3.05192000e-06  3.27795074e-04 
 3.05392000e-06  1.31806842e-269  3.05392000e-06  9.30564470e-01  3.05392000e-06  3.39513679e-04 
 3.05592000e-06  8.78712283e-270  3.05592000e-06  9.26220494e-01  3.05592000e-06  3.51178461e-04 
 3.05792000e-06  5.85808189e-270  3.05792000e-06  9.21730142e-01  3.05792000e-06  3.62787577e-04 
 3.05992000e-06  3.90538793e-270  3.05992000e-06  9.17094125e-01  3.05992000e-06  3.74339191e-04 
 3.06192000e-06  2.60359195e-270  3.06192000e-06  9.12313177e-01  3.06192000e-06  3.85831480e-04 
 3.06392000e-06  1.73572797e-270  3.06392000e-06  9.07388057e-01  3.06392000e-06  3.97262625e-04 
 3.06592000e-06  1.15715198e-270  3.06592000e-06  9.02319545e-01  3.06592000e-06  4.08630822e-04 
 3.06792000e-06  7.71434652e-271  3.06792000e-06  8.97108443e-01  3.06792000e-06  4.19934273e-04 
 3.06992000e-06  5.14289768e-271  3.06992000e-06  8.91755579e-01  3.06992000e-06  4.31171192e-04 
 3.07192000e-06  3.42859845e-271  3.07192000e-06  8.86261799e-01  3.07192000e-06  4.42339804e-04 
 3.07392000e-06  2.28573230e-271  3.07392000e-06  8.80627974e-01  3.07392000e-06  4.53438343e-04 
 3.07592000e-06  1.52382153e-271  3.07592000e-06  8.74854997e-01  3.07592000e-06  4.64465056e-04 
 3.07792000e-06  1.01588102e-271  3.07792000e-06  8.68943781e-01  3.07792000e-06  4.75418201e-04 
 3.07992000e-06  6.77254015e-272  3.07992000e-06  8.62895264e-01  3.07992000e-06  4.86296047e-04 
 3.08192000e-06  4.51502677e-272  3.08192000e-06  8.56710403e-01  3.08192000e-06  4.97096874e-04 
 3.08392000e-06  3.01001785e-272  3.08392000e-06  8.50390177e-01  3.08392000e-06  5.07818978e-04 
 3.08592000e-06  2.00667856e-272  3.08592000e-06  8.43935589e-01  3.08592000e-06  5.18460662e-04 
 3.08792000e-06  1.33778571e-272  3.08792000e-06  8.37347658e-01  3.08792000e-06  5.29020247e-04 
 3.08992000e-06  8.91857140e-273  3.08992000e-06  8.30627430e-01  3.08992000e-06  5.39496063e-04 
 3.09192000e-06  5.94571426e-273  3.09192000e-06  8.23775968e-01  3.09192000e-06  5.49886455e-04 
 3.09392000e-06  3.96380951e-273  3.09392000e-06  8.16794356e-01  3.09392000e-06  5.60189782e-04 
 3.09592000e-06  2.64253967e-273  3.09592000e-06  8.09683701e-01  3.09592000e-06  5.70404417e-04 
 3.09792000e-06  1.76169312e-273  3.09792000e-06  8.02445127e-01  3.09792000e-06  5.80528744e-04 
 3.09992000e-06  1.17446208e-273  3.09992000e-06  7.95079782e-01  3.09992000e-06  5.90561165e-04 
 3.10192000e-06  7.82974718e-274  3.10192000e-06  7.87588831e-01  3.10192000e-06  6.00500095e-04 
 3.10392000e-06  5.21983145e-274  3.10392000e-06  7.79973459e-01  3.10392000e-06  6.10343964e-04 
 3.10592000e-06  3.47988764e-274  3.10592000e-06  7.72234873e-01  3.10592000e-06  6.20091216e-04 
 3.10792000e-06  2.31992509e-274  3.10792000e-06  7.64374297e-01  3.10792000e-06  6.29740313e-04 
 3.10992000e-06  1.54661673e-274  3.10992000e-06  7.56392976e-01  3.10992000e-06  6.39289729e-04 
 3.11192000e-06  1.03107782e-274  3.11192000e-06  7.48292173e-01  3.11192000e-06  6.48737956e-04 
 3.11392000e-06  6.87385212e-275  3.11392000e-06  7.40073171e-01  3.11392000e-06  6.58083501e-04 
 3.11592000e-06  4.58256808e-275  3.11592000e-06  7.31737269e-01  3.11592000e-06  6.67324889e-04 
 3.11792000e-06  3.05504539e-275  3.11792000e-06  7.23285787e-01  3.11792000e-06  6.76460660e-04 
 3.11992000e-06  2.03669692e-275  3.11992000e-06  7.14720064e-01  3.11992000e-06  6.85489371e-04 
 3.12192000e-06  1.35779795e-275  3.12192000e-06  7.06041454e-01  3.12192000e-06  6.94409595e-04 
 3.12392000e-06  9.05198633e-276  3.12392000e-06  6.97251331e-01  3.12392000e-06  7.03219925e-04 
 3.12592000e-06  6.03465755e-276  3.12592000e-06  6.88351087e-01  3.12592000e-06  7.11918967e-04 
 3.12792000e-06  4.02310504e-276  3.12792000e-06  6.79342129e-01  3.12792000e-06  7.20505349e-04 
 3.12992000e-06  2.68207002e-276  3.12992000e-06  6.70225883e-01  3.12992000e-06  7.28977715e-04 
 3.13192000e-06  1.78804668e-276  3.13192000e-06  6.61003792e-01  3.13192000e-06  7.37334726e-04 
 3.13392000e-06  1.19203112e-276  3.13392000e-06  6.51677315e-01  3.13392000e-06  7.45575062e-04 
 3.13592000e-06  7.94687414e-277  3.13592000e-06  6.42247929e-01  3.13592000e-06  7.53697423e-04 
 3.13792000e-06  5.29791610e-277  3.13792000e-06  6.32717124e-01  3.13792000e-06  7.61700525e-04 
 3.13992000e-06  3.53194406e-277  3.13992000e-06  6.23086409e-01  3.13992000e-06  7.69583106e-04 
 3.14192000e-06  2.35462938e-277  3.14192000e-06  6.13357309e-01  3.14192000e-06  7.77343920e-04 
 3.14392000e-06  1.56975292e-277  3.14392000e-06  6.03531361e-01  3.14392000e-06  7.84981742e-04 
 3.14592000e-06  1.04650194e-277  3.14592000e-06  5.93610121e-01  3.14592000e-06  7.92495365e-04 
 3.14792000e-06  6.97667963e-278  3.14792000e-06  5.83595159e-01  3.14792000e-06  7.99883604e-04 
 3.14992000e-06  4.65111976e-278  3.14992000e-06  5.73488059e-01  3.14992000e-06  8.07145293e-04 
 3.15192000e-06  3.10074650e-278  3.15192000e-06  5.63290421e-01  3.15192000e-06  8.14279284e-04 
 3.15392000e-06  2.06716434e-278  3.15392000e-06  5.53003856e-01  3.15392000e-06  8.21284451e-04 
 3.15592000e-06  1.37810956e-278  3.15592000e-06  5.42629994e-01  3.15592000e-06  8.28159689e-04 
 3.15792000e-06  9.18739705e-279  3.15792000e-06  5.32170474e-01  3.15792000e-06  8.34903912e-04 
 3.15992000e-06  6.12493136e-279  3.15992000e-06  5.21626952e-01  3.15992000e-06  8.41516056e-04 
 3.16192000e-06  4.08328758e-279  3.16192000e-06  5.11001096e-01  3.16192000e-06  8.47995077e-04 
 3.16392000e-06  2.72219172e-279  3.16392000e-06  5.00294587e-01  3.16392000e-06  8.54339952e-04 
 3.16592000e-06  1.81479448e-279  3.16592000e-06  4.89509117e-01  3.16592000e-06  8.60549680e-04 
 3.16792000e-06  1.20986299e-279  3.16792000e-06  4.78646394e-01  3.16792000e-06  8.66623281e-04 
 3.16992000e-06  8.06575324e-280  3.16992000e-06  4.67708136e-01  3.16992000e-06  8.72559797e-04 
 3.17192000e-06  5.37716883e-280  3.17192000e-06  4.56696072e-01  3.17192000e-06  8.78358290e-04 
 3.17392000e-06  3.58477922e-280  3.17392000e-06  4.45611946e-01  3.17392000e-06  8.84017845e-04 
 3.17592000e-06  2.38985281e-280  3.17592000e-06  4.34457509e-01  3.17592000e-06  8.89537570e-04 
 3.17792000e-06  1.59323521e-280  3.17792000e-06  4.23234527e-01  3.17792000e-06  8.94916594e-04 
 3.17992000e-06  1.06215680e-280  3.17992000e-06  4.11944774e-01  3.17992000e-06  9.00154068e-04 
 3.18192000e-06  7.08104537e-281  3.18192000e-06  4.00590037e-01  3.18192000e-06  9.05249166e-04 
 3.18392000e-06  4.72069691e-281  3.18392000e-06  3.89172111e-01  3.18392000e-06  9.10201084e-04 
 3.18592000e-06  3.14713127e-281  3.18592000e-06  3.77692802e-01  3.18592000e-06  9.15009041e-04 
 3.18792000e-06  2.09808752e-281  3.18792000e-06  3.66153926e-01  3.18792000e-06  9.19672279e-04 
 3.18992000e-06  1.39872501e-281  3.18992000e-06  3.54557307e-01  3.18992000e-06  9.24190062e-04 
 3.19192000e-06  9.32483340e-282  3.19192000e-06  3.42904781e-01  3.19192000e-06  9.28561678e-04 
 3.19392000e-06  6.21655560e-282  3.19392000e-06  3.31198189e-01  3.19392000e-06  9.32786438e-04 
 3.19592000e-06  4.14437040e-282  3.19592000e-06  3.19439383e-01  3.19592000e-06  9.36863675e-04 
 3.19792000e-06  2.76291360e-282  3.19792000e-06  3.07630223e-01  3.19792000e-06  9.40792747e-04 
 3.19992000e-06  1.84194240e-282  3.19992000e-06  2.95772577e-01  3.19992000e-06  9.44573034e-04 
 3.20192000e-06  1.22796160e-282  3.20192000e-06  2.83868319e-01  3.20192000e-06  9.48203941e-04 
 3.20392000e-06  8.18641067e-283  3.20392000e-06  2.71919332e-01  3.20392000e-06  9.51684896e-04 
 3.20592000e-06  5.45760711e-283  3.20592000e-06  2.59927507e-01  3.20592000e-06  9.55015350e-04 
 3.20792000e-06  3.63840474e-283  3.20792000e-06  2.47894739e-01  3.20792000e-06  9.58194778e-04 
 3.20992000e-06  2.42560316e-283  3.20992000e-06  2.35822931e-01  3.20992000e-06  9.61222680e-04 
 3.21192000e-06  1.61706877e-283  3.21192000e-06  2.23713992e-01  3.21192000e-06  9.64098579e-04 
 3.21392000e-06  1.07804585e-283  3.21392000e-06  2.11569838e-01  3.21392000e-06  9.66822022e-04 
 3.21592000e-06  7.18697233e-284  3.21592000e-06  1.99392387e-01  3.21592000e-06  9.69392581e-04 
 3.21792000e-06  4.79131489e-284  3.21792000e-06  1.87183567e-01  3.21792000e-06  9.71809851e-04 
 3.21992000e-06  3.19420992e-284  3.21992000e-06  1.74945307e-01  3.21992000e-06  9.74073452e-04 
 3.22192000e-06  2.12947328e-284  3.22192000e-06  1.62679543e-01  3.22192000e-06  9.76183027e-04 
 3.22392000e-06  1.41964886e-284  3.22392000e-06  1.50388214e-01  3.22392000e-06  9.78138246e-04 
 3.22592000e-06  9.46432570e-285  3.22592000e-06  1.38073264e-01  3.22592000e-06  9.79938801e-04 
 3.22792000e-06  6.30955047e-285  3.22792000e-06  1.25736640e-01  3.22792000e-06  9.81584409e-04 
 3.22992000e-06  4.20636698e-285  3.22992000e-06  1.13380293e-01  3.22992000e-06  9.83074813e-04 
 3.23192000e-06  2.80424465e-285  3.23192000e-06  1.01006176e-01  3.23192000e-06  9.84409778e-04 
 3.23392000e-06  1.86949644e-285  3.23392000e-06  8.86162461e-02  3.23392000e-06  9.85589096e-04 
 3.23592000e-06  1.24633096e-285  3.23592000e-06  7.62124620e-02  3.23592000e-06  9.86612581e-04 
 3.23792000e-06  8.30887304e-286  3.23792000e-06  6.37967849e-02  3.23792000e-06  9.87480075e-04 
 3.23992000e-06  5.53924870e-286  3.23992000e-06  5.13711779e-02  3.23992000e-06  9.88191441e-04 
 3.24192000e-06  3.69283246e-286  3.24192000e-06  3.89376055e-02  3.24192000e-06  9.88746570e-04 
 3.24392000e-06  2.46188831e-286  3.24392000e-06  2.64980335e-02  3.24392000e-06  9.89145376e-04 
 3.24592000e-06  1.64125887e-286  3.24592000e-06  1.40544286e-02  3.24592000e-06  9.89387797e-04 
 3.24792000e-06  1.09417258e-286  3.24792000e-06  1.60875824e-03  3.24792000e-06  9.89473798e-04 
 3.24992000e-06  7.29448388e-287  3.24992000e-06 -1.08370101e-02  3.24992000e-06  9.89403365e-04 
 3.25192000e-06  4.86298925e-287  3.25192000e-06 -2.32809087e-02  3.25192000e-06  9.89176514e-04 
 3.25392000e-06  3.24199284e-287  3.25392000e-06 -3.57209703e-02  3.25392000e-06  9.88793281e-04 
 3.25592000e-06  2.16132856e-287  3.25592000e-06 -4.81552282e-02  3.25592000e-06  9.88253729e-04 
 3.25792000e-06  1.44088570e-287  3.25792000e-06 -6.05817167e-02  3.25792000e-06  9.87557945e-04 
 3.25992000e-06  9.60590470e-288  3.25992000e-06 -7.29984714e-02  3.25992000e-06  9.86706042e-04 
 3.26192000e-06  6.40393647e-288  3.26192000e-06 -8.54035292e-02  3.26192000e-06  9.85698155e-04 
 3.26392000e-06  4.26929098e-288  3.26392000e-06 -9.77949292e-02  3.26392000e-06  9.84534447e-04 
 3.26592000e-06  2.84619398e-288  3.26592000e-06 -1.10170713e-01  3.26592000e-06  9.83215102e-04 
 3.26792000e-06  1.89746266e-288  3.26792000e-06 -1.22528923e-01  3.26792000e-06  9.81740333e-04 
 3.26992000e-06  1.26497510e-288  3.26992000e-06 -1.34867607e-01  3.26992000e-06  9.80110373e-04 
 3.27192000e-06  8.43316736e-289  3.27192000e-06 -1.47184813e-01  3.27192000e-06  9.78325483e-04 
 3.27392000e-06  5.62211157e-289  3.27392000e-06 -1.59478596e-01  3.27392000e-06  9.76385946e-04 
 3.27592000e-06  3.74807438e-289  3.27592000e-06 -1.71747011e-01  3.27592000e-06  9.74292071e-04 
 3.27792000e-06  2.49871626e-289  3.27792000e-06 -1.83988119e-01  3.27792000e-06  9.72044192e-04 
 3.27992000e-06  1.66581084e-289  3.27992000e-06 -1.96199987e-01  3.27992000e-06  9.69642664e-04 
 3.28192000e-06  1.11054056e-289  3.28192000e-06 -2.08380682e-01  3.28192000e-06  9.67087871e-04 
 3.28392000e-06  7.40360372e-290  3.28392000e-06 -2.20528280e-01  3.28392000e-06  9.64380218e-04 
 3.28592000e-06  4.93573581e-290  3.28592000e-06 -2.32640861e-01  3.28592000e-06  9.61520135e-04 
 3.28792000e-06  3.29049054e-290  3.28792000e-06 -2.44716510e-01  3.28792000e-06  9.58508075e-04 
 3.28992000e-06  2.19366036e-290  3.28992000e-06 -2.56753318e-01  3.28992000e-06  9.55344518e-04 
 3.29192000e-06  1.46244024e-290  3.29192000e-06 -2.68749384e-01  3.29192000e-06  9.52029964e-04 
 3.29392000e-06  9.74960161e-291  3.29392000e-06 -2.80702811e-01  3.29392000e-06  9.48564941e-04 
 3.29592000e-06  6.49973440e-291  3.29592000e-06 -2.92611710e-01  3.29592000e-06  9.44949997e-04 
 3.29792000e-06  4.33315627e-291  3.29792000e-06 -3.04474199e-01  3.29792000e-06  9.41185706e-04 
 3.29992000e-06  2.88877085e-291  3.29992000e-06 -3.16288403e-01  3.29992000e-06  9.37272665e-04 
 3.30192000e-06  1.92584723e-291  3.30192000e-06 -3.28052454e-01  3.30192000e-06  9.33211495e-04 
 3.30392000e-06  1.28389815e-291  3.30392000e-06 -3.39764494e-01  3.30392000e-06  9.29002840e-04 
 3.30592000e-06  8.55932103e-292  3.30592000e-06 -3.51422671e-01  3.30592000e-06  9.24647366e-04 
 3.30792000e-06  5.70621402e-292  3.30792000e-06 -3.63025144e-01  3.30792000e-06  9.20145764e-04 
 3.30992000e-06  3.80414268e-292  3.30992000e-06 -3.74570078e-01  3.30992000e-06  9.15498748e-04 
 3.31192000e-06  2.53609512e-292  3.31192000e-06 -3.86055649e-01  3.31192000e-06  9.10707054e-04 
 3.31392000e-06  1.69073008e-292  3.31392000e-06 -3.97480042e-01  3.31392000e-06  9.05771442e-04 
 3.31592000e-06  1.12715339e-292  3.31592000e-06 -4.08841452e-01  3.31592000e-06  9.00692693e-04 
 3.31792000e-06  7.51435591e-293  3.31792000e-06 -4.20138082e-01  3.31792000e-06  8.95471612e-04 
 3.31992000e-06  5.00957061e-293  3.31992000e-06 -4.31368149e-01  3.31992000e-06  8.90109027e-04 
 3.32192000e-06  3.33971374e-293  3.32192000e-06 -4.42529878e-01  3.32192000e-06  8.84605788e-04 
 3.32392000e-06  2.22647582e-293  3.32392000e-06 -4.53621504e-01  3.32392000e-06  8.78962765e-04 
 3.32592000e-06  1.48431722e-293  3.32592000e-06 -4.64641275e-01  3.32592000e-06  8.73180853e-04 
 3.32792000e-06  9.89544811e-294  3.32792000e-06 -4.75587450e-01  3.32792000e-06  8.67260968e-04 
 3.32992000e-06  6.59696541e-294  3.32992000e-06 -4.86458299e-01  3.32992000e-06  8.61204047e-04 
 3.33192000e-06  4.39797694e-294  3.33192000e-06 -4.97252105e-01  3.33192000e-06  8.55011049e-04 
 3.33392000e-06  2.93198462e-294  3.33392000e-06 -5.07967161e-01  3.33392000e-06  8.48682956e-04 
 3.33592000e-06  1.95465642e-294  3.33592000e-06 -5.18601776e-01  3.33592000e-06  8.42220770e-04 
 3.33792000e-06  1.30310428e-294  3.33792000e-06 -5.29154268e-01  3.33792000e-06  8.35625514e-04 
 3.33992000e-06  8.68736185e-295  3.33992000e-06 -5.39622971e-01  3.33992000e-06  8.28898231e-04 
 3.34192000e-06  5.79157457e-295  3.34192000e-06 -5.50006231e-01  3.34192000e-06  8.22039989e-04 
 3.34392000e-06  3.86104971e-295  3.34392000e-06 -5.60302406e-01  3.34392000e-06  8.15051871e-04 
 3.34592000e-06  2.57403314e-295  3.34592000e-06 -5.70509870e-01  3.34592000e-06  8.07934985e-04 
 3.34792000e-06  1.71602209e-295  3.34792000e-06 -5.80627011e-01  3.34792000e-06  8.00690458e-04 
 3.34992000e-06  1.14401473e-295  3.34992000e-06 -5.90652231e-01  3.34992000e-06  7.93319437e-04 
 3.35192000e-06  7.62676486e-296  3.35192000e-06 -6.00583945e-01  3.35192000e-06  7.85823088e-04 
 3.35392000e-06  5.08450991e-296  3.35392000e-06 -6.10420584e-01  3.35392000e-06  7.78202597e-04 
 3.35592000e-06  3.38967327e-296  3.35592000e-06 -6.20160595e-01  3.35592000e-06  7.70459173e-04 
 3.35792000e-06  2.25978218e-296  3.35792000e-06 -6.29802440e-01  3.35792000e-06  7.62594039e-04 
 3.35992000e-06  1.50652145e-296  3.35992000e-06 -6.39344594e-01  3.35992000e-06  7.54608442e-04 
 3.36192000e-06  1.00434764e-296  3.36192000e-06 -6.48785550e-01  3.36192000e-06  7.46503645e-04 
 3.36392000e-06  6.69565091e-297  3.36392000e-06 -6.58123818e-01  3.36392000e-06  7.38280930e-04 
 3.36592000e-06  4.46376727e-297  3.36592000e-06 -6.67357922e-01  3.36592000e-06  7.29941601e-04 
 3.36792000e-06  2.97584485e-297  3.36792000e-06 -6.76486403e-01  3.36792000e-06  7.21486975e-04 
 3.36992000e-06  1.98389657e-297  3.36992000e-06 -6.85507821e-01  3.36992000e-06  7.12918392e-04 
 3.37192000e-06  1.32259771e-297  3.37192000e-06 -6.94420749e-01  3.37192000e-06  7.04237207e-04 
 3.37392000e-06  8.81731807e-298  3.37392000e-06 -7.03223781e-01  3.37392000e-06  6.95444795e-04 
 3.37592000e-06  5.87821205e-298  3.37592000e-06 -7.11915525e-01  3.37592000e-06  6.86542547e-04 
 3.37792000e-06  3.91880803e-298  3.37792000e-06 -7.20494609e-01  3.37792000e-06  6.77531871e-04 
 3.37992000e-06  2.61253869e-298  3.37992000e-06 -7.28959679e-01  3.37992000e-06  6.68414193e-04 
 3.38192000e-06  1.74169246e-298  3.38192000e-06 -7.37309397e-01  3.38192000e-06  6.59190957e-04 
 3.38392000e-06  1.16112831e-298  3.38392000e-06 -7.45542444e-01  3.38392000e-06  6.49863622e-04 
 3.38592000e-06  7.74085537e-299  3.38592000e-06 -7.53657522e-01  3.38592000e-06  6.40433664e-04 
 3.38792000e-06  5.16057025e-299  3.38792000e-06 -7.61653347e-01  3.38792000e-06  6.30902574e-04 
 3.38992000e-06  3.44038016e-299  3.38992000e-06 -7.69528658e-01  3.38992000e-06  6.21271861e-04 
 3.39192000e-06  2.29358678e-299  3.39192000e-06 -7.77282211e-01  3.39192000e-06  6.11543049e-04 
 3.39392000e-06  1.52905785e-299  3.39392000e-06 -7.84912782e-01  3.39392000e-06  6.01717677e-04 
 3.39592000e-06  1.01937190e-299  3.39592000e-06 -7.92419165e-01  3.39592000e-06  5.91797299e-04 
 3.39792000e-06  6.79581267e-300  3.39792000e-06 -7.99800176e-01  3.39792000e-06  5.81783486e-04 
 3.39992000e-06  4.53054178e-300  3.39992000e-06 -8.07054650e-01  3.39992000e-06  5.71677822e-04 
 3.40192000e-06  3.02036119e-300  3.40192000e-06 -8.14181441e-01  3.40192000e-06  5.61481904e-04 
 3.40392000e-06  2.01357412e-300  3.40392000e-06 -8.21179423e-01  3.40392000e-06  5.51197347e-04 
 3.40592000e-06  1.34238275e-300  3.40592000e-06 -8.28047493e-01  3.40592000e-06  5.40825777e-04 
 3.40792000e-06  8.94921833e-301  3.40792000e-06 -8.34784566e-01  3.40792000e-06  5.30368836e-04 
 3.40992000e-06  5.96614555e-301  3.40992000e-06 -8.41389579e-01  3.40992000e-06  5.19828177e-04 
 3.41192000e-06  3.97743037e-301  3.41192000e-06 -8.47861489e-01  3.41192000e-06  5.09205468e-04 
 3.41392000e-06  2.65162025e-301  3.41392000e-06 -8.54199274e-01  3.41392000e-06  4.98502390e-04 
 3.41592000e-06  1.76774683e-301  3.41592000e-06 -8.60401934e-01  3.41592000e-06  4.87720635e-04 
 3.41792000e-06  1.17849789e-301  3.41792000e-06 -8.66468491e-01  3.41792000e-06  4.76861909e-04 
 3.41992000e-06  7.85665258e-302  3.41992000e-06 -8.72397987e-01  3.41992000e-06  4.65927929e-04 
 3.42192000e-06  5.23776839e-302  3.42192000e-06 -8.78189486e-01  3.42192000e-06  4.54920427e-04 
 3.42392000e-06  3.49184559e-302  3.42392000e-06 -8.83842075e-01  3.42392000e-06  4.43841141e-04 
 3.42592000e-06  2.32789706e-302  3.42592000e-06 -8.89354861e-01  3.42592000e-06  4.32691826e-04 
 3.42792000e-06  1.55193137e-302  3.42792000e-06 -8.94726974e-01  3.42792000e-06  4.21474244e-04 
 3.42992000e-06  1.03462092e-302  3.42992000e-06 -8.99957568e-01  3.42992000e-06  4.10190170e-04 
 3.43192000e-06  6.89747277e-303  3.43192000e-06 -9.05045817e-01  3.43192000e-06  3.98841388e-04 
 3.43392000e-06  4.59831518e-303  3.43392000e-06 -9.09990918e-01  3.43392000e-06  3.87429694e-04 
 3.43592000e-06  3.06554345e-303  3.43592000e-06 -9.14792092e-01  3.43592000e-06  3.75956892e-04 
 3.43792000e-06  2.04369564e-303  3.43792000e-06 -9.19448580e-01  3.43792000e-06  3.64424798e-04 
 3.43992000e-06  1.36246376e-303  3.43992000e-06 -9.23959650e-01  3.43992000e-06  3.52835235e-04 
 3.44192000e-06  9.08309172e-304  3.44192000e-06 -9.28324588e-01  3.44192000e-06  3.41190035e-04 
 3.44392000e-06  6.05539448e-304  3.44392000e-06 -9.32542708e-01  3.44392000e-06  3.29491042e-04 
 3.44592000e-06  4.03692965e-304  3.44592000e-06 -9.36613345e-01  3.44592000e-06  3.17740104e-04 
 3.44792000e-06  2.69128643e-304  3.44792000e-06 -9.40535855e-01  3.44792000e-06  3.05939081e-04 
 3.44992000e-06  1.79419096e-304  3.44992000e-06 -9.44309622e-01  3.44992000e-06  2.94089838e-04 
 3.45192000e-06  1.19612730e-304  3.45192000e-06 -9.47934050e-01  3.45192000e-06  2.82194251e-04 
 3.45392000e-06  7.97418203e-305  3.45392000e-06 -9.51408569e-01  3.45392000e-06  2.70254199e-04 
 3.45592000e-06  5.31612135e-305  3.45592000e-06 -9.54732630e-01  3.45592000e-06  2.58271571e-04 
 3.45792000e-06  3.54408091e-305  3.45792000e-06 -9.57905711e-01  3.45792000e-06  2.46248262e-04 
 3.45992000e-06  2.36272060e-305  3.45992000e-06 -9.60927311e-01  3.45992000e-06  2.34186173e-04 
 3.46192000e-06  1.57514707e-305  3.46192000e-06 -9.63796955e-01  3.46192000e-06  2.22087213e-04 
 3.46392000e-06  1.05009805e-305  3.46392000e-06 -9.66514191e-01  3.46392000e-06  2.09953293e-04 
 3.46592000e-06  7.00065367e-306  3.46592000e-06 -9.69078591e-01  3.46592000e-06  1.97786333e-04 
 3.46792000e-06  4.66710246e-306  3.46792000e-06 -9.71489752e-01  3.46792000e-06  1.85588257e-04 
 3.46992000e-06  3.11140168e-306  3.46992000e-06 -9.73747294e-01  3.46992000e-06  1.73360994e-04 
 3.47192000e-06  2.07426778e-306  3.47192000e-06 -9.75850863e-01  3.47192000e-06  1.61106476e-04 
 3.47392000e-06  1.38284517e-306  3.47392000e-06 -9.77800128e-01  3.47392000e-06  1.48826643e-04 
 3.47592000e-06  9.21896795e-307  3.47592000e-06 -9.79594783e-01  3.47592000e-06  1.36523435e-04 
 3.47792000e-06  6.14597875e-307  3.47792000e-06 -9.81234545e-01  3.47792000e-06  1.24198798e-04 
 3.47992000e-06  4.09731877e-307  3.47992000e-06 -9.82719158e-01  3.47992000e-06  1.11854680e-04 
 3.48192000e-06  2.73154624e-307  3.48192000e-06 -9.84048389e-01  3.48192000e-06  9.94930344e-05 
 3.48392000e-06  1.82103071e-307  3.48392000e-06 -9.85222030e-01  3.48392000e-06  8.71158144e-05 
 3.48592000e-06  1.21402032e-307  3.48592000e-06 -9.86239897e-01  3.48592000e-06  7.47249772e-05 
 3.48792000e-06  8.09346486e-308  3.48792000e-06 -9.87101830e-01  3.48792000e-06  6.23224822e-05 
 3.48992000e-06  5.39564715e-308  3.48992000e-06 -9.87807697e-01  3.48992000e-06  4.99102901e-05 
 3.49192000e-06  3.59709693e-308  3.49192000e-06 -9.88357386e-01  3.49192000e-06  3.74903634e-05 
 3.49392000e-06  2.39806854e-308  3.49392000e-06 -9.88750814e-01  3.49392000e-06  2.50646658e-05 
 3.49592000e-06  1.59870844e-308  3.49592000e-06 -9.88987920e-01  3.49592000e-06  1.26351617e-05 
 3.49792000e-06  1.06580405e-308  3.49792000e-06 -9.89068668e-01  3.49792000e-06  2.03816288e-07 
 3.49992000e-06  7.10534867e-309  3.49992000e-06 -9.88993048e-01  3.49992000e-06 -1.22274051e-05 
 3.50192000e-06  4.73691079e-309  3.50192000e-06 -9.88761074e-01  3.50192000e-06 -2.46565372e-05 
 3.50392000e-06  3.15792885e-309  3.50392000e-06 -9.88372784e-01  3.50392000e-06 -3.70816149e-05 
 3.50592000e-06  2.10527013e-309  3.50592000e-06 -9.87828241e-01  3.50592000e-06 -4.95006740e-05 
 3.50792000e-06  1.40350174e-309  3.50792000e-06 -9.87127534e-01  3.50792000e-06 -6.19117513e-05 
 3.50992000e-06  9.35652059e-310  3.50992000e-06 -9.86270775e-01  3.50992000e-06 -7.43128845e-05 
 3.51192000e-06  6.23783807e-310  3.51192000e-06 -9.85258102e-01  3.51192000e-06 -8.67021134e-05 
 3.51392000e-06  4.15895000e-310  3.51392000e-06 -9.84089677e-01  3.51392000e-06 -9.90774793e-05 
 3.51592000e-06  2.77279101e-310  3.51592000e-06 -9.82765686e-01  3.51592000e-06 -1.11437026e-04 
 3.51792000e-06  1.84836966e-310  3.51792000e-06 -9.81286342e-01  3.51792000e-06 -1.23778800e-04 
 3.51992000e-06  1.23212964e-310  3.51992000e-06 -9.79651878e-01  3.51992000e-06 -1.36100849e-04 
 3.52192000e-06  8.21536561e-311  3.52192000e-06 -9.77862557e-01  3.52192000e-06 -1.48401227e-04 
 3.52392000e-06  5.47848720e-311  3.52392000e-06 -9.75918663e-01  3.52392000e-06 -1.60677989e-04 
 3.52592000e-06  3.65349282e-311  3.52592000e-06 -9.73820504e-01  3.52592000e-06 -1.72929194e-04 
 3.52792000e-06  2.43174905e-311  3.52792000e-06 -9.71568416e-01  3.52792000e-06 -1.85152905e-04 
 3.52992000e-06  1.61958924e-311  3.52992000e-06 -9.69162755e-01  3.52992000e-06 -1.97347191e-04 
 3.53192000e-06  1.08130296e-311  3.53192000e-06 -9.66603904e-01  3.53192000e-06 -2.09510125e-04 
 3.53392000e-06  7.22036652e-312  3.53392000e-06 -9.63892269e-01  3.53392000e-06 -2.21639782e-04 
 3.53592000e-06  4.80189753e-312  3.53592000e-06 -9.61028281e-01  3.53592000e-06 -2.33734247e-04 
 3.53792000e-06  3.18549707e-312  3.53792000e-06 -9.58012396e-01  3.53792000e-06 -2.45791608e-04 
 3.53992000e-06  2.08453648e-312  3.53992000e-06 -9.54845090e-01  3.53992000e-06 -2.57809958e-04 
 3.54192000e-06  1.37392304e-312  3.54192000e-06 -9.51526868e-01  3.54192000e-06 -2.69787399e-04 
 3.54392000e-06  9.31716641e-313  3.54392000e-06 -9.48058255e-01  3.54392000e-06 -2.81722037e-04 
 3.54592000e-06  6.32824571e-313  3.54592000e-06 -9.44439802e-01  3.54592000e-06 -2.93611986e-04 
 3.54792000e-06  4.37650995e-313  3.54792000e-06 -9.40672083e-01  3.54792000e-06 -3.05455367e-04 
 3.54992000e-06  3.03447473e-313  3.54992000e-06 -9.36755695e-01  3.54992000e-06 -3.17250308e-04 
 3.55192000e-06  1.90618172e-313  3.55192000e-06 -9.32691259e-01  3.55192000e-06 -3.28994945e-04 
 3.55392000e-06  1.38758925e-313  3.55392000e-06 -9.28479421e-01  3.55392000e-06 -3.40687422e-04 
 3.55592000e-06  1.08273898e-313  3.55592000e-06 -9.24120846e-01  3.55592000e-06 -3.52325890e-04 
 3.55792000e-06  5.64146506e-314  3.55792000e-06 -9.19616227e-01  3.55792000e-06 -3.63908511e-04 
 3.55992000e-06  2.59296238e-314  3.55992000e-06 -9.14966278e-01  3.55992000e-06 -3.75433455e-04 
 3.56192000e-06  5.64146506e-314  3.56192000e-06 -9.10171735e-01  3.56192000e-06 -3.86898899e-04 
 3.56392000e-06  2.59296238e-314  3.56392000e-06 -9.05233358e-01  3.56392000e-06 -3.98303031e-04 
 3.56592000e-06  5.64146506e-314  3.56592000e-06 -9.00151930e-01  3.56592000e-06 -4.09644051e-04 
 3.56792000e-06  2.59296238e-314  3.56792000e-06 -8.94928255e-01  3.56792000e-06 -4.20920165e-04 
 3.56992000e-06  5.64146506e-314  3.56992000e-06 -8.89563163e-01  3.56992000e-06 -4.32129592e-04 
 3.57192000e-06  2.59296238e-314  3.57192000e-06 -8.84057501e-01  3.57192000e-06 -4.43270560e-04 
 3.57392000e-06  5.64146506e-314  3.57392000e-06 -8.78412144e-01  3.57392000e-06 -4.54341310e-04 
 3.57592000e-06  2.59296238e-314  3.57592000e-06 -8.72627984e-01  3.57592000e-06 -4.65340090e-04 
 3.57792000e-06  5.64146506e-314  3.57792000e-06 -8.66705938e-01  3.57792000e-06 -4.76265164e-04 
 3.57992000e-06  2.59296238e-314  3.57992000e-06 -8.60646945e-01  3.57992000e-06 -4.87114806e-04 
 3.58192000e-06  5.64146506e-314  3.58192000e-06 -8.54451963e-01  3.58192000e-06 -4.97887301e-04 
 3.58392000e-06  2.59296238e-314  3.58392000e-06 -8.48121974e-01  3.58392000e-06 -5.08580946e-04 
 3.58592000e-06  5.64146506e-314  3.58592000e-06 -8.41657980e-01  3.58592000e-06 -5.19194052e-04 
 3.58792000e-06  2.59296238e-314  3.58792000e-06 -8.35061005e-01  3.58792000e-06 -5.29724943e-04 
 3.58992000e-06  5.64146506e-314  3.58992000e-06 -8.28332094e-01  3.58992000e-06 -5.40171955e-04 
 3.59192000e-06  2.59296238e-314  3.59192000e-06 -8.21472312e-01  3.59192000e-06 -5.50533436e-04 
 3.59392000e-06  5.64146506e-314  3.59392000e-06 -8.14482744e-01  3.59392000e-06 -5.60807750e-04 
 3.59592000e-06  2.59296238e-314  3.59592000e-06 -8.07364499e-01  3.59592000e-06 -5.70993274e-04 
 3.59792000e-06  5.64146506e-314  3.59792000e-06 -8.00118702e-01  3.59792000e-06 -5.81088399e-04 
 3.59992000e-06  2.59296238e-314  3.59992000e-06 -7.92746502e-01  3.59992000e-06 -5.91091529e-04 
 3.60192000e-06  5.64146506e-314  3.60192000e-06 -7.85249064e-01  3.60192000e-06 -6.01001084e-04 
 3.60392000e-06  2.59296238e-314  3.60392000e-06 -7.77627576e-01  3.60392000e-06 -6.10815500e-04 
 3.60592000e-06  5.64146506e-314  3.60592000e-06 -7.69883244e-01  3.60592000e-06 -6.20533224e-04 
 3.60792000e-06  2.59296238e-314  3.60792000e-06 -7.62017295e-01  3.60792000e-06 -6.30152723e-04 
 3.60992000e-06  5.64146506e-314  3.60992000e-06 -7.54030973e-01  3.60992000e-06 -6.39672477e-04 
 3.61192000e-06  2.59296238e-314  3.61192000e-06 -7.45925542e-01  3.61192000e-06 -6.49090982e-04 
 3.61392000e-06  5.64146506e-314  3.61392000e-06 -7.37702286e-01  3.61392000e-06 -6.58406750e-04 
 3.61592000e-06  2.59296238e-314  3.61592000e-06 -7.29362506e-01  3.61592000e-06 -6.67618310e-04 
 3.61792000e-06  5.64146506e-314  3.61792000e-06 -7.20907521e-01  3.61792000e-06 -6.76724207e-04 
 3.61992000e-06  2.59296238e-314  3.61992000e-06 -7.12338671e-01  3.61992000e-06 -6.85723002e-04 
 3.62192000e-06  5.64146506e-314  3.62192000e-06 -7.03657311e-01  3.62192000e-06 -6.94613274e-04 
 3.62392000e-06  2.59296238e-314  3.62392000e-06 -6.94864815e-01  3.62392000e-06 -7.03393619e-04 
 3.62592000e-06  5.64146506e-314  3.62592000e-06 -6.85962574e-01  3.62592000e-06 -7.12062651e-04 
 3.62792000e-06  2.59296238e-314  3.62792000e-06 -6.76951998e-01  3.62792000e-06 -7.20618999e-04 
 3.62992000e-06  5.64146506e-314  3.62992000e-06 -6.67834511e-01  3.62992000e-06 -7.29061314e-04 
 3.63192000e-06  2.59296238e-314  3.63192000e-06 -6.58611558e-01  3.63192000e-06 -7.37388261e-04 
 3.63392000e-06  5.64146506e-314  3.63392000e-06 -6.49284597e-01  3.63392000e-06 -7.45598525e-04 
 3.63592000e-06  2.59296238e-314  3.63592000e-06 -6.39855104e-01  3.63592000e-06 -7.53690811e-04 
 3.63792000e-06  5.64146506e-314  3.63792000e-06 -6.30324572e-01  3.63792000e-06 -7.61663840e-04 
 3.63992000e-06  2.59296238e-314  3.63992000e-06 -6.20694508e-01  3.63992000e-06 -7.69516353e-04 
 3.64192000e-06  5.64146506e-314  3.64192000e-06 -6.10966436e-01  3.64192000e-06 -7.77247110e-04 
 3.64392000e-06  2.59296238e-314  3.64392000e-06 -6.01141895e-01  3.64392000e-06 -7.84854890e-04 
 3.64592000e-06  5.64146506e-314  3.64592000e-06 -5.91222440e-01  3.64592000e-06 -7.92338493e-04 
 3.64792000e-06  2.59296238e-314  3.64792000e-06 -5.81209640e-01  3.64792000e-06 -7.99696737e-04 
 3.64992000e-06  5.64146506e-314  3.64992000e-06 -5.71105079e-01  3.64992000e-06 -8.06928460e-04 
 3.65192000e-06  2.59296238e-314  3.65192000e-06 -5.60910355e-01  3.65192000e-06 -8.14032520e-04 
 3.65392000e-06  5.64146506e-314  3.65392000e-06 -5.50627083e-01  3.65392000e-06 -8.21007796e-04 
 3.65592000e-06  2.59296238e-314  3.65592000e-06 -5.40256888e-01  3.65592000e-06 -8.27853187e-04 
 3.65792000e-06  5.64146506e-314  3.65792000e-06 -5.29801411e-01  3.65792000e-06 -8.34567611e-04 
 3.65992000e-06  2.59296238e-314  3.65992000e-06 -5.19262307e-01  3.65992000e-06 -8.41150010e-04 
 3.66192000e-06  5.64146506e-314  3.66192000e-06 -5.08641242e-01  3.66192000e-06 -8.47599344e-04 
 3.66392000e-06  2.59296238e-314  3.66392000e-06 -4.97939896e-01  3.66392000e-06 -8.53914596e-04 
 3.66592000e-06  5.64146506e-314  3.66592000e-06 -4.87159963e-01  3.66592000e-06 -8.60094768e-04 
 3.66792000e-06  2.59296238e-314  3.66792000e-06 -4.76303148e-01  3.66792000e-06 -8.66138885e-04 
 3.66992000e-06  5.64146506e-314  3.66992000e-06 -4.65371167e-01  3.66992000e-06 -8.72045993e-04 
 3.67192000e-06  2.59296238e-314  3.67192000e-06 -4.54365751e-01  3.67192000e-06 -8.77815161e-04 
 3.67392000e-06  5.64146506e-314  3.67392000e-06 -4.43288640e-01  3.67392000e-06 -8.83445477e-04 
 3.67592000e-06  2.59296238e-314  3.67592000e-06 -4.32141587e-01  3.67592000e-06 -8.88936054e-04 
 3.67792000e-06  5.64146506e-314  3.67792000e-06 -4.20926353e-01  3.67792000e-06 -8.94286026e-04 
 3.67992000e-06  2.59296238e-314  3.67992000e-06 -4.09644715e-01  3.67992000e-06 -8.99494547e-04 
 3.68192000e-06  5.64146506e-314  3.68192000e-06 -3.98298455e-01  3.68192000e-06 -9.04560797e-04 
 3.68392000e-06  2.59296238e-314  3.68392000e-06 -3.86889368e-01  3.68392000e-06 -9.09483976e-04 
 3.68592000e-06  5.64146506e-314  3.68592000e-06 -3.75419259e-01  3.68592000e-06 -9.14263308e-04 
 3.68792000e-06  2.59296238e-314  3.68792000e-06 -3.63889943e-01  3.68792000e-06 -9.18898038e-04 
 3.68992000e-06  5.64146506e-314  3.68992000e-06 -3.52303242e-01  3.68992000e-06 -9.23387437e-04 
 3.69192000e-06  2.59296238e-314  3.69192000e-06 -3.40660988e-01  3.69192000e-06 -9.27730796e-04 
 3.69392000e-06  5.64146506e-314  3.69392000e-06 -3.28965025e-01  3.69392000e-06 -9.31927431e-04 
 3.69592000e-06  2.59296238e-314  3.69592000e-06 -3.17217200e-01  3.69592000e-06 -9.35976679e-04 
 3.69792000e-06  5.64146506e-314  3.69792000e-06 -3.05419373e-01  3.69792000e-06 -9.39877902e-04 
 3.69992000e-06  2.59296238e-314  3.69992000e-06 -2.93573408e-01  3.69992000e-06 -9.43630486e-04 
 3.70192000e-06  5.64146506e-314  3.70192000e-06 -2.81681179e-01  3.70192000e-06 -9.47233839e-04 
 3.70392000e-06  2.59296238e-314  3.70392000e-06 -2.69744568e-01  3.70392000e-06 -9.50687394e-04 
 3.70592000e-06  5.64146506e-314  3.70592000e-06 -2.57765461e-01  3.70592000e-06 -9.53990605e-04 
 3.70792000e-06  2.59296238e-314  3.70792000e-06 -2.45745753e-01  3.70792000e-06 -9.57142954e-04 
 3.70992000e-06  5.64146506e-314  3.70992000e-06 -2.33687345e-01  3.70992000e-06 -9.60143942e-04 
 3.71192000e-06  2.59296238e-314  3.71192000e-06 -2.21592143e-01  3.71192000e-06 -9.62993099e-04 
 3.71392000e-06  5.64146506e-314  3.71392000e-06 -2.09462061e-01  3.71392000e-06 -9.65689975e-04 
 3.71592000e-06  2.59296238e-314  3.71592000e-06 -1.97299016e-01  3.71592000e-06 -9.68234145e-04 
 3.71792000e-06  5.64146506e-314  3.71792000e-06 -1.85104932e-01  3.71792000e-06 -9.70625210e-04 
 3.71992000e-06  2.59296238e-314  3.71992000e-06 -1.72881737e-01  3.71992000e-06 -9.72862794e-04 
 3.72192000e-06  5.64146506e-314  3.72192000e-06 -1.60631364e-01  3.72192000e-06 -9.74946544e-04 
 3.72392000e-06  2.59296238e-314  3.72392000e-06 -1.48355750e-01  3.72392000e-06 -9.76876134e-04 
 3.72592000e-06  5.64146506e-314  3.72592000e-06 -1.36056836e-01  3.72592000e-06 -9.78651259e-04 
 3.72792000e-06  2.59296238e-314  3.72792000e-06 -1.23736566e-01  3.72792000e-06 -9.80271642e-04 
 3.72992000e-06  5.64146506e-314  3.72992000e-06 -1.11396889e-01  3.72992000e-06 -9.81737027e-04 
 3.73192000e-06  2.59296238e-314  3.73192000e-06 -9.90397551e-02  3.73192000e-06 -9.83047187e-04 
 3.73392000e-06  5.64146506e-314  3.73392000e-06 -8.66671193e-02  3.73392000e-06 -9.84201914e-04 
 3.73592000e-06  2.59296238e-314  3.73592000e-06 -7.42809372e-02  3.73592000e-06 -9.85201029e-04 
 3.73792000e-06  5.64146506e-314  3.73792000e-06 -6.18831674e-02  3.73792000e-06 -9.86044375e-04 
 3.73992000e-06  2.59296238e-314  3.73992000e-06 -4.94757699e-02  3.73992000e-06 -9.86731822e-04 
 3.74192000e-06  5.64146506e-314  3.74192000e-06 -3.70607065e-02  3.74192000e-06 -9.87263262e-04 
 3.74392000e-06  2.59296238e-314  3.74392000e-06 -2.46399400e-02  3.74392000e-06 -9.87638613e-04 
 3.74592000e-06  5.64146506e-314  3.74592000e-06 -1.22154341e-02  3.74592000e-06 -9.87857819e-04 
 3.74792000e-06  2.59296238e-314  3.74792000e-06  2.10846775e-04  3.74792000e-06 -9.87920846e-04 
 3.74992000e-06  5.64146506e-314  3.74992000e-06  1.26369382e-02  3.74992000e-06 -9.87827686e-04 
 3.75192000e-06  2.59296238e-314  3.75192000e-06  2.50608755e-02  3.75192000e-06 -9.87578356e-04 
 3.75392000e-06  5.64146506e-314  3.75392000e-06  3.74806948e-02  3.75392000e-06 -9.87172898e-04 
 3.75592000e-06  2.59296238e-314  3.75592000e-06  4.98944323e-02  3.75592000e-06 -9.86611377e-04 
 3.75792000e-06  5.64146506e-314  3.75792000e-06  6.23001258e-02  3.75792000e-06 -9.85893885e-04 
 3.75992000e-06  2.59296238e-314  3.75992000e-06  7.46958140e-02  3.75992000e-06 -9.85020536e-04 
 3.76192000e-06  5.64146506e-314  3.76192000e-06  8.70795373e-02  3.76192000e-06 -9.83991470e-04 
 3.76392000e-06  2.59296238e-314  3.76392000e-06  9.94493381e-02  3.76392000e-06 -9.82806853e-04 
 3.76592000e-06  5.64146506e-314  3.76592000e-06  1.11803261e-01  3.76592000e-06 -9.81466874e-04 
 3.76792000e-06  2.59296238e-314  3.76792000e-06  1.24139353e-01  3.76792000e-06 -9.79971745e-04 
 3.76992000e-06  5.64146506e-314  3.76992000e-06  1.36455664e-01  3.76992000e-06 -9.78321707e-04 
 3.77192000e-06  2.59296238e-314  3.77192000e-06  1.48750247e-01  3.77192000e-06 -9.76517021e-04 
 3.77392000e-06  5.64146506e-314  3.77392000e-06  1.61021159e-01  3.77392000e-06 -9.74557974e-04 
 3.77592000e-06  2.59296238e-314  3.77592000e-06  1.73266460e-01  3.77592000e-06 -9.72444879e-04 
 3.77792000e-06  5.64146506e-314  3.77792000e-06  1.85484214e-01  3.77792000e-06 -9.70178072e-04 
 3.77992000e-06  2.59296238e-314  3.77992000e-06  1.97672491e-01  3.77992000e-06 -9.67757912e-04 
 3.78192000e-06  5.64146506e-314  3.78192000e-06  2.09829363e-01  3.78192000e-06 -9.65184784e-04 
 3.78392000e-06  2.59296238e-314  3.78392000e-06  2.21952910e-01  3.78392000e-06 -9.62459097e-04 
 3.78592000e-06  5.64146506e-314  3.78592000e-06  2.34041214e-01  3.78592000e-06 -9.59581284e-04 
 3.78792000e-06  2.59296238e-314  3.78792000e-06  2.46092365e-01  3.78792000e-06 -9.56551802e-04 
 3.78992000e-06  5.64146506e-314  3.78992000e-06  2.58104459e-01  3.78992000e-06 -9.53371131e-04 
 3.79192000e-06  2.59296238e-314  3.79192000e-06  2.70075597e-01  3.79192000e-06 -9.50039776e-04 
 3.79392000e-06  5.64146506e-314  3.79392000e-06  2.82003887e-01  3.79392000e-06 -9.46558266e-04 
 3.79592000e-06  2.59296238e-314  3.79592000e-06  2.93887443e-01  3.79592000e-06 -9.42927154e-04 
 3.79792000e-06  5.64146506e-314  3.79792000e-06  3.05724387e-01  3.79792000e-06 -9.39147014e-04 
 3.79992000e-06  2.59296238e-314  3.79992000e-06  3.17512849e-01  3.79992000e-06 -9.35218447e-04 
 3.80192000e-06  5.64146506e-314  3.80192000e-06  3.29250966e-01  3.80192000e-06 -9.31142076e-04 
 3.80392000e-06  2.59296238e-314  3.80392000e-06  3.40936882e-01  3.80392000e-06 -9.26918546e-04 
 3.80592000e-06  5.64146506e-314  3.80592000e-06  3.52568750e-01  3.80592000e-06 -9.22548528e-04 
 3.80792000e-06  2.59296238e-314  3.80792000e-06  3.64144733e-01  3.80792000e-06 -9.18032714e-04 
 3.80992000e-06  5.64146506e-314  3.80992000e-06  3.75663000e-01  3.80992000e-06 -9.13371820e-04 
 3.81192000e-06  2.59296238e-314  3.81192000e-06  3.87121732e-01  3.81192000e-06 -9.08566584e-04 
 3.81392000e-06  5.64146506e-314  3.81392000e-06  3.98519118e-01  3.81392000e-06 -9.03617768e-04 
 3.81592000e-06  2.59296238e-314  3.81592000e-06  4.09853357e-01  3.81592000e-06 -8.98526157e-04 
 3.81792000e-06  5.64146506e-314  3.81792000e-06  4.21122657e-01  3.81792000e-06 -8.93292557e-04 
 3.81992000e-06  2.59296238e-314  3.81992000e-06  4.32325238e-01  3.81992000e-06 -8.87917797e-04 
 3.82192000e-06  5.64146506e-314  3.82192000e-06  4.43459329e-01  3.82192000e-06 -8.82402729e-04 
 3.82392000e-06  2.59296238e-314  3.82392000e-06  4.54523171e-01  3.82392000e-06 -8.76748226e-04 
 3.82592000e-06  5.64146506e-314  3.82592000e-06  4.65515017e-01  3.82592000e-06 -8.70955184e-04 
 3.82792000e-06  2.59296238e-314  3.82792000e-06  4.76433128e-01  3.82792000e-06 -8.65024521e-04 
 3.82992000e-06  5.64146506e-314  3.82992000e-06  4.87275780e-01  3.82992000e-06 -8.58957176e-04 
 3.83192000e-06  2.59296238e-314  3.83192000e-06  4.98041260e-01  3.83192000e-06 -8.52754110e-04 
 3.83392000e-06  5.64146506e-314  3.83392000e-06  5.08727866e-01  3.83392000e-06 -8.46416305e-04 
 3.83592000e-06  2.59296238e-314  3.83592000e-06  5.19333911e-01  3.83592000e-06 -8.39944766e-04 
 3.83792000e-06  5.64146506e-314  3.83792000e-06  5.29857718e-01  3.83792000e-06 -8.33340516e-04 
 3.83992000e-06  2.59296238e-314  3.83992000e-06  5.40297624e-01  3.83992000e-06 -8.26604601e-04 
 3.84192000e-06  5.64146506e-314  3.84192000e-06  5.50651981e-01  3.84192000e-06 -8.19738089e-04 
 3.84392000e-06  2.59296238e-314  3.84392000e-06  5.60919151e-01  3.84392000e-06 -8.12742067e-04 
 3.84592000e-06  5.64146506e-314  3.84592000e-06  5.71097514e-01  3.84592000e-06 -8.05617641e-04 
 3.84792000e-06  2.59296238e-314  3.84792000e-06  5.81185461e-01  3.84792000e-06 -7.98365940e-04 
 3.84992000e-06  5.64146506e-314  3.84992000e-06  5.91181399e-01  3.84992000e-06 -7.90988113e-04 
 3.85192000e-06  2.59296238e-314  3.85192000e-06  6.01083748e-01  3.85192000e-06 -7.83485326e-04 
 3.85392000e-06  5.64146506e-314  3.85392000e-06  6.10890943e-01  3.85392000e-06 -7.75858768e-04 
 3.85592000e-06  2.59296238e-314  3.85592000e-06  6.20601436e-01  3.85592000e-06 -7.68109647e-04 
 3.85792000e-06  5.64146506e-314  3.85792000e-06  6.30213693e-01  3.85792000e-06 -7.60239188e-04 
 3.85992000e-06  2.59296238e-314  3.85992000e-06  6.39726195e-01  3.85992000e-06 -7.52248637e-04 
 3.86192000e-06  5.64146506e-314  3.86192000e-06  6.49137440e-01  3.86192000e-06 -7.44139260e-04 
 3.86392000e-06  2.59296238e-314  3.86392000e-06  6.58445940e-01  3.86392000e-06 -7.35912340e-04 
 3.86592000e-06  5.64146506e-314  3.86592000e-06  6.67650227e-01  3.86592000e-06 -7.27569178e-04 
 3.86792000e-06  2.59296238e-314  3.86792000e-06  6.76748845e-01  3.86792000e-06 -7.19111096e-04 
 3.86992000e-06  5.64146506e-314  3.86992000e-06  6.85740358e-01  3.86992000e-06 -7.10539432e-04 
 3.87192000e-06  2.59296238e-314  3.87192000e-06  6.94623345e-01  3.87192000e-06 -7.01855543e-04 
 3.87392000e-06  5.64146506e-314  3.87392000e-06  7.03396404e-01  3.87392000e-06 -6.93060803e-04 
 3.87592000e-06  2.59296238e-314  3.87592000e-06  7.12058148e-01  3.87592000e-06 -6.84156603e-04 
 3.87792000e-06  5.64146506e-314  3.87792000e-06  7.20607211e-01  3.87792000e-06 -6.75144353e-04 
 3.87992000e-06  2.59296238e-314  3.87992000e-06  7.29042241e-01  3.87992000e-06 -6.66025479e-04 
 3.88192000e-06  5.64146506e-314  3.88192000e-06  7.37361907e-01  3.88192000e-06 -6.56801424e-04 
 3.88392000e-06  2.59296238e-314  3.88392000e-06  7.45564895e-01  3.88392000e-06 -6.47473648e-04 
 3.88592000e-06  5.64146506e-314  3.88592000e-06  7.53649910e-01  3.88592000e-06 -6.38043626e-04 
 3.88792000e-06  2.59296238e-314  3.88792000e-06  7.61615674e-01  3.88792000e-06 -6.28512851e-04 
 3.88992000e-06  5.64146506e-314  3.88992000e-06  7.69460929e-01  3.88992000e-06 -6.18882831e-04 
 3.89192000e-06  2.59296238e-314  3.89192000e-06  7.77184438e-01  3.89192000e-06 -6.09155089e-04 
 3.89392000e-06  5.64146506e-314  3.89392000e-06  7.84784981e-01  3.89392000e-06 -5.99331164e-04 
 3.89592000e-06  2.59296238e-314  3.89592000e-06  7.92261357e-01  3.89592000e-06 -5.89412612e-04 
 3.89792000e-06  5.64146506e-314  3.89792000e-06  7.99612386e-01  3.89792000e-06 -5.79401000e-04 
 3.89992000e-06  2.59296238e-314  3.89992000e-06  8.06836907e-01  3.89992000e-06 -5.69297914e-04 
 3.90192000e-06  5.64146506e-314  3.90192000e-06  8.13933781e-01  3.90192000e-06 -5.59104952e-04 
 3.90392000e-06  2.59296238e-314  3.90392000e-06  8.20901885e-01  3.90392000e-06 -5.48823725e-04 
 3.90592000e-06  5.64146506e-314  3.90592000e-06  8.27740122e-01  3.90592000e-06 -5.38455861e-04 
 3.90792000e-06  2.59296238e-314  3.90792000e-06  8.34447410e-01  3.90792000e-06 -5.28003000e-04 
 3.90992000e-06  5.64146506e-314  3.90992000e-06  8.41022692e-01  3.90992000e-06 -5.17466796e-04 
 3.91192000e-06  2.59296238e-314  3.91192000e-06  8.47464929e-01  3.91192000e-06 -5.06848914e-04 
 3.91392000e-06  5.64146506e-314  3.91392000e-06  8.53773105e-01  3.91392000e-06 -4.96151036e-04 
 3.91592000e-06  2.59296238e-314  3.91592000e-06  8.59946224e-01  3.91592000e-06 -4.85374853e-04 
 3.91792000e-06  5.64146506e-314  3.91792000e-06  8.65983311e-01  3.91792000e-06 -4.74522069e-04 
 3.91992000e-06  2.59296238e-314  3.91992000e-06  8.71883415e-01  3.91992000e-06 -4.63594402e-04 
 3.92192000e-06  5.64146506e-314  3.92192000e-06  8.77645604e-01  3.92192000e-06 -4.52593581e-04 
 3.92392000e-06  2.59296238e-314  3.92392000e-06  8.83268968e-01  3.92392000e-06 -4.41521344e-04 
 3.92592000e-06  5.64146506e-314  3.92592000e-06  8.88752621e-01  3.92592000e-06 -4.30379444e-04 
 3.92792000e-06  2.59296238e-314  3.92792000e-06  8.94095697e-01  3.92792000e-06 -4.19169644e-04 
 3.92992000e-06  5.64146506e-314  3.92992000e-06  8.99297353e-01  3.92992000e-06 -4.07893715e-04 
 3.93192000e-06  2.59296238e-314  3.93192000e-06  9.04356769e-01  3.93192000e-06 -3.96553442e-04 
 3.93392000e-06  5.64146506e-314  3.93392000e-06  9.09273147e-01  3.93392000e-06 -3.85150618e-04 
 3.93592000e-06  2.59296238e-314  3.93592000e-06  9.14045711e-01  3.93592000e-06 -3.73687046e-04 
 3.93792000e-06  5.64146506e-314  3.93792000e-06  9.18673708e-01  3.93792000e-06 -3.62164541e-04 
 3.93992000e-06  2.59296238e-314  3.93992000e-06  9.23156409e-01  3.93992000e-06 -3.50584924e-04 
 3.94192000e-06  5.64146506e-314  3.94192000e-06  9.27493107e-01  3.94192000e-06 -3.38950026e-04 
 3.94392000e-06  2.59296238e-314  3.94392000e-06  9.31683118e-01  3.94392000e-06 -3.27261688e-04 
 3.94592000e-06  5.64146506e-314  3.94592000e-06  9.35725781e-01  3.94592000e-06 -3.15521759e-04 
 3.94792000e-06  2.59296238e-314  3.94792000e-06  9.39620459e-01  3.94792000e-06 -3.03732094e-04 
 3.94992000e-06  5.64146506e-314  3.94992000e-06  9.43366539e-01  3.94992000e-06 -2.91894559e-04 
 3.95192000e-06  2.59296238e-314  3.95192000e-06  9.46963429e-01  3.95192000e-06 -2.80011026e-04 
 3.95392000e-06  5.64146506e-314  3.95392000e-06  9.50410564e-01  3.95392000e-06 -2.68083373e-04 
 3.95592000e-06  2.59296238e-314  3.95592000e-06  9.53707399e-01  3.95592000e-06 -2.56113487e-04 
 3.95792000e-06  5.64146506e-314  3.95792000e-06  9.56853417e-01  3.95792000e-06 -2.44103262e-04 
 3.95992000e-06  2.59296238e-314  3.95992000e-06  9.59848120e-01  3.95992000e-06 -2.32054596e-04 
 3.96192000e-06  5.64146506e-314  3.96192000e-06  9.62691038e-01  3.96192000e-06 -2.19969394e-04 
 3.96392000e-06  2.59296238e-314  3.96392000e-06  9.65381724e-01  3.96392000e-06 -2.07849569e-04 
 3.96592000e-06  5.64146506e-314  3.96592000e-06  9.67919753e-01  3.96592000e-06 -1.95697035e-04 
 3.96792000e-06  2.59296238e-314  3.96792000e-06  9.70304726e-01  3.96792000e-06 -1.83513715e-04 
 3.96992000e-06  5.64146506e-314  3.96992000e-06  9.72536268e-01  3.96992000e-06 -1.71301536e-04 
 3.97192000e-06  2.59296238e-314  3.97192000e-06  9.74614029e-01  3.97192000e-06 -1.59062428e-04 
 3.97392000e-06  5.64146506e-314  3.97392000e-06  9.76537682e-01  3.97392000e-06 -1.46798327e-04 
 3.97592000e-06  2.59296238e-314  3.97592000e-06  9.78306924e-01  3.97592000e-06 -1.34511173e-04 
 3.97792000e-06  5.64146506e-314  3.97792000e-06  9.79921478e-01  3.97792000e-06 -1.22202906e-04 
 3.97992000e-06  2.59296238e-314  3.97992000e-06  9.81381090e-01  3.97992000e-06 -1.09875475e-04 
 3.98192000e-06  5.64146506e-314  3.98192000e-06  9.82685532e-01  3.98192000e-06 -9.75308281e-05 
 3.98392000e-06  2.59296238e-314  3.98392000e-06  9.83834600e-01  3.98392000e-06 -8.51709170e-05 
 3.98592000e-06  5.64146506e-314  3.98592000e-06  9.84828113e-01  3.98592000e-06 -7.27976962e-05 
 3.98792000e-06  2.59296238e-314  3.98792000e-06  9.85665917e-01  3.98792000e-06 -6.04131218e-05 
 3.98992000e-06  5.64146506e-314  3.98992000e-06  9.86347881e-01  3.98992000e-06 -4.80191520e-05 
 3.99192000e-06  2.59296238e-314  3.99192000e-06  9.86873899e-01  3.99192000e-06 -3.56177465e-05 
 3.99392000e-06  5.64146506e-314  3.99392000e-06  9.87243891e-01  3.99392000e-06 -2.32108657e-05 
 3.99592000e-06  2.59296238e-314  3.99592000e-06  9.87457799e-01  3.99592000e-06 -1.08004714e-05 
 3.99792000e-06  5.64146506e-314  3.99792000e-06  9.87515591e-01  3.99792000e-06  1.61147444e-06 
 3.99992000e-06  2.59296238e-314  3.99992000e-06  9.87417261e-01  3.99992000e-06  1.40230095e-05 
 4.00192000e-06  5.64146506e-314  4.00192000e-06  9.87162826e-01  4.00192000e-06  2.64321716e-05 
 4.00392000e-06  2.59296238e-314  4.00392000e-06  9.86752328e-01  4.00392000e-06  3.88369990e-05 
 4.00592000e-06  5.64146506e-314  4.00592000e-06  9.86185834e-01  4.00592000e-06  5.12355304e-05 
 4.00792000e-06  2.59296238e-314  4.00792000e-06  9.85463436e-01  4.00792000e-06  6.36258060e-05 
 4.00992000e-06  5.64146506e-314  4.00992000e-06  9.84585249e-01  4.00992000e-06  7.60058668e-05 
 4.01192000e-06  2.59296238e-314  4.01192000e-06  9.83551415e-01  4.01192000e-06  8.83737559e-05 
 4.01392000e-06  5.64146506e-314  4.01392000e-06  9.82362099e-01  4.01392000e-06  1.00727518e-04 
 4.01592000e-06  2.59296238e-314  4.01592000e-06  9.81017490e-01  4.01592000e-06  1.13065200e-04 
 4.01792000e-06  5.64146506e-314  4.01792000e-06  9.79517805e-01  4.01792000e-06  1.25384852e-04 
 4.01992000e-06  2.59296238e-314  4.01992000e-06  9.77863280e-01  4.01992000e-06  1.37684527e-04 
 4.02192000e-06  5.64146506e-314  4.02192000e-06  9.76054181e-01  4.02192000e-06  1.49962279e-04 
 4.02392000e-06  2.59296238e-314  4.02392000e-06  9.74090794e-01  4.02392000e-06  1.62216169e-04 
 4.02592000e-06  5.64146506e-314  4.02592000e-06  9.71973433e-01  4.02592000e-06  1.74444260e-04 
 4.02792000e-06  2.59296238e-314  4.02792000e-06  9.69702434e-01  4.02792000e-06  1.86644617e-04 
 4.02992000e-06  5.64146506e-314  4.02992000e-06  9.67278158e-01  4.02992000e-06  1.98815314e-04 
 4.03192000e-06  2.59296238e-314  4.03192000e-06  9.64700989e-01  4.03192000e-06  2.10954426e-04 
 4.03392000e-06  5.64146506e-314  4.03392000e-06  9.61971339e-01  4.03392000e-06  2.23060034e-04 
 4.03592000e-06  2.59296238e-314  4.03592000e-06  9.59089639e-01  4.03592000e-06  2.35130226e-04 
 4.03792000e-06  5.64146506e-314  4.03792000e-06  9.56056348e-01  4.03792000e-06  2.47163092e-04 
 4.03992000e-06  2.59296238e-314  4.03992000e-06  9.52871946e-01  4.03992000e-06  2.59156732e-04 
 4.04192000e-06  5.64146506e-314  4.04192000e-06  9.49536940e-01  4.04192000e-06  2.71109250e-04 
 4.04392000e-06  2.59296238e-314  4.04392000e-06  9.46051858e-01  4.04392000e-06  2.83018757e-04 
 4.04592000e-06  5.64146506e-314  4.04592000e-06  9.42417254e-01  4.04592000e-06  2.94883369e-04 
 4.04792000e-06  2.59296238e-314  4.04792000e-06  9.38633703e-01  4.04792000e-06  3.06701213e-04 
 4.04992000e-06  5.64146506e-314  4.04992000e-06  9.34701806e-01  4.04992000e-06  3.18470421e-04 
 4.05192000e-06  2.59296238e-314  4.05192000e-06  9.30622186e-01  4.05192000e-06  3.30189131e-04 
 4.05392000e-06  5.64146506e-314  4.05392000e-06  9.26395490e-01  4.05392000e-06  3.41855493e-04 
 4.05592000e-06  2.59296238e-314  4.05592000e-06  9.22022389e-01  4.05592000e-06  3.53467662e-04 
 4.05792000e-06  5.64146506e-314  4.05792000e-06  9.17503574e-01  4.05792000e-06  3.65023804e-04 
 4.05992000e-06  2.59296238e-314  4.05992000e-06  9.12839764e-01  4.05992000e-06  3.76522092e-04 
 4.06192000e-06  5.64146506e-314  4.06192000e-06  9.08031696e-01  4.06192000e-06  3.87960709e-04 
 4.06392000e-06  2.59296238e-314  4.06392000e-06  9.03080132e-01  4.06392000e-06  3.99337847e-04 
 4.06592000e-06  5.64146506e-314  4.06592000e-06  8.97985859e-01  4.06592000e-06  4.10651709e-04 
 4.06792000e-06  2.59296238e-314  4.06792000e-06  8.92749681e-01  4.06792000e-06  4.21900507e-04 
 4.06992000e-06  5.64146506e-314  4.06992000e-06  8.87372430e-01  4.06992000e-06  4.33082462e-04 
 4.07192000e-06  2.59296238e-314  4.07192000e-06  8.81854956e-01  4.07192000e-06  4.44195809e-04 
 4.07392000e-06  5.64146506e-314  4.07392000e-06  8.76198135e-01  4.07392000e-06  4.55238790e-04 
 4.07592000e-06  2.59296238e-314  4.07592000e-06  8.70402862e-01  4.07592000e-06  4.66209662e-04 
 4.07792000e-06  5.64146506e-314  4.07792000e-06  8.64470054e-01  4.07792000e-06  4.77106690e-04 
 4.07992000e-06  2.59296238e-314  4.07992000e-06  8.58400653e-01  4.07992000e-06  4.87928152e-04 
 4.08192000e-06  5.64146506e-314  4.08192000e-06  8.52195618e-01  4.08192000e-06  4.98672339e-04 
 4.08392000e-06  2.59296238e-314  4.08392000e-06  8.45855933e-01  4.08392000e-06  5.09337554e-04 
 4.08592000e-06  5.64146506e-314  4.08592000e-06  8.39382602e-01  4.08592000e-06  5.19922110e-04 
 4.08792000e-06  2.59296238e-314  4.08792000e-06  8.32776650e-01  4.08792000e-06  5.30424336e-04 
 4.08992000e-06  5.64146506e-314  4.08992000e-06  8.26039122e-01  4.08992000e-06  5.40842572e-04 
 4.09192000e-06  2.59296238e-314  4.09192000e-06  8.19171086e-01  4.09192000e-06  5.51175173e-04 
 4.09392000e-06  5.64146506e-314  4.09392000e-06  8.12173629e-01  4.09392000e-06  5.61420505e-04 
 4.09592000e-06  2.59296238e-314  4.09592000e-06  8.05047859e-01  4.09592000e-06  5.71576950e-04 
 4.09792000e-06  5.64146506e-314  4.09792000e-06  7.97794904e-01  4.09792000e-06  5.81642904e-04 
 4.09992000e-06  2.59296238e-314  4.09992000e-06  7.90415912e-01  4.09992000e-06  5.91616777e-04 
 4.10192000e-06  5.64146506e-314  4.10192000e-06  7.82912052e-01  4.10192000e-06  6.01496992e-04 
 4.10392000e-06  2.59296238e-314  4.10392000e-06  7.75284511e-01  4.10392000e-06  6.11281989e-04 
 4.10592000e-06  5.64146506e-314  4.10592000e-06  7.67534497e-01  4.10592000e-06  6.20970222e-04 
 4.10792000e-06  2.59296238e-314  4.10792000e-06  7.59663237e-01  4.10792000e-06  6.30560160e-04 
 4.10992000e-06  5.64146506e-314  4.10992000e-06  7.51671976e-01  4.10992000e-06  6.40050290e-04 
 4.11192000e-06  2.59296238e-314  4.11192000e-06  7.43561980e-01  4.11192000e-06  6.49439111e-04 
 4.11392000e-06  5.64146506e-314  4.11392000e-06  7.35334532e-01  4.11392000e-06  6.58725140e-04 
 4.11592000e-06  2.59296238e-314  4.11592000e-06  7.26990934e-01  4.11592000e-06  6.67906912e-04 
 4.11792000e-06  5.64146506e-314  4.11792000e-06  7.18532507e-01  4.11792000e-06  6.76982974e-04 
 4.11992000e-06  2.59296238e-314  4.11992000e-06  7.09960590e-01  4.11992000e-06  6.85951895e-04 
 4.12192000e-06  5.64146506e-314  4.12192000e-06  7.01276538e-01  4.12192000e-06  6.94812257e-04 
 4.12392000e-06  2.59296238e-314  4.12392000e-06  6.92481727e-01  4.12392000e-06  7.03562661e-04 
 4.12592000e-06  5.64146506e-314  4.12592000e-06  6.83577549e-01  4.12592000e-06  7.12201725e-04 
 4.12792000e-06  2.59296238e-314  4.12792000e-06  6.74565412e-01  4.12792000e-06  7.20728085e-04 
 4.12992000e-06  5.64146506e-314  4.12992000e-06  6.65446742e-01  4.12992000e-06  7.29140393e-04 
 4.13192000e-06  2.59296238e-314  4.13192000e-06  6.56222983e-01  4.13192000e-06  7.37437322e-04 
 4.13392000e-06  5.64146506e-314  4.13392000e-06  6.46895594e-01  4.13392000e-06  7.45617561e-04 
 4.13592000e-06  2.59296238e-314  4.13592000e-06  6.37466050e-01  4.13592000e-06  7.53679819e-04 
 4.13792000e-06  5.64146506e-314  4.13792000e-06  6.27935845e-01  4.13792000e-06  7.61622821e-04 
 4.13992000e-06  2.59296238e-314  4.13992000e-06  6.18306486e-01  4.13992000e-06  7.69445315e-04 
 4.14192000e-06  5.64146506e-314  4.14192000e-06  6.08579496e-01  4.14192000e-06  7.77146064e-04 
 4.14392000e-06  2.59296238e-314  4.14392000e-06  5.98756415e-01  4.14392000e-06  7.84723854e-04 
 4.14592000e-06  5.64146506e-314  4.14592000e-06  5.88838796e-01  4.14592000e-06  7.92177487e-04 
 4.14792000e-06  2.59296238e-314  4.14792000e-06  5.78828210e-01  4.14792000e-06  7.99505786e-04 
 4.14992000e-06  5.64146506e-314  4.14992000e-06  5.68726239e-01  4.14992000e-06  8.06707595e-04 
 4.15192000e-06  2.59296238e-314  4.15192000e-06  5.58534482e-01  4.15192000e-06  8.13781777e-04 
 4.15392000e-06  5.64146506e-314  4.15392000e-06  5.48254551e-01  4.15392000e-06  8.20727214e-04 
 4.15592000e-06  2.59296238e-314  4.15592000e-06  5.37888073e-01  4.15592000e-06  8.27542811e-04 
 4.15792000e-06  5.64146506e-314  4.15792000e-06  5.27436687e-01  4.15792000e-06  8.34227492e-04 
 4.15992000e-06  2.59296238e-314  4.15992000e-06  5.16902048e-01  4.15992000e-06  8.40780201e-04 
 4.16192000e-06  5.64146506e-314  4.16192000e-06  5.06285820e-01  4.16192000e-06  8.47199904e-04 
 4.16392000e-06  2.59296238e-314  4.16392000e-06  4.95589685e-01  4.16392000e-06  8.53485587e-04 
 4.16592000e-06  5.64146506e-314  4.16592000e-06  4.84815334e-01  4.16592000e-06  8.59636260e-04 
 4.16792000e-06  2.59296238e-314  4.16792000e-06  4.73964471e-01  4.16792000e-06  8.65650950e-04 
 4.16992000e-06  5.64146506e-314  4.16992000e-06  4.63038813e-01  4.16992000e-06  8.71528709e-04 
 4.17192000e-06  2.59296238e-314  4.17192000e-06  4.52040088e-01  4.17192000e-06  8.77268610e-04 
 4.17392000e-06  5.64146506e-314  4.17392000e-06  4.40970035e-01  4.17392000e-06  8.82869746e-04 
 4.17592000e-06  2.59296238e-314  4.17592000e-06  4.29830406e-01  4.17592000e-06  8.88331234e-04 
 4.17792000e-06  5.64146506e-314  4.17792000e-06  4.18622963e-01  4.17792000e-06  8.93652213e-04 
 4.17992000e-06  2.59296238e-314  4.17992000e-06  4.07349479e-01  4.17992000e-06  8.98831842e-04 
 4.18192000e-06  5.64146506e-314  4.18192000e-06  3.96011735e-01  4.18192000e-06  9.03869304e-04 
 4.18392000e-06  2.59296238e-314  4.18392000e-06  3.84611527e-01  4.18392000e-06  9.08763806e-04 
 4.18592000e-06  5.64146506e-314  4.18592000e-06  3.73150657e-01  4.18592000e-06  9.13514574e-04 
 4.18792000e-06  2.59296238e-314  4.18792000e-06  3.61630937e-01  4.18792000e-06  9.18120861e-04 
 4.18992000e-06  5.64146506e-314  4.18992000e-06  3.50054190e-01  4.18992000e-06  9.22581938e-04 
 4.19192000e-06  2.59296238e-314  4.19192000e-06  3.38422246e-01  4.19192000e-06  9.26897104e-04 
 4.19392000e-06  5.64146506e-314  4.19392000e-06  3.26736946e-01  4.19392000e-06  9.31065677e-04 
 4.19592000e-06  2.59296238e-314  4.19592000e-06  3.15000137e-01  4.19592000e-06  9.35087000e-04 
 4.19792000e-06  5.64146506e-314  4.19792000e-06  3.03213675e-01  4.19792000e-06  9.38960440e-04 
 4.19992000e-06  2.59296238e-314  4.19992000e-06  2.91379424e-01  4.19992000e-06  9.42685385e-04 
 4.20192000e-06  5.64146506e-314  4.20192000e-06  2.79499257e-01  4.20192000e-06  9.46261249e-04 
 4.20392000e-06  2.59296238e-314  4.20392000e-06  2.67575051e-01  4.20392000e-06  9.49687469e-04 
 4.20592000e-06  5.64146506e-314  4.20592000e-06  2.55608693e-01  4.20592000e-06  9.52963504e-04 
 4.20792000e-06  2.59296238e-314  4.20792000e-06  2.43602074e-01  4.20792000e-06  9.56088839e-04 
 4.20992000e-06  5.64146506e-314  4.20992000e-06  2.31557094e-01  4.20992000e-06  9.59062982e-04 
 4.21192000e-06  2.59296238e-314  4.21192000e-06  2.19475657e-01  4.21192000e-06  9.61885463e-04 
 4.21392000e-06  5.64146506e-314  4.21392000e-06  2.07359674e-01  4.21392000e-06  9.64555839e-04 
 4.21592000e-06  2.59296238e-314  4.21592000e-06  1.95211061e-01  4.21592000e-06  9.67073689e-04 
 4.21792000e-06  5.64146506e-314  4.21792000e-06  1.83031738e-01  4.21792000e-06  9.69438618e-04 
 4.21992000e-06  2.59296238e-314  4.21992000e-06  1.70823632e-01  4.21992000e-06  9.71650253e-04 
 4.22192000e-06  5.64146506e-314  4.22192000e-06  1.58588673e-01  4.22192000e-06  9.73708247e-04 
 4.22392000e-06  2.59296238e-314  4.22392000e-06  1.46328796e-01  4.22392000e-06  9.75612276e-04 
 4.22592000e-06  5.64146506e-314  4.22592000e-06  1.34045938e-01  4.22592000e-06  9.77362042e-04 
 4.22792000e-06  2.59296238e-314  4.22792000e-06  1.21742043e-01  4.22792000e-06  9.78957268e-04 
 4.22992000e-06  5.64146506e-314  4.22992000e-06  1.09419056e-01  4.22992000e-06  9.80397706e-04 
 4.23192000e-06  2.59296238e-314  4.23192000e-06  9.70789248e-02  4.23192000e-06  9.81683129e-04 
 4.23392000e-06  5.64146506e-314  4.23392000e-06  8.47236012e-02  4.23392000e-06  9.82813337e-04 
 4.23592000e-06  2.59296238e-314  4.23592000e-06  7.23550383e-02  4.23592000e-06  9.83788151e-04 
 4.23792000e-06  5.64146506e-314  4.23792000e-06  5.99751920e-02  4.23792000e-06  9.84607421e-04 
 4.23992000e-06  2.59296238e-314  4.23992000e-06  4.75860194e-02  4.23992000e-06  9.85271019e-04 
 4.24192000e-06  5.64146506e-314  4.24192000e-06  3.51894794e-02  4.24192000e-06  9.85778842e-04 
 4.24392000e-06  2.59296238e-314  4.24392000e-06  2.27875319e-02  4.24392000e-06  9.86130810e-04 
 4.24592000e-06  5.64146506e-314  4.24592000e-06  1.03821377e-02  4.24592000e-06  9.86326872e-04 
 4.24792000e-06  2.59296238e-314  4.24792000e-06 -2.02474203e-03  4.24792000e-06  9.86366997e-04 
 4.24992000e-06  5.64146506e-314  4.24992000e-06 -1.44311457e-02  4.24992000e-06  9.86251182e-04 
 4.25192000e-06  2.59296238e-314  4.25192000e-06 -2.68351119e-02  4.25192000e-06  9.85979446e-04 
 4.25392000e-06  5.64146506e-314  4.25392000e-06 -3.92346797e-02  4.25392000e-06  9.85551834e-04 
 4.25592000e-06  2.59296238e-314  4.25592000e-06 -5.16278888e-02  4.25592000e-06  9.84968417e-04 
 4.25792000e-06  5.64146506e-314  4.25792000e-06 -6.40127800e-02  4.25792000e-06  9.84229288e-04 
 4.25992000e-06  2.59296238e-314  4.25992000e-06 -7.63873955e-02  4.25992000e-06  9.83334565e-04 
 4.26192000e-06  5.64146506e-314  4.26192000e-06 -8.87497788e-02  4.26192000e-06  9.82284394e-04 
 4.26392000e-06  2.59296238e-314  4.26392000e-06 -1.01097976e-01  4.26392000e-06  9.81078940e-04 
 4.26592000e-06  5.64146506e-314  4.26592000e-06 -1.13430035e-01  4.26592000e-06  9.79718398e-04 
 4.26792000e-06  2.59296238e-314  4.26792000e-06 -1.25744006e-01  4.26792000e-06  9.78202984e-04 
 4.26992000e-06  5.64146506e-314  4.26992000e-06 -1.38037942e-01  4.26992000e-06  9.76532939e-04 
 4.27192000e-06  2.59296238e-314  4.27192000e-06 -1.50309901e-01  4.27192000e-06  9.74708530e-04 
 4.27392000e-06  5.64146506e-314  4.27392000e-06 -1.62557943e-01  4.27392000e-06  9.72730046e-04 
 4.27592000e-06  2.59296238e-314  4.27592000e-06 -1.74780130e-01  4.27592000e-06  9.70597804e-04 
 4.27792000e-06  5.64146506e-314  4.27792000e-06 -1.86974532e-01  4.27792000e-06  9.68312140e-04 
 4.27992000e-06  2.59296238e-314  4.27992000e-06 -1.99139221e-01  4.27992000e-06  9.65873420e-04 
 4.28192000e-06  5.64146506e-314  4.28192000e-06 -2.11272275e-01  4.28192000e-06  9.63282030e-04 
 4.28392000e-06  2.59296238e-314  4.28392000e-06 -2.23371774e-01  4.28392000e-06  9.60538382e-04 
 4.28592000e-06  5.64146506e-314  4.28592000e-06 -2.35435807e-01  4.28592000e-06  9.57642912e-04 
 4.28792000e-06  2.59296238e-314  4.28792000e-06 -2.47462468e-01  4.28792000e-06  9.54596079e-04 
 4.28992000e-06  5.64146506e-314  4.28992000e-06 -2.59449854e-01  4.28992000e-06  9.51398367e-04 
 4.29192000e-06  2.59296238e-314  4.29192000e-06 -2.71396072e-01  4.29192000e-06  9.48050284e-04 
 4.29392000e-06  5.64146506e-314  4.29392000e-06 -2.83299233e-01  4.29392000e-06  9.44552360e-04 
 4.29592000e-06  2.59296238e-314  4.29592000e-06 -2.95157457e-01  4.29592000e-06  9.40905150e-04 
 4.29792000e-06  5.64146506e-314  4.29792000e-06 -3.06968868e-01  4.29792000e-06  9.37109234e-04 
 4.29992000e-06  2.59296238e-314  4.29992000e-06 -3.18731600e-01  4.29992000e-06  9.33165212e-04 
 4.30192000e-06  5.64146506e-314  4.30192000e-06 -3.30443795e-01  4.30192000e-06  9.29073711e-04 
 4.30392000e-06  2.59296238e-314  4.30392000e-06 -3.42103600e-01  4.30392000e-06  9.24835378e-04 
 4.30592000e-06  5.64146506e-314  4.30592000e-06 -3.53709174e-01  4.30592000e-06  9.20450887e-04 
 4.30792000e-06  2.59296238e-314  4.30792000e-06 -3.65258683e-01  4.30792000e-06  9.15920932e-04 
 4.30992000e-06  5.64146506e-314  4.30992000e-06 -3.76750300e-01  4.30992000e-06  9.11246230e-04 
 4.31192000e-06  2.59296238e-314  4.31192000e-06 -3.88182210e-01  4.31192000e-06  9.06427523e-04 
 4.31392000e-06  5.64146506e-314  4.31392000e-06 -3.99552607e-01  4.31392000e-06  9.01465575e-04 
 4.31592000e-06  2.59296238e-314  4.31592000e-06 -4.10859694e-01  4.31592000e-06  8.96361172e-04 
 4.31792000e-06  5.64146506e-314  4.31792000e-06 -4.22101683e-01  4.31792000e-06  8.91115121e-04 
 4.31992000e-06  2.59296238e-314  4.31992000e-06 -4.33276799e-01  4.31992000e-06  8.85728256e-04 
 4.32192000e-06  5.64146506e-314  4.32192000e-06 -4.44383275e-01  4.32192000e-06  8.80201429e-04 
 4.32392000e-06  2.59296238e-314  4.32392000e-06 -4.55419356e-01  4.32392000e-06  8.74535515e-04 
 4.32592000e-06  5.64146506e-314  4.32592000e-06 -4.66383299e-01  4.32592000e-06  8.68731412e-04 
 4.32792000e-06  2.59296238e-314  4.32792000e-06 -4.77273371e-01  4.32792000e-06  8.62790039e-04 
 4.32992000e-06  5.64146506e-314  4.32992000e-06 -4.88087851e-01  4.32992000e-06  8.56712338e-04 
 4.33192000e-06  2.59296238e-314  4.33192000e-06 -4.98825031e-01  4.33192000e-06  8.50499271e-04 
 4.33392000e-06  5.64146506e-314  4.33392000e-06 -5.09483214e-01  4.33392000e-06  8.44151822e-04 
 4.33592000e-06  2.59296238e-314  4.33592000e-06 -5.20060716e-01  4.33592000e-06  8.37670996e-04 
 4.33792000e-06  5.64146506e-314  4.33792000e-06 -5.30555866e-01  4.33792000e-06  8.31057820e-04 
 4.33992000e-06  2.59296238e-314  4.33992000e-06 -5.40967005e-01  4.33992000e-06  8.24313340e-04 
 4.34192000e-06  5.64146506e-314  4.34192000e-06 -5.51292489e-01  4.34192000e-06  8.17438625e-04 
 4.34392000e-06  2.59296238e-314  4.34392000e-06 -5.61530687e-01  4.34392000e-06  8.10434762e-04 
 4.34592000e-06  5.64146506e-314  4.34592000e-06 -5.71679980e-01  4.34592000e-06  8.03302862e-04 
 4.34792000e-06  2.59296238e-314  4.34792000e-06 -5.81738766e-01  4.34792000e-06  7.96044053e-04 
 4.34992000e-06  5.64146506e-314  4.34992000e-06 -5.91705455e-01  4.34992000e-06  7.88659484e-04 
 4.35192000e-06  2.59296238e-314  4.35192000e-06 -6.01578472e-01  4.35192000e-06  7.81150324e-04 
 4.35392000e-06  5.64146506e-314  4.35392000e-06 -6.11356259e-01  4.35392000e-06  7.73517762e-04 
 4.35592000e-06  2.59296238e-314  4.35592000e-06 -6.21037270e-01  4.35592000e-06  7.65763006e-04 
 4.35792000e-06  5.64146506e-314  4.35792000e-06 -6.30619976e-01  4.35792000e-06  7.57887284e-04 
 4.35992000e-06  2.59296238e-314  4.35992000e-06 -6.40102864e-01  4.35992000e-06  7.49891843e-04 
 4.36192000e-06  5.64146506e-314  4.36192000e-06 -6.49484435e-01  4.36192000e-06  7.41777948e-04 
 4.36392000e-06  2.59296238e-314  4.36392000e-06 -6.58763207e-01  4.36392000e-06  7.33546882e-04 
 4.36592000e-06  5.64146506e-314  4.36592000e-06 -6.67937716e-01  4.36592000e-06  7.25199950e-04 
 4.36792000e-06  2.59296238e-314  4.36792000e-06 -6.77006511e-01  4.36792000e-06  7.16738472e-04 
 4.36992000e-06  5.64146506e-314  4.36992000e-06 -6.85968160e-01  4.36992000e-06  7.08163787e-04 
 4.37192000e-06  2.59296238e-314  4.37192000e-06 -6.94821249e-01  4.37192000e-06  6.99477252e-04 
 4.37392000e-06  5.64146506e-314  4.37392000e-06 -7.03564378e-01  4.37392000e-06  6.90680242e-04 
 4.37592000e-06  2.59296238e-314  4.37592000e-06 -7.12196166e-01  4.37592000e-06  6.81774149e-04 
 4.37792000e-06  5.64146506e-314  4.37792000e-06 -7.20715251e-01  4.37792000e-06  6.72760383e-04 
 4.37992000e-06  2.59296238e-314  4.37992000e-06 -7.29120287e-01  4.37992000e-06  6.63640370e-04 
 4.38192000e-06  5.64146506e-314  4.38192000e-06 -7.37409947e-01  4.38192000e-06  6.54415552e-04 
 4.38392000e-06  2.59296238e-314  4.38392000e-06 -7.45582922e-01  4.38392000e-06  6.45087391e-04 
 4.38592000e-06  5.64146506e-314  4.38592000e-06 -7.53637920e-01  4.38592000e-06  6.35657361e-04 
 4.38792000e-06  2.59296238e-314  4.38792000e-06 -7.61573671e-01  4.38792000e-06  6.26126955e-04 
 4.38992000e-06  5.64146506e-314  4.38992000e-06 -7.69388920e-01  4.38992000e-06  6.16497681e-04 
 4.39192000e-06  2.59296238e-314  4.39192000e-06 -7.77082434e-01  4.39192000e-06  6.06771063e-04 
 4.39392000e-06  5.64146506e-314  4.39392000e-06 -7.84652998e-01  4.39392000e-06  5.96948639e-04 
 4.39592000e-06  2.59296238e-314  4.39592000e-06 -7.92099417e-01  4.39592000e-06  5.87031964e-04 
 4.39792000e-06  5.64146506e-314  4.39792000e-06 -7.99420515e-01  4.39792000e-06  5.77022606e-04 
 4.39992000e-06  2.59296238e-314  4.39992000e-06 -8.06615136e-01  4.39992000e-06  5.66922149e-04 
 4.40192000e-06  5.64146506e-314  4.40192000e-06 -8.13682145e-01  4.40192000e-06  5.56732191e-04 
 4.40392000e-06  2.59296238e-314  4.40392000e-06 -8.20620425e-01  4.40392000e-06  5.46454345e-04 
 4.40592000e-06  5.64146506e-314  4.40592000e-06 -8.27428881e-01  4.40592000e-06  5.36090236e-04 
 4.40792000e-06  2.59296238e-314  4.40792000e-06 -8.34106439e-01  4.40792000e-06  5.25641503e-04 
 4.40992000e-06  5.64146506e-314  4.40992000e-06 -8.40652045e-01  4.40992000e-06  5.15109800e-04 
 4.41192000e-06  2.59296238e-314  4.41192000e-06 -8.47064665e-01  4.41192000e-06  5.04496794e-04 
 4.41392000e-06  5.64146506e-314  4.41392000e-06 -8.53343287e-01  4.41392000e-06  4.93804161e-04 
 4.41592000e-06  2.59296238e-314  4.41592000e-06 -8.59486921e-01  4.41592000e-06  4.83033595e-04 
 4.41792000e-06  5.64146506e-314  4.41792000e-06 -8.65494596e-01  4.41792000e-06  4.72186799e-04 
 4.41992000e-06  2.59296238e-314  4.41992000e-06 -8.71365366e-01  4.41992000e-06  4.61265489e-04 
 4.42192000e-06  5.64146506e-314  4.42192000e-06 -8.77098302e-01  4.42192000e-06  4.50271392e-04 
 4.42392000e-06  2.59296238e-314  4.42392000e-06 -8.82692501e-01  4.42392000e-06  4.39206247e-04 
 4.42592000e-06  5.64146506e-314  4.42592000e-06 -8.88147080e-01  4.42592000e-06  4.28071805e-04 
 4.42792000e-06  2.59296238e-314  4.42792000e-06 -8.93461178e-01  4.42792000e-06  4.16869826e-04 
 4.42992000e-06  5.64146506e-314  4.42992000e-06 -8.98633957e-01  4.42992000e-06  4.05602083e-04 
 4.43192000e-06  2.59296238e-314  4.43192000e-06 -9.03664602e-01  4.43192000e-06  3.94270358e-04 
 4.43392000e-06  5.64146506e-314  4.43392000e-06 -9.08552317e-01  4.43392000e-06  3.82876442e-04 
 4.43592000e-06  2.59296238e-314  4.43592000e-06 -9.13296334e-01  4.43592000e-06  3.71422139e-04 
 4.43792000e-06  5.64146506e-314  4.43792000e-06 -9.17895902e-01  4.43792000e-06  3.59909260e-04 
 4.43992000e-06  2.59296238e-314  4.43992000e-06 -9.22350298e-01  4.43992000e-06  3.48339625e-04 
 4.44192000e-06  5.64146506e-314  4.44192000e-06 -9.26658818e-01  4.44192000e-06  3.36715065e-04 
 4.44392000e-06  2.59296238e-314  4.44392000e-06 -9.30820783e-01  4.44392000e-06  3.25037418e-04 
 4.44592000e-06  5.64146506e-314  4.44592000e-06 -9.34835538e-01  4.44592000e-06  3.13308530e-04 
 4.44792000e-06  2.59296238e-314  4.44792000e-06 -9.38702448e-01  4.44792000e-06  3.01530258e-04 
 4.44992000e-06  5.64146506e-314  4.44992000e-06 -9.42420905e-01  4.44992000e-06  2.89704462e-04 
 4.45192000e-06  2.59296238e-314  4.45192000e-06 -9.45990324e-01  4.45192000e-06  2.77833015e-04 
 4.45392000e-06  5.64146506e-314  4.45392000e-06 -9.49410140e-01  4.45392000e-06  2.65917792e-04 
 4.45592000e-06  2.59296238e-314  4.45592000e-06 -9.52679816e-01  4.45592000e-06  2.53960679e-04 
 4.45792000e-06  5.64146506e-314  4.45792000e-06 -9.55798836e-01  4.45792000e-06  2.41963566e-04 
 4.45992000e-06  2.59296238e-314  4.45992000e-06 -9.58766710e-01  4.45992000e-06  2.29928351e-04 
 4.46192000e-06  5.64146506e-314  4.46192000e-06 -9.61582970e-01  4.46192000e-06  2.17856936e-04 
 4.46392000e-06  2.59296238e-314  4.46392000e-06 -9.64247172e-01  4.46392000e-06  2.05751230e-04 
 4.46592000e-06  5.64146506e-314  4.46592000e-06 -9.66758898e-01  4.46592000e-06  1.93613149e-04 
 4.46792000e-06  2.59296238e-314  4.46792000e-06 -9.69117751e-01  4.46792000e-06  1.81444610e-04 
 4.46992000e-06  5.64146506e-314  4.46992000e-06 -9.71323362e-01  4.46992000e-06  1.69247539e-04 
 4.47192000e-06  2.59296238e-314  4.47192000e-06 -9.73375384e-01  4.47192000e-06  1.57023864e-04 
 4.47392000e-06  5.64146506e-314  4.47392000e-06 -9.75273493e-01  4.47392000e-06  1.44775518e-04 
 4.47592000e-06  2.59296238e-314  4.47592000e-06 -9.77017392e-01  4.47592000e-06  1.32504438e-04 
 4.47792000e-06  5.64146506e-314  4.47792000e-06 -9.78606807e-01  4.47792000e-06  1.20212563e-04 
 4.47992000e-06  2.59296238e-314  4.47992000e-06 -9.80041489e-01  4.47992000e-06  1.07901838e-04 
 4.48192000e-06  5.64146506e-314  4.48192000e-06 -9.81321213e-01  4.48192000e-06  9.55742082e-05 
 4.48392000e-06  2.59296238e-314  4.48392000e-06 -9.82445778e-01  4.48392000e-06  8.32316240e-05 
 4.48592000e-06  5.64146506e-314  4.48592000e-06 -9.83415008e-01  4.48592000e-06  7.08760363e-05 
 4.48792000e-06  2.59296238e-314  4.48792000e-06 -9.84228753e-01  4.48792000e-06  5.85093987e-05 
 4.48992000e-06  5.64146506e-314  4.48992000e-06 -9.84886886e-01  4.48992000e-06  4.61336665e-05 
 4.49192000e-06  2.59296238e-314  4.49192000e-06 -9.85389304e-01  4.49192000e-06  3.37507964e-05 
 4.49392000e-06  5.64146506e-314  4.49392000e-06 -9.85735930e-01  4.49392000e-06  2.13627460e-05 
 4.49592000e-06  2.59296238e-314  4.49592000e-06 -9.85926711e-01  4.49592000e-06  8.97147390e-06 
 4.49792000e-06  5.64146506e-314  4.49792000e-06 -9.85961619e-01  4.49792000e-06 -3.42106076e-06 
 4.49992000e-06  2.59296238e-314  4.49992000e-06 -9.85840651e-01  4.49992000e-06 -1.58128988e-05 
 4.50192000e-06  5.64146506e-314  4.50192000e-06 -9.85563827e-01  4.50192000e-06 -2.82020812e-05 
 4.50392000e-06  2.59296238e-314  4.50392000e-06 -9.85131194e-01  4.50392000e-06 -4.05866492e-05 
 4.50592000e-06  5.64146506e-314  4.50592000e-06 -9.84542821e-01  4.50592000e-06 -5.29646450e-05 
 4.50792000e-06  2.59296238e-314  4.50792000e-06 -9.83798803e-01  4.50792000e-06 -6.53341117e-05 
 4.50992000e-06  5.64146506e-314  4.50992000e-06 -9.82899261e-01  4.50992000e-06 -7.76930940e-05 
 4.51192000e-06  2.59296238e-314  4.51192000e-06 -9.81844338e-01  4.51192000e-06 -9.00396380e-05 
 4.51392000e-06  5.64146506e-314  4.51392000e-06 -9.80634204e-01  4.51392000e-06 -1.02371792e-04 
 4.51592000e-06  2.59296238e-314  4.51592000e-06 -9.79269050e-01  4.51592000e-06 -1.14687606e-04 
 4.51792000e-06  5.64146506e-314  4.51792000e-06 -9.77749096e-01  4.51792000e-06 -1.26985134e-04 
 4.51992000e-06  2.59296238e-314  4.51992000e-06 -9.76074583e-01  4.51992000e-06 -1.39262432e-04 
 4.52192000e-06  5.64146506e-314  4.52192000e-06 -9.74245778e-01  4.52192000e-06 -1.51517559e-04 
 4.52392000e-06  2.59296238e-314  4.52392000e-06 -9.72262972e-01  4.52392000e-06 -1.63748577e-04 
 4.52592000e-06  5.64146506e-314  4.52592000e-06 -9.70126480e-01  4.52592000e-06 -1.75953554e-04 
 4.52792000e-06  2.59296238e-314  4.52792000e-06 -9.67836643e-01  4.52792000e-06 -1.88130560e-04 
 4.52992000e-06  5.64146506e-314  4.52992000e-06 -9.65393824e-01  4.52992000e-06 -2.00277670e-04 
 4.53192000e-06  2.59296238e-314  4.53192000e-06 -9.62798411e-01  4.53192000e-06 -2.12392964e-04 
 4.53392000e-06  5.64146506e-314  4.53392000e-06 -9.60050817e-01  4.53392000e-06 -2.24474528e-04 
 4.53592000e-06  2.59296238e-314  4.53592000e-06 -9.57151478e-01  4.53592000e-06 -2.36520452e-04 
 4.53792000e-06  5.64146506e-314  4.53792000e-06 -9.54100853e-01  4.53792000e-06 -2.48528831e-04 
 4.53992000e-06  2.59296238e-314  4.53992000e-06 -9.50899428e-01  4.53992000e-06 -2.60497768e-04 
 4.54192000e-06  5.64146506e-314  4.54192000e-06 -9.47547710e-01  4.54192000e-06 -2.72425371e-04 
 4.54392000e-06  2.59296238e-314  4.54392000e-06 -9.44046231e-01  4.54392000e-06 -2.84309755e-04 
 4.54592000e-06  5.64146506e-314  4.54592000e-06 -9.40395547e-01  4.54592000e-06 -2.96149042e-04 
 4.54792000e-06  2.59296238e-314  4.54792000e-06 -9.36596237e-01  4.54792000e-06 -3.07941360e-04 
 4.54992000e-06  5.64146506e-314  4.54992000e-06 -9.32648902e-01  4.54992000e-06 -3.19684845e-04 
 4.55192000e-06  2.59296238e-314  4.55192000e-06 -9.28554169e-01  4.55192000e-06 -3.31377643e-04 
 4.55392000e-06  5.64146506e-314  4.55392000e-06 -9.24312688e-01  4.55392000e-06 -3.43017903e-04 
 4.55592000e-06  2.59296238e-314  4.55592000e-06 -9.19925130e-01  4.55592000e-06 -3.54603788e-04 
 4.55792000e-06  5.64146506e-314  4.55792000e-06 -9.15392191e-01  4.55792000e-06 -3.66133467e-04 
 4.55992000e-06  2.59296238e-314  4.55992000e-06 -9.10714590e-01  4.55992000e-06 -3.77605116e-04 
 4.56192000e-06  5.64146506e-314  4.56192000e-06 -9.05893068e-01  4.56192000e-06 -3.89016923e-04 
 4.56392000e-06  2.59296238e-314  4.56392000e-06 -9.00928389e-01  4.56392000e-06 -4.00367085e-04 
 4.56592000e-06  5.64146506e-314  4.56592000e-06 -8.95821339e-01  4.56592000e-06 -4.11653808e-04 
 4.56792000e-06  2.59296238e-314  4.56792000e-06 -8.90572728e-01  4.56792000e-06 -4.22875309e-04 
 4.56992000e-06  5.64146506e-314  4.56992000e-06 -8.85183388e-01  4.56992000e-06 -4.34029814e-04 
 4.57192000e-06  2.59296238e-314  4.57192000e-06 -8.79654172e-01  4.57192000e-06 -4.45115560e-04 
 4.57392000e-06  5.64146506e-314  4.57392000e-06 -8.73985955e-01  4.57392000e-06 -4.56130797e-04 
 4.57592000e-06  2.59296238e-314  4.57592000e-06 -8.68179637e-01  4.57592000e-06 -4.67073783e-04 
 4.57792000e-06  5.64146506e-314  4.57792000e-06 -8.62236137e-01  4.57792000e-06 -4.77942789e-04 
 4.57992000e-06  2.59296238e-314  4.57992000e-06 -8.56156396e-01  4.57992000e-06 -4.88736097e-04 
 4.58192000e-06  5.64146506e-314  4.58192000e-06 -8.49941376e-01  4.58192000e-06 -4.99452003e-04 
 4.58392000e-06  2.59296238e-314  4.58392000e-06 -8.43592063e-01  4.58392000e-06 -5.10088814e-04 
 4.58592000e-06  5.64146506e-314  4.58592000e-06 -8.37109461e-01  4.58592000e-06 -5.20644847e-04 
 4.58792000e-06  2.59296238e-314  4.58792000e-06 -8.30494598e-01  4.58792000e-06 -5.31118437e-04 
 4.58992000e-06  5.64146506e-314  4.58992000e-06 -8.23748520e-01  4.58992000e-06 -5.41507927e-04 
 4.59192000e-06  2.59296238e-314  4.59192000e-06 -8.16872296e-01  4.59192000e-06 -5.51811677e-04 
 4.59392000e-06  5.64146506e-314  4.59392000e-06 -8.09867015e-01  4.59392000e-06 -5.62028059e-04 
 4.59592000e-06  2.59296238e-314  4.59592000e-06 -8.02733785e-01  4.59592000e-06 -5.72155458e-04 
 4.59792000e-06  5.64146506e-314  4.59792000e-06 -7.95473736e-01  4.59792000e-06 -5.82192274e-04 
 4.59992000e-06  2.59296238e-314  4.59992000e-06 -7.88088018e-01  4.59992000e-06 -5.92136922e-04 
 4.60192000e-06  5.64146506e-314  4.60192000e-06 -7.80577800e-01  4.60192000e-06 -6.01987831e-04 
 4.60392000e-06  2.59296238e-314  4.60392000e-06 -7.72944269e-01  4.60392000e-06 -6.11743445e-04 
 4.60592000e-06  5.64146506e-314  4.60592000e-06 -7.65188636e-01  4.60592000e-06 -6.21402222e-04 
 4.60792000e-06  2.59296238e-314  4.60792000e-06 -7.57312128e-01  4.60792000e-06 -6.30962637e-04 
 4.60992000e-06  5.64146506e-314  4.60992000e-06 -7.49315991e-01  4.60992000e-06 -6.40423179e-04 
 4.61192000e-06  2.59296238e-314  4.61192000e-06 -7.41201490e-01  4.61192000e-06 -6.49782355e-04 
 4.61392000e-06  5.64146506e-314  4.61392000e-06 -7.32969912e-01  4.61392000e-06 -6.59038685e-04 
 4.61592000e-06  2.59296238e-314  4.61592000e-06 -7.24622557e-01  4.61592000e-06 -6.68190707e-04 
 4.61792000e-06  5.64146506e-314  4.61792000e-06 -7.16160748e-01  4.61792000e-06 -6.77236977e-04 
 4.61992000e-06  2.59296238e-314  4.61992000e-06 -7.07585823e-01  4.61992000e-06 -6.86176065e-04 
 4.62192000e-06  5.64146506e-314  4.62192000e-06 -6.98899140e-01  4.62192000e-06 -6.95006559e-04 
 4.62392000e-06  2.59296238e-314  4.62392000e-06 -6.90102073e-01  4.62392000e-06 -7.03727065e-04 
 4.62592000e-06  5.64146506e-314  4.62592000e-06 -6.81196014e-01  4.62592000e-06 -7.12336205e-04 
 4.62792000e-06  2.59296238e-314  4.62792000e-06 -6.72182374e-01  4.62792000e-06 -7.20832619e-04 
 4.62992000e-06  5.64146506e-314  4.62992000e-06 -6.63062578e-01  4.62992000e-06 -7.29214967e-04 
 4.63192000e-06  2.59296238e-314  4.63192000e-06 -6.53838069e-01  4.63192000e-06 -7.37481923e-04 
 4.63392000e-06  5.64146506e-314  4.63392000e-06 -6.44510307e-01  4.63392000e-06 -7.45632183e-04 
 4.63592000e-06  2.59296238e-314  4.63592000e-06 -6.35080769e-01  4.63592000e-06 -7.53664459e-04 
 4.63792000e-06  5.64146506e-314  4.63792000e-06 -6.25550945e-01  4.63792000e-06 -7.61577484e-04 
 4.63992000e-06  2.59296238e-314  4.63992000e-06 -6.15922345e-01  4.63992000e-06 -7.69370007e-04 
 4.64192000e-06  5.64146506e-314  4.64192000e-06 -6.06196491e-01  4.64192000e-06 -7.77040798e-04 
 4.64392000e-06  2.59296238e-314  4.64392000e-06 -5.96374922e-01  4.64392000e-06 -7.84588646e-04 
 4.64592000e-06  5.64146506e-314  4.64592000e-06 -5.86459192e-01  4.64592000e-06 -7.92012359e-04 
 4.64792000e-06  2.59296238e-314  4.64792000e-06 -5.76450871e-01  4.64792000e-06 -7.99310766e-04 
 4.64992000e-06  5.64146506e-314  4.64992000e-06 -5.66351541e-01  4.64992000e-06 -8.06482713e-04 
 4.65192000e-06  2.59296238e-314  4.65192000e-06 -5.56162800e-01  4.65192000e-06 -8.13527068e-04 
 4.65392000e-06  5.64146506e-314  4.65392000e-06 -5.45886260e-01  4.65392000e-06 -8.20442721e-04 
 4.65592000e-06  2.59296238e-314  4.65592000e-06 -5.35523548e-01  4.65592000e-06 -8.27228577e-04 
 4.65792000e-06  5.64146506e-314  4.65792000e-06 -5.25076302e-01  4.65792000e-06 -8.33883568e-04 
 4.65992000e-06  2.59296238e-314  4.65992000e-06 -5.14546174e-01  4.65992000e-06 -8.40406642e-04 
 4.66192000e-06  5.64146506e-314  4.66192000e-06 -5.03934832e-01  4.66192000e-06 -8.46796769e-04 
 4.66392000e-06  2.59296238e-314  4.66392000e-06 -4.93243954e-01  4.66392000e-06 -8.53052941e-04 
 4.66592000e-06  5.64146506e-314  4.66592000e-06 -4.82475230e-01  4.66592000e-06 -8.59174170e-04 
 4.66792000e-06  2.59296238e-314  4.66792000e-06 -4.71630364e-01  4.66792000e-06 -8.65159491e-04 
 4.66992000e-06  5.64146506e-314  4.66992000e-06 -4.60711072e-01  4.66992000e-06 -8.71007959e-04 
 4.67192000e-06  2.59296238e-314  4.67192000e-06 -4.49719080e-01  4.67192000e-06 -8.76718651e-04 
 4.67392000e-06  5.64146506e-314  4.67392000e-06 -4.38656129e-01  4.67392000e-06 -8.82290666e-04 
 4.67592000e-06  2.59296238e-314  4.67592000e-06 -4.27523967e-01  4.67592000e-06 -8.87723124e-04 
 4.67792000e-06  5.64146506e-314  4.67792000e-06 -4.16324355e-01  4.67792000e-06 -8.93015170e-04 
 4.67992000e-06  2.59296238e-314  4.67992000e-06 -4.05059064e-01  4.67992000e-06 -8.98165967e-04 
 4.68192000e-06  5.64146506e-314  4.68192000e-06 -3.93729878e-01  4.68192000e-06 -9.03174703e-04 
 4.68392000e-06  2.59296238e-314  4.68392000e-06 -3.82338587e-01  4.68392000e-06 -9.08040588e-04 
 4.68592000e-06  5.64146506e-314  4.68592000e-06 -3.70886993e-01  4.68592000e-06 -9.12762856e-04 
 4.68792000e-06  2.59296238e-314  4.68792000e-06 -3.59376907e-01  4.68792000e-06 -9.17340760e-04 
 4.68992000e-06  5.64146506e-314  4.68992000e-06 -3.47810150e-01  4.68992000e-06 -9.21773579e-04 
 4.69192000e-06  2.59296238e-314  4.69192000e-06 -3.36188552e-01  4.69192000e-06 -9.26060614e-04 
 4.69392000e-06  5.64146506e-314  4.69392000e-06 -3.24513949e-01  4.69392000e-06 -9.30201189e-04 
 4.69592000e-06  2.59296238e-314  4.69592000e-06 -3.12788189e-01  4.69592000e-06 -9.34194652e-04 
 4.69792000e-06  5.64146506e-314  4.69792000e-06 -3.01013126e-01  4.69792000e-06 -9.38040372e-04 
 4.69992000e-06  2.59296238e-314  4.69992000e-06 -2.89190622e-01  4.69992000e-06 -9.41737744e-04 
 4.70192000e-06  5.64146506e-314  4.70192000e-06 -2.77322547e-01  4.70192000e-06 -9.45286185e-04 
 4.70392000e-06  2.59296238e-314  4.70392000e-06 -2.65410778e-01  4.70392000e-06 -9.48685136e-04 
 4.70592000e-06  5.64146506e-314  4.70592000e-06 -2.53457198e-01  4.70592000e-06 -9.51934061e-04 
 4.70792000e-06  2.59296238e-314  4.70792000e-06 -2.41463698e-01  4.70792000e-06 -9.55032449e-04 
 4.70992000e-06  5.64146506e-314  4.70992000e-06 -2.29432174e-01  4.70992000e-06 -9.57979812e-04 
 4.71192000e-06  2.59296238e-314  4.71192000e-06 -2.17364530e-01  4.71192000e-06 -9.60775685e-04 
 4.71392000e-06  5.64146506e-314  4.71392000e-06 -2.05262672e-01  4.71392000e-06 -9.63419629e-04 
 4.71592000e-06  2.59296238e-314  4.71592000e-06 -1.93128516e-01  4.71592000e-06 -9.65911227e-04 
 4.71792000e-06  5.64146506e-314  4.71792000e-06 -1.80963979e-01  4.71792000e-06 -9.68250088e-04 
 4.71992000e-06  2.59296238e-314  4.71992000e-06 -1.68770986e-01  4.71992000e-06 -9.70435843e-04 
 4.72192000e-06  5.64146506e-314  4.72192000e-06 -1.56551464e-01  4.72192000e-06 -9.72468149e-04 
 4.72392000e-06  2.59296238e-314  4.72392000e-06 -1.44307346e-01  4.72392000e-06 -9.74346687e-04 
 4.72592000e-06  5.64146506e-314  4.72592000e-06 -1.32040567e-01  4.72592000e-06 -9.76071161e-04 
 4.72792000e-06  2.59296238e-314  4.72792000e-06 -1.19753067e-01  4.72792000e-06 -9.77641301e-04 
 4.72992000e-06  5.64146506e-314  4.72992000e-06 -1.07446789e-01  4.72992000e-06 -9.79056861e-04 
 4.73192000e-06  2.59296238e-314  4.73192000e-06 -9.51236793e-02  4.73192000e-06 -9.80317619e-04 
 4.73392000e-06  5.64146506e-314  4.73392000e-06 -8.27856856e-02  4.73392000e-06 -9.81423377e-04 
 4.73592000e-06  2.59296238e-314  4.73592000e-06 -7.04347589e-02  4.73592000e-06 -9.82373962e-04 
 4.73792000e-06  5.64146506e-314  4.73792000e-06 -5.80728521e-02  4.73792000e-06 -9.83169226e-04 
 4.73992000e-06  2.59296238e-314  4.73992000e-06 -4.57019196e-02  4.73992000e-06 -9.83809046e-04 
 4.74192000e-06  5.64146506e-314  4.74192000e-06 -3.33239172e-02  4.74192000e-06 -9.84293322e-04 
 4.74392000e-06  2.59296238e-314  4.74392000e-06 -2.09408021e-02  4.74392000e-06 -9.84621979e-04 
 4.74592000e-06  5.64146506e-314  4.74592000e-06 -8.55453203e-03  4.74592000e-06 -9.84794968e-04 
 4.74792000e-06  2.59296238e-314  4.74792000e-06  3.83293484e-03  4.74792000e-06 -9.84812263e-04 
 4.74992000e-06  5.64146506e-314  4.74992000e-06  1.62196400e-02  4.74992000e-06 -9.84673864e-04 
 4.75192000e-06  2.59296238e-314  4.75192000e-06  2.86036253e-02  4.75192000e-06 -9.84379793e-04 
 4.75392000e-06  5.64146506e-314  4.75392000e-06  4.09829328e-02  4.75392000e-06 -9.83930101e-04 
 4.75592000e-06  2.59296238e-314  4.75592000e-06  5.33556055e-02  4.75592000e-06 -9.83324859e-04 
 4.75792000e-06  5.64146506e-314  4.75792000e-06  6.57196874e-02  4.75792000e-06 -9.82564165e-04 
 4.75992000e-06  2.59296238e-314  4.75992000e-06  7.80732240e-02  4.75992000e-06 -9.81648142e-04 
 4.76192000e-06  5.64146506e-314  4.76192000e-06  9.04142622e-02  4.76192000e-06 -9.80576937e-04 
 4.76392000e-06  2.59296238e-314  4.76392000e-06  1.02740851e-01  4.76392000e-06 -9.79350719e-04 
 4.76592000e-06  5.64146506e-314  4.76592000e-06  1.15051042e-01  4.76592000e-06 -9.77969687e-04 
 4.76792000e-06  2.59296238e-314  4.76792000e-06  1.27342890e-01  4.76792000e-06 -9.76434059e-04 
 4.76992000e-06  5.64146506e-314  4.76992000e-06  1.39614451e-01  4.76992000e-06 -9.74744081e-04 
 4.77192000e-06  2.59296238e-314  4.77192000e-06  1.51863785e-01  4.77192000e-06 -9.72900021e-04 
 4.77392000e-06  5.64146506e-314  4.77392000e-06  1.64088956e-01  4.77392000e-06 -9.70902173e-04 
 4.77592000e-06  2.59296238e-314  4.77592000e-06  1.76288031e-01  4.77592000e-06 -9.68750855e-04 
 4.77792000e-06  5.64146506e-314  4.77792000e-06  1.88459083e-01  4.77792000e-06 -9.66446409e-04 
 4.77992000e-06  2.59296238e-314  4.77992000e-06  2.00600188e-01  4.77992000e-06 -9.63989201e-04 
 4.78192000e-06  5.64146506e-314  4.78192000e-06  2.12709425e-01  4.78192000e-06 -9.61379621e-04 
 4.78392000e-06  2.59296238e-314  4.78392000e-06  2.24784883e-01  4.78392000e-06 -9.58618085e-04 
 4.78592000e-06  5.64146506e-314  4.78592000e-06  2.36824651e-01  4.78592000e-06 -9.55705029e-04 
 4.78792000e-06  2.59296238e-314  4.78792000e-06  2.48826827e-01  4.78792000e-06 -9.52640918e-04 
 4.78992000e-06  5.64146506e-314  4.78992000e-06  2.60789513e-01  4.78992000e-06 -9.49426237e-04 
 4.79192000e-06  2.59296238e-314  4.79192000e-06  2.72710820e-01  4.79192000e-06 -9.46061497e-04 
 4.79392000e-06  5.64146506e-314  4.79392000e-06  2.84588862e-01  4.79392000e-06 -9.42547231e-04 
 4.79592000e-06  2.59296238e-314  4.79592000e-06  2.96421763e-01  4.79592000e-06 -9.38883996e-04 
 4.79792000e-06  5.64146506e-314  4.79792000e-06  3.08207652e-01  4.79792000e-06 -9.35072374e-04 
 4.79992000e-06  2.59296238e-314  4.79992000e-06  3.19944667e-01  4.79992000e-06 -9.31112969e-04 
 4.80192000e-06  5.64146506e-314  4.80192000e-06  3.31630952e-01  4.80192000e-06 -9.27006409e-04 
 4.80392000e-06  2.59296238e-314  4.80392000e-06  3.43264661e-01  4.80392000e-06 -9.22753345e-04 
 4.80592000e-06  5.64146506e-314  4.80592000e-06  3.54843955e-01  4.80592000e-06 -9.18354452e-04 
 4.80792000e-06  2.59296238e-314  4.80792000e-06  3.66367005e-01  4.80792000e-06 -9.13810426e-04 
 4.80992000e-06  5.64146506e-314  4.80992000e-06  3.77831989e-01  4.80992000e-06 -9.09121988e-04 
 4.81192000e-06  2.59296238e-314  4.81192000e-06  3.89237095e-01  4.81192000e-06 -9.04289880e-04 
 4.81392000e-06  5.64146506e-314  4.81392000e-06  4.00580521e-01  4.81392000e-06 -8.99314870e-04 
 4.81592000e-06  2.59296238e-314  4.81592000e-06  4.11860474e-01  4.81592000e-06 -8.94197744e-04 
 4.81792000e-06  5.64146506e-314  4.81792000e-06  4.23075173e-01  4.81792000e-06 -8.88939313e-04 
 4.81992000e-06  2.59296238e-314  4.81992000e-06  4.34222844e-01  4.81992000e-06 -8.83540412e-04 
 4.82192000e-06  5.64146506e-314  4.82192000e-06  4.45301727e-01  4.82192000e-06 -8.78001894e-04 
 4.82392000e-06  2.59296238e-314  4.82392000e-06  4.56310070e-01  4.82392000e-06 -8.72324638e-04 
 4.82592000e-06  5.64146506e-314  4.82592000e-06  4.67246134e-01  4.82592000e-06 -8.66509543e-04 
 4.82792000e-06  2.59296238e-314  4.82792000e-06  4.78108191e-01  4.82792000e-06 -8.60557530e-04 
 4.82992000e-06  5.64146506e-314  4.82992000e-06  4.88894524e-01  4.82992000e-06 -8.54469541e-04 
 4.83192000e-06  2.59296238e-314  4.83192000e-06  4.99603431e-01  4.83192000e-06 -8.48246540e-04 
 4.83392000e-06  5.64146506e-314  4.83392000e-06  5.10233217e-01  4.83392000e-06 -8.41889514e-04 
 4.83592000e-06  2.59296238e-314  4.83592000e-06  5.20782204e-01  4.83592000e-06 -8.35399469e-04 
 4.83792000e-06  5.64146506e-314  4.83792000e-06  5.31248726e-01  4.83792000e-06 -8.28777433e-04 
 4.83992000e-06  2.59296238e-314  4.83992000e-06  5.41631128e-01  4.83992000e-06 -8.22024453e-04 
 4.84192000e-06  5.64146506e-314  4.84192000e-06  5.51927769e-01  4.84192000e-06 -8.15141601e-04 
 4.84392000e-06  2.59296238e-314  4.84392000e-06  5.62137025e-01  4.84392000e-06 -8.08129964e-04 
 4.84592000e-06  5.64146506e-314  4.84592000e-06  5.72257280e-01  4.84592000e-06 -8.00990654e-04 
 4.84792000e-06  2.59296238e-314  4.84792000e-06  5.82286937e-01  4.84792000e-06 -7.93724801e-04 
 4.84992000e-06  5.64146506e-314  4.84992000e-06  5.92224411e-01  4.84992000e-06 -7.86333554e-04 
 4.85192000e-06  2.59296238e-314  4.85192000e-06  6.02068132e-01  4.85192000e-06 -7.78818085e-04 
 4.85392000e-06  5.64146506e-314  4.85392000e-06  6.11816545e-01  4.85392000e-06 -7.71179583e-04 
 4.85592000e-06  2.59296238e-314  4.85592000e-06  6.21468110e-01  4.85592000e-06 -7.63419256e-04 
 4.85792000e-06  5.64146506e-314  4.85792000e-06  6.31021302e-01  4.85792000e-06 -7.55538334e-04 
 4.85992000e-06  2.59296238e-314  4.85992000e-06  6.40474613e-01  4.85992000e-06 -7.47538064e-04 
 4.86192000e-06  5.64146506e-314  4.86192000e-06  6.49826549e-01  4.86192000e-06 -7.39419711e-04 
 4.86392000e-06  2.59296238e-314  4.86392000e-06  6.59075632e-01  4.86392000e-06 -7.31184562e-04 
 4.86592000e-06  5.64146506e-314  4.86592000e-06  6.68220402e-01  4.86592000e-06 -7.22833920e-04 
 4.86792000e-06  2.59296238e-314  4.86792000e-06  6.77259415e-01  4.86792000e-06 -7.14369105e-04 
 4.86992000e-06  5.64146506e-314  4.86992000e-06  6.86191243e-01  4.86992000e-06 -7.05791459e-04 
 4.87192000e-06  2.59296238e-314  4.87192000e-06  6.95014474e-01  4.87192000e-06 -6.97102337e-04 
 4.87392000e-06  5.64146506e-314  4.87392000e-06  7.03727716e-01  4.87392000e-06 -6.88303116e-04 
 4.87592000e-06  2.59296238e-314  4.87592000e-06  7.12329592e-01  4.87592000e-06 -6.79395188e-04 
 4.87792000e-06  5.64146506e-314  4.87792000e-06  7.20818744e-01  4.87792000e-06 -6.70379963e-04 
 4.87992000e-06  2.59296238e-314  4.87992000e-06  7.29193831e-01  4.87992000e-06 -6.61258867e-04 
 4.88192000e-06  5.64146506e-314  4.88192000e-06  7.37453530e-01  4.88192000e-06 -6.52033344e-04 
 4.88392000e-06  2.59296238e-314  4.88392000e-06  7.45596538e-01  4.88392000e-06 -6.42704853e-04 
 4.88592000e-06  5.64146506e-314  4.88592000e-06  7.53621568e-01  4.88592000e-06 -6.33274870e-04 
 4.88792000e-06  2.59296238e-314  4.88792000e-06  7.61527352e-01  4.88792000e-06 -6.23744888e-04 
 4.88992000e-06  5.64146506e-314  4.88992000e-06  7.69312643e-01  4.88992000e-06 -6.14116415e-04 
 4.89192000e-06  2.59296238e-314  4.89192000e-06  7.76976212e-01  4.89192000e-06 -6.04390973e-04 
 4.89392000e-06  5.64146506e-314  4.89392000e-06  7.84516848e-01  4.89392000e-06 -5.94570102e-04 
 4.89592000e-06  2.59296238e-314  4.89592000e-06  7.91933360e-01  4.89592000e-06 -5.84655356e-04 
 4.89792000e-06  5.64146506e-314  4.89792000e-06  7.99224578e-01  4.89792000e-06 -5.74648303e-04 
 4.89992000e-06  2.59296238e-314  4.89992000e-06  8.06389350e-01  4.89992000e-06 -5.64550526e-04 
 4.90192000e-06  5.64146506e-314  4.90192000e-06  8.13426546e-01  4.90192000e-06 -5.54363624e-04 
 4.90392000e-06  2.59296238e-314  4.90392000e-06  8.20335055e-01  4.90392000e-06 -5.44089207e-04 
 4.90592000e-06  5.64146506e-314  4.90592000e-06  8.27113785e-01  4.90592000e-06 -5.33728901e-04 
 4.90792000e-06  2.59296238e-314  4.90792000e-06  8.33761667e-01  4.90792000e-06 -5.23284345e-04 
 4.90992000e-06  5.64146506e-314  4.90992000e-06  8.40277652e-01  4.90992000e-06 -5.12757192e-04 
 4.91192000e-06  2.59296238e-314  4.91192000e-06  8.46660710e-01  4.91192000e-06 -5.02149106e-04 
 4.91392000e-06  5.64146506e-314  4.91392000e-06  8.52909835e-01  4.91392000e-06 -4.91461766e-04 
 4.91592000e-06  2.59296238e-314  4.91592000e-06  8.59024040e-01  4.91592000e-06 -4.80696862e-04 
 4.91792000e-06  5.64146506e-314  4.91792000e-06  8.65002361e-01  4.91792000e-06 -4.69856098e-04 
 4.91992000e-06  2.59296238e-314  4.91992000e-06  8.70843853e-01  4.91992000e-06 -4.58941188e-04 
 4.92192000e-06  5.64146506e-314  4.92192000e-06  8.76547595e-01  4.92192000e-06 -4.47953859e-04 
 4.92392000e-06  2.59296238e-314  4.92392000e-06  8.82112688e-01  4.92392000e-06 -4.36895848e-04 
 4.92592000e-06  5.64146506e-314  4.92592000e-06  8.87538252e-01  4.92592000e-06 -4.25768904e-04 
 4.92792000e-06  2.59296238e-314  4.92792000e-06  8.92823433e-01  4.92792000e-06 -4.14574789e-04 
 4.92992000e-06  5.64146506e-314  4.92992000e-06  8.97967396e-01  4.92992000e-06 -4.03315272e-04 
 4.93192000e-06  2.59296238e-314  4.93192000e-06  9.02969329e-01  4.93192000e-06 -3.91992134e-04 
 4.93392000e-06  5.64146506e-314  4.93392000e-06  9.07828444e-01  4.93392000e-06 -3.80607166e-04 
 4.93592000e-06  2.59296238e-314  4.93592000e-06  9.12543974e-01  4.93592000e-06 -3.69162169e-04 
 4.93792000e-06  5.64146506e-314  4.93792000e-06  9.17115176e-01  4.93792000e-06 -3.57658952e-04 
 4.93992000e-06  2.59296238e-314  4.93992000e-06  9.21541329e-01  4.93992000e-06 -3.46099336e-04 
 4.94192000e-06  5.64146506e-314  4.94192000e-06  9.25821735e-01  4.94192000e-06 -3.34485149e-04 
 4.94392000e-06  2.59296238e-314  4.94392000e-06  9.29955718e-01  4.94392000e-06 -3.22818227e-04 
 4.94592000e-06  5.64146506e-314  4.94592000e-06  9.33942628e-01  4.94592000e-06 -3.11100416e-04 
 4.94792000e-06  2.59296238e-314  4.94792000e-06  9.37781835e-01  4.94792000e-06 -2.99333568e-04 
 4.94992000e-06  5.64146506e-314  4.94992000e-06  9.41472735e-01  4.94992000e-06 -2.87519545e-04 
 4.95192000e-06  2.59296238e-314  4.95192000e-06  9.45014747e-01  4.95192000e-06 -2.75660214e-04 
 4.95392000e-06  5.64146506e-314  4.95392000e-06  9.48407310e-01  4.95392000e-06 -2.63757453e-04 
 4.95592000e-06  2.59296238e-314  4.95592000e-06  9.51649893e-01  4.95592000e-06 -2.51813141e-04 
 4.95792000e-06  5.64146506e-314  4.95792000e-06  9.54741983e-01  4.95792000e-06 -2.39829170e-04 
 4.95992000e-06  2.59296238e-314  4.95992000e-06  9.57683094e-01  4.95992000e-06 -2.27807433e-04 
 4.96192000e-06  5.64146506e-314  4.96192000e-06  9.60472762e-01  4.96192000e-06 -2.15749832e-04 
 4.96392000e-06  2.59296238e-314  4.96392000e-06  9.63110549e-01  4.96392000e-06 -2.03658274e-04 
 4.96592000e-06  5.64146506e-314  4.96592000e-06  9.65596039e-01  4.96592000e-06 -1.91534669e-04 
 4.96792000e-06  2.59296238e-314  4.96792000e-06  9.67928841e-01  4.96792000e-06 -1.79380937e-04 
 4.96992000e-06  5.64146506e-314  4.96992000e-06  9.70108590e-01  4.96992000e-06 -1.67198998e-04 
 4.97192000e-06  2.59296238e-314  4.97192000e-06  9.72134940e-01  4.97192000e-06 -1.54990779e-04 
 4.97392000e-06  5.64146506e-314  4.97392000e-06  9.74007575e-01  4.97392000e-06 -1.42758209e-04 
 4.97592000e-06  2.59296238e-314  4.97592000e-06  9.75726201e-01  4.97592000e-06 -1.30503224e-04 
 4.97792000e-06  5.64146506e-314  4.97792000e-06  9.77290547e-01  4.97792000e-06 -1.18227761e-04 
 4.97992000e-06  2.59296238e-314  4.97992000e-06  9.78700368e-01  4.97992000e-06 -1.05933762e-04 
 4.98192000e-06  5.64146506e-314  4.98192000e-06  9.79955443e-01  4.98192000e-06 -9.36231686e-05 
 4.98392000e-06  2.59296238e-314  4.98392000e-06  9.81055575e-01  4.98392000e-06 -8.12979289e-05 
 4.98592000e-06  5.64146506e-314  4.98592000e-06  9.82000594e-01  4.98592000e-06 -6.89599913e-05 
 4.98792000e-06  2.59296238e-314  4.98792000e-06  9.82790350e-01  4.98792000e-06 -5.66113065e-05 
 4.98992000e-06  5.64146506e-314  4.98992000e-06  9.83424722e-01  4.98992000e-06 -4.42538269e-05 
 4.99192000e-06  2.59296238e-314  4.99192000e-06  9.83903611e-01  4.99192000e-06 -3.18895062e-05 
 4.99392000e-06  5.64146506e-314  4.99392000e-06  9.84226943e-01  4.99392000e-06 -1.95202994e-05 
 4.99592000e-06  2.59296238e-314  4.99592000e-06  9.84394669e-01  4.99592000e-06 -7.14816200e-06 
 4.99792000e-06  5.64146506e-314  4.99792000e-06  9.84406765e-01  4.99792000e-06  5.22495001e-06 
 4.99992000e-06  2.59296238e-314  4.99992000e-06  9.84263230e-01  4.99992000e-06  1.75970805e-05 
 5.00192000e-06  5.64146506e-314  5.00192000e-06  9.83964090e-01  5.00192000e-06  2.99662734e-05 
 5.00392000e-06  2.59296238e-314  5.00392000e-06  9.83509392e-01  5.00392000e-06  4.23305733e-05 
 5.00592000e-06  5.64146506e-314  5.00592000e-06  9.82899213e-01  5.00592000e-06  5.46880256e-05 
 5.00792000e-06  2.59296238e-314  5.00792000e-06  9.82133648e-01  5.00792000e-06  6.70366766e-05 
 5.00992000e-06  5.64146506e-314  5.00992000e-06  9.81212823e-01  5.00992000e-06  7.93745742e-05 
 5.01192000e-06  2.59296238e-314  5.01192000e-06  9.80136884e-01  5.01192000e-06  9.16997680e-05 
 5.01392000e-06  5.64146506e-314  5.01392000e-06  9.78906003e-01  5.01392000e-06  1.04010310e-04 
 5.01592000e-06  2.59296238e-314  5.01592000e-06  9.77520377e-01  5.01592000e-06  1.16304253e-04 
 5.01792000e-06  5.64146506e-314  5.01792000e-06  9.75980226e-01  5.01792000e-06  1.28579654e-04 
 5.01992000e-06  2.59296238e-314  5.01992000e-06  9.74285797e-01  5.01992000e-06  1.40834574e-04 
 5.02192000e-06  5.64146506e-314  5.02192000e-06  9.72437359e-01  5.02192000e-06  1.53067074e-04 
 5.02392000e-06  2.59296238e-314  5.02392000e-06  9.70435206e-01  5.02392000e-06  1.65275221e-04 
 5.02592000e-06  5.64146506e-314  5.02592000e-06  9.68279657e-01  5.02592000e-06  1.77457085e-04 
 5.02792000e-06  2.59296238e-314  5.02792000e-06  9.65971054e-01  5.02792000e-06  1.89610741e-04 
 5.02992000e-06  5.64146506e-314  5.02992000e-06  9.63509765e-01  5.02992000e-06  2.01734268e-04 
 5.03192000e-06  2.59296238e-314  5.03192000e-06  9.60896180e-01  5.03192000e-06  2.13825749e-04 
 5.03392000e-06  5.64146506e-314  5.03392000e-06  9.58130715e-01  5.03392000e-06  2.25883273e-04 
 5.03592000e-06  2.59296238e-314  5.03592000e-06  9.55213808e-01  5.03592000e-06  2.37904935e-04 
 5.03792000e-06  5.64146506e-314  5.03792000e-06  9.52145922e-01  5.03792000e-06  2.49888834e-04 
 5.03992000e-06  2.59296238e-314  5.03992000e-06  9.48927545e-01  5.03992000e-06  2.61833075e-04 
 5.04192000e-06  5.64146506e-314  5.04192000e-06  9.45559188e-01  5.04192000e-06  2.73735773e-04 
 5.04392000e-06  2.59296238e-314  5.04392000e-06  9.42041384e-01  5.04392000e-06  2.85595044e-04 
 5.04592000e-06  5.64146506e-314  5.04592000e-06  9.38374692e-01  5.04592000e-06  2.97409014e-04 
 5.04792000e-06  2.59296238e-314  5.04792000e-06  9.34559693e-01  5.04792000e-06  3.09175817e-04 
 5.04992000e-06  5.64146506e-314  5.04992000e-06  9.30596992e-01  5.04992000e-06  3.20893593e-04 
 5.05192000e-06  2.59296238e-314  5.05192000e-06  9.26487218e-01  5.05192000e-06  3.32560490e-04 
 5.05392000e-06  5.64146506e-314  5.05392000e-06  9.22231022e-01  5.05392000e-06  3.44174664e-04 
 5.05592000e-06  2.59296238e-314  5.05592000e-06  9.17829079e-01  5.05592000e-06  3.55734280e-04 
 5.05792000e-06  5.64146506e-314  5.05792000e-06  9.13282087e-01  5.05792000e-06  3.67237510e-04 
 5.05992000e-06  2.59296238e-314  5.05992000e-06  9.08590766e-01  5.05992000e-06  3.78682537e-04 
 5.06192000e-06  5.64146506e-314  5.06192000e-06  9.03755859e-01  5.06192000e-06  3.90067552e-04 
 5.06392000e-06  2.59296238e-314  5.06392000e-06  8.98778134e-01  5.06392000e-06  4.01390756e-04 
 5.06592000e-06  5.64146506e-314  5.06592000e-06  8.93658379e-01  5.06592000e-06  4.12650360e-04 
 5.06792000e-06  2.59296238e-314  5.06792000e-06  8.88397404e-01  5.06792000e-06  4.23844583e-04 
 5.06992000e-06  5.64146506e-314  5.06992000e-06  8.82996044e-01  5.06992000e-06  4.34971659e-04 
 5.07192000e-06  2.59296238e-314  5.07192000e-06  8.77455154e-01  5.07192000e-06  4.46029827e-04 
 5.07392000e-06  5.64146506e-314  5.07392000e-06  8.71775613e-01  5.07392000e-06  4.57017341e-04 
 5.07592000e-06  2.59296238e-314  5.07592000e-06  8.65958318e-01  5.07592000e-06  4.67932465e-04 
 5.07792000e-06  5.64146506e-314  5.07792000e-06  8.60004193e-01  5.07792000e-06  4.78773473e-04 
 5.07992000e-06  2.59296238e-314  5.07992000e-06  8.53914179e-01  5.07992000e-06  4.89538654e-04 
 5.08192000e-06  5.64146506e-314  5.08192000e-06  8.47689242e-01  5.08192000e-06  5.00226305e-04 
 5.08392000e-06  2.59296238e-314  5.08392000e-06  8.41330368e-01  5.08392000e-06  5.10834738e-04 
 5.08592000e-06  5.64146506e-314  5.08592000e-06  8.34838563e-01  5.08592000e-06  5.21362277e-04 
 5.08792000e-06  2.59296238e-314  5.08792000e-06  8.28214855e-01  5.08792000e-06  5.31807259e-04 
 5.08992000e-06  5.64146506e-314  5.08992000e-06  8.21460294e-01  5.08992000e-06  5.42168033e-04 
 5.09192000e-06  2.59296238e-314  5.09192000e-06  8.14575948e-01  5.09192000e-06  5.52442963e-04 
 5.09392000e-06  5.64146506e-314  5.09392000e-06  8.07562907e-01  5.09392000e-06  5.62630424e-04 
 5.09592000e-06  2.59296238e-314  5.09592000e-06  8.00422283e-01  5.09592000e-06  5.72728809e-04 
 5.09792000e-06  5.64146506e-314  5.09792000e-06  7.93155206e-01  5.09792000e-06  5.82736520e-04 
 5.09992000e-06  2.59296238e-314  5.09992000e-06  7.85762825e-01  5.09992000e-06  5.92651978e-04 
 5.10192000e-06  5.64146506e-314  5.10192000e-06  7.78246312e-01  5.10192000e-06  6.02473615e-04 
 5.10392000e-06  2.59296238e-314  5.10392000e-06  7.70606856e-01  5.10392000e-06  6.12199881e-04 
 5.10592000e-06  5.64146506e-314  5.10592000e-06  7.62845667e-01  5.10592000e-06  6.21829238e-04 
 5.10792000e-06  2.59296238e-314  5.10792000e-06  7.54963972e-01  5.10792000e-06  6.31360166e-04 
 5.10992000e-06  5.64146506e-314  5.10992000e-06  7.46963021e-01  5.10992000e-06  6.40791159e-04 
 5.11192000e-06  2.59296238e-314  5.11192000e-06  7.38844078e-01  5.11192000e-06  6.50120727e-04 
 5.11392000e-06  5.64146506e-314  5.11392000e-06  7.30608429e-01  5.11392000e-06  6.59347397e-04 
 5.11592000e-06  2.59296238e-314  5.11592000e-06  7.22257378e-01  5.11592000e-06  6.68469711e-04 
 5.11792000e-06  5.64146506e-314  5.11792000e-06  7.13792247e-01  5.11792000e-06  6.77486228e-04 
 5.11992000e-06  2.59296238e-314  5.11992000e-06  7.05214374e-01  5.11992000e-06  6.86395524e-04 
 5.12192000e-06  5.64146506e-314  5.12192000e-06  6.96525118e-01  5.12192000e-06  6.95196192e-04 
 5.12392000e-06  2.59296238e-314  5.12392000e-06  6.87725854e-01  5.12392000e-06  7.03886843e-04 
 5.12592000e-06  5.64146506e-314  5.12592000e-06  6.78817973e-01  5.12592000e-06  7.12466102e-04 
 5.12792000e-06  2.59296238e-314  5.12792000e-06  6.69802887e-01  5.12792000e-06  7.20932616e-04 
 5.12992000e-06  5.64146506e-314  5.12992000e-06  6.60682021e-01  5.12992000e-06  7.29285048e-04 
 5.13192000e-06  2.59296238e-314  5.13192000e-06  6.51456819e-01  5.13192000e-06  7.37522078e-04 
 5.13392000e-06  5.64146506e-314  5.13392000e-06  6.42128741e-01  5.13392000e-06  7.45642405e-04 
 5.13592000e-06  2.59296238e-314  5.13592000e-06  6.32699262e-01  5.13592000e-06  7.53644747e-04 
 5.13792000e-06  5.64146506e-314  5.13792000e-06  6.23169875e-01  5.13792000e-06  7.61527841e-04 
 5.13992000e-06  2.59296238e-314  5.13992000e-06  6.13542087e-01  5.13992000e-06  7.69290442e-04 
 5.14192000e-06  5.64146506e-314  5.14192000e-06  6.03817421e-01  5.14192000e-06  7.76931324e-04 
 5.14392000e-06  2.59296238e-314  5.14392000e-06  5.93997418e-01  5.14392000e-06  7.84449281e-04 
 5.14592000e-06  5.64146506e-314  5.14592000e-06  5.84083629e-01  5.14592000e-06  7.91843125e-04 
 5.14792000e-06  2.59296238e-314  5.14792000e-06  5.74077624e-01  5.14792000e-06  7.99111689e-04 
 5.14992000e-06  5.64146506e-314  5.14992000e-06  5.63980985e-01  5.14992000e-06  8.06253826e-04 
 5.15192000e-06  2.59296238e-314  5.15192000e-06  5.53795311e-01  5.15192000e-06  8.13268408e-04 
 5.15392000e-06  5.64146506e-314  5.15392000e-06  5.43522212e-01  5.15392000e-06  8.20154328e-04 
 5.15592000e-06  2.59296238e-314  5.15592000e-06  5.33163314e-01  5.15592000e-06  8.26910499e-04 
 5.15792000e-06  5.64146506e-314  5.15792000e-06  5.22720255e-01  5.15792000e-06  8.33535853e-04 
 5.15992000e-06  2.59296238e-314  5.15992000e-06  5.12194687e-01  5.15992000e-06  8.40029347e-04 
 5.16192000e-06  5.64146506e-314  5.16192000e-06  5.01588277e-01  5.16192000e-06  8.46389953e-04 
 5.16392000e-06  2.59296238e-314  5.16392000e-06  4.90902701e-01  5.16392000e-06  8.52616670e-04 
 5.16592000e-06  5.64146506e-314  5.16592000e-06  4.80139649e-01  5.16592000e-06  8.58708513e-04 
 5.16792000e-06  2.59296238e-314  5.16792000e-06  4.69300825e-01  5.16792000e-06  8.64664522e-04 
 5.16992000e-06  5.64146506e-314  5.16992000e-06  4.58387943e-01  5.16992000e-06  8.70483756e-04 
 5.17192000e-06  2.59296238e-314  5.17192000e-06  4.47402729e-01  5.17192000e-06  8.76165297e-04 
 5.17392000e-06  5.64146506e-314  5.17392000e-06  4.36346920e-01  5.17392000e-06  8.81708250e-04 
 5.17592000e-06  2.59296238e-314  5.17592000e-06  4.25222266e-01  5.17592000e-06  8.87111738e-04 
 5.17792000e-06  5.64146506e-314  5.17792000e-06  4.14030526e-01  5.17792000e-06  8.92374910e-04 
 5.17992000e-06  2.59296238e-314  5.17992000e-06  4.02773471e-01  5.17992000e-06  8.97496936e-04 
 5.18192000e-06  5.64146506e-314  5.18192000e-06  3.91452880e-01  5.18192000e-06  9.02477007e-04 
 5.18392000e-06  2.59296238e-314  5.18392000e-06  3.80070544e-01  5.18392000e-06  9.07314337e-04 
 5.18592000e-06  5.64146506e-314  5.18592000e-06  3.68628264e-01  5.18592000e-06  9.12008165e-04 
 5.18792000e-06  2.59296238e-314  5.18792000e-06  3.57127850e-01  5.18792000e-06  9.16557749e-04 
 5.18992000e-06  5.64146506e-314  5.18992000e-06  3.45571119e-01  5.18992000e-06  9.20962373e-04 
 5.19192000e-06  2.59296238e-314  5.19192000e-06  3.33959901e-01  5.19192000e-06  9.25221340e-04 
 5.19392000e-06  5.64146506e-314  5.19392000e-06  3.22296031e-01  5.19392000e-06  9.29333982e-04 
 5.19592000e-06  2.59296238e-314  5.19592000e-06  3.10581354e-01  5.19592000e-06  9.33299647e-04 
 5.19792000e-06  5.64146506e-314  5.19792000e-06  2.98817723e-01  5.19792000e-06  9.37117713e-04 
 5.19992000e-06  2.59296238e-314  5.19992000e-06  2.87006998e-01  5.19992000e-06  9.40787576e-04 
 5.20192000e-06  5.64146506e-314  5.20192000e-06  2.75151047e-01  5.20192000e-06  9.44308659e-04 
 5.20392000e-06  2.59296238e-314  5.20392000e-06  2.63251744e-01  5.20392000e-06  9.47680407e-04 
 5.20592000e-06  5.64146506e-314  5.20592000e-06  2.51310973e-01  5.20592000e-06  9.50902288e-04 
 5.20792000e-06  2.59296238e-314  5.20792000e-06  2.39330620e-01  5.20792000e-06  9.53973796e-04 
 5.20992000e-06  5.64146506e-314  5.20992000e-06  2.27312581e-01  5.20992000e-06  9.56894446e-04 
 5.21192000e-06  2.59296238e-314  5.21192000e-06  2.15258756e-01  5.21192000e-06  9.59663778e-04 
 5.21392000e-06  5.64146506e-314  5.21392000e-06  2.03171050e-01  5.21392000e-06  9.62281357e-04 
 5.21592000e-06  2.59296238e-314  5.21592000e-06  1.91051376e-01  5.21592000e-06  9.64746771e-04 
 5.21792000e-06  5.64146506e-314  5.21792000e-06  1.78901651e-01  5.21792000e-06  9.67059631e-04 
 5.21992000e-06  2.59296238e-314  5.21992000e-06  1.66723794e-01  5.21992000e-06  9.69219575e-04 
 5.22192000e-06  5.64146506e-314  5.22192000e-06  1.54519732e-01  5.22192000e-06  9.71226263e-04 
 5.22392000e-06  2.59296238e-314  5.22392000e-06  1.42291395e-01  5.22392000e-06  9.73079378e-04 
 5.22592000e-06  5.64146506e-314  5.22592000e-06  1.30040716e-01  5.22592000e-06  9.74778631e-04 
 5.22792000e-06  2.59296238e-314  5.22792000e-06  1.17769631e-01  5.22792000e-06  9.76323754e-04 
 5.22992000e-06  5.64146506e-314  5.22992000e-06  1.05480083e-01  5.22992000e-06  9.77714506e-04 
 5.23192000e-06  2.59296238e-314  5.23192000e-06  9.31740123e-02  5.23192000e-06  9.78950667e-04 
 5.23392000e-06  5.64146506e-314  5.23392000e-06  8.08533663e-02  5.23392000e-06  9.80032046e-04 
 5.23592000e-06  2.59296238e-314  5.23592000e-06  6.85200926e-02  5.23592000e-06  9.80958472e-04 
 5.23792000e-06  5.64146506e-314  5.23792000e-06  5.61761412e-02  5.23792000e-06  9.81729801e-04 
 5.23992000e-06  2.59296238e-314  5.23992000e-06  4.38234637e-02  5.23992000e-06  9.82345914e-04 
 5.24192000e-06  5.64146506e-314  5.24192000e-06  3.14640132e-02  5.24192000e-06  9.82806714e-04 
 5.24392000e-06  2.59296238e-314  5.24392000e-06  1.90997437e-02  5.24392000e-06  9.83112132e-04 
 5.24592000e-06  5.64146506e-314  5.24592000e-06  6.73261008e-03  5.24592000e-06  9.83262119e-04 
 5.24792000e-06  2.59296238e-314  5.24792000e-06 -5.63543253e-03  5.24792000e-06  9.83256656e-04 
 5.24992000e-06  5.64146506e-314  5.24992000e-06 -1.80024288e-02  5.24992000e-06  9.83095744e-04 
 5.25192000e-06  2.59296238e-314  5.25192000e-06 -3.03664234e-02  5.25192000e-06  9.82779411e-04 
 5.25392000e-06  5.64146506e-314  5.25392000e-06 -4.27254619e-02  5.25392000e-06  9.82307709e-04 
 5.25592000e-06  2.59296238e-314  5.25592000e-06 -5.50775904e-02  5.25592000e-06  9.81680715e-04 
 5.25792000e-06  5.64146506e-314  5.25792000e-06 -6.74208561e-02  5.25792000e-06  9.80898529e-04 
 5.25992000e-06  2.59296238e-314  5.25992000e-06 -7.97533077e-02  5.25992000e-06  9.79961277e-04 
 5.26192000e-06  5.64146506e-314  5.26192000e-06 -9.20729957e-02  5.26192000e-06  9.78869110e-04 
 5.26392000e-06  2.59296238e-314  5.26392000e-06 -1.04377972e-01  5.26392000e-06  9.77622201e-04 
 5.26592000e-06  5.64146506e-314  5.26592000e-06 -1.16666293e-01  5.26592000e-06  9.76220751e-04 
 5.26792000e-06  2.59296238e-314  5.26792000e-06 -1.28936015e-01  5.26792000e-06  9.74664982e-04 
 5.26992000e-06  5.64146506e-314  5.26992000e-06 -1.41185198e-01  5.26992000e-06  9.72955142e-04 
 5.27192000e-06  2.59296238e-314  5.27192000e-06 -1.53411906e-01  5.27192000e-06  9.71091504e-04 
 5.27392000e-06  5.64146506e-314  5.27392000e-06 -1.65614207e-01  5.27392000e-06  9.69074364e-04 
 5.27592000e-06  2.59296238e-314  5.27592000e-06 -1.77790172e-01  5.27592000e-06  9.66904043e-04 
 5.27792000e-06  5.64146506e-314  5.27792000e-06 -1.89937876e-01  5.27792000e-06  9.64580886e-04 
 5.27992000e-06  2.59296238e-314  5.27992000e-06 -2.02055399e-01  5.27992000e-06  9.62105263e-04 
 5.28192000e-06  5.64146506e-314  5.28192000e-06 -2.14140826e-01  5.28192000e-06  9.59477566e-04 
 5.28392000e-06  2.59296238e-314  5.28392000e-06 -2.26192246e-01  5.28392000e-06  9.56698213e-04 
 5.28592000e-06  5.64146506e-314  5.28592000e-06 -2.38207754e-01  5.28592000e-06  9.53767645e-04 
 5.28792000e-06  2.59296238e-314  5.28792000e-06 -2.50185452e-01  5.28792000e-06  9.50686328e-04 
 5.28992000e-06  5.64146506e-314  5.28992000e-06 -2.62123446e-01  5.28992000e-06  9.47454750e-04 
 5.29192000e-06  2.59296238e-314  5.29192000e-06 -2.74019850e-01  5.29192000e-06  9.44073425e-04 
 5.29392000e-06  5.64146506e-314  5.29392000e-06 -2.85872783e-01  5.29392000e-06  9.40542888e-04 
 5.29592000e-06  2.59296238e-314  5.29592000e-06 -2.97680371e-01  5.29592000e-06  9.36863700e-04 
 5.29792000e-06  5.64146506e-314  5.29792000e-06 -3.09440749e-01  5.29792000e-06  9.33036444e-04 
 5.29992000e-06  2.59296238e-314  5.29992000e-06 -3.21152059e-01  5.29992000e-06  9.29061727e-04 
 5.30192000e-06  5.64146506e-314  5.30192000e-06 -3.32812448e-01  5.30192000e-06  9.24940180e-04 
 5.30392000e-06  2.59296238e-314  5.30392000e-06 -3.44420075e-01  5.30392000e-06  9.20672456e-04 
 5.30592000e-06  5.64146506e-314  5.30592000e-06 -3.55973104e-01  5.30592000e-06  9.16259231e-04 
 5.30792000e-06  2.59296238e-314  5.30792000e-06 -3.67469711e-01  5.30792000e-06  9.11701205e-04 
 5.30992000e-06  5.64146506e-314  5.30992000e-06 -3.78908077e-01  5.30992000e-06  9.06999101e-04 
 5.31192000e-06  2.59296238e-314  5.31192000e-06 -3.90286397e-01  5.31192000e-06  9.02153663e-04 
 5.31392000e-06  5.64146506e-314  5.31392000e-06 -4.01602870e-01  5.31392000e-06  8.97165660e-04 
 5.31592000e-06  2.59296238e-314  5.31592000e-06 -4.12855710e-01  5.31592000e-06  8.92035881e-04 
 5.31792000e-06  5.64146506e-314  5.31792000e-06 -4.24043138e-01  5.31792000e-06  8.86765140e-04 
 5.31992000e-06  2.59296238e-314  5.31992000e-06 -4.35163386e-01  5.31992000e-06  8.81354272e-04 
 5.32192000e-06  5.64146506e-314  5.32192000e-06 -4.46214697e-01  5.32192000e-06  8.75804133e-04 
 5.32392000e-06  2.59296238e-314  5.32392000e-06 -4.57195324e-01  5.32392000e-06  8.70115604e-04 
 5.32592000e-06  5.64146506e-314  5.32592000e-06 -4.68103533e-01  5.32592000e-06  8.64289585e-04 
 5.32792000e-06  2.59296238e-314  5.32792000e-06 -4.78937599e-01  5.32792000e-06  8.58326998e-04 
 5.32992000e-06  5.64146506e-314  5.32992000e-06 -4.89695812e-01  5.32992000e-06  8.52228789e-04 
 5.33192000e-06  2.59296238e-314  5.33192000e-06 -5.00376470e-01  5.33192000e-06  8.45995923e-04 
 5.33392000e-06  5.64146506e-314  5.33392000e-06 -5.10977887e-01  5.33392000e-06  8.39629387e-04 
 5.33592000e-06  2.59296238e-314  5.33592000e-06 -5.21498388e-01  5.33592000e-06  8.33130190e-04 
 5.33792000e-06  5.64146506e-314  5.33792000e-06 -5.31936310e-01  5.33792000e-06  8.26499360e-04 
 5.33992000e-06  2.59296238e-314  5.33992000e-06 -5.42290003e-01  5.33992000e-06  8.19737947e-04 
 5.34192000e-06  5.64146506e-314  5.34192000e-06 -5.52557833e-01  5.34192000e-06  8.12847023e-04 
 5.34392000e-06  2.59296238e-314  5.34392000e-06 -5.62738177e-01  5.34392000e-06  8.05827678e-04 
 5.34592000e-06  5.64146506e-314  5.34592000e-06 -5.72829427e-01  5.34592000e-06  7.98681023e-04 
 5.34792000e-06  2.59296238e-314  5.34792000e-06 -5.82829988e-01  5.34792000e-06  7.91408190e-04 
 5.34992000e-06  5.64146506e-314  5.34992000e-06 -5.92738281e-01  5.34992000e-06  7.84010330e-04 
 5.35192000e-06  2.59296238e-314  5.35192000e-06 -6.02552739e-01  5.35192000e-06  7.76488615e-04 
 5.35392000e-06  5.64146506e-314  5.35392000e-06 -6.12271814e-01  5.35392000e-06  7.68844235e-04 
 5.35592000e-06  2.59296238e-314  5.35592000e-06 -6.21893969e-01  5.35592000e-06  7.61078401e-04 
 5.35792000e-06  5.64146506e-314  5.35792000e-06 -6.31417684e-01  5.35792000e-06  7.53192341e-04 
 5.35992000e-06  2.59296238e-314  5.35992000e-06 -6.40841456e-01  5.35992000e-06  7.45187303e-04 
 5.36192000e-06  5.64146506e-314  5.36192000e-06 -6.50163794e-01  5.36192000e-06  7.37064556e-04 
 5.36392000e-06  2.59296238e-314  5.36392000e-06 -6.59383228e-01  5.36392000e-06  7.28825384e-04 
 5.36592000e-06  5.64146506e-314  5.36592000e-06 -6.68498300e-01  5.36592000e-06  7.20471091e-04 
 5.36792000e-06  2.59296238e-314  5.36792000e-06 -6.77507571e-01  5.36792000e-06  7.12003000e-04 
 5.36992000e-06  5.64146506e-314  5.36992000e-06 -6.86409618e-01  5.36992000e-06  7.03422452e-04 
 5.37192000e-06  2.59296238e-314  5.37192000e-06 -6.95203035e-01  5.37192000e-06  6.94730803e-04 
 5.37392000e-06  5.64146506e-314  5.37392000e-06 -7.03886432e-01  5.37392000e-06  6.85929429e-04 
 5.37592000e-06  2.59296238e-314  5.37592000e-06 -7.12458440e-01  5.37592000e-06  6.77019724e-04 
 5.37792000e-06  5.64146506e-314  5.37792000e-06 -7.20917703e-01  5.37792000e-06  6.68003097e-04 
 5.37992000e-06  2.59296238e-314  5.37992000e-06 -7.29262886e-01  5.37992000e-06  6.58880975e-04 
 5.38192000e-06  5.64146506e-314  5.38192000e-06 -7.37492670e-01  5.38192000e-06  6.49654801e-04 
 5.38392000e-06  2.59296238e-314  5.38392000e-06 -7.45605757e-01  5.38392000e-06  6.40326036e-04 
 5.38592000e-06  5.64146506e-314  5.38592000e-06 -7.53600865e-01  5.38592000e-06  6.30896155e-04 
 5.38792000e-06  2.59296238e-314  5.38792000e-06 -7.61476732e-01  5.38792000e-06  6.21366652e-04 
 5.38992000e-06  5.64146506e-314  5.38992000e-06 -7.69232114e-01  5.38992000e-06  6.11739032e-04 
 5.39192000e-06  2.59296238e-314  5.39192000e-06 -7.76865786e-01  5.39192000e-06  6.02014821e-04 
 5.39392000e-06  5.64146506e-314  5.39392000e-06 -7.84376543e-01  5.39392000e-06  5.92195555e-04 
 5.39592000e-06  2.59296238e-314  5.39592000e-06 -7.91763199e-01  5.39592000e-06  5.82282790e-04 
 5.39792000e-06  5.64146506e-314  5.39792000e-06 -7.99024588e-01  5.39792000e-06  5.72278093e-04 
 5.39992000e-06  2.59296238e-314  5.39992000e-06 -8.06159564e-01  5.39992000e-06  5.62183047e-04 
 5.40192000e-06  5.64146506e-314  5.40192000e-06 -8.13167000e-01  5.40192000e-06  5.51999250e-04 
 5.40392000e-06  2.59296238e-314  5.40392000e-06 -8.20045790e-01  5.40392000e-06  5.41728312e-04 
 5.40592000e-06  5.64146506e-314  5.40592000e-06 -8.26794847e-01  5.40592000e-06  5.31371858e-04 
 5.40792000e-06  2.59296238e-314  5.40792000e-06 -8.33413108e-01  5.40792000e-06  5.20931526e-04 
 5.40992000e-06  5.64146506e-314  5.40992000e-06 -8.39899526e-01  5.40992000e-06  5.10408969e-04 
 5.41192000e-06  2.59296238e-314  5.41192000e-06 -8.46253078e-01  5.41192000e-06  4.99805851e-04 
 5.41392000e-06  5.64146506e-314  5.41392000e-06 -8.52472762e-01  5.41392000e-06  4.89123849e-04 
 5.41592000e-06  2.59296238e-314  5.41592000e-06 -8.58557595e-01  5.41592000e-06  4.78364653e-04 
 5.41792000e-06  5.64146506e-314  5.41792000e-06 -8.64506618e-01  5.41792000e-06  4.67529965e-04 
 5.41992000e-06  2.59296238e-314  5.41992000e-06 -8.70318891e-01  5.41992000e-06  4.56621499e-04 
 5.42192000e-06  5.64146506e-314  5.42192000e-06 -8.75993498e-01  5.42192000e-06  4.45640980e-04 
 5.42392000e-06  2.59296238e-314  5.42392000e-06 -8.81529543e-01  5.42392000e-06  4.34590145e-04 
 5.42592000e-06  5.64146506e-314  5.42592000e-06 -8.86926152e-01  5.42592000e-06  4.23470743e-04 
 5.42792000e-06  2.59296238e-314  5.42792000e-06 -8.92182475e-01  5.42792000e-06  4.12284531e-04 
 5.42992000e-06  5.64146506e-314  5.42992000e-06 -8.97297681e-01  5.42992000e-06  4.01033280e-04 
 5.43192000e-06  2.59296238e-314  5.43192000e-06 -9.02270964e-01  5.43192000e-06  3.89718768e-04 
 5.43392000e-06  5.64146506e-314  5.43392000e-06 -9.07101540e-01  5.43392000e-06  3.78342786e-04 
 5.43592000e-06  2.59296238e-314  5.43592000e-06 -9.11788647e-01  5.43592000e-06  3.66907132e-04 
 5.43792000e-06  5.64146506e-314  5.43792000e-06 -9.16331544e-01  5.43792000e-06  3.55413616e-04 
 5.43992000e-06  2.59296238e-314  5.43992000e-06 -9.20729517e-01  5.43992000e-06  3.43864055e-04 
 5.44192000e-06  5.64146506e-314  5.44192000e-06 -9.24981871e-01  5.44192000e-06  3.32260276e-04 
 5.44392000e-06  2.59296238e-314  5.44392000e-06 -9.29087937e-01  5.44392000e-06  3.20604113e-04 
 5.44592000e-06  5.64146506e-314  5.44592000e-06 -9.33047066e-01  5.44592000e-06  3.08897412e-04 
 5.44792000e-06  2.59296238e-314  5.44792000e-06 -9.36858635e-01  5.44792000e-06  2.97142022e-04 
 5.44992000e-06  5.64146506e-314  5.44992000e-06 -9.40522042e-01  5.44992000e-06  2.85339803e-04 
 5.45192000e-06  2.59296238e-314  5.45192000e-06 -9.44036712e-01  5.45192000e-06  2.73492621e-04 
 5.45392000e-06  5.64146506e-314  5.45392000e-06 -9.47402089e-01  5.45392000e-06  2.61602350e-04 
 5.45592000e-06  2.59296238e-314  5.45592000e-06 -9.50617644e-01  5.45592000e-06  2.49670871e-04 
 5.45792000e-06  5.64146506e-314  5.45792000e-06 -9.53682870e-01  5.45792000e-06  2.37700069e-04 
 5.45992000e-06  2.59296238e-314  5.45992000e-06 -9.56597284e-01  5.45992000e-06  2.25691839e-04 
 5.46192000e-06  5.64146506e-314  5.46192000e-06 -9.59360428e-01  5.46192000e-06  2.13648079e-04 
 5.46392000e-06  2.59296238e-314  5.46392000e-06 -9.61971867e-01  5.46392000e-06  2.01570694e-04 
 5.46592000e-06  5.64146506e-314  5.46592000e-06 -9.64431190e-01  5.46592000e-06  1.89461592e-04 
 5.46792000e-06  2.59296238e-314  5.46792000e-06 -9.66738009e-01  5.46792000e-06  1.77322690e-04 
 5.46992000e-06  5.64146506e-314  5.46992000e-06 -9.68891963e-01  5.46992000e-06  1.65155907e-04 
 5.47192000e-06  2.59296238e-314  5.47192000e-06 -9.70892711e-01  5.47192000e-06  1.52963166e-04 
 5.47392000e-06  5.64146506e-314  5.47392000e-06 -9.72739941e-01  5.47392000e-06  1.40746396e-04 
 5.47592000e-06  2.59296238e-314  5.47592000e-06 -9.74433362e-01  5.47592000e-06  1.28507527e-04 
 5.47792000e-06  5.64146506e-314  5.47792000e-06 -9.75972708e-01  5.47792000e-06  1.16248497e-04 
 5.47992000e-06  2.59296238e-314  5.47992000e-06 -9.77357738e-01  5.47992000e-06  1.03971241e-04 
 5.48192000e-06  5.64146506e-314  5.48192000e-06 -9.78588235e-01  5.48192000e-06  9.16777031e-05 
 5.48392000e-06  2.59296238e-314  5.48392000e-06 -9.79664005e-01  5.48392000e-06  7.93698255e-05 
 5.48592000e-06  5.64146506e-314  5.48592000e-06 -9.80584882e-01  5.48592000e-06  6.70495546e-05 
 5.48792000e-06  2.59296238e-314  5.48792000e-06 -9.81350721e-01  5.48792000e-06  5.47188383e-05 
 5.48992000e-06  5.64146506e-314  5.48992000e-06 -9.81961403e-01  5.48992000e-06  4.23796262e-05 
 5.49192000e-06  2.59296238e-314  5.49192000e-06 -9.82416834e-01  5.49192000e-06  3.00338692e-05 
 5.49392000e-06  5.64146506e-314  5.49392000e-06 -9.82716943e-01  5.49392000e-06  1.76835191e-05 
 5.49592000e-06  2.59296238e-314  5.49592000e-06 -9.82861686e-01  5.49592000e-06  5.33052852e-06 
 5.49792000e-06  5.64146506e-314  5.49792000e-06 -9.82851040e-01  5.49792000e-06 -7.02314951e-06 
 5.49992000e-06  2.59296238e-314  5.49992000e-06 -9.82685011e-01  5.49992000e-06 -1.93755619e-05 
 5.50192000e-06  5.64146506e-314  5.50192000e-06 -9.82363625e-01  5.50192000e-06 -3.17247559e-05 
 5.50392000e-06  2.59296238e-314  5.50392000e-06 -9.81886936e-01  5.50392000e-06 -4.40687792e-05 
 5.50592000e-06  5.64146506e-314  5.50592000e-06 -9.81255021e-01  5.50592000e-06 -5.64056802e-05 
 5.50792000e-06  2.59296238e-314  5.50792000e-06 -9.80467982e-01  5.50792000e-06 -6.87335087e-05 
 5.50992000e-06  5.64146506e-314  5.50992000e-06 -9.79525946e-01  5.50992000e-06 -8.10503158e-05 
 5.51192000e-06  2.59296238e-314  5.51192000e-06 -9.78429062e-01  5.51192000e-06 -9.33541543e-05 
 5.51392000e-06  5.64146506e-314  5.51392000e-06 -9.77177507e-01  5.51392000e-06 -1.05643079e-04 
 5.51592000e-06  2.59296238e-314  5.51592000e-06 -9.75771481e-01  5.51592000e-06 -1.17915148e-04 
 5.51792000e-06  5.64146506e-314  5.51792000e-06 -9.74211207e-01  5.51792000e-06 -1.30168421e-04 
 5.51992000e-06  2.59296238e-314  5.51992000e-06 -9.72496934e-01  5.51992000e-06 -1.42400961e-04 
 5.52192000e-06  5.64146506e-314  5.52192000e-06 -9.70628935e-01  5.52192000e-06 -1.54610834e-04 
 5.52392000e-06  2.59296238e-314  5.52392000e-06 -9.68607508e-01  5.52392000e-06 -1.66796110e-04 
 5.52592000e-06  5.64146506e-314  5.52592000e-06 -9.66432973e-01  5.52592000e-06 -1.78954864e-04 
 5.52792000e-06  2.59296238e-314  5.52792000e-06 -9.64105677e-01  5.52792000e-06 -1.91085172e-04 
 5.52992000e-06  5.64146506e-314  5.52992000e-06 -9.61625990e-01  5.52992000e-06 -2.03185119e-04 
 5.53192000e-06  2.59296238e-314  5.53192000e-06 -9.58994305e-01  5.53192000e-06 -2.15252791e-04 
 5.53392000e-06  5.64146506e-314  5.53392000e-06 -9.56211041e-01  5.53392000e-06 -2.27286280e-04 
 5.53592000e-06  2.59296238e-314  5.53592000e-06 -9.53276638e-01  5.53592000e-06 -2.39283686e-04 
 5.53792000e-06  5.64146506e-314  5.53792000e-06 -9.50191564e-01  5.53792000e-06 -2.51243110e-04 
 5.53992000e-06  2.59296238e-314  5.53992000e-06 -9.46956308e-01  5.53992000e-06 -2.63162665e-04 
 5.54192000e-06  5.64146506e-314  5.54192000e-06 -9.43571382e-01  5.54192000e-06 -2.75040464e-04 
 5.54392000e-06  2.59296238e-314  5.54392000e-06 -9.40037325e-01  5.54392000e-06 -2.86874632e-04 
 5.54592000e-06  5.64146506e-314  5.54592000e-06 -9.36354697e-01  5.54592000e-06 -2.98663297e-04 
 5.54792000e-06  2.59296238e-314  5.54792000e-06 -9.32524081e-01  5.54792000e-06 -3.10404597e-04 
 5.54992000e-06  5.64146506e-314  5.54992000e-06 -9.28546085e-01  5.54992000e-06 -3.22096675e-04 
 5.55192000e-06  2.59296238e-314  5.55192000e-06 -9.24421341e-01  5.55192000e-06 -3.33737685e-04 
 5.55392000e-06  5.64146506e-314  5.55392000e-06 -9.20150502e-01  5.55392000e-06 -3.45325786e-04 
 5.55592000e-06  2.59296238e-314  5.55592000e-06 -9.15734244e-01  5.55592000e-06 -3.56859147e-04 
 5.55792000e-06  5.64146506e-314  5.55792000e-06 -9.11173269e-01  5.55792000e-06 -3.68335945e-04 
 5.55992000e-06  2.59296238e-314  5.55992000e-06 -9.06468298e-01  5.55992000e-06 -3.79754366e-04 
 5.56192000e-06  5.64146506e-314  5.56192000e-06 -9.01620078e-01  5.56192000e-06 -3.91112607e-04 
 5.56392000e-06  2.59296238e-314  5.56392000e-06 -8.96629377e-01  5.56392000e-06 -4.02408871e-04 
 5.56592000e-06  5.64146506e-314  5.56592000e-06 -8.91496986e-01  5.56592000e-06 -4.13641375e-04 
 5.56792000e-06  2.59296238e-314  5.56792000e-06 -8.86223717e-01  5.56792000e-06 -4.24808342e-04 
 5.56992000e-06  5.64146506e-314  5.56992000e-06 -8.80810407e-01  5.56992000e-06 -4.35908009e-04 
 5.57192000e-06  2.59296238e-314  5.57192000e-06 -8.75257912e-01  5.57192000e-06 -4.46938621e-04 
 5.57392000e-06  5.64146506e-314  5.57392000e-06 -8.69567113e-01  5.57392000e-06 -4.57898436e-04 
 5.57592000e-06  2.59296238e-314  5.57592000e-06 -8.63738911e-01  5.57592000e-06 -4.68785721e-04 
 5.57792000e-06  5.64146506e-314  5.57792000e-06 -8.57774229e-01  5.57792000e-06 -4.79598756e-04 
 5.57992000e-06  2.59296238e-314  5.57992000e-06 -8.51674011e-01  5.57992000e-06 -4.90335834e-04 
 5.58192000e-06  5.64146506e-314  5.58192000e-06 -8.45439224e-01  5.58192000e-06 -5.00995256e-04 
 5.58392000e-06  2.59296238e-314  5.58392000e-06 -8.39070856e-01  5.58392000e-06 -5.11575339e-04 
 5.58592000e-06  5.64146506e-314  5.58592000e-06 -8.32569914e-01  5.58592000e-06 -5.22074411e-04 
 5.58792000e-06  2.59296238e-314  5.58792000e-06 -8.25937428e-01  5.58792000e-06 -5.32490814e-04 
 5.58992000e-06  5.64146506e-314  5.58992000e-06 -8.19174449e-01  5.58992000e-06 -5.42822902e-04 
 5.59192000e-06  2.59296238e-314  5.59192000e-06 -8.12282047e-01  5.59192000e-06 -5.53069041e-04 
 5.59392000e-06  5.64146506e-314  5.59392000e-06 -8.05261313e-01  5.59392000e-06 -5.63227615e-04 
 5.59592000e-06  2.59296238e-314  5.59592000e-06 -7.98113359e-01  5.59592000e-06 -5.73297017e-04 
 5.59792000e-06  5.64146506e-314  5.59792000e-06 -7.90839317e-01  5.59792000e-06 -5.83275656e-04 
 5.59992000e-06  2.59296238e-314  5.59992000e-06 -7.83440339e-01  5.59992000e-06 -5.93161957e-04 
 5.60192000e-06  5.64146506e-314  5.60192000e-06 -7.75917595e-01  5.60192000e-06 -6.02954357e-04 
 5.60392000e-06  2.59296238e-314  5.60392000e-06 -7.68272276e-01  5.60392000e-06 -6.12651310e-04 
 5.60592000e-06  5.64146506e-314  5.60592000e-06 -7.60505593e-01  5.60592000e-06 -6.22251284e-04 
 5.60792000e-06  2.59296238e-314  5.60792000e-06 -7.52618775e-01  5.60792000e-06 -6.31752762e-04 
 5.60992000e-06  5.64146506e-314  5.60992000e-06 -7.44613071e-01  5.60992000e-06 -6.41154243e-04 
 5.61192000e-06  2.59296238e-314  5.61192000e-06 -7.36489747e-01  5.61192000e-06 -6.50454242e-04 
 5.61392000e-06  5.64146506e-314  5.61392000e-06 -7.28250089e-01  5.61392000e-06 -6.59651290e-04 
 5.61592000e-06  2.59296238e-314  5.61592000e-06 -7.19895402e-01  5.61592000e-06 -6.68743935e-04 
 5.61792000e-06  5.64146506e-314  5.61792000e-06 -7.11427008e-01  5.61792000e-06 -6.77730741e-04 
 5.61992000e-06  2.59296238e-314  5.61992000e-06 -7.02846247e-01  5.61992000e-06 -6.86610287e-04 
 5.62192000e-06  5.64146506e-314  5.62192000e-06 -6.94154477e-01  5.62192000e-06 -6.95381171e-04 
 5.62392000e-06  2.59296238e-314  5.62392000e-06 -6.85353073e-01  5.62392000e-06 -7.04042009e-04 
 5.62592000e-06  5.64146506e-314  5.62592000e-06 -6.76443429e-01  5.62592000e-06 -7.12591432e-04 
 5.62792000e-06  2.59296238e-314  5.62792000e-06 -6.67426954e-01  5.62792000e-06 -7.21028090e-04 
 5.62992000e-06  5.64146506e-314  5.62992000e-06 -6.58305075e-01  5.62992000e-06 -7.29350650e-04 
 5.63192000e-06  2.59296238e-314  5.63192000e-06 -6.49079236e-01  5.63192000e-06 -7.37557799e-04 
 5.63392000e-06  5.64146506e-314  5.63392000e-06 -6.39750896e-01  5.63392000e-06 -7.45648240e-04 
 5.63592000e-06  2.59296238e-314  5.63592000e-06 -6.30321532e-01  5.63592000e-06 -7.53620696e-04 
 5.63792000e-06  5.64146506e-314  5.63792000e-06 -6.20792635e-01  5.63792000e-06 -7.61473908e-04 
 5.63992000e-06  2.59296238e-314  5.63992000e-06 -6.11165713e-01  5.63992000e-06 -7.69206635e-04 
 5.64192000e-06  5.64146506e-314  5.64192000e-06 -6.01442290e-01  5.64192000e-06 -7.76817657e-04 
 5.64392000e-06  2.59296238e-314  5.64392000e-06 -5.91623903e-01  5.64392000e-06 -7.84305772e-04 
 5.64592000e-06  5.64146506e-314  5.64592000e-06 -5.81712107e-01  5.64592000e-06 -7.91669797e-04 
 5.64792000e-06  2.59296238e-314  5.64792000e-06 -5.71708470e-01  5.64792000e-06 -7.98908571e-04 
 5.64992000e-06  5.64146506e-314  5.64992000e-06 -5.61614574e-01  5.64992000e-06 -8.06020950e-04 
 5.65192000e-06  2.59296238e-314  5.65192000e-06 -5.51432015e-01  5.65192000e-06 -8.13005810e-04 
 5.65392000e-06  5.64146506e-314  5.65392000e-06 -5.41162406e-01  5.65392000e-06 -8.19862051e-04 
 5.65592000e-06  2.59296238e-314  5.65592000e-06 -5.30807371e-01  5.65592000e-06 -8.26588589e-04 
 5.65792000e-06  5.64146506e-314  5.65792000e-06 -5.20368547e-01  5.65792000e-06 -8.33184362e-04 
 5.65992000e-06  2.59296238e-314  5.65992000e-06 -5.09847587e-01  5.65992000e-06 -8.39648330e-04 
 5.66192000e-06  5.64146506e-314  5.66192000e-06 -4.99246154e-01  5.66192000e-06 -8.45979472e-04 
 5.66392000e-06  2.59296238e-314  5.66392000e-06 -4.88565926e-01  5.66392000e-06 -8.52176789e-04 
 5.66592000e-06  5.64146506e-314  5.66592000e-06 -4.77808592e-01  5.66592000e-06 -8.58239302e-04 
 5.66792000e-06  2.59296238e-314  5.66792000e-06 -4.66975854e-01  5.66792000e-06 -8.64166056e-04 
 5.66992000e-06  5.64146506e-314  5.66992000e-06 -4.56069425e-01  5.66992000e-06 -8.69956114e-04 
 5.67192000e-06  2.59296238e-314  5.67192000e-06 -4.45091031e-01  5.67192000e-06 -8.75608563e-04 
 5.67392000e-06  5.64146506e-314  5.67392000e-06 -4.34042408e-01  5.67392000e-06 -8.81122512e-04 
 5.67592000e-06  2.59296238e-314  5.67592000e-06 -4.22925303e-01  5.67592000e-06 -8.86497090e-04 
 5.67792000e-06  5.64146506e-314  5.67792000e-06 -4.11741476e-01  5.67792000e-06 -8.91731448e-04 
 5.67992000e-06  2.59296238e-314  5.67992000e-06 -4.00492695e-01  5.67992000e-06 -8.96824763e-04 
 5.68192000e-06  5.64146506e-314  5.68192000e-06 -3.89180739e-01  5.68192000e-06 -9.01776229e-04 
 5.68392000e-06  2.59296238e-314  5.68392000e-06 -3.77807398e-01  5.68392000e-06 -9.06585066e-04 
 5.68592000e-06  5.64146506e-314  5.68592000e-06 -3.66374469e-01  5.68592000e-06 -9.11250516e-04 
 5.68792000e-06  2.59296238e-314  5.68792000e-06 -3.54883763e-01  5.68792000e-06 -9.15771843e-04 
 5.68992000e-06  5.64146506e-314  5.68992000e-06 -3.43337095e-01  5.68992000e-06 -9.20148333e-04 
 5.69192000e-06  2.59296238e-314  5.69192000e-06 -3.31736292e-01  5.69192000e-06 -9.24379297e-04 
 5.69392000e-06  5.64146506e-314  5.69392000e-06 -3.20083189e-01  5.69392000e-06 -9.28464068e-04 
 5.69592000e-06  2.59296238e-314  5.69592000e-06 -3.08379629e-01  5.69592000e-06 -9.32402001e-04 
 5.69792000e-06  5.64146506e-314  5.69792000e-06 -2.96627463e-01  5.69792000e-06 -9.36192476e-04 
 5.69992000e-06  2.59296238e-314  5.69992000e-06 -2.84828548e-01  5.69992000e-06 -9.39834896e-04 
 5.70192000e-06  5.64146506e-314  5.70192000e-06 -2.72984752e-01  5.70192000e-06 -9.43328686e-04 
 5.70392000e-06  2.59296238e-314  5.70392000e-06 -2.61097947e-01  5.70392000e-06 -9.46673296e-04 
 5.70592000e-06  5.64146506e-314  5.70592000e-06 -2.49170013e-01  5.70592000e-06 -9.49868200e-04 
 5.70792000e-06  2.59296238e-314  5.70792000e-06 -2.37202837e-01  5.70792000e-06 -9.52912893e-04 
 5.70992000e-06  5.64146506e-314  5.70992000e-06 -2.25198310e-01  5.70992000e-06 -9.55806897e-04 
 5.71192000e-06  2.59296238e-314  5.71192000e-06 -2.13158331e-01  5.71192000e-06 -9.58549755e-04 
 5.71392000e-06  5.64146506e-314  5.71392000e-06 -2.01084804e-01  5.71392000e-06 -9.61141037e-04 
 5.71592000e-06  2.59296238e-314  5.71592000e-06 -1.88979638e-01  5.71592000e-06 -9.63580334e-04 
 5.71792000e-06  5.64146506e-314  5.71792000e-06 -1.76844747e-01  5.71792000e-06 -9.65867263e-04 
 5.71992000e-06  2.59296238e-314  5.71992000e-06 -1.64682051e-01  5.71992000e-06 -9.68001463e-04 
 5.72192000e-06  5.64146506e-314  5.72192000e-06 -1.52493472e-01  5.72192000e-06 -9.69982600e-04 
 5.72392000e-06  2.59296238e-314  5.72392000e-06 -1.40280938e-01  5.72392000e-06 -9.71810363e-04 
 5.72592000e-06  5.64146506e-314  5.72592000e-06 -1.28046379e-01  5.72592000e-06 -9.73484463e-04 
 5.72792000e-06  2.59296238e-314  5.72792000e-06 -1.15791730e-01  5.72792000e-06 -9.75004639e-04 
 5.72992000e-06  5.64146506e-314  5.72992000e-06 -1.03518930e-01  5.72992000e-06 -9.76370652e-04 
 5.73192000e-06  2.59296238e-314  5.73192000e-06 -9.12299177e-02  5.73192000e-06 -9.77582288e-04 
 5.73392000e-06  5.64146506e-314  5.73392000e-06 -7.89266369e-02  5.73392000e-06 -9.78639357e-04 
 5.73592000e-06  2.59296238e-314  5.73592000e-06 -6.66110328e-02  5.73592000e-06 -9.79541695e-04 
 5.73792000e-06  5.64146506e-314  5.73792000e-06 -5.42850526e-02  5.73792000e-06 -9.80289160e-04 
 5.73992000e-06  2.59296238e-314  5.73992000e-06 -4.19506451e-02  5.73992000e-06 -9.80881636e-04 
 5.74192000e-06  5.64146506e-314  5.74192000e-06 -2.96097604e-02  5.74192000e-06 -9.81319032e-04 
 5.74392000e-06  2.59296238e-314  5.74392000e-06 -1.72643496e-02  5.74392000e-06 -9.81601280e-04 
 5.74592000e-06  5.64146506e-314  5.74592000e-06 -4.91636462e-03  5.74592000e-06 -9.81728338e-04 
 5.74792000e-06  2.59296238e-314  5.74792000e-06  7.43224246e-03  5.74792000e-06 -9.81700187e-04 
 5.74992000e-06  5.64146506e-314  5.74992000e-06  1.97795193e-02  5.74992000e-06 -9.81516835e-04 
 5.75192000e-06  2.59296238e-314  5.75192000e-06  3.21235140e-02  5.75192000e-06 -9.81178311e-04 
 5.75392000e-06  5.64146506e-314  5.75392000e-06  4.44622748e-02  5.75392000e-06 -9.80684671e-04 
 5.75592000e-06  2.59296238e-314  5.75592000e-06  5.67938514e-02  5.75592000e-06 -9.80035996e-04 
 5.75792000e-06  5.64146506e-314  5.75792000e-06  6.91162941e-02  5.75792000e-06 -9.79232390e-04 
 5.75992000e-06  2.59296238e-314  5.75992000e-06  8.14276549e-02  5.75992000e-06 -9.78273982e-04 
 5.76192000e-06  5.64146506e-314  5.76192000e-06  9.37259876e-02  5.76192000e-06 -9.77160925e-04 
 5.76392000e-06  2.59296238e-314  5.76392000e-06  1.06009348e-01  5.76392000e-06 -9.75893397e-04 
 5.76592000e-06  5.64146506e-314  5.76592000e-06  1.18275795e-01  5.76592000e-06 -9.74471601e-04 
 5.76792000e-06  2.59296238e-314  5.76792000e-06  1.30523388e-01  5.76792000e-06 -9.72895763e-04 
 5.76992000e-06  5.64146506e-314  5.76992000e-06  1.42750193e-01  5.76992000e-06 -9.71166134e-04 
 5.77192000e-06  2.59296238e-314  5.77192000e-06  1.54954275e-01  5.77192000e-06 -9.69282990e-04 
 5.77392000e-06  5.64146506e-314  5.77392000e-06  1.67133707e-01  5.77392000e-06 -9.67246631e-04 
 5.77592000e-06  2.59296238e-314  5.77592000e-06  1.79286562e-01  5.77592000e-06 -9.65057379e-04 
 5.77792000e-06  5.64146506e-314  5.77792000e-06  1.91410920e-01  5.77792000e-06 -9.62715584e-04 
 5.77992000e-06  2.59296238e-314  5.77992000e-06  2.03504865e-01  5.77992000e-06 -9.60221617e-04 
 5.78192000e-06  5.64146506e-314  5.78192000e-06  2.15566484e-01  5.78192000e-06 -9.57575875e-04 
 5.78392000e-06  2.59296238e-314  5.78392000e-06  2.27593872e-01  5.78392000e-06 -9.54778778e-04 
 5.78592000e-06  5.64146506e-314  5.78592000e-06  2.39585127e-01  5.78592000e-06 -9.51830770e-04 
 5.78792000e-06  2.59296238e-314  5.78792000e-06  2.51538354e-01  5.78792000e-06 -9.48732318e-04 
 5.78992000e-06  5.64146506e-314  5.78992000e-06  2.63451664e-01  5.78992000e-06 -9.45483915e-04 
 5.79192000e-06  2.59296238e-314  5.79192000e-06  2.75323173e-01  5.79192000e-06 -9.42086076e-04 
 5.79392000e-06  5.64146506e-314  5.79392000e-06  2.87151006e-01  5.79392000e-06 -9.38539341e-04 
 5.79592000e-06  2.59296238e-314  5.79592000e-06  2.98933293e-01  5.79592000e-06 -9.34844271e-04 
 5.79792000e-06  5.64146506e-314  5.79792000e-06  3.10668172e-01  5.79792000e-06 -9.31001452e-04 
 5.79992000e-06  2.59296238e-314  5.79992000e-06  3.22353788e-01  5.79992000e-06 -9.27011495e-04 
 5.80192000e-06  5.64146506e-314  5.80192000e-06  3.33988294e-01  5.80192000e-06 -9.22875032e-04 
 5.80392000e-06  2.59296238e-314  5.80392000e-06  3.45569852e-01  5.80392000e-06 -9.18592718e-04 
 5.80592000e-06  5.64146506e-314  5.80592000e-06  3.57096632e-01  5.80592000e-06 -9.14165233e-04 
 5.80792000e-06  2.59296238e-314  5.80792000e-06  3.68566811e-01  5.80792000e-06 -9.09593278e-04 
 5.80992000e-06  5.64146506e-314  5.80992000e-06  3.79978578e-01  5.80992000e-06 -9.04877577e-04 
 5.81192000e-06  2.59296238e-314  5.81192000e-06  3.91330128e-01  5.81192000e-06 -9.00018879e-04 
 5.81392000e-06  5.64146506e-314  5.81392000e-06  4.02619667e-01  5.81392000e-06 -8.95017953e-04 
 5.81592000e-06  2.59296238e-314  5.81592000e-06  4.13845413e-01  5.81592000e-06 -8.89875592e-04 
 5.81792000e-06  5.64146506e-314  5.81792000e-06  4.25005590e-01  5.81792000e-06 -8.84592610e-04 
 5.81992000e-06  2.59296238e-314  5.81992000e-06  4.36098436e-01  5.81992000e-06 -8.79169844e-04 
 5.82192000e-06  5.64146506e-314  5.82192000e-06  4.47122197e-01  5.82192000e-06 -8.73608153e-04 
 5.82392000e-06  2.59296238e-314  5.82392000e-06  4.58075131e-01  5.82392000e-06 -8.67908419e-04 
 5.82592000e-06  5.64146506e-314  5.82592000e-06  4.68955509e-01  5.82592000e-06 -8.62071544e-04 
 5.82792000e-06  2.59296238e-314  5.82792000e-06  4.79761609e-01  5.82792000e-06 -8.56098452e-04 
 5.82992000e-06  5.64146506e-314  5.82992000e-06  4.90491726e-01  5.82992000e-06 -8.49990091e-04 
 5.83192000e-06  2.59296238e-314  5.83192000e-06  5.01144163e-01  5.83192000e-06 -8.43747426e-04 
 5.83392000e-06  5.64146506e-314  5.83392000e-06  5.11717238e-01  5.83392000e-06 -8.37371448e-04 
 5.83592000e-06  2.59296238e-314  5.83592000e-06  5.22209279e-01  5.83592000e-06 -8.30863164e-04 
 5.83792000e-06  5.64146506e-314  5.83792000e-06  5.32618630e-01  5.83792000e-06 -8.24223607e-04 
 5.83992000e-06  2.59296238e-314  5.83992000e-06  5.42943645e-01  5.83992000e-06 -8.17453827e-04 
 5.84192000e-06  5.64146506e-314  5.84192000e-06  5.53182694e-01  5.84192000e-06 -8.10554897e-04 
 5.84392000e-06  2.59296238e-314  5.84392000e-06  5.63334158e-01  5.84392000e-06 -8.03527908e-04 
 5.84592000e-06  5.64146506e-314  5.84592000e-06  5.73396434e-01  5.84592000e-06 -7.96373973e-04 
 5.84792000e-06  2.59296238e-314  5.84792000e-06  5.83367932e-01  5.84792000e-06 -7.89094225e-04 
 5.84992000e-06  5.64146506e-314  5.84992000e-06  5.93247077e-01  5.84992000e-06 -7.81689817e-04 
 5.85192000e-06  2.59296238e-314  5.85192000e-06  6.03032308e-01  5.85192000e-06 -7.74161919e-04 
 5.85392000e-06  5.64146506e-314  5.85392000e-06  6.12722079e-01  5.85392000e-06 -7.66511725e-04 
 5.85592000e-06  2.59296238e-314  5.85592000e-06  6.22314860e-01  5.85592000e-06 -7.58740445e-04 
 5.85792000e-06  5.64146506e-314  5.85792000e-06  6.31809136e-01  5.85792000e-06 -7.50849309e-04 
 5.85992000e-06  2.59296238e-314  5.85992000e-06  6.41203405e-01  5.85992000e-06 -7.42839566e-04 
 5.86192000e-06  5.64146506e-314  5.86192000e-06  6.50496185e-01  5.86192000e-06 -7.34712485e-04 
 5.86392000e-06  2.59296238e-314  5.86392000e-06  6.59686008e-01  5.86392000e-06 -7.26469350e-04 
 5.86592000e-06  5.64146506e-314  5.86592000e-06  6.68771422e-01  5.86592000e-06 -7.18111468e-04 
 5.86792000e-06  2.59296238e-314  5.86792000e-06  6.77750992e-01  5.86792000e-06 -7.09640161e-04 
 5.86992000e-06  5.64146506e-314  5.86992000e-06  6.86623300e-01  5.86992000e-06 -7.01056769e-04 
 5.87192000e-06  2.59296238e-314  5.87192000e-06  6.95386944e-01  5.87192000e-06 -6.92362651e-04 
 5.87392000e-06  5.64146506e-314  5.87392000e-06  7.04040541e-01  5.87392000e-06 -6.83559183e-04 
 5.87592000e-06  2.59296238e-314  5.87592000e-06  7.12582723e-01  5.87592000e-06 -6.74647758e-04 
 5.87792000e-06  5.64146506e-314  5.87792000e-06  7.21012141e-01  5.87792000e-06 -6.65629786e-04 
 5.87992000e-06  2.59296238e-314  5.87992000e-06  7.29327465e-01  5.87992000e-06 -6.56506694e-04 
 5.88192000e-06  5.64146506e-314  5.88192000e-06  7.37527381e-01  5.88192000e-06 -6.47279927e-04 
 5.88392000e-06  2.59296238e-314  5.88392000e-06  7.45610594e-01  5.88392000e-06 -6.37950943e-04 
 5.88592000e-06  5.64146506e-314  5.88592000e-06  7.53575827e-01  5.88592000e-06 -6.28521219e-04 
 5.88792000e-06  2.59296238e-314  5.88792000e-06  7.61421824e-01  5.88792000e-06 -6.18992248e-04 
 5.88992000e-06  5.64146506e-314  5.88992000e-06  7.69147345e-01  5.88992000e-06 -6.09365536e-04 
 5.89192000e-06  2.59296238e-314  5.89192000e-06  7.76751170e-01  5.89192000e-06 -5.99642607e-04 
 5.89392000e-06  5.64146506e-314  5.89392000e-06  7.84232098e-01  5.89392000e-06 -5.89825000e-04 
 5.89592000e-06  2.59296238e-314  5.89592000e-06  7.91588949e-01  5.89592000e-06 -5.79914267e-04 
 5.89792000e-06  5.64146506e-314  5.89792000e-06  7.98820560e-01  5.89792000e-06 -5.69911977e-04 
 5.89992000e-06  2.59296238e-314  5.89992000e-06  8.05925791e-01  5.89992000e-06 -5.59819713e-04 
 5.90192000e-06  5.64146506e-314  5.90192000e-06  8.12903519e-01  5.90192000e-06 -5.49639070e-04 
 5.90392000e-06  2.59296238e-314  5.90392000e-06  8.19752643e-01  5.90392000e-06 -5.39371660e-04 
 5.90592000e-06  5.64146506e-314  5.90592000e-06  8.26472082e-01  5.90592000e-06 -5.29019106e-04 
 5.90792000e-06  2.59296238e-314  5.90792000e-06  8.33060775e-01  5.90792000e-06 -5.18583047e-04 
 5.90992000e-06  5.64146506e-314  5.90992000e-06  8.39517682e-01  5.90992000e-06 -5.08065133e-04 
 5.91192000e-06  2.59296238e-314  5.91192000e-06  8.45841783e-01  5.91192000e-06 -4.97467029e-04 
 5.91392000e-06  5.64146506e-314  5.91392000e-06  8.52032082e-01  5.91392000e-06 -4.86790411e-04 
 5.91592000e-06  2.59296238e-314  5.91592000e-06  8.58087600e-01  5.91592000e-06 -4.76036968e-04 
 5.91792000e-06  5.64146506e-314  5.91792000e-06  8.64007382e-01  5.91792000e-06 -4.65208400e-04 
 5.91992000e-06  2.59296238e-314  5.91992000e-06  8.69790494e-01  5.91992000e-06 -4.54306421e-04 
 5.92192000e-06  5.64146506e-314  5.92192000e-06  8.75436023e-01  5.92192000e-06 -4.43332756e-04 
 5.92392000e-06  2.59296238e-314  5.92392000e-06  8.80943079e-01  5.92392000e-06 -4.32289139e-04 
 5.92592000e-06  5.64146506e-314  5.92592000e-06  8.86310793e-01  5.92592000e-06 -4.21177318e-04 
 5.92792000e-06  2.59296238e-314  5.92792000e-06  8.91538317e-01  5.92792000e-06 -4.09999051e-04 
 5.92992000e-06  5.64146506e-314  5.92992000e-06  8.96624828e-01  5.92992000e-06 -3.98756105e-04 
 5.93192000e-06  2.59296238e-314  5.93192000e-06  9.01569522e-01  5.93192000e-06 -3.87450259e-04 
 5.93392000e-06  5.64146506e-314  5.93392000e-06  9.06371620e-01  5.93392000e-06 -3.76083300e-04 
 5.93592000e-06  2.59296238e-314  5.93592000e-06  9.11030364e-01  5.93592000e-06 -3.64657028e-04 
 5.93792000e-06  5.64146506e-314  5.93792000e-06  9.15545020e-01  5.93792000e-06 -3.53173248e-04 
 5.93992000e-06  2.59296238e-314  5.93992000e-06  9.19914875e-01  5.93992000e-06 -3.41633778e-04 
 5.94192000e-06  5.64146506e-314  5.94192000e-06  9.24139241e-01  5.94192000e-06 -3.30040442e-04 
 5.94392000e-06  2.59296238e-314  5.94392000e-06  9.28217452e-01  5.94392000e-06 -3.18395074e-04 
 5.94592000e-06  5.64146506e-314  5.94592000e-06  9.32148865e-01  5.94592000e-06 -3.06699515e-04 
 5.94792000e-06  2.59296238e-314  5.94792000e-06  9.35932859e-01  5.94792000e-06 -2.94955616e-04 
 5.94992000e-06  5.64146506e-314  5.94992000e-06  9.39568839e-01  5.94992000e-06 -2.83165233e-04 
 5.95192000e-06  2.59296238e-314  5.95192000e-06  9.43056232e-01  5.95192000e-06 -2.71330231e-04 
 5.95392000e-06  5.64146506e-314  5.95392000e-06  9.46394488e-01  5.95392000e-06 -2.59452481e-04 
 5.95592000e-06  2.59296238e-314  5.95592000e-06  9.49583082e-01  5.95592000e-06 -2.47533863e-04 
 5.95792000e-06  5.64146506e-314  5.95792000e-06  9.52621510e-01  5.95792000e-06 -2.35576260e-04 
 5.95992000e-06  2.59296238e-314  5.95992000e-06  9.55509295e-01  5.95992000e-06 -2.23581565e-04 
 5.96192000e-06  5.64146506e-314  5.96192000e-06  9.58245982e-01  5.96192000e-06 -2.11551672e-04 
 5.96392000e-06  2.59296238e-314  5.96392000e-06  9.60831140e-01  5.96392000e-06 -1.99488486e-04 
 5.96592000e-06  5.64146506e-314  5.96592000e-06  9.63264363e-01  5.96592000e-06 -1.87393913e-04 
 5.96792000e-06  2.59296238e-314  5.96792000e-06  9.65545267e-01  5.96792000e-06 -1.75269865e-04 
 5.96992000e-06  5.64146506e-314  5.96992000e-06  9.67673495e-01  5.96992000e-06 -1.63118261e-04 
 5.97192000e-06  2.59296238e-314  5.97192000e-06  9.69648710e-01  5.97192000e-06 -1.50941021e-04 
 5.97392000e-06  5.64146506e-314  5.97392000e-06  9.71470604e-01  5.97392000e-06 -1.38740072e-04 
 5.97592000e-06  2.59296238e-314  5.97592000e-06  9.73138889e-01  5.97592000e-06 -1.26517341e-04 
 5.97792000e-06  5.64146506e-314  5.97792000e-06  9.74653305e-01  5.97792000e-06 -1.14274762e-04 
 5.97992000e-06  2.59296238e-314  5.97992000e-06  9.76013614e-01  5.97992000e-06 -1.02014271e-04 
 5.98192000e-06  5.64146506e-314  5.98192000e-06  9.77219601e-01  5.98192000e-06 -8.97378056e-05 
 5.98392000e-06  2.59296238e-314  5.98392000e-06  9.78271080e-01  5.98392000e-06 -7.74473076e-05 
 5.98592000e-06  5.64146506e-314  5.98592000e-06  9.79167885e-01  5.98592000e-06 -6.51447199e-05 
 5.98792000e-06  2.59296238e-314  5.98792000e-06  9.79909877e-01  5.98792000e-06 -5.28319878e-05 
 5.98992000e-06  5.64146506e-314  5.98992000e-06  9.80496940e-01  5.98992000e-06 -4.05110580e-05 
 5.99192000e-06  2.59296238e-314  5.99192000e-06  9.80928984e-01  5.99192000e-06 -2.81838783e-05 
 5.99392000e-06  5.64146506e-314  5.99392000e-06  9.81205942e-01  5.99392000e-06 -1.58523979e-05 
 5.99592000e-06  2.59296238e-314  5.99592000e-06  9.81327772e-01  5.99592000e-06 -3.51856626e-06 
 5.99792000e-06  5.64146506e-314  5.99792000e-06  9.81294457e-01  5.99792000e-06  8.81566663e-06 
 5.99992000e-06  2.59296238e-314  5.99992000e-06  9.81106004e-01  5.99992000e-06  2.11483508e-05 
 6.00192000e-06  5.64146506e-314  6.00192000e-06  9.80762445e-01  6.00192000e-06  3.34775365e-05 
 6.00392000e-06  2.59296238e-314  6.00392000e-06  9.80263836e-01  6.00392000e-06  4.58012745e-05 
 6.00592000e-06  5.64146506e-314  6.00592000e-06  9.79610258e-01  6.00592000e-06  5.81176167e-05 
 6.00792000e-06  2.59296238e-314  6.00792000e-06  9.78801816e-01  6.00792000e-06  7.04246160e-05 
 6.00992000e-06  5.64146506e-314  6.00992000e-06  9.77838640e-01  6.00992000e-06  8.27203268e-05 
 6.01192000e-06  2.59296238e-314  6.01192000e-06  9.76720885e-01  6.01192000e-06  9.50028053e-05 
 6.01392000e-06  5.64146506e-314  6.01392000e-06  9.75448728e-01  6.01392000e-06  1.07270110e-04 
 6.01592000e-06  2.59296238e-314  6.01592000e-06  9.74022373e-01  6.01592000e-06  1.19520301e-04 
 6.01792000e-06  5.64146506e-314  6.01792000e-06  9.72442048e-01  6.01792000e-06  1.31751443e-04 
 6.01992000e-06  2.59296238e-314  6.01992000e-06  9.70708004e-01  6.01992000e-06  1.43961602e-04 
 6.02192000e-06  5.64146506e-314  6.02192000e-06  9.68820516e-01  6.02192000e-06  1.56148848e-04 
 6.02392000e-06  2.59296238e-314  6.02392000e-06  9.66779887e-01  6.02392000e-06  1.68311254e-04 
 6.02592000e-06  5.64146506e-314  6.02592000e-06  9.64586439e-01  6.02592000e-06  1.80446898e-04 
 6.02792000e-06  2.59296238e-314  6.02792000e-06  9.62240523e-01  6.02792000e-06  1.92553862e-04 
 6.02992000e-06  5.64146506e-314  6.02992000e-06  9.59742510e-01  6.02992000e-06  2.04630231e-04 
 6.03192000e-06  2.59296238e-314  6.03192000e-06  9.57092797e-01  6.03192000e-06  2.16674098e-04 
 6.03392000e-06  5.64146506e-314  6.03392000e-06  9.54291805e-01  6.03392000e-06  2.28683558e-04 
 6.03592000e-06  2.59296238e-314  6.03592000e-06  9.51339980e-01  6.03592000e-06  2.40656713e-04 
 6.03792000e-06  5.64146506e-314  6.03792000e-06  9.48237788e-01  6.03792000e-06  2.52591671e-04 
 6.03992000e-06  2.59296238e-314  6.03992000e-06  9.44985724e-01  6.03992000e-06  2.64486546e-04 
 6.04192000e-06  5.64146506e-314  6.04192000e-06  9.41584303e-01  6.04192000e-06  2.76339457e-04 
 6.04392000e-06  2.59296238e-314  6.04392000e-06  9.38034064e-01  6.04392000e-06  2.88148530e-04 
 6.04592000e-06  5.64146506e-314  6.04592000e-06  9.34335571e-01  6.04592000e-06  2.99911901e-04 
 6.04792000e-06  2.59296238e-314  6.04792000e-06  9.30489410e-01  6.04792000e-06  3.11627709e-04 
 6.04992000e-06  5.64146506e-314  6.04992000e-06  9.26496191e-01  6.04992000e-06  3.23294102e-04 
 6.05192000e-06  2.59296238e-314  6.05192000e-06  9.22356547e-01  6.05192000e-06  3.34909238e-04 
 6.05392000e-06  5.64146506e-314  6.05392000e-06  9.18071135e-01  6.05392000e-06  3.46471280e-04 
 6.05592000e-06  2.59296238e-314  6.05592000e-06  9.13640634e-01  6.05592000e-06  3.57978401e-04 
 6.05792000e-06  5.64146506e-314  6.05792000e-06  9.09065746e-01  6.05792000e-06  3.69428782e-04 
 6.05992000e-06  2.59296238e-314  6.05992000e-06  9.04347196e-01  6.05992000e-06  3.80820615e-04 
 6.06192000e-06  5.64146506e-314  6.06192000e-06  8.99485733e-01  6.06192000e-06  3.92152099e-04 
 6.06392000e-06  2.59296238e-314  6.06392000e-06  8.94482125e-01  6.06392000e-06  4.03421442e-04 
 6.06592000e-06  5.64146506e-314  6.06592000e-06  8.89337167e-01  6.06592000e-06  4.14626865e-04 
 6.06792000e-06  2.59296238e-314  6.06792000e-06  8.84051674e-01  6.06792000e-06  4.25766597e-04 
 6.06992000e-06  5.64146506e-314  6.06992000e-06  8.78626482e-01  6.06992000e-06  4.36838876e-04 
 6.07192000e-06  2.59296238e-314  6.07192000e-06  8.73062452e-01  6.07192000e-06  4.47841954e-04 
 6.07392000e-06  5.64146506e-314  6.07392000e-06  8.67360464e-01  6.07392000e-06  4.58774092e-04 
 6.07592000e-06  2.59296238e-314  6.07592000e-06  8.61521422e-01  6.07592000e-06  4.69633563e-04 
 6.07792000e-06  5.64146506e-314  6.07792000e-06  8.55546251e-01  6.07792000e-06  4.80418650e-04 
 6.07992000e-06  2.59296238e-314  6.07992000e-06  8.49435897e-01  6.07992000e-06  4.91127649e-04 
 6.08192000e-06  5.64146506e-314  6.08192000e-06  8.43191328e-01  6.08192000e-06  5.01758869e-04 
 6.08392000e-06  2.59296238e-314  6.08392000e-06  8.36813532e-01  6.08392000e-06  5.12310629e-04 
 6.08592000e-06  5.64146506e-314  6.08592000e-06  8.30303520e-01  6.08592000e-06  5.22781263e-04 
 6.08792000e-06  2.59296238e-314  6.08792000e-06  8.23662323e-01  6.08792000e-06  5.33169116e-04 
 6.08992000e-06  5.64146506e-314  6.08992000e-06  8.16890992e-01  6.08992000e-06  5.43472546e-04 
 6.09192000e-06  2.59296238e-314  6.09192000e-06  8.09990599e-01  6.09192000e-06  5.53689926e-04 
 6.09392000e-06  5.64146506e-314  6.09392000e-06  8.02962237e-01  6.09392000e-06  5.63819643e-04 
 6.09592000e-06  2.59296238e-314  6.09592000e-06  7.95807018e-01  6.09592000e-06  5.73860094e-04 
 6.09792000e-06  5.64146506e-314  6.09792000e-06  7.88526076e-01  6.09792000e-06  5.83809694e-04 
 6.09992000e-06  2.59296238e-314  6.09992000e-06  7.81120563e-01  6.09992000e-06  5.93666872e-04 
 6.10192000e-06  5.64146506e-314  6.10192000e-06  7.73591652e-01  6.10192000e-06  6.03430070e-04 
 6.10392000e-06  2.59296238e-314  6.10392000e-06  7.65940533e-01  6.10392000e-06  6.13097745e-04 
 6.10592000e-06  5.64146506e-314  6.10592000e-06  7.58168419e-01  6.10592000e-06  6.22668371e-04 
 6.10792000e-06  2.59296238e-314  6.10792000e-06  7.50276540e-01  6.10792000e-06  6.32140436e-04 
 6.10992000e-06  5.64146506e-314  6.10992000e-06  7.42266145e-01  6.10992000e-06  6.41512443e-04 
 6.11192000e-06  2.59296238e-314  6.11192000e-06  7.34138501e-01  6.11192000e-06  6.50782912e-04 
 6.11392000e-06  5.64146506e-314  6.11392000e-06  7.25894895e-01  6.11392000e-06  6.59950378e-04 
 6.11592000e-06  2.59296238e-314  6.11592000e-06  7.17536633e-01  6.11592000e-06  6.69013395e-04 
 6.11792000e-06  5.64146506e-314  6.11792000e-06  7.09065036e-01  6.11792000e-06  6.77970529e-04 
 6.11992000e-06  2.59296238e-314  6.11992000e-06  7.00481445e-01  6.11992000e-06  6.86820366e-04 
 6.12192000e-06  5.64146506e-314  6.12192000e-06  6.91787220e-01  6.12192000e-06  6.95561509e-04 
 6.12392000e-06  2.59296238e-314  6.12392000e-06  6.82983735e-01  6.12392000e-06  7.04192577e-04 
 6.12592000e-06  5.64146506e-314  6.12592000e-06  6.74072384e-01  6.12592000e-06  7.12712207e-04 
 6.12792000e-06  2.59296238e-314  6.12792000e-06  6.65054577e-01  6.12792000e-06  7.21119053e-04 
 6.12992000e-06  5.64146506e-314  6.12992000e-06  6.55931742e-01  6.12992000e-06  7.29411788e-04 
 6.13192000e-06  2.59296238e-314  6.13192000e-06  6.46705321e-01  6.13192000e-06  7.37589102e-04 
 6.13392000e-06  5.64146506e-314  6.13392000e-06  6.37376775e-01  6.13392000e-06  7.45649703e-04 
 6.13592000e-06  2.59296238e-314  6.13592000e-06  6.27947580e-01  6.13592000e-06  7.53592320e-04 
 6.13792000e-06  5.64146506e-314  6.13792000e-06  6.18419228e-01  6.13792000e-06  7.61415697e-04 
 6.13992000e-06  2.59296238e-314  6.13992000e-06  6.08793226e-01  6.13992000e-06  7.69118599e-04 
 6.14192000e-06  5.64146506e-314  6.14192000e-06  5.99071097e-01  6.14192000e-06  7.76699810e-04 
 6.14392000e-06  2.59296238e-314  6.14392000e-06  5.89254381e-01  6.14392000e-06  7.84158133e-04 
 6.14592000e-06  5.64146506e-314  6.14592000e-06  5.79344629e-01  6.14592000e-06  7.91492391e-04 
 6.14792000e-06  2.59296238e-314  6.14792000e-06  5.69343410e-01  6.14792000e-06  7.98701424e-04 
 6.14992000e-06  5.64146506e-314  6.14992000e-06  5.59252306e-01  6.14992000e-06  8.05784097e-04 
 6.15192000e-06  2.59296238e-314  6.15192000e-06  5.49072914e-01  6.15192000e-06  8.12739289e-04 
 6.15392000e-06  5.64146506e-314  6.15392000e-06  5.38806843e-01  6.15392000e-06  8.19565903e-04 
 6.15592000e-06  2.59296238e-314  6.15592000e-06  5.28455719e-01  6.15592000e-06  8.26262862e-04 
 6.15792000e-06  5.64146506e-314  6.15792000e-06  5.18021178e-01  6.15792000e-06  8.32829109e-04 
 6.15992000e-06  2.59296238e-314  6.15992000e-06  5.07504872e-01  6.15992000e-06  8.39263606e-04 
 6.16192000e-06  5.64146506e-314  6.16192000e-06  4.96908464e-01  6.16192000e-06  8.45565338e-04 
 6.16392000e-06  2.59296238e-314  6.16392000e-06  4.86233629e-01  6.16392000e-06  8.51733311e-04 
 6.16592000e-06  5.64146506e-314  6.16592000e-06  4.75482058e-01  6.16592000e-06  8.57766552e-04 
 6.16792000e-06  2.59296238e-314  6.16792000e-06  4.64655450e-01  6.16792000e-06  8.63664107e-04 
 6.16992000e-06  5.64146506e-314  6.16992000e-06  4.53755518e-01  6.16992000e-06  8.69425048e-04 
 6.17192000e-06  2.59296238e-314  6.17192000e-06  4.42783987e-01  6.17192000e-06  8.75048463e-04 
 6.17392000e-06  5.64146506e-314  6.17392000e-06  4.31742591e-01  6.17392000e-06  8.80533466e-04 
 6.17592000e-06  2.59296238e-314  6.17592000e-06  4.20633077e-01  6.17592000e-06  8.85879193e-04 
 6.17792000e-06  5.64146506e-314  6.17792000e-06  4.09457203e-01  6.17792000e-06  8.91084798e-04 
 6.17992000e-06  2.59296238e-314  6.17992000e-06  3.98216736e-01  6.17992000e-06  8.96149461e-04 
 6.18192000e-06  5.64146506e-314  6.18192000e-06  3.86913454e-01  6.18192000e-06  9.01072384e-04 
 6.18392000e-06  2.59296238e-314  6.18392000e-06  3.75549145e-01  6.18392000e-06  9.05852789e-04 
 6.18592000e-06  5.64146506e-314  6.18592000e-06  3.64125606e-01  6.18592000e-06  9.10489923e-04 
 6.18792000e-06  2.59296238e-314  6.18792000e-06  3.52644644e-01  6.18792000e-06  9.14983054e-04 
 6.18992000e-06  5.64146506e-314  6.18992000e-06  3.41108074e-01  6.18992000e-06  9.19331474e-04 
 6.19192000e-06  2.59296238e-314  6.19192000e-06  3.29517722e-01  6.19192000e-06  9.23534498e-04 
 6.19392000e-06  5.64146506e-314  6.19392000e-06  3.17875421e-01  6.19392000e-06  9.27591461e-04 
 6.19592000e-06  2.59296238e-314  6.19592000e-06  3.06183011e-01  6.19592000e-06  9.31501726e-04 
 6.19792000e-06  5.64146506e-314  6.19792000e-06  2.94442341e-01  6.19792000e-06  9.35264675e-04 
 6.19992000e-06  2.59296238e-314  6.19992000e-06  2.82655270e-01  6.19992000e-06  9.38879716e-04 
 6.20192000e-06  5.64146506e-314  6.20192000e-06  2.70823660e-01  6.20192000e-06  9.42346278e-04 
 6.20392000e-06  2.59296238e-314  6.20392000e-06  2.58949382e-01  6.20392000e-06  9.45663817e-04 
 6.20592000e-06  5.64146506e-314  6.20592000e-06  2.47034316e-01  6.20592000e-06  9.48831808e-04 
 6.20792000e-06  2.59296238e-314  6.20792000e-06  2.35080343e-01  6.20792000e-06  9.51849754e-04 
 6.20992000e-06  5.64146506e-314  6.20992000e-06  2.23089357e-01  6.20992000e-06  9.54717178e-04 
 6.21192000e-06  2.59296238e-314  6.21192000e-06  2.11063251e-01  6.21192000e-06  9.57433630e-04 
 6.21392000e-06  5.64146506e-314  6.21392000e-06  1.99003928e-01  6.21392000e-06  9.59998682e-04 
 6.21592000e-06  2.59296238e-314  6.21592000e-06  1.86913295e-01  6.21592000e-06  9.62411930e-04 
 6.21792000e-06  5.64146506e-314  6.21792000e-06  1.74793264e-01  6.21792000e-06  9.64672995e-04 
 6.21992000e-06  2.59296238e-314  6.21992000e-06  1.62645752e-01  6.21992000e-06  9.66781520e-04 
 6.22192000e-06  5.64146506e-314  6.22192000e-06  1.50472678e-01  6.22192000e-06  9.68737176e-04 
 6.22392000e-06  2.59296238e-314  6.22392000e-06  1.38275968e-01  6.22392000e-06  9.70539654e-04 
 6.22592000e-06  5.64146506e-314  6.22592000e-06  1.26057551e-01  6.22592000e-06  9.72188671e-04 
 6.22792000e-06  2.59296238e-314  6.22792000e-06  1.13819359e-01  6.22792000e-06  9.73683969e-04 
 6.22992000e-06  5.64146506e-314  6.22992000e-06  1.01563325e-01  6.22992000e-06  9.75025313e-04 
 6.23192000e-06  2.59296238e-314  6.23192000e-06  8.92913895e-02  6.23192000e-06  9.76212493e-04 
 6.23392000e-06  5.64146506e-314  6.23392000e-06  7.70054913e-02  6.23392000e-06  9.77245323e-04 
 6.23592000e-06  2.59296238e-314  6.23592000e-06  6.47075733e-02  6.23592000e-06  9.78123642e-04 
 6.23792000e-06  5.64146506e-314  6.23792000e-06  5.23995799e-02  6.23792000e-06  9.78847313e-04 
 6.23992000e-06  2.59296238e-314  6.23992000e-06  4.00834570e-02  6.23992000e-06  9.79416224e-04 
 6.24192000e-06  5.64146506e-314  6.24192000e-06  2.77611519e-02  6.24192000e-06  9.79830286e-04 
 6.24392000e-06  2.59296238e-314  6.24392000e-06  1.54346128e-02  6.24392000e-06  9.80089436e-04 
 6.24592000e-06  5.64146506e-314  6.24592000e-06  3.10578844e-03  6.24592000e-06  9.80193635e-04 
 6.24792000e-06  2.59296238e-314  6.24792000e-06 -9.22337196e-03  6.24792000e-06  9.80142869e-04 
 6.24992000e-06  5.64146506e-314  6.24992000e-06 -2.15509192e-02  6.24992000e-06  9.79937147e-04 
 6.25192000e-06  2.59296238e-314  6.25192000e-06 -3.38749045e-02  6.25192000e-06  9.79576504e-04 
 6.25392000e-06  5.64146506e-314  6.25392000e-06 -4.61933793e-02  6.25392000e-06  9.79060999e-04 
 6.25592000e-06  2.59296238e-314  6.25592000e-06 -5.85043964e-02  6.25592000e-06  9.78390715e-04 
 6.25792000e-06  5.64146506e-314  6.25792000e-06 -7.08060094e-02  6.25792000e-06  9.77565760e-04 
 6.25992000e-06  2.59296238e-314  6.25992000e-06 -8.30962738e-02  6.25992000e-06  9.76586267e-04 
 6.26192000e-06  5.64146506e-314  6.26192000e-06 -9.53732465e-02  6.26192000e-06  9.75452393e-04 
 6.26392000e-06  2.59296238e-314  6.26392000e-06 -1.07634987e-01  6.26392000e-06  9.74164318e-04 
 6.26592000e-06  5.64146506e-314  6.26592000e-06 -1.19879556e-01  6.26592000e-06  9.72722248e-04 
 6.26792000e-06  2.59296238e-314  6.26792000e-06 -1.32105020e-01  6.26792000e-06  9.71126413e-04 
 6.26992000e-06  5.64146506e-314  6.26992000e-06 -1.44309444e-01  6.26992000e-06  9.69377067e-04 
 6.27192000e-06  2.59296238e-314  6.27192000e-06 -1.56490900e-01  6.27192000e-06  9.67474490e-04 
 6.27392000e-06  5.64146506e-314  6.27392000e-06 -1.68647463e-01  6.27392000e-06  9.65418983e-04 
 6.27592000e-06  2.59296238e-314  6.27592000e-06 -1.80777211e-01  6.27592000e-06  9.63210873e-04 
 6.27792000e-06  5.64146506e-314  6.27792000e-06 -1.92878226e-01  6.27792000e-06  9.60850512e-04 
 6.27992000e-06  2.59296238e-314  6.27992000e-06 -2.04948595e-01  6.27992000e-06  9.58338274e-04 
 6.28192000e-06  5.64146506e-314  6.28192000e-06 -2.16986412e-01  6.28192000e-06  9.55674559e-04 
 6.28392000e-06  2.59296238e-314  6.28392000e-06 -2.28989773e-01  6.28392000e-06  9.52859789e-04 
 6.28592000e-06  5.64146506e-314  6.28592000e-06 -2.40956780e-01  6.28592000e-06  9.49894412e-04 
 6.28792000e-06  2.59296238e-314  6.28792000e-06 -2.52885543e-01  6.28792000e-06  9.46778898e-04 
 6.28992000e-06  5.64146506e-314  6.28992000e-06 -2.64774176e-01  6.28992000e-06  9.43513742e-04 
 6.29192000e-06  2.59296238e-314  6.29192000e-06 -2.76620800e-01  6.29192000e-06  9.40099462e-04 
 6.29392000e-06  5.64146506e-314  6.29392000e-06 -2.88423542e-01  6.29392000e-06  9.36536599e-04 
 6.29592000e-06  2.59296238e-314  6.29592000e-06 -3.00180538e-01  6.29592000e-06  9.32825718e-04 
 6.29792000e-06  5.64146506e-314  6.29792000e-06 -3.11889929e-01  6.29792000e-06  9.28967409e-04 
 6.29992000e-06  2.59296238e-314  6.29992000e-06 -3.23549864e-01  6.29992000e-06  9.24962282e-04 
 6.30192000e-06  5.64146506e-314  6.30192000e-06 -3.35158501e-01  6.30192000e-06  9.20810973e-04 
 6.30392000e-06  2.59296238e-314  6.30392000e-06 -3.46714005e-01  6.30392000e-06  9.16514141e-04 
 6.30592000e-06  5.64146506e-314  6.30592000e-06 -3.58214549e-01  6.30592000e-06  9.12072466e-04 
 6.30792000e-06  2.59296238e-314  6.30792000e-06 -3.69658318e-01  6.30792000e-06  9.07486652e-04 
 6.30992000e-06  5.64146506e-314  6.30992000e-06 -3.81043500e-01  6.30992000e-06  9.02757426e-04 
 6.31192000e-06  2.59296238e-314  6.31192000e-06 -3.92368299e-01  6.31192000e-06  8.97885537e-04 
 6.31392000e-06  5.64146506e-314  6.31392000e-06 -4.03630923e-01  6.31392000e-06  8.92871758e-04 
 6.31592000e-06  2.59296238e-314  6.31592000e-06 -4.14829594e-01  6.31592000e-06  8.87716883e-04 
 6.31792000e-06  5.64146506e-314  6.31792000e-06 -4.25962541e-01  6.31792000e-06  8.82421729e-04 
 6.31992000e-06  2.59296238e-314  6.31992000e-06 -4.37028006e-01  6.31992000e-06  8.76987134e-04 
 6.32192000e-06  5.64146506e-314  6.32192000e-06 -4.48024239e-01  6.32192000e-06  8.71413960e-04 
 6.32392000e-06  2.59296238e-314  6.32392000e-06 -4.58949504e-01  6.32392000e-06  8.65703090e-04 
 6.32592000e-06  5.64146506e-314  6.32592000e-06 -4.69802073e-01  6.32592000e-06  8.59855427e-04 
 6.32792000e-06  2.59296238e-314  6.32792000e-06 -4.80580232e-01  6.32792000e-06  8.53871899e-04 
 6.32992000e-06  5.64146506e-314  6.32992000e-06 -4.91282278e-01  6.32992000e-06  8.47753452e-04 
 6.33192000e-06  2.59296238e-314  6.33192000e-06 -5.01906521e-01  6.33192000e-06  8.41501056e-04 
 6.33392000e-06  5.64146506e-314  6.33392000e-06 -5.12451280e-01  6.33392000e-06  8.35115702e-04 
 6.33592000e-06  2.59296238e-314  6.33592000e-06 -5.22914891e-01  6.33592000e-06  8.28598399e-04 
 6.33792000e-06  5.64146506e-314  6.33792000e-06 -5.33295700e-01  6.33792000e-06  8.21950181e-04 
 6.33992000e-06  2.59296238e-314  6.33992000e-06 -5.43592066e-01  6.33992000e-06  8.15172100e-04 
 6.34192000e-06  5.64146506e-314  6.34192000e-06 -5.53802364e-01  6.34192000e-06  8.08265229e-04 
 6.34392000e-06  2.59296238e-314  6.34392000e-06 -5.63924979e-01  6.34392000e-06  8.01230661e-04 
 6.34592000e-06  5.64146506e-314  6.34592000e-06 -5.73958314e-01  6.34592000e-06  7.94069511e-04 
 6.34792000e-06  2.59296238e-314  6.34792000e-06 -5.83900782e-01  6.34792000e-06  7.86782912e-04 
 6.34992000e-06  5.64146506e-314  6.34992000e-06 -5.93750813e-01  6.34992000e-06  7.79372018e-04 
 6.35192000e-06  2.59296238e-314  6.35192000e-06 -6.03506851e-01  6.35192000e-06  7.71838002e-04 
 6.35392000e-06  5.64146506e-314  6.35392000e-06 -6.13167354e-01  6.35392000e-06  7.64182056e-04 
 6.35592000e-06  2.59296238e-314  6.35592000e-06 -6.22730797e-01  6.35592000e-06  7.56405393e-04 
 6.35792000e-06  5.64146506e-314  6.35792000e-06 -6.32195669e-01  6.35792000e-06  7.48509243e-04 
 6.35992000e-06  2.59296238e-314  6.35992000e-06 -6.41560475e-01  6.35992000e-06  7.40494857e-04 
 6.36192000e-06  5.64146506e-314  6.36192000e-06 -6.50823735e-01  6.36192000e-06  7.32363502e-04 
 6.36392000e-06  2.59296238e-314  6.36392000e-06 -6.59983986e-01  6.36392000e-06  7.24116466e-04 
 6.36592000e-06  5.64146506e-314  6.36592000e-06 -6.69039782e-01  6.36592000e-06  7.15755054e-04 
 6.36792000e-06  2.59296238e-314  6.36792000e-06 -6.77989692e-01  6.36792000e-06  7.07280590e-04 
 6.36992000e-06  5.64146506e-314  6.36992000e-06 -6.86832302e-01  6.36992000e-06  6.98694414e-04 
 6.37192000e-06  2.59296238e-314  6.37192000e-06 -6.95566216e-01  6.37192000e-06  6.89997886e-04 
 6.37392000e-06  5.64146506e-314  6.37392000e-06 -7.04190054e-01  6.37392000e-06  6.81192381e-04 
 6.37592000e-06  2.59296238e-314  6.37592000e-06 -7.12702454e-01  6.37592000e-06  6.72279294e-04 
 6.37792000e-06  5.64146506e-314  6.37792000e-06 -7.21102073e-01  6.37792000e-06  6.63260034e-04 
 6.37992000e-06  2.59296238e-314  6.37992000e-06 -7.29387583e-01  6.37992000e-06  6.54136029e-04 
 6.38192000e-06  5.64146506e-314  6.38192000e-06 -7.37557675e-01  6.38192000e-06  6.44908723e-04 
 6.38392000e-06  2.59296238e-314  6.38392000e-06 -7.45611061e-01  6.38392000e-06  6.35579576e-04 
 6.38592000e-06  5.64146506e-314  6.38592000e-06 -7.53546467e-01  6.38592000e-06  6.26150064e-04 
 6.38792000e-06  2.59296238e-314  6.38792000e-06 -7.61362642e-01  6.38792000e-06  6.16621678e-04 
 6.38992000e-06  5.64146506e-314  6.38992000e-06 -7.69058350e-01  6.38992000e-06  6.06995928e-04 
 6.39192000e-06  2.59296238e-314  6.39192000e-06 -7.76632377e-01  6.39192000e-06  5.97274334e-04 
 6.39392000e-06  5.64146506e-314  6.39392000e-06 -7.84083527e-01  6.39392000e-06  5.87458437e-04 
 6.39592000e-06  2.59296238e-314  6.39592000e-06 -7.91410622e-01  6.39592000e-06  5.77549789e-04 
 6.39792000e-06  5.64146506e-314  6.39792000e-06 -7.98612507e-01  6.39792000e-06  5.67549957e-04 
 6.39992000e-06  2.59296238e-314  6.39992000e-06 -8.05688045e-01  6.39992000e-06  5.57460523e-04 
 6.40192000e-06  5.64146506e-314  6.40192000e-06 -8.12636118e-01  6.40192000e-06  5.47283085e-04 
 6.40392000e-06  2.59296238e-314  6.40392000e-06 -8.19455630e-01  6.40392000e-06  5.37019251e-04 
 6.40592000e-06  5.64146506e-314  6.40592000e-06 -8.26145503e-01  6.40592000e-06  5.26670646e-04 
 6.40792000e-06  2.59296238e-314  6.40792000e-06 -8.32704683e-01  6.40792000e-06  5.16238907e-04 
 6.40992000e-06  5.64146506e-314  6.40992000e-06 -8.39132133e-01  6.40992000e-06  5.05725684e-04 
 6.41192000e-06  2.59296238e-314  6.41192000e-06 -8.45426839e-01  6.41192000e-06  4.95132640e-04 
 6.41392000e-06  5.64146506e-314  6.41392000e-06 -8.51587809e-01  6.41392000e-06  4.84461451e-04 
 6.41592000e-06  2.59296238e-314  6.41592000e-06 -8.57614068e-01  6.41592000e-06  4.73713804e-04 
 6.41792000e-06  5.64146506e-314  6.41792000e-06 -8.63504667e-01  6.41792000e-06  4.62891401e-04 
 6.41992000e-06  2.59296238e-314  6.41992000e-06 -8.69258675e-01  6.41992000e-06  4.51995953e-04 
 6.42192000e-06  5.64146506e-314  6.42192000e-06 -8.74875186e-01  6.42192000e-06  4.41029183e-04 
 6.42392000e-06  2.59296238e-314  6.42392000e-06 -8.80353311e-01  6.42392000e-06  4.29992827e-04 
 6.42592000e-06  5.64146506e-314  6.42592000e-06 -8.85692189e-01  6.42592000e-06  4.18888629e-04 
 6.42792000e-06  2.59296238e-314  6.42792000e-06 -8.90890975e-01  6.42792000e-06  4.07718346e-04 
 6.42992000e-06  5.64146506e-314  6.42992000e-06 -8.95948849e-01  6.42992000e-06  3.96483745e-04 
 6.43192000e-06  2.59296238e-314  6.43192000e-06 -9.00865015e-01  6.43192000e-06  3.85186603e-04 
 6.43392000e-06  5.64146506e-314  6.43392000e-06 -9.05638696e-01  6.43392000e-06  3.73828707e-04 
 6.43592000e-06  2.59296238e-314  6.43592000e-06 -9.10269140e-01  6.43592000e-06  3.62411853e-04 
 6.43792000e-06  5.64146506e-314  6.43792000e-06 -9.14755616e-01  6.43792000e-06  3.50937847e-04 
 6.43992000e-06  2.59296238e-314  6.43992000e-06 -9.19097417e-01  6.43992000e-06  3.39408503e-04 
 6.44192000e-06  5.64146506e-314  6.44192000e-06 -9.23293858e-01  6.44192000e-06  3.27825645e-04 
 6.44392000e-06  2.59296238e-314  6.44392000e-06 -9.27344278e-01  6.44392000e-06  3.16191105e-04 
 6.44592000e-06  5.64146506e-314  6.44592000e-06 -9.31248038e-01  6.44592000e-06  3.04506723e-04 
 6.44792000e-06  2.59296238e-314  6.44792000e-06 -9.35004523e-01  6.44792000e-06  2.92774347e-04 
 6.44992000e-06  5.64146506e-314  6.44992000e-06 -9.38613140e-01  6.44992000e-06  2.80995831e-04 
 6.45192000e-06  2.59296238e-314  6.45192000e-06 -9.42073322e-01  6.45192000e-06  2.69173040e-04 
 6.45392000e-06  5.64146506e-314  6.45392000e-06 -9.45384522e-01  6.45392000e-06  2.57307842e-04 
 6.45592000e-06  2.59296238e-314  6.45592000e-06 -9.48546220e-01  6.45592000e-06  2.45402114e-04 
 6.45792000e-06  5.64146506e-314  6.45792000e-06 -9.51557917e-01  6.45792000e-06  2.33457739e-04 
 6.45992000e-06  2.59296238e-314  6.45992000e-06 -9.54419140e-01  6.45992000e-06  2.21476605e-04 
 6.46192000e-06  5.64146506e-314  6.46192000e-06 -9.57129437e-01  6.46192000e-06  2.09460607e-04 
 6.46392000e-06  2.59296238e-314  6.46392000e-06 -9.59688382e-01  6.46392000e-06  1.97411645e-04 
 6.46592000e-06  5.64146506e-314  6.46592000e-06 -9.62095572e-01  6.46592000e-06  1.85331625e-04 
 6.46792000e-06  2.59296238e-314  6.46792000e-06 -9.64350629e-01  6.46792000e-06  1.73222457e-04 
 6.46992000e-06  5.64146506e-314  6.46992000e-06 -9.66453198e-01  6.46992000e-06  1.61086056e-04 
 6.47192000e-06  2.59296238e-314  6.47192000e-06 -9.68402949e-01  6.47192000e-06  1.48924339e-04 
 6.47392000e-06  5.64146506e-314  6.47392000e-06 -9.70199575e-01  6.47392000e-06  1.36739232e-04 
 6.47592000e-06  2.59296238e-314  6.47592000e-06 -9.71842795e-01  6.47592000e-06  1.24532659e-04 
 6.47792000e-06  5.64146506e-314  6.47792000e-06 -9.73332350e-01  6.47792000e-06  1.12306553e-04 
 6.47992000e-06  2.59296238e-314  6.47992000e-06 -9.74668006e-01  6.47992000e-06  1.00062844e-04 
 6.48192000e-06  5.64146506e-314  6.48192000e-06 -9.75849555e-01  6.48192000e-06  8.78034701e-05 
 6.48392000e-06  2.59296238e-314  6.48392000e-06 -9.76876812e-01  6.48392000e-06  7.55303688e-05 
 6.48592000e-06  5.64146506e-314  6.48592000e-06 -9.77749616e-01  6.48592000e-06  6.32454807e-05 
 6.48792000e-06  2.59296238e-314  6.48792000e-06 -9.78467832e-01  6.48792000e-06  5.09507483e-05 
 6.48992000e-06  5.64146506e-314  6.48992000e-06 -9.79031346e-01  6.48992000e-06  3.86481152e-05 
 6.49192000e-06  2.59296238e-314  6.49192000e-06 -9.79440074e-01  6.49192000e-06  2.63395268e-05 
 6.49392000e-06  5.64146506e-314  6.49392000e-06 -9.79693951e-01  6.49392000e-06  1.40269288e-05 
 6.49592000e-06  2.59296238e-314  6.49592000e-06 -9.79792940e-01  6.49592000e-06  1.71226801e-06 
 6.49792000e-06  5.64146506e-314  6.49792000e-06 -9.79737026e-01  6.49792000e-06 -1.06025087e-05 
 6.49992000e-06  2.59296238e-314  6.49992000e-06 -9.79526221e-01  6.49992000e-06 -2.29154544e-05 
 6.50192000e-06  5.64146506e-314  6.50192000e-06 -9.79160560e-01  6.50192000e-06 -3.52246226e-05 
 6.50392000e-06  2.59296238e-314  6.50392000e-06 -9.78640103e-01  6.50392000e-06 -4.75280672e-05 
 6.50592000e-06  5.64146506e-314  6.50592000e-06 -9.77964934e-01  6.50592000e-06 -5.98238431e-05 
 6.50792000e-06  2.59296238e-314  6.50792000e-06 -9.77135161e-01  6.50792000e-06 -7.21100067e-05 
 6.50992000e-06  5.64146506e-314  6.50992000e-06 -9.76150918e-01  6.50992000e-06 -8.43846155e-05 
 6.51192000e-06  2.59296238e-314  6.51192000e-06 -9.75012363e-01  6.51192000e-06 -9.66457293e-05 
 6.51392000e-06  5.64146506e-314  6.51392000e-06 -9.73719676e-01  6.51392000e-06 -1.08891410e-04 
 6.51592000e-06  2.59296238e-314  6.51592000e-06 -9.72273066e-01  6.51592000e-06 -1.21119721e-04 
 6.51792000e-06  5.64146506e-314  6.51792000e-06 -9.70672761e-01  6.51792000e-06 -1.33328730e-04 
 6.51992000e-06  2.59296238e-314  6.51992000e-06 -9.68919017e-01  6.51992000e-06 -1.45516507e-04 
 6.52192000e-06  5.64146506e-314  6.52192000e-06 -9.67012114e-01  6.52192000e-06 -1.57681125e-04 
 6.52392000e-06  2.59296238e-314  6.52392000e-06 -9.64952354e-01  6.52392000e-06 -1.69820662e-04 
 6.52592000e-06  5.64146506e-314  6.52592000e-06 -9.62740066e-01  6.52592000e-06 -1.81933198e-04 
 6.52792000e-06  2.59296238e-314  6.52792000e-06 -9.60375600e-01  6.52792000e-06 -1.94016819e-04 
 6.52992000e-06  5.64146506e-314  6.52992000e-06 -9.57859333e-01  6.52992000e-06 -2.06069615e-04 
 6.53192000e-06  2.59296238e-314  6.53192000e-06 -9.55191665e-01  6.53192000e-06 -2.18089681e-04 
 6.53392000e-06  5.64146506e-314  6.53392000e-06 -9.52373018e-01  6.53392000e-06 -2.30075117e-04 
 6.53592000e-06  2.59296238e-314  6.53592000e-06 -9.49403841e-01  6.53592000e-06 -2.42024028e-04 
 6.53792000e-06  5.64146506e-314  6.53792000e-06 -9.46284605e-01  6.53792000e-06 -2.53934527e-04 
 6.53992000e-06  2.59296238e-314  6.53992000e-06 -9.43015805e-01  6.53992000e-06 -2.65804729e-04 
 6.54192000e-06  5.64146506e-314  6.54192000e-06 -9.39597959e-01  6.54192000e-06 -2.77632760e-04 
 6.54392000e-06  2.59296238e-314  6.54392000e-06 -9.36031610e-01  6.54392000e-06 -2.89416750e-04 
 6.54592000e-06  5.64146506e-314  6.54592000e-06 -9.32317323e-01  6.54592000e-06 -3.01154836e-04 
 6.54792000e-06  2.59296238e-314  6.54792000e-06 -9.28455688e-01  6.54792000e-06 -3.12845163e-04 
 6.54992000e-06  5.64146506e-314  6.54992000e-06 -9.24447316e-01  6.54992000e-06 -3.24485884e-04 
 6.55192000e-06  2.59296238e-314  6.55192000e-06 -9.20292844e-01  6.55192000e-06 -3.36075159e-04 
 6.55392000e-06  5.64146506e-314  6.55392000e-06 -9.15992931e-01  6.55392000e-06 -3.47611157e-04 
 6.55592000e-06  2.59296238e-314  6.55592000e-06 -9.11548256e-01  6.55592000e-06 -3.59092053e-04 
 6.55792000e-06  5.64146506e-314  6.55792000e-06 -9.06959526e-01  6.55792000e-06 -3.70516035e-04 
 6.55992000e-06  2.59296238e-314  6.55992000e-06 -9.02227467e-01  6.55992000e-06 -3.81881295e-04 
 6.56192000e-06  5.64146506e-314  6.56192000e-06 -8.97352830e-01  6.56192000e-06 -3.93186040e-04 
 6.56392000e-06  2.59296238e-314  6.56392000e-06 -8.92336387e-01  6.56392000e-06 -4.04428481e-04 
 6.56592000e-06  5.64146506e-314  6.56592000e-06 -8.87178932e-01  6.56592000e-06 -4.15606843e-04 
 6.56792000e-06  2.59296238e-314  6.56792000e-06 -8.81881283e-01  6.56792000e-06 -4.26719358e-04 
 6.56992000e-06  5.64146506e-314  6.56992000e-06 -8.76444279e-01  6.56992000e-06 -4.37764272e-04 
 6.57192000e-06  2.59296238e-314  6.57192000e-06 -8.70868781e-01  6.57192000e-06 -4.48739838e-04 
 6.57392000e-06  5.64146506e-314  6.57392000e-06 -8.65155673e-01  6.57392000e-06 -4.59644322e-04 
 6.57592000e-06  2.59296238e-314  6.57592000e-06 -8.59305860e-01  6.57592000e-06 -4.70476002e-04 
 6.57792000e-06  5.64146506e-314  6.57792000e-06 -8.53320268e-01  6.57792000e-06 -4.81233165e-04 
 6.57992000e-06  2.59296238e-314  6.57992000e-06 -8.47199845e-01  6.57992000e-06 -4.91914113e-04 
 6.58192000e-06  5.64146506e-314  6.58192000e-06 -8.40945560e-01  6.58192000e-06 -5.02517156e-04 
 6.58392000e-06  2.59296238e-314  6.58392000e-06 -8.34558404e-01  6.58392000e-06 -5.13040621e-04 
 6.58592000e-06  5.64146506e-314  6.58592000e-06 -8.28039388e-01  6.58592000e-06 -5.23482844e-04 
 6.58792000e-06  2.59296238e-314  6.58792000e-06 -8.21389546e-01  6.58792000e-06 -5.33842175e-04 
 6.58992000e-06  5.64146506e-314  6.58992000e-06 -8.14609928e-01  6.58992000e-06 -5.44116979e-04 
 6.59192000e-06  2.59296238e-314  6.59192000e-06 -8.07701610e-01  6.59192000e-06 -5.54305630e-04 
 6.59392000e-06  5.64146506e-314  6.59392000e-06 -8.00665684e-01  6.59392000e-06 -5.64406521e-04 
 6.59592000e-06  2.59296238e-314  6.59592000e-06 -7.93503266e-01  6.59592000e-06 -5.74418054e-04 
 6.59792000e-06  5.64146506e-314  6.59792000e-06 -7.86215488e-01  6.59792000e-06 -5.84338648e-04 
 6.59992000e-06  2.59296238e-314  6.59992000e-06 -7.78803504e-01  6.59992000e-06 -5.94166737e-04 
 6.60192000e-06  5.64146506e-314  6.60192000e-06 -7.71268488e-01  6.60192000e-06 -6.03900766e-04 
 6.60392000e-06  2.59296238e-314  6.60392000e-06 -7.63611633e-01  6.60392000e-06 -6.13539200e-04 
 6.60592000e-06  5.64146506e-314  6.60592000e-06 -7.55834151e-01  6.60592000e-06 -6.23080514e-04 
 6.60792000e-06  2.59296238e-314  6.60792000e-06 -7.47937272e-01  6.60792000e-06 -6.32523203e-04 
 6.60992000e-06  5.64146506e-314  6.60992000e-06 -7.39922247e-01  6.60992000e-06 -6.41865773e-04 
 6.61192000e-06  2.59296238e-314  6.61192000e-06 -7.31790344e-01  6.61192000e-06 -6.51106750e-04 
 6.61392000e-06  5.64146506e-314  6.61392000e-06 -7.23542851e-01  6.61392000e-06 -6.60244674e-04 
 6.61592000e-06  2.59296238e-314  6.61592000e-06 -7.15181073e-01  6.61592000e-06 -6.69278101e-04 
 6.61792000e-06  5.64146506e-314  6.61792000e-06 -7.06706332e-01  6.61792000e-06 -6.78205605e-04 
 6.61992000e-06  2.59296238e-314  6.61992000e-06 -6.98119972e-01  6.61992000e-06 -6.87025776e-04 
 6.62192000e-06  5.64146506e-314  6.62192000e-06 -6.89423349e-01  6.62192000e-06 -6.95737220e-04 
 6.62392000e-06  2.59296238e-314  6.62392000e-06 -6.80617841e-01  6.62392000e-06 -7.04338561e-04 
 6.62592000e-06  5.64146506e-314  6.62592000e-06 -6.71704841e-01  6.62592000e-06 -7.12828441e-04 
 6.62792000e-06  2.59296238e-314  6.62792000e-06 -6.62685759e-01  6.62792000e-06 -7.21205520e-04 
 6.62992000e-06  5.64146506e-314  6.62992000e-06 -6.53562024e-01  6.62992000e-06 -7.29468474e-04 
 6.63192000e-06  2.59296238e-314  6.63192000e-06 -6.44335077e-01  6.63192000e-06 -7.37615999e-04 
 6.63392000e-06  5.64146506e-314  6.63392000e-06 -6.35006380e-01  6.63392000e-06 -7.45646807e-04 
 6.63592000e-06  2.59296238e-314  6.63592000e-06 -6.25577409e-01  6.63592000e-06 -7.53559632e-04 
 6.63792000e-06  5.64146506e-314  6.63792000e-06 -6.16049655e-01  6.63792000e-06 -7.61353222e-04 
 6.63992000e-06  2.59296238e-314  6.63992000e-06 -6.06424626e-01  6.63992000e-06 -7.69026347e-04 
 6.64192000e-06  5.64146506e-314  6.64192000e-06 -5.96703846e-01  6.64192000e-06 -7.76577797e-04 
 6.64392000e-06  2.59296238e-314  6.64392000e-06 -5.86888851e-01  6.64392000e-06 -7.84006378e-04 
 6.64592000e-06  5.64146506e-314  6.64592000e-06 -5.76981195e-01  6.64592000e-06 -7.91310918e-04 
 6.64792000e-06  2.59296238e-314  6.64792000e-06 -5.66982445e-01  6.64792000e-06 -7.98490264e-04 
 6.64992000e-06  5.64146506e-314  6.64992000e-06 -5.56894184e-01  6.64992000e-06 -8.05543281e-04 
 6.65192000e-06  2.59296238e-314  6.65192000e-06 -5.46718007e-01  6.65192000e-06 -8.12468857e-04 
 6.65392000e-06  5.64146506e-314  6.65392000e-06 -5.36455524e-01  6.65392000e-06 -8.19265899e-04 
 6.65592000e-06  2.59296238e-314  6.65592000e-06 -5.26108359e-01  6.65592000e-06 -8.25933332e-04 
 6.65792000e-06  5.64146506e-314  6.65792000e-06 -5.15678149e-01  6.65792000e-06 -8.32470106e-04 
 6.65992000e-06  2.59296238e-314  6.65992000e-06 -5.05166543e-01  6.65992000e-06 -8.38875187e-04 
 6.66192000e-06  5.64146506e-314  6.66192000e-06 -4.94575205e-01  6.66192000e-06 -8.45147566e-04 
 6.66392000e-06  2.59296238e-314  6.66392000e-06 -4.83905810e-01  6.66392000e-06 -8.51286252e-04 
 6.66592000e-06  5.64146506e-314  6.66592000e-06 -4.73160046e-01  6.66592000e-06 -8.57290276e-04 
 6.66792000e-06  2.59296238e-314  6.66792000e-06 -4.62339612e-01  6.66792000e-06 -8.63158690e-04 
 6.66992000e-06  5.64146506e-314  6.66992000e-06 -4.51446221e-01  6.66992000e-06 -8.68890570e-04 
 6.67192000e-06  2.59296238e-314  6.67192000e-06 -4.40481594e-01  6.67192000e-06 -8.74485010e-04 
 6.67392000e-06  5.64146506e-314  6.67392000e-06 -4.29447468e-01  6.67392000e-06 -8.79941127e-04 
 6.67592000e-06  2.59296238e-314  6.67592000e-06 -4.18345586e-01  6.67592000e-06 -8.85258061e-04 
 6.67792000e-06  5.64146506e-314  6.67792000e-06 -4.07177705e-01  6.67792000e-06 -8.90434973e-04 
 6.67992000e-06  2.59296238e-314  6.67992000e-06 -3.95945592e-01  6.67992000e-06 -8.95471046e-04 
 6.68192000e-06  5.64146506e-314  6.68192000e-06 -3.84651023e-01  6.68192000e-06 -9.00365485e-04 
 6.68392000e-06  2.59296238e-314  6.68392000e-06 -3.73295784e-01  6.68392000e-06 -9.05117520e-04 
 6.68592000e-06  5.64146506e-314  6.68592000e-06 -3.61881671e-01  6.68592000e-06 -9.09726399e-04 
 6.68792000e-06  2.59296238e-314  6.68792000e-06 -3.50410490e-01  6.68792000e-06 -9.14191397e-04 
 6.68992000e-06  5.64146506e-314  6.68992000e-06 -3.38884055e-01  6.68992000e-06 -9.18511810e-04 
 6.69192000e-06  2.59296238e-314  6.69192000e-06 -3.27304188e-01  6.69192000e-06 -9.22686955e-04 
 6.69392000e-06  5.64146506e-314  6.69392000e-06 -3.15672722e-01  6.69392000e-06 -9.26716175e-04 
 6.69592000e-06  2.59296238e-314  6.69592000e-06 -3.03991495e-01  6.69592000e-06 -9.30598835e-04 
 6.69792000e-06  5.64146506e-314  6.69792000e-06 -2.92262356e-01  6.69792000e-06 -9.34334323e-04 
 6.69992000e-06  2.59296238e-314  6.69992000e-06 -2.80487159e-01  6.69992000e-06 -9.37922050e-04 
 6.70192000e-06  5.64146506e-314  6.70192000e-06 -2.68667766e-01  6.70192000e-06 -9.41361450e-04 
 6.70392000e-06  2.59296238e-314  6.70392000e-06 -2.56806046e-01  6.70392000e-06 -9.44651982e-04 
 6.70592000e-06  5.64146506e-314  6.70592000e-06 -2.44903875e-01  6.70592000e-06 -9.47793127e-04 
 6.70792000e-06  2.59296238e-314  6.70792000e-06 -2.32963136e-01  6.70792000e-06 -9.50784392e-04 
 6.70992000e-06  5.64146506e-314  6.70992000e-06 -2.20985717e-01  6.70992000e-06 -9.53625303e-04 
 6.71192000e-06  2.59296238e-314  6.71192000e-06 -2.08973511e-01  6.71192000e-06 -9.56315415e-04 
 6.71392000e-06  5.64146506e-314  6.71392000e-06 -1.96928418e-01  6.71392000e-06 -9.58854305e-04 
 6.71592000e-06  2.59296238e-314  6.71592000e-06 -1.84852344e-01  6.71592000e-06 -9.61241571e-04 
 6.71792000e-06  5.64146506e-314  6.71792000e-06 -1.72747197e-01  6.71792000e-06 -9.63476840e-04 
 6.71992000e-06  2.59296238e-314  6.71992000e-06 -1.60614891e-01  6.71992000e-06 -9.65559759e-04 
 6.72192000e-06  5.64146506e-314  6.72192000e-06 -1.48457345e-01  6.72192000e-06 -9.67490001e-04 
 6.72392000e-06  2.59296238e-314  6.72392000e-06 -1.36276482e-01  6.72392000e-06 -9.69267263e-04 
 6.72592000e-06  5.64146506e-314  6.72592000e-06 -1.24074227e-01  6.72592000e-06 -9.70891267e-04 
 6.72792000e-06  2.59296238e-314  6.72792000e-06 -1.11852510e-01  6.72792000e-06 -9.72361756e-04 
 6.72992000e-06  5.64146506e-314  6.72992000e-06 -9.96132630e-02  6.72992000e-06 -9.73678500e-04 
 6.73192000e-06  2.59296238e-314  6.73192000e-06 -8.73584215e-02  6.73192000e-06 -9.74841294e-04 
 6.73392000e-06  5.64146506e-314  6.73392000e-06 -7.50899231e-02  6.73392000e-06 -9.75849955e-04 
 6.73592000e-06  2.59296238e-314  6.73592000e-06 -6.28097075e-02  6.73592000e-06 -9.76704326e-04 
 6.73792000e-06  5.64146506e-314  6.73792000e-06 -5.05197163e-02  6.73792000e-06 -9.77404274e-04 
 6.73992000e-06  2.59296238e-314  6.73992000e-06 -3.82218926e-02  6.73992000e-06 -9.77949689e-04 
 6.74192000e-06  5.64146506e-314  6.74192000e-06 -2.59181808e-02  6.74192000e-06 -9.78340489e-04 
 6.74392000e-06  2.59296238e-314  6.74392000e-06 -1.36105261e-02  6.74392000e-06 -9.78576612e-04 
 6.74592000e-06  5.64146506e-314  6.74592000e-06 -1.30087433e-03  6.74592000e-06 -9.78658023e-04 
 6.74792000e-06  2.59296238e-314  6.74792000e-06  1.10088284e-02  6.74792000e-06 -9.78584712e-04 
 6.74992000e-06  5.64146506e-314  6.74992000e-06  2.33166360e-02  6.74992000e-06 -9.78356692e-04 
 6.75192000e-06  2.59296238e-314  6.75192000e-06  3.56206026e-02  6.75192000e-06 -9.77974002e-04 
 6.75392000e-06  5.64146506e-314  6.75392000e-06  4.79187831e-02  6.75392000e-06 -9.77436702e-04 
 6.75592000e-06  2.59296238e-314  6.75592000e-06  6.02092334e-02  6.75592000e-06 -9.76744881e-04 
 6.75792000e-06  5.64146506e-314  6.75792000e-06  7.24900103e-02  6.75792000e-06 -9.75898650e-04 
 6.75992000e-06  2.59296238e-314  6.75992000e-06  8.47591725e-02  6.75992000e-06 -9.74898144e-04 
 6.76192000e-06  5.64146506e-314  6.76192000e-06  9.70147805e-02  6.76192000e-06 -9.73743524e-04 
 6.76392000e-06  2.59296238e-314  6.76392000e-06  1.09254897e-01  6.76392000e-06 -9.72434974e-04 
 6.76592000e-06  5.64146506e-314  6.76592000e-06  1.21477587e-01  6.76592000e-06 -9.70972702e-04 
 6.76792000e-06  2.59296238e-314  6.76792000e-06  1.33680918e-01  6.76792000e-06 -9.69356943e-04 
 6.76992000e-06  5.64146506e-314  6.76992000e-06  1.45862961e-01  6.76992000e-06 -9.67587953e-04 
 6.77192000e-06  2.59296238e-314  6.77192000e-06  1.58021791e-01  6.77192000e-06 -9.65666014e-04 
 6.77392000e-06  5.64146506e-314  6.77392000e-06  1.70155486e-01  6.77392000e-06 -9.63591431e-04 
 6.77592000e-06  2.59296238e-314  6.77592000e-06  1.82262127e-01  6.77592000e-06 -9.61364535e-04 
 6.77792000e-06  5.64146506e-314  6.77792000e-06  1.94339801e-01  6.77792000e-06 -9.58985680e-04 
 6.77992000e-06  2.59296238e-314  6.77992000e-06  2.06386600e-01  6.77992000e-06 -9.56455243e-04 
 6.78192000e-06  5.64146506e-314  6.78192000e-06  2.18400618e-01  6.78192000e-06 -9.53773626e-04 
 6.78392000e-06  2.59296238e-314  6.78392000e-06  2.30379956e-01  6.78392000e-06 -9.50941256e-04 
 6.78592000e-06  5.64146506e-314  6.78592000e-06  2.42322723e-01  6.78592000e-06 -9.47958582e-04 
 6.78792000e-06  2.59296238e-314  6.78792000e-06  2.54227029e-01  6.78792000e-06 -9.44826078e-04 
 6.78992000e-06  5.64146506e-314  6.78992000e-06  2.66090993e-01  6.78992000e-06 -9.41544240e-04 
 6.79192000e-06  2.59296238e-314  6.79192000e-06  2.77912740e-01  6.79192000e-06 -9.38113590e-04 
 6.79392000e-06  5.64146506e-314  6.79392000e-06  2.89690402e-01  6.79392000e-06 -9.34534671e-04 
 6.79592000e-06  2.59296238e-314  6.79592000e-06  3.01422118e-01  6.79592000e-06 -9.30808051e-04 
 6.79792000e-06  5.64146506e-314  6.79792000e-06  3.13106032e-01  6.79792000e-06 -9.26934321e-04 
 6.79992000e-06  2.59296238e-314  6.79992000e-06  3.24740299e-01  6.79992000e-06 -9.22914096e-04 
 6.80192000e-06  5.64146506e-314  6.80192000e-06  3.36323079e-01  6.80192000e-06 -9.18748013e-04 
 6.80392000e-06  2.59296238e-314  6.80392000e-06  3.47852543e-01  6.80392000e-06 -9.14436733e-04 
 6.80592000e-06  5.64146506e-314  6.80592000e-06  3.59326868e-01  6.80592000e-06 -9.09980938e-04 
 6.80792000e-06  2.59296238e-314  6.80792000e-06  3.70744241e-01  6.80792000e-06 -9.05381335e-04 
 6.80992000e-06  5.64146506e-314  6.80992000e-06  3.82102857e-01  6.80992000e-06 -9.00638653e-04 
 6.81192000e-06  2.59296238e-314  6.81192000e-06  3.93400922e-01  6.81192000e-06 -8.95753644e-04 
 6.81392000e-06  5.64146506e-314  6.81392000e-06  4.04636650e-01  6.81392000e-06 -8.90727082e-04 
 6.81592000e-06  2.59296238e-314  6.81592000e-06  4.15808265e-01  6.81592000e-06 -8.85559763e-04 
 6.81792000e-06  5.64146506e-314  6.81792000e-06  4.26914003e-01  6.81792000e-06 -8.80252506e-04 
 6.81992000e-06  2.59296238e-314  6.81992000e-06  4.37952107e-01  6.81992000e-06 -8.74806152e-04 
 6.82192000e-06  5.64146506e-314  6.82192000e-06  4.48920835e-01  6.82192000e-06 -8.69221563e-04 
 6.82392000e-06  2.59296238e-314  6.82392000e-06  4.59818453e-01  6.82392000e-06 -8.63499624e-04 
 6.82592000e-06  5.64146506e-314  6.82592000e-06  4.70643238e-01  6.82592000e-06 -8.57641242e-04 
 6.82792000e-06  2.59296238e-314  6.82792000e-06  4.81393481e-01  6.82792000e-06 -8.51647344e-04 
 6.82992000e-06  5.64146506e-314  6.82992000e-06  4.92067482e-01  6.82992000e-06 -8.45518880e-04 
 6.83192000e-06  2.59296238e-314  6.83192000e-06  5.02663556e-01  6.83192000e-06 -8.39256820e-04 
 6.83392000e-06  5.64146506e-314  6.83392000e-06  5.13180027e-01  6.83392000e-06 -8.32862156e-04 
 6.83592000e-06  2.59296238e-314  6.83592000e-06  5.23615235e-01  6.83592000e-06 -8.26335901e-04 
 6.83792000e-06  5.64146506e-314  6.83792000e-06  5.33967531e-01  6.83792000e-06 -8.19679088e-04 
 6.83992000e-06  2.59296238e-314  6.83992000e-06  5.44235278e-01  6.83992000e-06 -8.12892770e-04 
 6.84192000e-06  5.64146506e-314  6.84192000e-06  5.54416856e-01  6.84192000e-06 -8.05978024e-04 
 6.84392000e-06  2.59296238e-314  6.84392000e-06  5.64510654e-01  6.84392000e-06 -7.98935942e-04 
 6.84592000e-06  5.64146506e-314  6.84592000e-06  5.74515079e-01  6.84592000e-06 -7.91767642e-04 
 6.84792000e-06  2.59296238e-314  6.84792000e-06  5.84428550e-01  6.84792000e-06 -7.84474256e-04 
 6.84992000e-06  5.64146506e-314  6.84992000e-06  5.94249501e-01  6.84992000e-06 -7.77056940e-04 
 6.85192000e-06  2.59296238e-314  6.85192000e-06  6.03976380e-01  6.85192000e-06 -7.69516868e-04 
 6.85392000e-06  5.64146506e-314  6.85392000e-06  6.13607651e-01  6.85392000e-06 -7.61855234e-04 
 6.85592000e-06  2.59296238e-314  6.85592000e-06  6.23141793e-01  6.85592000e-06 -7.54073250e-04 
 6.85792000e-06  5.64146506e-314  6.85792000e-06  6.32577299e-01  6.85792000e-06 -7.46172148e-04 
 6.85992000e-06  2.59296238e-314  6.85992000e-06  6.41912678e-01  6.85992000e-06 -7.38153179e-04 
 6.86192000e-06  5.64146506e-314  6.86192000e-06  6.51146456e-01  6.86192000e-06 -7.30017612e-04 
 6.86392000e-06  2.59296238e-314  6.86392000e-06  6.60277176e-01  6.86392000e-06 -7.21766735e-04 
 6.86592000e-06  5.64146506e-314  6.86592000e-06  6.69303393e-01  6.86592000e-06 -7.13401853e-04 
 6.86792000e-06  2.59296238e-314  6.86792000e-06  6.78223683e-01  6.86792000e-06 -7.04924291e-04 
 6.86992000e-06  5.64146506e-314  6.86992000e-06  6.87036637e-01  6.86992000e-06 -6.96335390e-04 
 6.87192000e-06  2.59296238e-314  6.87192000e-06  6.95740863e-01  6.87192000e-06 -6.87636510e-04 
 6.87392000e-06  5.64146506e-314  6.87392000e-06  7.04334986e-01  6.87392000e-06 -6.78829027e-04 
 6.87592000e-06  2.59296238e-314  6.87592000e-06  7.12817649e-01  6.87592000e-06 -6.69914334e-04 
 6.87792000e-06  5.64146506e-314  6.87792000e-06  7.21187511e-01  6.87792000e-06 -6.60893843e-04 
 6.87992000e-06  2.59296238e-314  6.87992000e-06  7.29443252e-01  6.87992000e-06 -6.51768982e-04 
 6.88192000e-06  5.64146506e-314  6.88192000e-06  7.37583568e-01  6.88192000e-06 -6.42541193e-04 
 6.88392000e-06  2.59296238e-314  6.88392000e-06  7.45607173e-01  6.88392000e-06 -6.33211937e-04 
 6.88592000e-06  5.64146506e-314  6.88592000e-06  7.53512799e-01  6.88592000e-06 -6.23782690e-04 
 6.88792000e-06  2.59296238e-314  6.88792000e-06  7.61299199e-01  6.88792000e-06 -6.14254945e-04 
 6.88992000e-06  5.64146506e-314  6.88992000e-06  7.68965144e-01  6.88992000e-06 -6.04630209e-04 
 6.89192000e-06  2.59296238e-314  6.89192000e-06  7.76509422e-01  6.89192000e-06 -5.94910004e-04 
 6.89392000e-06  5.64146506e-314  6.89392000e-06  7.83930842e-01  6.89392000e-06 -5.85095868e-04 
 6.89592000e-06  2.59296238e-314  6.89592000e-06  7.91228234e-01  6.89592000e-06 -5.75189355e-04 
 6.89792000e-06  5.64146506e-314  6.89792000e-06  7.98400444e-01  6.89792000e-06 -5.65192032e-04 
 6.89992000e-06  2.59296238e-314  6.89992000e-06  8.05446340e-01  6.89992000e-06 -5.55105480e-04 
 6.90192000e-06  5.64146506e-314  6.90192000e-06  8.12364810e-01  6.90192000e-06 -5.44931295e-04 
 6.90392000e-06  2.59296238e-314  6.90392000e-06  8.19154762e-01  6.90392000e-06 -5.34671087e-04 
 6.90592000e-06  5.64146506e-314  6.90592000e-06  8.25815124e-01  6.90592000e-06 -5.24326478e-04 
 6.90792000e-06  2.59296238e-314  6.90792000e-06  8.32344845e-01  6.90792000e-06 -5.13899106e-04 
 6.90992000e-06  5.64146506e-314  6.90992000e-06  8.38742894e-01  6.90992000e-06 -5.03390620e-04 
 6.91192000e-06  2.59296238e-314  6.91192000e-06  8.45008260e-01  6.91192000e-06 -4.92802682e-04 
 6.91392000e-06  5.64146506e-314  6.91392000e-06  8.51139956e-01  6.91392000e-06 -4.82136968e-04 
 6.91592000e-06  2.59296238e-314  6.91592000e-06  8.57137014e-01  6.91592000e-06 -4.71395163e-04 
 6.91792000e-06  5.64146506e-314  6.91792000e-06  8.62998486e-01  6.91792000e-06 -4.60578969e-04 
 6.91992000e-06  2.59296238e-314  6.91992000e-06  8.68723449e-01  6.91992000e-06 -4.49690094e-04 
 6.92192000e-06  5.64146506e-314  6.92192000e-06  8.74310998e-01  6.92192000e-06 -4.38730263e-04 
 6.92392000e-06  2.59296238e-314  6.92392000e-06  8.79760253e-01  6.92392000e-06 -4.27701208e-04 
 6.92592000e-06  5.64146506e-314  6.92592000e-06  8.85070353e-01  6.92592000e-06 -4.16604674e-04 
 6.92792000e-06  2.59296238e-314  6.92792000e-06  8.90240460e-01  6.92792000e-06 -4.05442416e-04 
 6.92992000e-06  5.64146506e-314  6.92992000e-06  8.95269760e-01  6.92992000e-06 -3.94216200e-04 
 6.93192000e-06  2.59296238e-314  6.93192000e-06  9.00157458e-01  6.93192000e-06 -3.82927801e-04 
 6.93392000e-06  5.64146506e-314  6.93392000e-06  9.04902784e-01  6.93392000e-06 -3.71579004e-04 
 6.93592000e-06  2.59296238e-314  6.93592000e-06  9.09504989e-01  6.93592000e-06 -3.60171606e-04 
 6.93792000e-06  5.64146506e-314  6.93792000e-06  9.13963347e-01  6.93792000e-06 -3.48707409e-04 
 6.93992000e-06  2.59296238e-314  6.93992000e-06  9.18277156e-01  6.93992000e-06 -3.37188227e-04 
 6.94192000e-06  5.64146506e-314  6.94192000e-06  9.22445736e-01  6.94192000e-06 -3.25615882e-04 
 6.94392000e-06  2.59296238e-314  6.94392000e-06  9.26468428e-01  6.94392000e-06 -3.13992205e-04 
 6.94592000e-06  5.64146506e-314  6.94592000e-06  9.30344599e-01  6.94592000e-06 -3.02319032e-04 
 6.94792000e-06  2.59296238e-314  6.94792000e-06  9.34073639e-01  6.94792000e-06 -2.90598211e-04 
 6.94992000e-06  5.64146506e-314  6.94992000e-06  9.37654958e-01  6.94992000e-06 -2.78831595e-04 
 6.95192000e-06  2.59296238e-314  6.95192000e-06  9.41087994e-01  6.95192000e-06 -2.67021045e-04 
 6.95392000e-06  5.64146506e-314  6.95392000e-06  9.44372204e-01  6.95392000e-06 -2.55168428e-04 
 6.95592000e-06  2.59296238e-314  6.95592000e-06  9.47507072e-01  6.95592000e-06 -2.43275620e-04 
 6.95792000e-06  5.64146506e-314  6.95792000e-06  9.50492105e-01  6.95792000e-06 -2.31344500e-04 
 6.95992000e-06  2.59296238e-314  6.95992000e-06  9.53326831e-01  6.95992000e-06 -2.19376955e-04 
 6.96192000e-06  5.64146506e-314  6.96192000e-06  9.56010804e-01  6.96192000e-06 -2.07374879e-04 
 6.96392000e-06  2.59296238e-314  6.96392000e-06  9.58543604e-01  6.96392000e-06 -1.95340168e-04 
 6.96592000e-06  5.64146506e-314  6.96592000e-06  9.60924829e-01  6.96592000e-06 -1.83274726e-04 
 6.96792000e-06  2.59296238e-314  6.96792000e-06  9.63154107e-01  6.96792000e-06 -1.71180461e-04 
 6.96992000e-06  5.64146506e-314  6.96992000e-06  9.65231087e-01  6.96992000e-06 -1.59059285e-04 
 6.97192000e-06  2.59296238e-314  6.97192000e-06  9.67155441e-01  6.97192000e-06 -1.46913114e-04 
 6.97392000e-06  5.64146506e-314  6.97392000e-06  9.68926869e-01  6.97392000e-06 -1.34743870e-04 
 6.97592000e-06  2.59296238e-314  6.97592000e-06  9.70545091e-01  6.97592000e-06 -1.22553477e-04 
 6.97792000e-06  5.64146506e-314  6.97792000e-06  9.72009854e-01  6.97792000e-06 -1.10343862e-04 
 6.97992000e-06  2.59296238e-314  6.97992000e-06  9.73320929e-01  6.97992000e-06 -9.81169551e-05 
 6.98192000e-06  5.64146506e-314  6.98192000e-06  9.74478109e-01  6.98192000e-06 -8.58746902e-05 
 6.98392000e-06  2.59296238e-314  6.98392000e-06  9.75481214e-01  6.98392000e-06 -7.36190028e-05 
 6.98592000e-06  5.64146506e-314  6.98592000e-06  9.76330087e-01  6.98592000e-06 -6.13518306e-05 
 6.98792000e-06  2.59296238e-314  6.98792000e-06  9.77024596e-01  6.98792000e-06 -4.90751131e-05 
 6.98992000e-06  5.64146506e-314  6.98992000e-06  9.77564633e-01  6.98992000e-06 -3.67907913e-05 
 6.99192000e-06  2.59296238e-314  6.99192000e-06  9.77950115e-01  6.99192000e-06 -2.45008075e-05 
 6.99392000e-06  5.64146506e-314  6.99392000e-06  9.78180982e-01  6.99392000e-06 -1.22071047e-05 
 6.99592000e-06  2.59296238e-314  6.99592000e-06  9.78257201e-01  6.99592000e-06  8.83734576e-08 
 6.99792000e-06  5.64146506e-314  6.99792000e-06  9.78178760e-01  6.99792000e-06  1.23836831e-05 
 6.99992000e-06  2.59296238e-314  6.99992000e-06  9.77945675e-01  6.99992000e-06  2.46768805e-05 
 7.00192000e-06  5.64146506e-314  7.00192000e-06  9.77557984e-01  7.00192000e-06  3.69660220e-05 
 7.00392000e-06  2.59296238e-314  7.00392000e-06  9.77015750e-01  7.00392000e-06  4.92491649e-05 
 7.00592000e-06  5.64146506e-314  7.00592000e-06  9.76319061e-01  7.00592000e-06  6.15243673e-05 
 7.00792000e-06  2.59296238e-314  7.00792000e-06  9.75468029e-01  7.00792000e-06  7.37896888e-05 
 7.00992000e-06  5.64146506e-314  7.00992000e-06  9.74462791e-01  7.00992000e-06  8.60431902e-05 
 7.01192000e-06  2.59296238e-314  7.01192000e-06  9.73303507e-01  7.01192000e-06  9.82829346e-05 
 7.01392000e-06  5.64146506e-314  7.01392000e-06  9.71990363e-01  7.01392000e-06  1.10506987e-04 
 7.01592000e-06  2.59296238e-314  7.01592000e-06  9.70523568e-01  7.01592000e-06  1.22713415e-04 
 7.01792000e-06  5.64146506e-314  7.01792000e-06  9.68903356e-01  7.01792000e-06  1.34900290e-04 
 7.01992000e-06  2.59296238e-314  7.01992000e-06  9.67129985e-01  7.01992000e-06  1.47065684e-04 
 7.02192000e-06  5.64146506e-314  7.02192000e-06  9.65203738e-01  7.02192000e-06  1.59207674e-04 
 7.02392000e-06  2.59296238e-314  7.02392000e-06  9.63124920e-01  7.02392000e-06  1.71324342e-04 
 7.02592000e-06  5.64146506e-314  7.02592000e-06  9.60893863e-01  7.02592000e-06  1.83413773e-04 
 7.02792000e-06  2.59296238e-314  7.02792000e-06  9.58510920e-01  7.02792000e-06  1.95474054e-04 
 7.02992000e-06  5.64146506e-314  7.02992000e-06  9.55976472e-01  7.02992000e-06  2.07503280e-04 
 7.03192000e-06  2.59296238e-314  7.03192000e-06  9.53290919e-01  7.03192000e-06  2.19499550e-04 
 7.03392000e-06  5.64146506e-314  7.03392000e-06  9.50454690e-01  7.03392000e-06  2.31460967e-04 
 7.03592000e-06  2.59296238e-314  7.03592000e-06  9.47468233e-01  7.03592000e-06  2.43385640e-04 
 7.03792000e-06  5.64146506e-314  7.03792000e-06  9.44332023e-01  7.03792000e-06  2.55271686e-04 
 7.03992000e-06  2.59296238e-314  7.03992000e-06  9.41046558e-01  7.03992000e-06  2.67117225e-04 
 7.04192000e-06  5.64146506e-314  7.04192000e-06  9.37612360e-01  7.04192000e-06  2.78920385e-04 
 7.04392000e-06  2.59296238e-314  7.04392000e-06  9.34029972e-01  7.04392000e-06  2.90679300e-04 
 7.04592000e-06  5.64146506e-314  7.04592000e-06  9.30299963e-01  7.04592000e-06  3.02392113e-04 
 7.04792000e-06  2.59296238e-314  7.04792000e-06  9.26422925e-01  7.04792000e-06  3.14056972e-04 
 7.04992000e-06  5.64146506e-314  7.04992000e-06  9.22399472e-01  7.04992000e-06  3.25672033e-04 
 7.05192000e-06  2.59296238e-314  7.05192000e-06  9.18230242e-01  7.05192000e-06  3.37235461e-04 
 7.05392000e-06  5.64146506e-314  7.05392000e-06  9.13915897e-01  7.05392000e-06  3.48745428e-04 
 7.05592000e-06  2.59296238e-314  7.05592000e-06  9.09457120e-01  7.05592000e-06  3.60200115e-04 
 7.05792000e-06  5.64146506e-314  7.05792000e-06  9.04854618e-01  7.05792000e-06  3.71597712e-04 
 7.05992000e-06  2.59296238e-314  7.05992000e-06  9.00109120e-01  7.05992000e-06  3.82936418e-04 
 7.06192000e-06  5.64146506e-314  7.06192000e-06  8.95221379e-01  7.06192000e-06  3.94214441e-04 
 7.06392000e-06  2.59296238e-314  7.06392000e-06  8.90192169e-01  7.06392000e-06  4.05429999e-04 
 7.06592000e-06  5.64146506e-314  7.06592000e-06  8.85022286e-01  7.06592000e-06  4.16581319e-04 
 7.06792000e-06  2.59296238e-314  7.06792000e-06  8.79712551e-01  7.06792000e-06  4.27666639e-04 
 7.06992000e-06  5.64146506e-314  7.06992000e-06  8.74263803e-01  7.06992000e-06  4.38684208e-04 
 7.07192000e-06  2.59296238e-314  7.07192000e-06  8.68676907e-01  7.07192000e-06  4.49632284e-04 
 7.07392000e-06  5.64146506e-314  7.07392000e-06  8.62952747e-01  7.07392000e-06  4.60509138e-04 
 7.07592000e-06  2.59296238e-314  7.07592000e-06  8.57092230e-01  7.07592000e-06  4.71313051e-04 
 7.07792000e-06  5.64146506e-314  7.07792000e-06  8.51096284e-01  7.07792000e-06  4.82042315e-04 
 7.07992000e-06  2.59296238e-314  7.07992000e-06  8.44965860e-01  7.07992000e-06  4.92695236e-04 
 7.08192000e-06  5.64146506e-314  7.08192000e-06  8.38701926e-01  7.08192000e-06  5.03270130e-04 
 7.08392000e-06  2.59296238e-314  7.08392000e-06  8.32305477e-01  7.08392000e-06  5.13765327e-04 
 7.08592000e-06  5.64146506e-314  7.08592000e-06  8.25777524e-01  7.08592000e-06  5.24179167e-04 
 7.08792000e-06  2.59296238e-314  7.08792000e-06  8.19119102e-01  7.08792000e-06  5.34510006e-04 
 7.08992000e-06  5.64146506e-314  7.08992000e-06  8.12331264e-01  7.08992000e-06  5.44756212e-04 
 7.09192000e-06  2.59296238e-314  7.09192000e-06  8.05415085e-01  7.09192000e-06  5.54916165e-04 
 7.09392000e-06  5.64146506e-314  7.09392000e-06  7.98371661e-01  7.09392000e-06  5.64988261e-04 
 7.09592000e-06  2.59296238e-314  7.09592000e-06  7.91202107e-01  7.09592000e-06  5.74970909e-04 
 7.09792000e-06  5.64146506e-314  7.09792000e-06  7.83907557e-01  7.09792000e-06  5.84862530e-04 
 7.09992000e-06  2.59296238e-314  7.09992000e-06  7.76489166e-01  7.09992000e-06  5.94661563e-04 
 7.10192000e-06  5.64146506e-314  7.10192000e-06  7.68948110e-01  7.10192000e-06  6.04366460e-04 
 7.10392000e-06  2.59296238e-314  7.10392000e-06  7.61285580e-01  7.10392000e-06  6.13975687e-04 
 7.10592000e-06  5.64146506e-314  7.10592000e-06  7.53502792e-01  7.10592000e-06  6.23487726e-04 
 7.10792000e-06  2.59296238e-314  7.10792000e-06  7.45600975e-01  7.10792000e-06  6.32901075e-04 
 7.10992000e-06  5.64146506e-314  7.10992000e-06  7.37581382e-01  7.10992000e-06  6.42214247e-04 
 7.11192000e-06  2.59296238e-314  7.11192000e-06  7.29445281e-01  7.11192000e-06  6.51425771e-04 
 7.11392000e-06  5.64146506e-314  7.11392000e-06  7.21193961e-01  7.11392000e-06  6.60534191e-04 
 7.11592000e-06  2.59296238e-314  7.11592000e-06  7.12828726e-01  7.11592000e-06  6.69538070e-04 
 7.11792000e-06  5.64146506e-314  7.11792000e-06  7.04350902e-01  7.11792000e-06  6.78435984e-04 
 7.11992000e-06  2.59296238e-314  7.11992000e-06  6.95761830e-01  7.11992000e-06  6.87226529e-04 
 7.12192000e-06  5.64146506e-314  7.12192000e-06  6.87062869e-01  7.12192000e-06  6.95908316e-04 
 7.12392000e-06  2.59296238e-314  7.12392000e-06  6.78255395e-01  7.12392000e-06  7.04479974e-04 
 7.12592000e-06  5.64146506e-314  7.12592000e-06  6.69340803e-01  7.12592000e-06  7.12940149e-04 
 7.12792000e-06  2.59296238e-314  7.12792000e-06  6.60320503e-01  7.12792000e-06  7.21287504e-04 
 7.12992000e-06  5.64146506e-314  7.12992000e-06  6.51195923e-01  7.12992000e-06  7.29520723e-04 
 7.13192000e-06  2.59296238e-314  7.13192000e-06  6.41968507e-01  7.13192000e-06  7.37638504e-04 
 7.13392000e-06  5.64146506e-314  7.13392000e-06  6.32639714e-01  7.13392000e-06  7.45639566e-04 
 7.13592000e-06  2.59296238e-314  7.13592000e-06  6.23211021e-01  7.13592000e-06  7.53522645e-04 
 7.13792000e-06  5.64146506e-314  7.13792000e-06  6.13683919e-01  7.13792000e-06  7.61286497e-04 
 7.13992000e-06  2.59296238e-314  7.13992000e-06  6.04059917e-01  7.13992000e-06  7.68929895e-04 
 7.14192000e-06  5.64146506e-314  7.14192000e-06  5.94340536e-01  7.14192000e-06  7.76451632e-04 
 7.14392000e-06  2.59296238e-314  7.14392000e-06  5.84527315e-01  7.14392000e-06  7.83850521e-04 
 7.14592000e-06  5.64146506e-314  7.14592000e-06  5.74621806e-01  7.14592000e-06  7.91125394e-04 
 7.14792000e-06  2.59296238e-314  7.14792000e-06  5.64625577e-01  7.14792000e-06  7.98275103e-04 
 7.14992000e-06  5.64146506e-314  7.14992000e-06  5.54540208e-01  7.14992000e-06  8.05298517e-04 
 7.15192000e-06  2.59296238e-314  7.15192000e-06  5.44367296e-01  7.15192000e-06  8.12194530e-04 
 7.15392000e-06  5.64146506e-314  7.15392000e-06  5.34108449e-01  7.15392000e-06  8.18962051e-04 
 7.15592000e-06  2.59296238e-314  7.15592000e-06  5.23765292e-01  7.15592000e-06  8.25600013e-04 
 7.15792000e-06  5.64146506e-314  7.15792000e-06  5.13339459e-01  7.15792000e-06  8.32107368e-04 
 7.15992000e-06  2.59296238e-314  7.15992000e-06  5.02832601e-01  7.15992000e-06  8.38483089e-04 
 7.16192000e-06  5.64146506e-314  7.16192000e-06  4.92246379e-01  7.16192000e-06  8.44726169e-04 
 7.16392000e-06  2.59296238e-314  7.16392000e-06  4.81582468e-01  7.16392000e-06  8.50835623e-04 
 7.16592000e-06  5.64146506e-314  7.16592000e-06  4.70842556e-01  7.16592000e-06  8.56810487e-04 
 7.16792000e-06  2.59296238e-314  7.16792000e-06  4.60028340e-01  7.16792000e-06  8.62649818e-04 
 7.16992000e-06  5.64146506e-314  7.16992000e-06  4.49141532e-01  7.16992000e-06  8.68352695e-04 
 7.17192000e-06  2.59296238e-314  7.17192000e-06  4.38183853e-01  7.17192000e-06  8.73918217e-04 
 7.17392000e-06  5.64146506e-314  7.17392000e-06  4.27157037e-01  7.17392000e-06  8.79345507e-04 
 7.17592000e-06  2.59296238e-314  7.17592000e-06  4.16062828e-01  7.17592000e-06  8.84633708e-04 
 7.17792000e-06  5.64146506e-314  7.17792000e-06  4.04902981e-01  7.17792000e-06  8.89781986e-04 
 7.17992000e-06  2.59296238e-314  7.17992000e-06  3.93679261e-01  7.17992000e-06  8.94789529e-04 
 7.18192000e-06  5.64146506e-314  7.18192000e-06  3.82393443e-01  7.18192000e-06  8.99655546e-04 
 7.18392000e-06  2.59296238e-314  7.18392000e-06  3.71047312e-01  7.18392000e-06  9.04379271e-04 
 7.18592000e-06  5.64146506e-314  7.18592000e-06  3.59642663e-01  7.18592000e-06  9.08959958e-04 
 7.18792000e-06  2.59296238e-314  7.18792000e-06  3.48181299e-01  7.18792000e-06  9.13396885e-04 
 7.18992000e-06  5.64146506e-314  7.18992000e-06  3.36665033e-01  7.18992000e-06  9.17689353e-04 
 7.19192000e-06  2.59296238e-314  7.19192000e-06  3.25095687e-01  7.19192000e-06  9.21836684e-04 
 7.19392000e-06  5.64146506e-314  7.19392000e-06  3.13475090e-01  7.19392000e-06  9.25838224e-04 
 7.19592000e-06  2.59296238e-314  7.19592000e-06  3.01805080e-01  7.19592000e-06  9.29693343e-04 
 7.19792000e-06  5.64146506e-314  7.19792000e-06  2.90087503e-01  7.19792000e-06  9.33401434e-04 
 7.19992000e-06  2.59296238e-314  7.19992000e-06  2.78324212e-01  7.19992000e-06  9.36961911e-04 
 7.20192000e-06  5.64146506e-314  7.20192000e-06  2.66517066e-01  7.20192000e-06  9.40374214e-04 
 7.20392000e-06  2.59296238e-314  7.20392000e-06  2.54667934e-01  7.20392000e-06  9.43637805e-04 
 7.20592000e-06  5.64146506e-314  7.20592000e-06  2.42778689e-01  7.20592000e-06  9.46752171e-04 
 7.20792000e-06  2.59296238e-314  7.20792000e-06  2.30851211e-01  7.20792000e-06  9.49716819e-04 
 7.20992000e-06  5.64146506e-314  7.20992000e-06  2.18887386e-01  7.20992000e-06  9.52531285e-04 
 7.21192000e-06  2.59296238e-314  7.21192000e-06  2.06889107e-01  7.21192000e-06  9.55195124e-04 
 7.21392000e-06  5.64146506e-314  7.21392000e-06  1.94858270e-01  7.21392000e-06  9.57707918e-04 
 7.21592000e-06  2.59296238e-314  7.21592000e-06  1.82796779e-01  7.21592000e-06  9.60069271e-04 
 7.21792000e-06  5.64146506e-314  7.21792000e-06  1.70706539e-01  7.21792000e-06  9.62278811e-04 
 7.21992000e-06  2.59296238e-314  7.21992000e-06  1.58589464e-01  7.21992000e-06  9.64336192e-04 
 7.22192000e-06  5.64146506e-314  7.22192000e-06  1.46447468e-01  7.22192000e-06  9.66241090e-04 
 7.22392000e-06  2.59296238e-314  7.22392000e-06  1.34282472e-01  7.22392000e-06  9.67993205e-04 
 7.22592000e-06  5.64146506e-314  7.22592000e-06  1.22096400e-01  7.22592000e-06  9.69592263e-04 
 7.22792000e-06  2.59296238e-314  7.22792000e-06  1.09891178e-01  7.22792000e-06  9.71038012e-04 
 7.22992000e-06  5.64146506e-314  7.22992000e-06  9.76687367e-02  7.22992000e-06  9.72330227e-04 
 7.23192000e-06  2.59296238e-314  7.23192000e-06  8.54310076e-02  7.23192000e-06  9.73468705e-04 
 7.23392000e-06  5.64146506e-314  7.23392000e-06  7.31799260e-02  7.23392000e-06  9.74453267e-04 
 7.23592000e-06  2.59296238e-314  7.23592000e-06  6.09174290e-02  7.23592000e-06  9.75283759e-04 
 7.23792000e-06  5.64146506e-314  7.23792000e-06  4.86454553e-02  7.23792000e-06  9.75960054e-04 
 7.23992000e-06  2.59296238e-314  7.23992000e-06  3.63659453e-02  7.23992000e-06  9.76482045e-04 
 7.24192000e-06  5.64146506e-314  7.24192000e-06  2.40808402e-02  7.24192000e-06  9.76849652e-04 
 7.24392000e-06  2.59296238e-314  7.24392000e-06  1.17920826e-02  7.24392000e-06  9.77062819e-04 
 7.24592000e-06  5.64146506e-314  7.24592000e-06 -4.98384937e-04  7.24592000e-06  9.77121514e-04 
 7.24792000e-06  2.59296238e-314  7.24792000e-06 -1.27886192e-02  7.24792000e-06  9.77025730e-04 
 7.24992000e-06  5.64146506e-314  7.24992000e-06 -2.50766771e-02  7.24992000e-06  9.76775483e-04 
 7.25192000e-06  2.59296238e-314  7.25192000e-06 -3.73606161e-02  7.25192000e-06  9.76370816e-04 
 7.25392000e-06  5.64146506e-314  7.25392000e-06 -4.96384942e-02  7.25392000e-06  9.75811794e-04 
 7.25592000e-06  2.59296238e-314  7.25592000e-06 -6.19083703e-02  7.25592000e-06  9.75098508e-04 
 7.25792000e-06  5.64146506e-314  7.25792000e-06 -7.41683047e-02  7.25792000e-06  9.74231071e-04 
 7.25992000e-06  2.59296238e-314  7.25992000e-06 -8.64163594e-02  7.25992000e-06  9.73209625e-04 
 7.26192000e-06  5.64146506e-314  7.26192000e-06 -9.86505981e-02  7.26192000e-06  9.72034331e-04 
 7.26392000e-06  2.59296238e-314  7.26392000e-06 -1.10869087e-01  7.26392000e-06  9.70705377e-04 
 7.26592000e-06  5.64146506e-314  7.26592000e-06 -1.23069894e-01  7.26592000e-06  9.69222976e-04 
 7.26792000e-06  2.59296238e-314  7.26792000e-06 -1.35251091e-01  7.26792000e-06  9.67587364e-04 
 7.26992000e-06  5.64146506e-314  7.26992000e-06 -1.47410753e-01  7.26992000e-06  9.65798801e-04 
 7.27192000e-06  2.59296238e-314  7.27192000e-06 -1.59546956e-01  7.27192000e-06  9.63857572e-04 
 7.27392000e-06  5.64146506e-314  7.27392000e-06 -1.71657784e-01  7.27392000e-06  9.61763986e-04 
 7.27592000e-06  2.59296238e-314  7.27592000e-06 -1.83741320e-01  7.27592000e-06  9.59518375e-04 
 7.27792000e-06  5.64146506e-314  7.27792000e-06 -1.95795657e-01  7.27792000e-06  9.57121098e-04 
 7.27992000e-06  2.59296238e-314  7.27992000e-06 -2.07818887e-01  7.27992000e-06  9.54572534e-04 
 7.28192000e-06  5.64146506e-314  7.28192000e-06 -2.19809111e-01  7.28192000e-06  9.51873088e-04 
 7.28392000e-06  2.59296238e-314  7.28392000e-06 -2.31764434e-01  7.28392000e-06  9.49023189e-04 
 7.28592000e-06  5.64146506e-314  7.28592000e-06 -2.43682965e-01  7.28592000e-06  9.46023290e-04 
 7.28792000e-06  2.59296238e-314  7.28792000e-06 -2.55562821e-01  7.28792000e-06  9.42873867e-04 
 7.28992000e-06  5.64146506e-314  7.28992000e-06 -2.67402125e-01  7.28992000e-06  9.39575419e-04 
 7.29192000e-06  2.59296238e-314  7.29192000e-06 -2.79199005e-01  7.29192000e-06  9.36128469e-04 
 7.29392000e-06  5.64146506e-314  7.29392000e-06 -2.90951596e-01  7.29392000e-06  9.32533566e-04 
 7.29592000e-06  2.59296238e-314  7.29592000e-06 -3.02658042e-01  7.29592000e-06  9.28791278e-04 
 7.29792000e-06  5.64146506e-314  7.29792000e-06 -3.14316491e-01  7.29792000e-06  9.24902199e-04 
 7.29992000e-06  2.59296238e-314  7.29992000e-06 -3.25925102e-01  7.29992000e-06  9.20866947e-04 
 7.30192000e-06  5.64146506e-314  7.30192000e-06 -3.37482040e-01  7.30192000e-06  9.16686160e-04 
 7.30392000e-06  2.59296238e-314  7.30392000e-06 -3.48985478e-01  7.30392000e-06  9.12360502e-04 
 7.30592000e-06  5.64146506e-314  7.30592000e-06 -3.60433599e-01  7.30592000e-06  9.07890658e-04 
 7.30792000e-06  2.59296238e-314  7.30792000e-06 -3.71824592e-01  7.30792000e-06  9.03277336e-04 
 7.30992000e-06  5.64146506e-314  7.30992000e-06 -3.83156659e-01  7.30992000e-06  8.98521269e-04 
 7.31192000e-06  2.59296238e-314  7.31192000e-06 -3.94428008e-01  7.31192000e-06  8.93623209e-04 
 7.31392000e-06  5.64146506e-314  7.31392000e-06 -4.05636858e-01  7.31392000e-06  8.88583933e-04 
 7.31592000e-06  2.59296238e-314  7.31592000e-06 -4.16781438e-01  7.31592000e-06  8.83404239e-04 
 7.31792000e-06  5.64146506e-314  7.31792000e-06 -4.27859986e-01  7.31792000e-06  8.78084948e-04 
 7.31992000e-06  2.59296238e-314  7.31992000e-06 -4.38870752e-01  7.31992000e-06  8.72626903e-04 
 7.32192000e-06  5.64146506e-314  7.32192000e-06 -4.49811997e-01  7.32192000e-06  8.67030967e-04 
 7.32392000e-06  2.59296238e-314  7.32392000e-06 -4.60681991e-01  7.32392000e-06  8.61298029e-04 
 7.32592000e-06  5.64146506e-314  7.32592000e-06 -4.71479016e-01  7.32592000e-06  8.55428995e-04 
 7.32792000e-06  2.59296238e-314  7.32792000e-06 -4.82201367e-01  7.32792000e-06  8.49424795e-04 
 7.32992000e-06  5.64146506e-314  7.32992000e-06 -4.92847349e-01  7.32992000e-06  8.43286380e-04 
 7.33192000e-06  2.59296238e-314  7.33192000e-06 -5.03415280e-01  7.33192000e-06  8.37014723e-04 
 7.33392000e-06  5.64146506e-314  7.33392000e-06 -5.13903491e-01  7.33392000e-06  8.30610817e-04 
 7.33592000e-06  2.59296238e-314  7.33592000e-06 -5.24310325e-01  7.33592000e-06  8.24075675e-04 
 7.33792000e-06  5.64146506e-314  7.33792000e-06 -5.34634136e-01  7.33792000e-06  8.17410332e-04 
 7.33992000e-06  2.59296238e-314  7.33992000e-06 -5.44873294e-01  7.33992000e-06  8.10615845e-04 
 7.34192000e-06  5.64146506e-314  7.34192000e-06 -5.55026182e-01  7.34192000e-06  8.03693288e-04 
 7.34392000e-06  2.59296238e-314  7.34392000e-06 -5.65091195e-01  7.34392000e-06  7.96643757e-04 
 7.34592000e-06  5.64146506e-314  7.34592000e-06 -5.75066743e-01  7.34592000e-06  7.89468370e-04 
 7.34792000e-06  2.59296238e-314  7.34792000e-06 -5.84951250e-01  7.34792000e-06  7.82168261e-04 
 7.34992000e-06  5.64146506e-314  7.34992000e-06 -5.94743155e-01  7.34992000e-06  7.74744587e-04 
 7.35192000e-06  2.59296238e-314  7.35192000e-06 -6.04440910e-01  7.35192000e-06  7.67198522e-04 
 7.35392000e-06  5.64146506e-314  7.35392000e-06 -6.14042984e-01  7.35392000e-06  7.59531262e-04 
 7.35592000e-06  2.59296238e-314  7.35592000e-06 -6.23547860e-01  7.35592000e-06  7.51744019e-04 
 7.35792000e-06  5.64146506e-314  7.35792000e-06 -6.32954037e-01  7.35792000e-06  7.43838027e-04 
 7.35992000e-06  2.59296238e-314  7.35992000e-06 -6.42260027e-01  7.35992000e-06  7.35814537e-04 
 7.36192000e-06  5.64146506e-314  7.36192000e-06 -6.51464363e-01  7.36192000e-06  7.27674819e-04 
 7.36392000e-06  2.59296238e-314  7.36392000e-06 -6.60565589e-01  7.36392000e-06  7.19420160e-04 
 7.36592000e-06  5.64146506e-314  7.36592000e-06 -6.69562269e-01  7.36592000e-06  7.11051869e-04 
 7.36792000e-06  2.59296238e-314  7.36792000e-06 -6.78452980e-01  7.36792000e-06  7.02571269e-04 
 7.36992000e-06  5.64146506e-314  7.36992000e-06 -6.87236320e-01  7.36992000e-06  6.93979701e-04 
 7.37192000e-06  2.59296238e-314  7.37192000e-06 -6.95910900e-01  7.37192000e-06  6.85278527e-04 
 7.37392000e-06  5.64146506e-314  7.37392000e-06 -7.04475350e-01  7.37392000e-06  6.76469123e-04 
 7.37592000e-06  2.59296238e-314  7.37592000e-06 -7.12928319e-01  7.37592000e-06  6.67552882e-04 
 7.37792000e-06  5.64146506e-314  7.37792000e-06 -7.21268471e-01  7.37792000e-06  6.58531217e-04 
 7.37992000e-06  2.59296238e-314  7.37992000e-06 -7.29494488e-01  7.37992000e-06  6.49405554e-04 
 7.38192000e-06  5.64146506e-314  7.38192000e-06 -7.37605072e-01  7.38192000e-06  6.40177337e-04 
 7.38392000e-06  2.59296238e-314  7.38392000e-06 -7.45598942e-01  7.38392000e-06  6.30848028e-04 
 7.38592000e-06  5.64146506e-314  7.38592000e-06 -7.53474836e-01  7.38592000e-06  6.21419101e-04 
 7.38792000e-06  2.59296238e-314  7.38792000e-06 -7.61231510e-01  7.38792000e-06  6.11892050e-04 
 7.38992000e-06  5.64146506e-314  7.38992000e-06 -7.68867739e-01  7.38992000e-06  6.02268381e-04 
 7.39192000e-06  2.59296238e-314  7.39192000e-06 -7.76382318e-01  7.39192000e-06  5.92549616e-04 
 7.39392000e-06  5.64146506e-314  7.39392000e-06 -7.83774060e-01  7.39392000e-06  5.82737295e-04 
 7.39592000e-06  2.59296238e-314  7.39592000e-06 -7.91041797e-01  7.39592000e-06  5.72832968e-04 
 7.39792000e-06  5.64146506e-314  7.39792000e-06 -7.98184383e-01  7.39792000e-06  5.62838204e-04 
 7.39992000e-06  2.59296238e-314  7.39992000e-06 -8.05200690e-01  7.39992000e-06  5.52754583e-04 
 7.40192000e-06  5.64146506e-314  7.40192000e-06 -8.12089610e-01  7.40192000e-06  5.42583701e-04 
 7.40392000e-06  2.59296238e-314  7.40392000e-06 -8.18850056e-01  7.40392000e-06  5.32327167e-04 
 7.40592000e-06  5.64146506e-314  7.40592000e-06 -8.25480960e-01  7.40592000e-06  5.21986603e-04 
 7.40792000e-06  2.59296238e-314  7.40792000e-06 -8.31981276e-01  7.40792000e-06  5.11563645e-04 
 7.40992000e-06  5.64146506e-314  7.40992000e-06 -8.38349978e-01  7.40992000e-06  5.01059943e-04 
 7.41192000e-06  2.59296238e-314  7.41192000e-06 -8.44586060e-01  7.41192000e-06  4.90477157e-04 
 7.41392000e-06  5.64146506e-314  7.41392000e-06 -8.50688539e-01  7.41392000e-06  4.79816962e-04 
 7.41592000e-06  2.59296238e-314  7.41592000e-06 -8.56656451e-01  7.41592000e-06  4.69081044e-04 
 7.41792000e-06  5.64146506e-314  7.41792000e-06 -8.62488854e-01  7.41792000e-06  4.58271101e-04 
 7.41992000e-06  2.59296238e-314  7.41992000e-06 -8.68184829e-01  7.41992000e-06  4.47388843e-04 
 7.42192000e-06  5.64146506e-314  7.42192000e-06 -8.73743475e-01  7.42192000e-06  4.36435992e-04 
 7.42392000e-06  2.59296238e-314  7.42392000e-06 -8.79163917e-01  7.42392000e-06  4.25414280e-04 
 7.42592000e-06  5.64146506e-314  7.42592000e-06 -8.84445299e-01  7.42592000e-06  4.14325451e-04 
 7.42792000e-06  2.59296238e-314  7.42792000e-06 -8.89586788e-01  7.42792000e-06  4.03171258e-04 
 7.42992000e-06  5.64146506e-314  7.42992000e-06 -8.94587573e-01  7.42992000e-06  3.91953466e-04 
 7.43192000e-06  2.59296238e-314  7.43192000e-06 -8.99446864e-01  7.43192000e-06  3.80673848e-04 
 7.43392000e-06  5.64146506e-314  7.43392000e-06 -9.04163896e-01  7.43392000e-06  3.69334189e-04 
 7.43592000e-06  2.59296238e-314  7.43592000e-06 -9.08737924e-01  7.43592000e-06  3.57936283e-04 
 7.43792000e-06  5.64146506e-314  7.43792000e-06 -9.13168227e-01  7.43792000e-06  3.46481932e-04 
 7.43992000e-06  2.59296238e-314  7.43992000e-06 -9.17454107e-01  7.43992000e-06  3.34972948e-04 
 7.44192000e-06  5.64146506e-314  7.44192000e-06 -9.21594887e-01  7.44192000e-06  3.23411151e-04 
 7.44392000e-06  2.59296238e-314  7.44392000e-06 -9.25589916e-01  7.44392000e-06  3.11798369e-04 
 7.44592000e-06  5.64146506e-314  7.44592000e-06 -9.29438562e-01  7.44592000e-06  3.00136439e-04 
 7.44792000e-06  2.59296238e-314  7.44792000e-06 -9.33140220e-01  7.44792000e-06  2.88427205e-04 
 7.44992000e-06  5.64146506e-314  7.44992000e-06 -9.36694307e-01  7.44992000e-06  2.76672520e-04 
 7.45192000e-06  2.59296238e-314  7.45192000e-06 -9.40100261e-01  7.45192000e-06  2.64874242e-04 
 7.45392000e-06  5.64146506e-314  7.45392000e-06 -9.43357547e-01  7.45392000e-06  2.53034236e-04 
 7.45592000e-06  2.59296238e-314  7.45592000e-06 -9.46465652e-01  7.45592000e-06  2.41154376e-04 
 7.45792000e-06  5.64146506e-314  7.45792000e-06 -9.49424085e-01  7.45792000e-06  2.29236540e-04 
 7.45992000e-06  2.59296238e-314  7.45992000e-06 -9.52232382e-01  7.45992000e-06  2.17282612e-04 
 7.46192000e-06  5.64146506e-314  7.46192000e-06 -9.54890099e-01  7.46192000e-06  2.05294483e-04 
 7.46392000e-06  2.59296238e-314  7.46392000e-06 -9.57396819e-01  7.46392000e-06  1.93274048e-04 
 7.46592000e-06  5.64146506e-314  7.46592000e-06 -9.59752148e-01  7.46592000e-06  1.81223209e-04 
 7.46792000e-06  2.59296238e-314  7.46792000e-06 -9.61955715e-01  7.46792000e-06  1.69143871e-04 
 7.46992000e-06  5.64146506e-314  7.46992000e-06 -9.64007173e-01  7.46992000e-06  1.57037943e-04 
 7.47192000e-06  2.59296238e-314  7.47192000e-06 -9.65906200e-01  7.47192000e-06  1.44907341e-04 
 7.47392000e-06  5.64146506e-314  7.47392000e-06 -9.67652497e-01  7.47392000e-06  1.32753982e-04 
 7.47592000e-06  2.59296238e-314  7.47592000e-06 -9.69245791e-01  7.47592000e-06  1.20579788e-04 
 7.47792000e-06  5.64146506e-314  7.47792000e-06 -9.70685832e-01  7.47792000e-06  1.08386684e-04 
 7.47992000e-06  2.59296238e-314  7.47992000e-06 -9.71972394e-01  7.47992000e-06  9.61765979e-05 
 7.48192000e-06  5.64146506e-314  7.48192000e-06 -9.73105274e-01  7.48192000e-06  8.39514599e-05 
 7.48392000e-06  2.59296238e-314  7.48392000e-06 -9.74084297e-01  7.48392000e-06  7.17132033e-05 
 7.48592000e-06  5.64146506e-314  7.48592000e-06 -9.74909310e-01  7.48592000e-06  5.94637630e-05 
 7.48792000e-06  2.59296238e-314  7.48792000e-06 -9.75580183e-01  7.48792000e-06  4.72050756e-05 
 7.48992000e-06  5.64146506e-314  7.48992000e-06 -9.76096813e-01  7.48992000e-06  3.49390795e-05 
 7.49192000e-06  2.59296238e-314  7.49192000e-06 -9.76459120e-01  7.49192000e-06  2.26677137e-05 
 7.49392000e-06  5.64146506e-314  7.49392000e-06 -9.76667048e-01  7.49392000e-06  1.03929186e-05 
 7.49592000e-06  2.59296238e-314  7.49592000e-06 -9.76720568e-01  7.49592000e-06 -1.88336537e-06 
 7.49792000e-06  5.64146506e-314  7.49792000e-06 -9.76619671e-01  7.49792000e-06 -1.41591973e-05 
 7.49992000e-06  2.59296238e-314  7.49992000e-06 -9.76364376e-01  7.49992000e-06 -2.64326364e-05 
 7.50192000e-06  5.64146506e-314  7.50192000e-06 -9.75954726e-01  7.50192000e-06 -3.87017423e-05 
 7.50392000e-06  2.59296238e-314  7.50392000e-06 -9.75390787e-01  7.50392000e-06 -5.09645755e-05 
 7.50592000e-06  5.64146506e-314  7.50592000e-06 -9.74672650e-01  7.50592000e-06 -6.32191973e-05 
 7.50792000e-06  2.59296238e-314  7.50792000e-06 -9.73800431e-01  7.50792000e-06 -7.54636704e-05 
 7.50992000e-06  5.64146506e-314  7.50992000e-06 -9.72774269e-01  7.50992000e-06 -8.76960592e-05 
 7.51192000e-06  2.59296238e-314  7.51192000e-06 -9.71594329e-01  7.51192000e-06 -9.99144298e-05 
 7.51392000e-06  5.64146506e-314  7.51392000e-06 -9.70260799e-01  7.51392000e-06 -1.12116851e-04 
 7.51592000e-06  2.59296238e-314  7.51592000e-06 -9.68773892e-01  7.51592000e-06 -1.24301393e-04 
 7.51792000e-06  5.64146506e-314  7.51792000e-06 -9.67133844e-01  7.51792000e-06 -1.36466131e-04 
 7.51992000e-06  2.59296238e-314  7.51992000e-06 -9.65340918e-01  7.51992000e-06 -1.48609141e-04 
 7.52192000e-06  5.64146506e-314  7.52192000e-06 -9.63395398e-01  7.52192000e-06 -1.60728505e-04 
 7.52392000e-06  2.59296238e-314  7.52392000e-06 -9.61297594e-01  7.52392000e-06 -1.72822305e-04 
 7.52592000e-06  5.64146506e-314  7.52592000e-06 -9.59047840e-01  7.52592000e-06 -1.84888631e-04 
 7.52792000e-06  2.59296238e-314  7.52792000e-06 -9.56646493e-01  7.52792000e-06 -1.96925575e-04 
 7.52992000e-06  5.64146506e-314  7.52992000e-06 -9.54093934e-01  7.52992000e-06 -2.08931235e-04 
 7.53192000e-06  2.59296238e-314  7.53192000e-06 -9.51390570e-01  7.53192000e-06 -2.20903713e-04 
 7.53392000e-06  5.64146506e-314  7.53392000e-06 -9.48536829e-01  7.53392000e-06 -2.32841117e-04 
 7.53592000e-06  2.59296238e-314  7.53592000e-06 -9.45533164e-01  7.53592000e-06 -2.44741559e-04 
 7.53792000e-06  5.64146506e-314  7.53792000e-06 -9.42380053e-01  7.53792000e-06 -2.56603160e-04 
 7.53992000e-06  2.59296238e-314  7.53992000e-06 -9.39077995e-01  7.53992000e-06 -2.68424043e-04 
 7.54192000e-06  5.64146506e-314  7.54192000e-06 -9.35627514e-01  7.54192000e-06 -2.80202341e-04 
 7.54392000e-06  2.59296238e-314  7.54392000e-06 -9.32029159e-01  7.54392000e-06 -2.91936193e-04 
 7.54592000e-06  5.64146506e-314  7.54592000e-06 -9.28283499e-01  7.54592000e-06 -3.03623743e-04 
 7.54792000e-06  2.59296238e-314  7.54792000e-06 -9.24391129e-01  7.54792000e-06 -3.15263145e-04 
 7.54992000e-06  5.64146506e-314  7.54992000e-06 -9.20352665e-01  7.54992000e-06 -3.26852558e-04 
 7.55192000e-06  2.59296238e-314  7.55192000e-06 -9.16168749e-01  7.55192000e-06 -3.38390152e-04 
 7.55392000e-06  5.64146506e-314  7.55392000e-06 -9.11840043e-01  7.55392000e-06 -3.49874103e-04 
 7.55592000e-06  2.59296238e-314  7.55592000e-06 -9.07367233e-01  7.55592000e-06 -3.61302597e-04 
 7.55792000e-06  5.64146506e-314  7.55792000e-06 -9.02751029e-01  7.55792000e-06 -3.72673826e-04 
 7.55992000e-06  2.59296238e-314  7.55992000e-06 -8.97992162e-01  7.55992000e-06 -3.83985994e-04 
 7.56192000e-06  5.64146506e-314  7.56192000e-06 -8.93091387e-01  7.56192000e-06 -3.95237314e-04 
 7.56392000e-06  2.59296238e-314  7.56392000e-06 -8.88049479e-01  7.56392000e-06 -4.06426007e-04 
 7.56592000e-06  5.64146506e-314  7.56592000e-06 -8.82867238e-01  7.56592000e-06 -4.17550305e-04 
 7.56792000e-06  2.59296238e-314  7.56792000e-06 -8.77545485e-01  7.56792000e-06 -4.28608451e-04 
 7.56992000e-06  5.64146506e-314  7.56992000e-06 -8.72085063e-01  7.56992000e-06 -4.39598696e-04 
 7.57192000e-06  2.59296238e-314  7.57192000e-06 -8.66486836e-01  7.57192000e-06 -4.50519305e-04 
 7.57392000e-06  5.64146506e-314  7.57392000e-06 -8.60751693e-01  7.57392000e-06 -4.61368552e-04 
 7.57592000e-06  2.59296238e-314  7.57592000e-06 -8.54880540e-01  7.57592000e-06 -4.72144722e-04 
 7.57792000e-06  5.64146506e-314  7.57792000e-06 -8.48874308e-01  7.57792000e-06 -4.82846112e-04 
 7.57992000e-06  2.59296238e-314  7.57992000e-06 -8.42733949e-01  7.57992000e-06 -4.93471032e-04 
 7.58192000e-06  5.64146506e-314  7.58192000e-06 -8.36460434e-01  7.58192000e-06 -5.04017803e-04 
 7.58392000e-06  2.59296238e-314  7.58392000e-06 -8.30054758e-01  7.58392000e-06 -5.14484759e-04 
 7.58592000e-06  5.64146506e-314  7.58592000e-06 -8.23517934e-01  7.58592000e-06 -5.24870245e-04 
 7.58792000e-06  2.59296238e-314  7.58792000e-06 -8.16850998e-01  7.58792000e-06 -5.35172621e-04 
 7.58992000e-06  5.64146506e-314  7.58992000e-06 -8.10055005e-01  7.58992000e-06 -5.45390259e-04 
 7.59192000e-06  2.59296238e-314  7.59192000e-06 -8.03131031e-01  7.59192000e-06 -5.55521545e-04 
 7.59392000e-06  5.64146506e-314  7.59392000e-06 -7.96080173e-01  7.59392000e-06 -5.65564878e-04 
 7.59592000e-06  2.59296238e-314  7.59592000e-06 -7.88903547e-01  7.59592000e-06 -5.75518672e-04 
 7.59792000e-06  5.64146506e-314  7.59792000e-06 -7.81602289e-01  7.59792000e-06 -5.85381353e-04 
 7.59992000e-06  2.59296238e-314  7.59992000e-06 -7.74177555e-01  7.59992000e-06 -5.95151365e-04 
 7.60192000e-06  5.64146506e-314  7.60192000e-06 -7.66630520e-01  7.60192000e-06 -6.04827163e-04 
 7.60392000e-06  2.59296238e-314  7.60392000e-06 -7.58962379e-01  7.60392000e-06 -6.14407219e-04 
 7.60592000e-06  5.64146506e-314  7.60592000e-06 -7.51174346e-01  7.60592000e-06 -6.23890019e-04 
 7.60792000e-06  2.59296238e-314  7.60792000e-06 -7.43267654e-01  7.60792000e-06 -6.33274066e-04 
 7.60992000e-06  5.64146506e-314  7.60992000e-06 -7.35243554e-01  7.60992000e-06 -6.42557877e-04 
 7.61192000e-06  2.59296238e-314  7.61192000e-06 -7.27103316e-01  7.61192000e-06 -6.51739986e-04 
 7.61392000e-06  5.64146506e-314  7.61392000e-06 -7.18848228e-01  7.61392000e-06 -6.60818943e-04 
 7.61592000e-06  2.59296238e-314  7.61592000e-06 -7.10479597e-01  7.61592000e-06 -6.69793313e-04 
 7.61792000e-06  5.64146506e-314  7.61792000e-06 -7.01998748e-01  7.61792000e-06 -6.78661678e-04 
 7.61992000e-06  2.59296238e-314  7.61992000e-06 -6.93407023e-01  7.61992000e-06 -6.87422639e-04 
 7.62192000e-06  5.64146506e-314  7.62192000e-06 -6.84705781e-01  7.62192000e-06 -6.96074811e-04 
 7.62392000e-06  2.59296238e-314  7.62392000e-06 -6.75896400e-01  7.62392000e-06 -7.04616829e-04 
 7.62592000e-06  5.64146506e-314  7.62592000e-06 -6.66980273e-01  7.62592000e-06 -7.13047342e-04 
 7.62792000e-06  2.59296238e-314  7.62792000e-06 -6.57958812e-01  7.62792000e-06 -7.21365019e-04 
 7.62992000e-06  5.64146506e-314  7.62992000e-06 -6.48833443e-01  7.62992000e-06 -7.29568548e-04 
 7.63192000e-06  2.59296238e-314  7.63192000e-06 -6.39605612e-01  7.63192000e-06 -7.37656632e-04 
 7.63392000e-06  5.64146506e-314  7.63392000e-06 -6.30276778e-01  7.63392000e-06 -7.45627994e-04 
 7.63592000e-06  2.59296238e-314  7.63592000e-06 -6.20848417e-01  7.63592000e-06 -7.53481375e-04 
 7.63792000e-06  5.64146506e-314  7.63792000e-06 -6.11322021e-01  7.63792000e-06 -7.61215536e-04 
 7.63992000e-06  2.59296238e-314  7.63992000e-06 -6.01699098e-01  7.63992000e-06 -7.68829254e-04 
 7.64192000e-06  5.64146506e-314  7.64192000e-06 -5.91981170e-01  7.64192000e-06 -7.76321329e-04 
 7.64392000e-06  2.59296238e-314  7.64392000e-06 -5.82169774e-01  7.64392000e-06 -7.83690576e-04 
 7.64592000e-06  5.64146506e-314  7.64592000e-06 -5.72266464e-01  7.64592000e-06 -7.90935833e-04 
 7.64792000e-06  2.59296238e-314  7.64792000e-06 -5.62272805e-01  7.64792000e-06 -7.98055955e-04 
 7.64992000e-06  5.64146506e-314  7.64992000e-06 -5.52190378e-01  7.64992000e-06 -8.05049819e-04 
 7.65192000e-06  2.59296238e-314  7.65192000e-06 -5.42020780e-01  7.65192000e-06 -8.11916320e-04 
 7.65392000e-06  5.64146506e-314  7.65392000e-06 -5.31765618e-01  7.65392000e-06 -8.18654374e-04 
 7.65592000e-06  2.59296238e-314  7.65592000e-06 -5.21426516e-01  7.65592000e-06 -8.25262918e-04 
 7.65792000e-06  5.64146506e-314  7.65792000e-06 -5.11005108e-01  7.65792000e-06 -8.31740909e-04 
 7.65992000e-06  2.59296238e-314  7.65992000e-06 -5.00503044e-01  7.65992000e-06 -8.38087324e-04 
 7.66192000e-06  5.64146506e-314  7.66192000e-06 -4.89921984e-01  7.66192000e-06 -8.44301161e-04 
 7.66392000e-06  2.59296238e-314  7.66392000e-06 -4.79263603e-01  7.66392000e-06 -8.50381440e-04 
 7.66592000e-06  5.64146506e-314  7.66592000e-06 -4.68529586e-01  7.66592000e-06 -8.56327201e-04 
 7.66792000e-06  2.59296238e-314  7.66792000e-06 -4.57721632e-01  7.66792000e-06 -8.62137505e-04 
 7.66992000e-06  5.64146506e-314  7.66992000e-06 -4.46841450e-01  7.66992000e-06 -8.67811437e-04 
 7.67192000e-06  2.59296238e-314  7.67192000e-06 -4.35890761e-01  7.67192000e-06 -8.73348100e-04 
 7.67392000e-06  5.64146506e-314  7.67392000e-06 -4.24871298e-01  7.67392000e-06 -8.78746621e-04 
 7.67592000e-06  2.59296238e-314  7.67592000e-06 -4.13784802e-01  7.67592000e-06 -8.84006149e-04 
 7.67792000e-06  5.64146506e-314  7.67792000e-06 -4.02633029e-01  7.67792000e-06 -8.89125852e-04 
 7.67992000e-06  2.59296238e-314  7.67992000e-06 -3.91417741e-01  7.67992000e-06 -8.94104925e-04 
 7.68192000e-06  5.64146506e-314  7.68192000e-06 -3.80140712e-01  7.68192000e-06 -8.98942581e-04 
 7.68392000e-06  2.59296238e-314  7.68392000e-06 -3.68803727e-01  7.68392000e-06 -9.03638058e-04 
 7.68592000e-06  5.64146506e-314  7.68592000e-06 -3.57408578e-01  7.68592000e-06 -9.08190614e-04 
 7.68792000e-06  2.59296238e-314  7.68792000e-06 -3.45957068e-01  7.68792000e-06 -9.12599532e-04 
 7.68992000e-06  5.64146506e-314  7.68992000e-06 -3.34451007e-01  7.68992000e-06 -9.16864117e-04 
 7.69192000e-06  2.59296238e-314  7.69192000e-06 -3.22892216e-01  7.69192000e-06 -9.20983696e-04 
 7.69392000e-06  5.64146506e-314  7.69392000e-06 -3.11282522e-01  7.69392000e-06 -9.24957621e-04 
 7.69592000e-06  2.59296238e-314  7.69592000e-06 -2.99623762e-01  7.69592000e-06 -9.28785263e-04 
 7.69792000e-06  5.64146506e-314  7.69792000e-06 -2.87917779e-01  7.69792000e-06 -9.32466021e-04 
 7.69992000e-06  2.59296238e-314  7.69992000e-06 -2.76166425e-01  7.69992000e-06 -9.35999313e-04 
 7.70192000e-06  5.64146506e-314  7.70192000e-06 -2.64371558e-01  7.70192000e-06 -9.39384584e-04 
 7.70392000e-06  2.59296238e-314  7.70392000e-06 -2.52535043e-01  7.70392000e-06 -9.42621300e-04 
 7.70592000e-06  5.64146506e-314  7.70592000e-06 -2.40658752e-01  7.70592000e-06 -9.45708951e-04 
 7.70792000e-06  2.59296238e-314  7.70792000e-06 -2.28744563e-01  7.70792000e-06 -9.48647051e-04 
 7.70992000e-06  5.64146506e-314  7.70992000e-06 -2.16794361e-01  7.70992000e-06 -9.51435137e-04 
 7.71192000e-06  2.59296238e-314  7.71192000e-06 -2.04810034e-01  7.71192000e-06 -9.54072770e-04 
 7.71392000e-06  5.64146506e-314  7.71392000e-06 -1.92793479e-01  7.71392000e-06 -9.56559535e-04 
 7.71592000e-06  2.59296238e-314  7.71592000e-06 -1.80746595e-01  7.71592000e-06 -9.58895042e-04 
 7.71792000e-06  5.64146506e-314  7.71792000e-06 -1.68671287e-01  7.71792000e-06 -9.61078922e-04 
 7.71992000e-06  2.59296238e-314  7.71992000e-06 -1.56569464e-01  7.71992000e-06 -9.63110832e-04 
 7.72192000e-06  5.64146506e-314  7.72192000e-06 -1.44443041e-01  7.72192000e-06 -9.64990454e-04 
 7.72392000e-06  2.59296238e-314  7.72392000e-06 -1.32293935e-01  7.72392000e-06 -9.66717491e-04 
 7.72592000e-06  5.64146506e-314  7.72592000e-06 -1.20124066e-01  7.72592000e-06 -9.68291672e-04 
 7.72792000e-06  2.59296238e-314  7.72792000e-06 -1.07935358e-01  7.72792000e-06 -9.69712752e-04 
 7.72992000e-06  5.64146506e-314  7.72992000e-06 -9.57297405e-02  7.72992000e-06 -9.70980506e-04 
 7.73192000e-06  2.59296238e-314  7.73192000e-06 -8.35091415e-02  7.73192000e-06 -9.72094736e-04 
 7.73392000e-06  5.64146506e-314  7.73392000e-06 -7.12754937e-02  7.73392000e-06 -9.73055269e-04 
 7.73592000e-06  2.59296238e-314  7.73592000e-06 -5.90307313e-02  7.73592000e-06 -9.73861954e-04 
 7.73792000e-06  5.64146506e-314  7.73792000e-06 -4.67767902e-02  7.73792000e-06 -9.74514666e-04 
 7.73992000e-06  2.59296238e-314  7.73992000e-06 -3.45156081e-02  7.73992000e-06 -9.75013303e-04 
 7.74192000e-06  5.64146506e-314  7.74192000e-06 -2.22491232e-02  7.74192000e-06 -9.75357788e-04 
 7.74392000e-06  2.59296238e-314  7.74392000e-06 -9.97927504e-03  7.74392000e-06 -9.75548070e-04 
 7.74592000e-06  5.64146506e-314  7.74592000e-06  2.29199659e-03  7.74592000e-06 -9.75584119e-04 
 7.74792000e-06  2.59296238e-314  7.74792000e-06  1.45627516e-02  7.74792000e-06 -9.75465932e-04 
 7.74992000e-06  5.64146506e-314  7.74992000e-06  2.68310501e-02  7.74992000e-06 -9.75193531e-04 
 7.75192000e-06  2.59296238e-314  7.75192000e-06  3.90949526e-02  7.75192000e-06 -9.74766958e-04 
 7.75392000e-06  5.64146506e-314  7.75392000e-06  5.13525202e-02  7.75392000e-06 -9.74186285e-04 
 7.75592000e-06  2.59296238e-314  7.75592000e-06  6.36018151e-02  7.75592000e-06 -9.73451605e-04 
 7.75792000e-06  5.64146506e-314  7.75792000e-06  7.58409008e-02  7.75792000e-06 -9.72563035e-04 
 7.75992000e-06  2.59296238e-314  7.75992000e-06  8.80678427e-02  7.75992000e-06 -9.71520719e-04 
 7.76192000e-06  5.64146506e-314  7.76192000e-06  1.00280708e-01  7.76192000e-06 -9.70324823e-04 
 7.76392000e-06  2.59296238e-314  7.76392000e-06  1.12477565e-01  7.76392000e-06 -9.68975538e-04 
 7.76592000e-06  5.64146506e-314  7.76592000e-06  1.24656487e-01  7.76592000e-06 -9.67473079e-04 
 7.76792000e-06  2.59296238e-314  7.76792000e-06  1.36815549e-01  7.76792000e-06 -9.65817686e-04 
 7.76992000e-06  5.64146506e-314  7.76992000e-06  1.48952828e-01  7.76992000e-06 -9.64009622e-04 
 7.77192000e-06  2.59296238e-314  7.77192000e-06  1.61066405e-01  7.77192000e-06 -9.62049175e-04 
 7.77392000e-06  5.64146506e-314  7.77392000e-06  1.73154366e-01  7.77392000e-06 -9.59936657e-04 
 7.77592000e-06  2.59296238e-314  7.77592000e-06  1.85214800e-01  7.77592000e-06 -9.57672405e-04 
 7.77792000e-06  5.64146506e-314  7.77792000e-06  1.97245802e-01  7.77792000e-06 -9.55256776e-04 
 7.77992000e-06  2.59296238e-314  7.77992000e-06  2.09245468e-01  7.77992000e-06 -9.52690157e-04 
 7.78192000e-06  5.64146506e-314  7.78192000e-06  2.21211902e-01  7.78192000e-06 -9.49972953e-04 
 7.78392000e-06  2.59296238e-314  7.78392000e-06  2.33143214e-01  7.78392000e-06 -9.47105598e-04 
 7.78592000e-06  5.64146506e-314  7.78592000e-06  2.45037517e-01  7.78592000e-06 -9.44088545e-04 
 7.78792000e-06  2.59296238e-314  7.78792000e-06  2.56892931e-01  7.78792000e-06 -9.40922274e-04 
 7.78992000e-06  5.64146506e-314  7.78992000e-06  2.68707582e-01  7.78992000e-06 -9.37607287e-04 
 7.79192000e-06  2.59296238e-314  7.79192000e-06  2.80479604e-01  7.79192000e-06 -9.34144110e-04 
 7.79392000e-06  5.64146506e-314  7.79392000e-06  2.92207134e-01  7.79392000e-06 -9.30533293e-04 
 7.79592000e-06  2.59296238e-314  7.79592000e-06  3.03888321e-01  7.79592000e-06 -9.26775408e-04 
 7.79792000e-06  5.64146506e-314  7.79792000e-06  3.15521318e-01  7.79792000e-06 -9.22871051e-04 
 7.79992000e-06  2.59296238e-314  7.79992000e-06  3.27104286e-01  7.79992000e-06 -9.18820842e-04 
 7.80192000e-06  5.64146506e-314  7.80192000e-06  3.38635394e-01  7.80192000e-06 -9.14625422e-04 
 7.80392000e-06  2.59296238e-314  7.80392000e-06  3.50112821e-01  7.80392000e-06 -9.10285456e-04 
 7.80592000e-06  5.64146506e-314  7.80592000e-06  3.61534753e-01  7.80592000e-06 -9.05801633e-04 
 7.80792000e-06  2.59296238e-314  7.80792000e-06  3.72899383e-01  7.80792000e-06 -9.01174664e-04 
 7.80992000e-06  5.64146506e-314  7.80992000e-06  3.84204918e-01  7.80992000e-06 -8.96405280e-04 
 7.81192000e-06  2.59296238e-314  7.81192000e-06  3.95449569e-01  7.81192000e-06 -8.91494239e-04 
 7.81392000e-06  5.64146506e-314  7.81392000e-06  4.06631560e-01  7.81392000e-06 -8.86442318e-04 
 7.81592000e-06  2.59296238e-314  7.81592000e-06  4.17749123e-01  7.81592000e-06 -8.81250319e-04 
 7.81792000e-06  5.64146506e-314  7.81792000e-06  4.28800503e-01  7.81792000e-06 -8.75919063e-04 
 7.81992000e-06  2.59296238e-314  7.81992000e-06  4.39783953e-01  7.81992000e-06 -8.70449395e-04 
 7.82192000e-06  5.64146506e-314  7.82192000e-06  4.50697736e-01  7.82192000e-06 -8.64842181e-04 
 7.82392000e-06  2.59296238e-314  7.82392000e-06  4.61540129e-01  7.82392000e-06 -8.59098311e-04 
 7.82592000e-06  5.64146506e-314  7.82592000e-06  4.72309418e-01  7.82592000e-06 -8.53218693e-04 
 7.82792000e-06  2.59296238e-314  7.82792000e-06  4.83003902e-01  7.82792000e-06 -8.47204258e-04 
 7.82992000e-06  5.64146506e-314  7.82992000e-06  4.93621891e-01  7.82992000e-06 -8.41055961e-04 
 7.83192000e-06  2.59296238e-314  7.83192000e-06  5.04161707e-01  7.83192000e-06 -8.34774773e-04 
 7.83392000e-06  5.64146506e-314  7.83392000e-06  5.14621685e-01  7.83392000e-06 -8.28361690e-04 
 7.83592000e-06  2.59296238e-314  7.83592000e-06  5.25000172e-01  7.83592000e-06 -8.21817727e-04 
 7.83792000e-06  5.64146506e-314  7.83792000e-06  5.35295528e-01  7.83792000e-06 -8.15143921e-04 
 7.83992000e-06  2.59296238e-314  7.83992000e-06  5.45506127e-01  7.83992000e-06 -8.08341328e-04 
 7.84192000e-06  5.64146506e-314  7.84192000e-06  5.55630356e-01  7.84192000e-06 -8.01411026e-04 
 7.84392000e-06  2.59296238e-314  7.84392000e-06  5.65666614e-01  7.84392000e-06 -7.94354111e-04 
 7.84592000e-06  5.64146506e-314  7.84592000e-06  5.75613318e-01  7.84592000e-06 -7.87171701e-04 
 7.84792000e-06  2.59296238e-314  7.84792000e-06  5.85468894e-01  7.84792000e-06 -7.79864933e-04 
 7.84992000e-06  5.64146506e-314  7.84992000e-06  5.95231786e-01  7.84992000e-06 -7.72434964e-04 
 7.85192000e-06  2.59296238e-314  7.85192000e-06  6.04900453e-01  7.85192000e-06 -7.64882969e-04 
 7.85392000e-06  5.64146506e-314  7.85392000e-06  6.14473365e-01  7.85392000e-06 -7.57210145e-04 
 7.85592000e-06  2.59296238e-314  7.85592000e-06  6.23949012e-01  7.85592000e-06 -7.49417706e-04 
 7.85792000e-06  5.64146506e-314  7.85792000e-06  6.33325896e-01  7.85792000e-06 -7.41506885e-04 
 7.85992000e-06  2.59296238e-314  7.85992000e-06  6.42602537e-01  7.85992000e-06 -7.33478935e-04 
 7.86192000e-06  5.64146506e-314  7.86192000e-06  6.51777468e-01  7.86192000e-06 -7.25335126e-04 
 7.86392000e-06  2.59296238e-314  7.86392000e-06  6.60849241e-01  7.86392000e-06 -7.17076747e-04 
 7.86592000e-06  5.64146506e-314  7.86592000e-06  6.69816422e-01  7.86592000e-06 -7.08705105e-04 
 7.86792000e-06  2.59296238e-314  7.86792000e-06  6.78677596e-01  7.86792000e-06 -7.00221525e-04 
 7.86992000e-06  5.64146506e-314  7.86992000e-06  6.87431363e-01  7.86992000e-06 -6.91627350e-04 
 7.87192000e-06  2.59296238e-314  7.87192000e-06  6.96076339e-01  7.87192000e-06 -6.82923940e-04 
 7.87392000e-06  5.64146506e-314  7.87392000e-06  7.04611161e-01  7.87392000e-06 -6.74112672e-04 
 7.87592000e-06  2.59296238e-314  7.87592000e-06  7.13034479e-01  7.87592000e-06 -6.65194940e-04 
 7.87792000e-06  5.64146506e-314  7.87792000e-06  7.21344964e-01  7.87792000e-06 -6.56172157e-04 
 7.87992000e-06  2.59296238e-314  7.87992000e-06  7.29541303e-01  7.87992000e-06 -6.47045748e-04 
 7.88192000e-06  5.64146506e-314  7.88192000e-06  7.37622202e-01  7.88192000e-06 -6.37817160e-04 
 7.88392000e-06  2.59296238e-314  7.88392000e-06  7.45586384e-01  7.88392000e-06 -6.28487851e-04 
 7.88592000e-06  5.64146506e-314  7.88592000e-06  7.53432593e-01  7.88592000e-06 -6.19059299e-04 
 7.88792000e-06  2.59296238e-314  7.88792000e-06  7.61159588e-01  7.88792000e-06 -6.09532994e-04 
 7.88992000e-06  5.64146506e-314  7.88992000e-06  7.68766151e-01  7.88992000e-06 -5.99910445e-04 
 7.89192000e-06  2.59296238e-314  7.89192000e-06  7.76251079e-01  7.89192000e-06 -5.90193174e-04 
 7.89392000e-06  5.64146506e-314  7.89392000e-06  7.83613192e-01  7.89392000e-06 -5.80382718e-04 
 7.89592000e-06  2.59296238e-314  7.89592000e-06  7.90851326e-01  7.89592000e-06 -5.70480629e-04 
 7.89792000e-06  5.64146506e-314  7.89792000e-06  7.97964339e-01  7.89792000e-06 -5.60488474e-04 
 7.89992000e-06  2.59296238e-314  7.89992000e-06  8.04951108e-01  7.89992000e-06 -5.50407834e-04 
 7.90192000e-06  5.64146506e-314  7.90192000e-06  8.11810531e-01  7.90192000e-06 -5.40240304e-04 
 7.90392000e-06  2.59296238e-314  7.90392000e-06  8.18541523e-01  7.90392000e-06 -5.29987492e-04 
 7.90592000e-06  5.64146506e-314  7.90592000e-06  8.25143023e-01  7.90592000e-06 -5.19651020e-04 
 7.90792000e-06  2.59296238e-314  7.90792000e-06  8.31613989e-01  7.90792000e-06 -5.09232524e-04 
 7.90992000e-06  5.64146506e-314  7.90992000e-06  8.37953399e-01  7.90992000e-06 -4.98733651e-04 
 7.91192000e-06  2.59296238e-314  7.91192000e-06  8.44160252e-01  7.91192000e-06 -4.88156063e-04 
 7.91392000e-06  5.64146506e-314  7.91392000e-06  8.50233570e-01  7.91392000e-06 -4.77501432e-04 
 7.91592000e-06  2.59296238e-314  7.91592000e-06  8.56172393e-01  7.91592000e-06 -4.66771444e-04 
 7.91792000e-06  5.64146506e-314  7.91792000e-06  8.61975784e-01  7.91792000e-06 -4.55967797e-04 
 7.91992000e-06  2.59296238e-314  7.91992000e-06  8.67642828e-01  7.91992000e-06 -4.45092199e-04 
 7.92192000e-06  5.64146506e-314  7.92192000e-06  8.73172631e-01  7.92192000e-06 -4.34146371e-04 
 7.92392000e-06  2.59296238e-314  7.92392000e-06  8.78564319e-01  7.92392000e-06 -4.23132044e-04 
 7.92592000e-06  5.64146506e-314  7.92592000e-06  8.83817042e-01  7.92592000e-06 -4.12050959e-04 
 7.92792000e-06  2.59296238e-314  7.92792000e-06  8.88929972e-01  7.92792000e-06 -4.00904871e-04 
 7.92992000e-06  5.64146506e-314  7.92992000e-06  8.93902302e-01  7.92992000e-06 -3.89695541e-04 
 7.93192000e-06  2.59296238e-314  7.93192000e-06  8.98733247e-01  7.93192000e-06 -3.78424744e-04 
 7.93392000e-06  5.64146506e-314  7.93392000e-06  9.03422045e-01  7.93392000e-06 -3.67094260e-04 
 7.93592000e-06  2.59296238e-314  7.93592000e-06  9.07967958e-01  7.93592000e-06 -3.55705883e-04 
 7.93792000e-06  5.64146506e-314  7.93792000e-06  9.12370268e-01  7.93792000e-06 -3.44261414e-04 
 7.93992000e-06  2.59296238e-314  7.93992000e-06  9.16628281e-01  7.93992000e-06 -3.32762663e-04 
 7.94192000e-06  5.64146506e-314  7.94192000e-06  9.20741326e-01  7.94192000e-06 -3.21211447e-04 
 7.94392000e-06  2.59296238e-314  7.94392000e-06  9.24708754e-01  7.94392000e-06 -3.09609595e-04 
 7.94592000e-06  5.64146506e-314  7.94592000e-06  9.28529940e-01  7.94592000e-06 -2.97958940e-04 
 7.94792000e-06  2.59296238e-314  7.94792000e-06  9.32204281e-01  7.94792000e-06 -2.86261327e-04 
 7.94992000e-06  5.64146506e-314  7.94992000e-06  9.35731199e-01  7.94992000e-06 -2.74518603e-04 
 7.95192000e-06  2.59296238e-314  7.95192000e-06  9.39110138e-01  7.95192000e-06 -2.62732627e-04 
 7.95392000e-06  5.64146506e-314  7.95392000e-06  9.42340564e-01  7.95392000e-06 -2.50905262e-04 
 7.95592000e-06  2.59296238e-314  7.95592000e-06  9.45421971e-01  7.95592000e-06 -2.39038379e-04 
 7.95792000e-06  5.64146506e-314  7.95792000e-06  9.48353872e-01  7.95792000e-06 -2.27133854e-04 
 7.95992000e-06  2.59296238e-314  7.95992000e-06  9.51135805e-01  7.95992000e-06 -2.15193570e-04 
 7.96192000e-06  5.64146506e-314  7.96192000e-06  9.53767334e-01  7.96192000e-06 -2.03219415e-04 
 7.96392000e-06  2.59296238e-314  7.96392000e-06  9.56248042e-01  7.96392000e-06 -1.91213282e-04 
 7.96592000e-06  5.64146506e-314  7.96592000e-06  9.58577541e-01  7.96592000e-06 -1.79177070e-04 
 7.96792000e-06  2.59296238e-314  7.96792000e-06  9.60755464e-01  7.96792000e-06 -1.67112682e-04 
 7.96992000e-06  5.64146506e-314  7.96992000e-06  9.62781469e-01  7.96992000e-06 -1.55022027e-04 
 7.97192000e-06  2.59296238e-314  7.97192000e-06  9.64655236e-01  7.97192000e-06 -1.42907014e-04 
 7.97392000e-06  5.64146506e-314  7.97392000e-06  9.66376473e-01  7.97392000e-06 -1.30769562e-04 
 7.97592000e-06  2.59296238e-314  7.97592000e-06  9.67944908e-01  7.97592000e-06 -1.18611587e-04 
 7.97792000e-06  5.64146506e-314  7.97792000e-06  9.69360295e-01  7.97792000e-06 -1.06435014e-04 
 7.97992000e-06  2.59296238e-314  7.97992000e-06  9.70622413e-01  7.97992000e-06 -9.42417664e-05 
 7.98192000e-06  5.64146506e-314  7.98192000e-06  9.71731064e-01  7.98192000e-06 -8.20337731e-05 
 7.98392000e-06  2.59296238e-314  7.98392000e-06  9.72686075e-01  7.98392000e-06 -6.98129640e-05 
 7.98592000e-06  5.64146506e-314  7.98592000e-06  9.73487297e-01  7.98592000e-06 -5.75812714e-05 
 7.98792000e-06  2.59296238e-314  7.98792000e-06  9.74134604e-01  7.98792000e-06 -4.53406293e-05 
 7.98992000e-06  5.64146506e-314  7.98992000e-06  9.74627898e-01  7.98992000e-06 -3.30929728e-05 
 7.99192000e-06  2.59296238e-314  7.99192000e-06  9.74967100e-01  7.99192000e-06 -2.08402384e-05 
 7.99392000e-06  5.64146506e-314  7.99392000e-06  9.75152161e-01  7.99392000e-06 -8.58436328e-06 
 7.99592000e-06  2.59296238e-314  7.99592000e-06  9.75183051e-01  7.99592000e-06  3.67271497e-06 
 7.99792000e-06  5.64146506e-314  7.99792000e-06  9.75059770e-01  7.99792000e-06  1.59290585e-05 
 7.99992000e-06  2.59296238e-314  7.99992000e-06  9.74782337e-01  7.99992000e-06  2.81827297e-05 
 8.00192000e-06  5.64146506e-314  8.00192000e-06  9.74350799e-01  8.00192000e-06  4.04317913e-05 
 8.00392000e-06  2.59296238e-314  8.00392000e-06  9.73765226e-01  8.00392000e-06  5.26743069e-05 
 8.00592000e-06  5.64146506e-314  8.00592000e-06  9.73025713e-01  8.00592000e-06  6.49083411e-05 
 8.00792000e-06  2.59296238e-314  8.00792000e-06  9.72132378e-01  8.00792000e-06  7.71319597e-05 
 8.00992000e-06  5.64146506e-314  8.00992000e-06  9.71085364e-01  8.00992000e-06  8.93432305e-05 
 8.01192000e-06  2.59296238e-314  8.01192000e-06  9.69884839e-01  8.01192000e-06  1.01540223e-04 
 8.01392000e-06  5.64146506e-314  8.01392000e-06  9.68530995e-01  8.01392000e-06  1.13721009e-04 
 8.01592000e-06  2.59296238e-314  8.01592000e-06  9.67024047e-01  8.01592000e-06  1.25883664e-04 
 8.01792000e-06  5.64146506e-314  8.01792000e-06  9.65364236e-01  8.01792000e-06  1.38026263e-04 
 8.01992000e-06  2.59296238e-314  8.01992000e-06  9.63551826e-01  8.01992000e-06  1.50146889e-04 
 8.02192000e-06  5.64146506e-314  8.02192000e-06  9.61587106e-01  8.02192000e-06  1.62243625e-04 
 8.02392000e-06  2.59296238e-314  8.02392000e-06  9.59470388e-01  8.02392000e-06  1.74314559e-04 
 8.02592000e-06  5.64146506e-314  8.02592000e-06  9.57202009e-01  8.02592000e-06  1.86357783e-04 
 8.02792000e-06  2.59296238e-314  8.02792000e-06  9.54782328e-01  8.02792000e-06  1.98371393e-04 
 8.02992000e-06  5.64146506e-314  8.02992000e-06  9.52211731e-01  8.02992000e-06  2.10353491e-04 
 8.03192000e-06  2.59296238e-314  8.03192000e-06  9.49490627e-01  8.03192000e-06  2.22302182e-04 
 8.03392000e-06  5.64146506e-314  8.03392000e-06  9.46619446e-01  8.03392000e-06  2.34215578e-04 
 8.03592000e-06  2.59296238e-314  8.03592000e-06  9.43598645e-01  8.03592000e-06  2.46091795e-04 
 8.03792000e-06  5.64146506e-314  8.03792000e-06  9.40428703e-01  8.03792000e-06  2.57928958e-04 
 8.03992000e-06  2.59296238e-314  8.03992000e-06  9.37110123e-01  8.03992000e-06  2.69725194e-04 
 8.04192000e-06  5.64146506e-314  8.04192000e-06  9.33643432e-01  8.04192000e-06  2.81478640e-04 
 8.04392000e-06  2.59296238e-314  8.04392000e-06  9.30029180e-01  8.04392000e-06  2.93187437e-04 
 8.04592000e-06  5.64146506e-314  8.04592000e-06  9.26267940e-01  8.04592000e-06  3.04849736e-04 
 8.04792000e-06  2.59296238e-314  8.04792000e-06  9.22360309e-01  8.04792000e-06  3.16463692e-04 
 8.04992000e-06  5.64146506e-314  8.04992000e-06  9.18306905e-01  8.04992000e-06  3.28027471e-04 
 8.05192000e-06  2.59296238e-314  8.05192000e-06  9.14108372e-01  8.05192000e-06  3.39539246e-04 
 8.05392000e-06  5.64146506e-314  8.05392000e-06  9.09765376e-01  8.05392000e-06  3.50997195e-04 
 8.05592000e-06  2.59296238e-314  8.05592000e-06  9.05278604e-01  8.05592000e-06  3.62399510e-04 
 8.05792000e-06  5.64146506e-314  8.05792000e-06  9.00648768e-01  8.05792000e-06  3.73744388e-04 
 8.05992000e-06  2.59296238e-314  8.05992000e-06  8.95876602e-01  8.05992000e-06  3.85030036e-04 
 8.06192000e-06  5.64146506e-314  8.06192000e-06  8.90962862e-01  8.06192000e-06  3.96254670e-04 
 8.06392000e-06  2.59296238e-314  8.06392000e-06  8.85908326e-01  8.06392000e-06  4.07416517e-04 
 8.06592000e-06  5.64146506e-314  8.06592000e-06  8.80713796e-01  8.06592000e-06  4.18513813e-04 
 8.06792000e-06  2.59296238e-314  8.06792000e-06  8.75380094e-01  8.06792000e-06  4.29544805e-04 
 8.06992000e-06  5.64146506e-314  8.06992000e-06  8.69908065e-01  8.06992000e-06  4.40507749e-04 
 8.07192000e-06  2.59296238e-314  8.07192000e-06  8.64298577e-01  8.07192000e-06  4.51400913e-04 
 8.07392000e-06  5.64146506e-314  8.07392000e-06  8.58552517e-01  8.07392000e-06  4.62222575e-04 
 8.07592000e-06  2.59296238e-314  8.07592000e-06  8.52670796e-01  8.07592000e-06  4.72971026e-04 
 8.07792000e-06  5.64146506e-314  8.07792000e-06  8.46654346e-01  8.07792000e-06  4.83644567e-04 
 8.07992000e-06  2.59296238e-314  8.07992000e-06  8.40504119e-01  8.07992000e-06  4.94241512e-04 
 8.08192000e-06  5.64146506e-314  8.08192000e-06  8.34221089e-01  8.08192000e-06  5.04760187e-04 
 8.08392000e-06  2.59296238e-314  8.08392000e-06  8.27806252e-01  8.08392000e-06  5.15198929e-04 
 8.08592000e-06  5.64146506e-314  8.08592000e-06  8.21260623e-01  8.08592000e-06  5.25556089e-04 
 8.08792000e-06  2.59296238e-314  8.08792000e-06  8.14585239e-01  8.08792000e-06  5.35830031e-04 
 8.08992000e-06  5.64146506e-314  8.08992000e-06  8.07781156e-01  8.08992000e-06  5.46019132e-04 
 8.09192000e-06  2.59296238e-314  8.09192000e-06  8.00849452e-01  8.09192000e-06  5.56121781e-04 
 8.09392000e-06  5.64146506e-314  8.09392000e-06  7.93791225e-01  8.09392000e-06  5.66136383e-04 
 8.09592000e-06  2.59296238e-314  8.09592000e-06  7.86607591e-01  8.09592000e-06  5.76061355e-04 
 8.09792000e-06  5.64146506e-314  8.09792000e-06  7.79299689e-01  8.09792000e-06  5.85895130e-04 
 8.09992000e-06  2.59296238e-314  8.09992000e-06  7.71868674e-01  8.09992000e-06  5.95636154e-04 
 8.10192000e-06  5.64146506e-314  8.10192000e-06  7.64315724e-01  8.10192000e-06  6.05282888e-04 
 8.10392000e-06  2.59296238e-314  8.10392000e-06  7.56642034e-01  8.10392000e-06  6.14833809e-04 
 8.10592000e-06  5.64146506e-314  8.10592000e-06  7.48848819e-01  8.10592000e-06  6.24287407e-04 
 8.10792000e-06  2.59296238e-314  8.10792000e-06  7.40937312e-01  8.10792000e-06  6.33642189e-04 
 8.10992000e-06  5.64146506e-314  8.10992000e-06  7.32908766e-01  8.10992000e-06  6.42896677e-04 
 8.11192000e-06  2.59296238e-314  8.11192000e-06  7.24764451e-01  8.11192000e-06  6.52049410e-04 
 8.11392000e-06  5.64146506e-314  8.11392000e-06  7.16505656e-01  8.11392000e-06  6.61098942e-04 
 8.11592000e-06  2.59296238e-314  8.11592000e-06  7.08133689e-01  8.11592000e-06  6.70043843e-04 
 8.11792000e-06  5.64146506e-314  8.11792000e-06  6.99649874e-01  8.11792000e-06  6.78882701e-04 
 8.11992000e-06  2.59296238e-314  8.11992000e-06  6.91055555e-01  8.11992000e-06  6.87614120e-04 
 8.12192000e-06  5.64146506e-314  8.12192000e-06  6.82352090e-01  8.12192000e-06  6.96236720e-04 
 8.12392000e-06  2.59296238e-314  8.12392000e-06  6.73540859e-01  8.12392000e-06  7.04749140e-04 
 8.12592000e-06  5.64146506e-314  8.12592000e-06  6.64623254e-01  8.12592000e-06  7.13150035e-04 
 8.12792000e-06  2.59296238e-314  8.12792000e-06  6.55600687e-01  8.12792000e-06  7.21438079e-04 
 8.12992000e-06  5.64146506e-314  8.12992000e-06  6.46474586e-01  8.12992000e-06  7.29611962e-04 
 8.13192000e-06  2.59296238e-314  8.13192000e-06  6.37246395e-01  8.13192000e-06  7.37670395e-04 
 8.13392000e-06  5.64146506e-314  8.13392000e-06  6.27917574e-01  8.13392000e-06  7.45612103e-04 
 8.13592000e-06  2.59296238e-314  8.13592000e-06  6.18489600e-01  8.13592000e-06  7.53435834e-04 
 8.13792000e-06  5.64146506e-314  8.13792000e-06  6.08963964e-01  8.13792000e-06  7.61140352e-04 
 8.13992000e-06  2.59296238e-314  8.13992000e-06  5.99342172e-01  8.13992000e-06  7.68724440e-04 
 8.14192000e-06  5.64146506e-314  8.14192000e-06  5.89625749e-01  8.14192000e-06  7.76186901e-04 
 8.14392000e-06  2.59296238e-314  8.14392000e-06  5.79816230e-01  8.14392000e-06  7.83526556e-04 
 8.14592000e-06  5.64146506e-314  8.14592000e-06  5.69915169e-01  8.14592000e-06  7.90742247e-04 
 8.14792000e-06  2.59296238e-314  8.14792000e-06  5.59924130e-01  8.14792000e-06  7.97832835e-04 
 8.14992000e-06  5.64146506e-314  8.14992000e-06  5.49844696e-01  8.14992000e-06  8.04797199e-04 
 8.15192000e-06  2.59296238e-314  8.15192000e-06  5.39678461e-01  8.15192000e-06  8.11634242e-04 
 8.15392000e-06  5.64146506e-314  8.15392000e-06  5.29427032e-01  8.15392000e-06  8.18342882e-04 
 8.15592000e-06  2.59296238e-314  8.15592000e-06  5.19092033e-01  8.15592000e-06  8.24922062e-04 
 8.15792000e-06  5.64146506e-314  8.15792000e-06  5.08675097e-01  8.15792000e-06  8.31370743e-04 
 8.15992000e-06  2.59296238e-314  8.15992000e-06  4.98177873e-01  8.15992000e-06  8.37687907e-04 
 8.16192000e-06  5.64146506e-314  8.16192000e-06  4.87602021e-01  8.16192000e-06  8.43872556e-04 
 8.16392000e-06  2.59296238e-314  8.16392000e-06  4.76949214e-01  8.16392000e-06  8.49923716e-04 
 8.16592000e-06  5.64146506e-314  8.16592000e-06  4.66221137e-01  8.16592000e-06  8.55840430e-04 
 8.16792000e-06  2.59296238e-314  8.16792000e-06  4.55419488e-01  8.16792000e-06  8.61621765e-04 
 8.16992000e-06  5.64146506e-314  8.16992000e-06  4.44545975e-01  8.16992000e-06  8.67266809e-04 
 8.17192000e-06  2.59296238e-314  8.17192000e-06  4.33602318e-01  8.17192000e-06  8.72774671e-04 
 8.17392000e-06  5.64146506e-314  8.17392000e-06  4.22590248e-01  8.17392000e-06  8.78144482e-04 
 8.17592000e-06  2.59296238e-314  8.17592000e-06  4.11511507e-01  8.17592000e-06  8.83375395e-04 
 8.17792000e-06  5.64146506e-314  8.17792000e-06  4.00367847e-01  8.17792000e-06  8.88466585e-04 
 8.17992000e-06  2.59296238e-314  8.17992000e-06  3.89161030e-01  8.17992000e-06  8.93417248e-04 
 8.18192000e-06  5.64146506e-314  8.18192000e-06  3.77892830e-01  8.18192000e-06  8.98226603e-04 
 8.18392000e-06  2.59296238e-314  8.18392000e-06  3.66565028e-01  8.18392000e-06  9.02893893e-04 
 8.18592000e-06  5.64146506e-314  8.18592000e-06  3.55179416e-01  8.18592000e-06  9.07418380e-04 
 8.18792000e-06  2.59296238e-314  8.18792000e-06  3.43737795e-01  8.18792000e-06  9.11799351e-04 
 8.18992000e-06  5.64146506e-314  8.18992000e-06  3.32241974e-01  8.18992000e-06  9.16036116e-04 
 8.19192000e-06  2.59296238e-314  8.19192000e-06  3.20693772e-01  8.19192000e-06  9.20128007e-04 
 8.19392000e-06  5.64146506e-314  8.19392000e-06  3.09095015e-01  8.19392000e-06  9.24074378e-04 
 8.19592000e-06  2.59296238e-314  8.19592000e-06  2.97447537e-01  8.19592000e-06  9.27874608e-04 
 8.19792000e-06  5.64146506e-314  8.19792000e-06  2.85753181e-01  8.19792000e-06  9.31528097e-04 
 8.19992000e-06  2.59296238e-314  8.19992000e-06  2.74013795e-01  8.19992000e-06  9.35034269e-04 
 8.20192000e-06  5.64146506e-314  8.20192000e-06  2.62231236e-01  8.20192000e-06  9.38392573e-04 
 8.20392000e-06  2.59296238e-314  8.20392000e-06  2.50407368e-01  8.20392000e-06  9.41602479e-04 
 8.20592000e-06  5.64146506e-314  8.20592000e-06  2.38544060e-01  8.20592000e-06  9.44663481e-04 
 8.20792000e-06  2.59296238e-314  8.20792000e-06  2.26643188e-01  8.20792000e-06  9.47575098e-04 
 8.20992000e-06  5.64146506e-314  8.20992000e-06  2.14706635e-01  8.20992000e-06  9.50336871e-04 
 8.21192000e-06  2.59296238e-314  8.21192000e-06  2.02736288e-01  8.21192000e-06  9.52948365e-04 
 8.21392000e-06  5.64146506e-314  8.21392000e-06  1.90734039e-01  8.21392000e-06  9.55409170e-04 
 8.21592000e-06  2.59296238e-314  8.21592000e-06  1.78701787e-01  8.21592000e-06  9.57718897e-04 
 8.21792000e-06  5.64146506e-314  8.21792000e-06  1.66641434e-01  8.21792000e-06  9.59877185e-04 
 8.21992000e-06  2.59296238e-314  8.21992000e-06  1.54554888e-01  8.21992000e-06  9.61883693e-04 
 8.22192000e-06  5.64146506e-314  8.22192000e-06  1.42444059e-01  8.22192000e-06  9.63738106e-04 
 8.22392000e-06  2.59296238e-314  8.22392000e-06  1.30310863e-01  8.22392000e-06  9.65440134e-04 
 8.22592000e-06  5.64146506e-314  8.22592000e-06  1.18157217e-01  8.22592000e-06  9.66989508e-04 
 8.22792000e-06  2.59296238e-314  8.22792000e-06  1.05985044e-01  8.22792000e-06  9.68385986e-04 
 8.22992000e-06  5.64146506e-314  8.22992000e-06  9.37962684e-02  8.22992000e-06  9.69629349e-04 
 8.23192000e-06  2.59296238e-314  8.23192000e-06  8.15928171e-02  8.23192000e-06  9.70719402e-04 
 8.23392000e-06  5.64146506e-314  8.23392000e-06  6.93766198e-02  8.23392000e-06  9.71655976e-04 
 8.23592000e-06  2.59296238e-314  8.23592000e-06  5.71496078e-02  8.23592000e-06  9.72438923e-04 
 8.23792000e-06  5.64146506e-314  8.23792000e-06  4.49137145e-02  8.23792000e-06  9.73068121e-04 
 8.23992000e-06  2.59296238e-314  8.23992000e-06  3.26708742e-02  8.23992000e-06  9.73543475e-04 
 8.24192000e-06  5.64146506e-314  8.24192000e-06  2.04230228e-02  8.24192000e-06  9.73864909e-04 
 8.24392000e-06  2.59296238e-314  8.24392000e-06  8.17209645e-03  8.24392000e-06  9.74032376e-04 
 8.24592000e-06  5.64146506e-314  8.24592000e-06 -4.07996787e-03  8.24592000e-06  9.74045850e-04 
 8.24792000e-06  2.59296238e-314  8.24792000e-06 -1.63312332e-02  8.24792000e-06  9.73905332e-04 
 8.24992000e-06  5.64146506e-314  8.24992000e-06 -2.85797626e-02  8.24992000e-06  9.73610846e-04 
 8.25192000e-06  2.59296238e-314  8.25192000e-06 -4.08236197e-02  8.25192000e-06  9.73162440e-04 
 8.25392000e-06  5.64146506e-314  8.25392000e-06 -5.30608690e-02  8.25392000e-06  9.72560187e-04 
 8.25592000e-06  2.59296238e-314  8.25592000e-06 -6.52895757e-02  8.25592000e-06  9.71804184e-04 
 8.25792000e-06  5.64146506e-314  8.25792000e-06 -7.75078067e-02  8.25792000e-06  9.70894553e-04 
 8.25992000e-06  2.59296238e-314  8.25992000e-06 -8.97136306e-02  8.25992000e-06  9.69831439e-04 
 8.26192000e-06  5.64146506e-314  8.26192000e-06 -1.01905118e-01  8.26192000e-06  9.68615012e-04 
 8.26392000e-06  2.59296238e-314  8.26392000e-06 -1.14080341e-01  8.26392000e-06  9.67245467e-04 
 8.26592000e-06  5.64146506e-314  8.26592000e-06 -1.26237375e-01  8.26592000e-06  9.65723022e-04 
 8.26792000e-06  2.59296238e-314  8.26792000e-06 -1.38374300e-01  8.26792000e-06  9.64047920e-04 
 8.26992000e-06  5.64146506e-314  8.26992000e-06 -1.50489195e-01  8.26992000e-06  9.62220427e-04 
 8.27192000e-06  2.59296238e-314  8.27192000e-06 -1.62580146e-01  8.27192000e-06  9.60240834e-04 
 8.27392000e-06  5.64146506e-314  8.27392000e-06 -1.74645242e-01  8.27392000e-06  9.58109456e-04 
 8.27592000e-06  2.59296238e-314  8.27592000e-06 -1.86682576e-01  8.27592000e-06  9.55826632e-04 
 8.27792000e-06  5.64146506e-314  8.27792000e-06 -1.98690245e-01  8.27792000e-06  9.53392726e-04 
 8.27992000e-06  2.59296238e-314  8.27992000e-06 -2.10666351e-01  8.27992000e-06  9.50808122e-04 
 8.28192000e-06  5.64146506e-314  8.28192000e-06 -2.22609001e-01  8.28192000e-06  9.48073233e-04 
 8.28392000e-06  2.59296238e-314  8.28392000e-06 -2.34516308e-01  8.28392000e-06  9.45188491e-04 
 8.28592000e-06  5.64146506e-314  8.28592000e-06 -2.46386388e-01  8.28592000e-06  9.42154356e-04 
 8.28792000e-06  2.59296238e-314  8.28792000e-06 -2.58217367e-01  8.28792000e-06  9.38971309e-04 
 8.28992000e-06  5.64146506e-314  8.28992000e-06 -2.70007375e-01  8.28992000e-06  9.35639855e-04 
 8.29192000e-06  2.59296238e-314  8.29192000e-06 -2.81754547e-01  8.29192000e-06  9.32160522e-04 
 8.29392000e-06  5.64146506e-314  8.29392000e-06 -2.93457027e-01  8.29392000e-06  9.28533862e-04 
 8.29592000e-06  2.59296238e-314  8.29592000e-06 -3.05112966e-01  8.29592000e-06  9.24760451e-04 
 8.29792000e-06  5.64146506e-314  8.29792000e-06 -3.16720522e-01  8.29792000e-06  9.20840887e-04 
 8.29992000e-06  2.59296238e-314  8.29992000e-06 -3.28277859e-01  8.29992000e-06  9.16775791e-04 
 8.30192000e-06  5.64146506e-314  8.30192000e-06 -3.39783153e-01  8.30192000e-06  9.12565808e-04 
 8.30392000e-06  2.59296238e-314  8.30392000e-06 -3.51234583e-01  8.30392000e-06  9.08211605e-04 
 8.30592000e-06  5.64146506e-314  8.30592000e-06 -3.62630341e-01  8.30592000e-06  9.03713873e-04 
 8.30792000e-06  2.59296238e-314  8.30792000e-06 -3.73968625e-01  8.30792000e-06  8.99073325e-04 
 8.30992000e-06  5.64146506e-314  8.30992000e-06 -3.85247644e-01  8.30992000e-06  8.94290695e-04 
 8.31192000e-06  2.59296238e-314  8.31192000e-06 -3.96465615e-01  8.31192000e-06  8.89366742e-04 
 8.31392000e-06  5.64146506e-314  8.31392000e-06 -4.07620766e-01  8.31392000e-06  8.84302246e-04 
 8.31592000e-06  2.59296238e-314  8.31592000e-06 -4.18711334e-01  8.31592000e-06  8.79098010e-04 
 8.31792000e-06  5.64146506e-314  8.31792000e-06 -4.29735566e-01  8.31792000e-06  8.73754857e-04 
 8.31992000e-06  2.59296238e-314  8.31992000e-06 -4.40691720e-01  8.31992000e-06  8.68273635e-04 
 8.32192000e-06  5.64146506e-314  8.32192000e-06 -4.51578064e-01  8.32192000e-06  8.62655212e-04 
 8.32392000e-06  2.59296238e-314  8.32392000e-06 -4.62392880e-01  8.32392000e-06  8.56900477e-04 
 8.32592000e-06  5.64146506e-314  8.32592000e-06 -4.73134458e-01  8.32592000e-06  8.51010342e-04 
 8.32792000e-06  2.59296238e-314  8.32792000e-06 -4.83801100e-01  8.32792000e-06  8.44985741e-04 
 8.32992000e-06  5.64146506e-314  8.32992000e-06 -4.94391121e-01  8.32992000e-06  8.38827627e-04 
 8.33192000e-06  2.59296238e-314  8.33192000e-06 -5.04902848e-01  8.33192000e-06  8.32536975e-04 
 8.33392000e-06  5.64146506e-314  8.33392000e-06 -5.15334620e-01  8.33392000e-06  8.26114782e-04 
 8.33592000e-06  2.59296238e-314  8.33592000e-06 -5.25684789e-01  8.33592000e-06  8.19562064e-04 
 8.33792000e-06  5.64146506e-314  8.33792000e-06 -5.35951719e-01  8.33792000e-06  8.12879860e-04 
 8.33992000e-06  2.59296238e-314  8.33992000e-06 -5.46133789e-01  8.33992000e-06  8.06069228e-04 
 8.34192000e-06  5.64146506e-314  8.34192000e-06 -5.56229389e-01  8.34192000e-06  7.99131245e-04 
 8.34392000e-06  2.59296238e-314  8.34392000e-06 -5.66236926e-01  8.34392000e-06  7.92067010e-04 
 8.34592000e-06  5.64146506e-314  8.34592000e-06 -5.76154816e-01  8.34592000e-06  7.84877641e-04 
 8.34792000e-06  2.59296238e-314  8.34792000e-06 -5.85981495e-01  8.34792000e-06  7.77564277e-04 
 8.34992000e-06  5.64146506e-314  8.34992000e-06 -5.95715409e-01  8.34992000e-06  7.70128076e-04 
 8.35192000e-06  2.59296238e-314  8.35192000e-06 -6.05355021e-01  8.35192000e-06  7.62570215e-04 
 8.35392000e-06  5.64146506e-314  8.35392000e-06 -6.14898808e-01  8.35392000e-06  7.54891889e-04 
 8.35592000e-06  2.59296238e-314  8.35592000e-06 -6.24345262e-01  8.35592000e-06  7.47094315e-04 
 8.35792000e-06  5.64146506e-314  8.35792000e-06 -6.33692891e-01  8.35792000e-06  7.39178727e-04 
 8.35992000e-06  2.59296238e-314  8.35992000e-06 -6.42940219e-01  8.35992000e-06  7.31146377e-04 
 8.36192000e-06  5.64146506e-314  8.36192000e-06 -6.52085785e-01  8.36192000e-06  7.22998538e-04 
 8.36392000e-06  2.59296238e-314  8.36392000e-06 -6.61128143e-01  8.36392000e-06  7.14736497e-04 
 8.36592000e-06  5.64146506e-314  8.36592000e-06 -6.70065867e-01  8.36592000e-06  7.06361565e-04 
 8.36792000e-06  2.59296238e-314  8.36792000e-06 -6.78897544e-01  8.36792000e-06  6.97875064e-04 
 8.36992000e-06  5.64146506e-314  8.36992000e-06 -6.87621779e-01  8.36992000e-06  6.89278340e-04 
 8.37192000e-06  2.59296238e-314  8.37192000e-06 -6.96237195e-01  8.37192000e-06  6.80572752e-04 
 8.37392000e-06  5.64146506e-314  8.37392000e-06 -7.04742430e-01  8.37392000e-06  6.71759677e-04 
 8.37592000e-06  2.59296238e-314  8.37592000e-06 -7.13136142e-01  8.37592000e-06  6.62840511e-04 
 8.37792000e-06  5.64146506e-314  8.37792000e-06 -7.21417005e-01  8.37792000e-06  6.53816666e-04 
 8.37992000e-06  2.59296238e-314  8.37992000e-06 -7.29583711e-01  8.37992000e-06  6.44689568e-04 
 8.38192000e-06  5.64146506e-314  8.38192000e-06 -7.37634970e-01  8.38192000e-06  6.35460662e-04 
 8.38392000e-06  2.59296238e-314  8.38392000e-06 -7.45569511e-01  8.38392000e-06  6.26131409e-04 
 8.38592000e-06  5.64146506e-314  8.38592000e-06 -7.53386082e-01  8.38592000e-06  6.16703284e-04 
 8.38792000e-06  2.59296238e-314  8.38792000e-06 -7.61083447e-01  8.38792000e-06  6.07177780e-04 
 8.38992000e-06  5.64146506e-314  8.38992000e-06 -7.68660391e-01  8.38992000e-06  5.97556404e-04 
 8.39192000e-06  2.59296238e-314  8.39192000e-06 -7.76115719e-01  8.39192000e-06  5.87840677e-04 
 8.39392000e-06  5.64146506e-314  8.39392000e-06 -7.83448252e-01  8.39392000e-06  5.78032138e-04 
 8.39592000e-06  2.59296238e-314  8.39592000e-06 -7.90656834e-01  8.39592000e-06  5.68132338e-04 
 8.39792000e-06  5.64146506e-314  8.39792000e-06 -7.97740326e-01  8.39792000e-06  5.58142843e-04 
 8.39992000e-06  2.59296238e-314  8.39992000e-06 -8.04697609e-01  8.39992000e-06  5.48065233e-04 
 8.40192000e-06  5.64146506e-314  8.40192000e-06 -8.11527586e-01  8.40192000e-06  5.37901104e-04 
 8.40392000e-06  2.59296238e-314  8.40392000e-06 -8.18229178e-01  8.40392000e-06  5.27652062e-04 
 8.40592000e-06  5.64146506e-314  8.40592000e-06 -8.24801328e-01  8.40592000e-06  5.17319730e-04 
 8.40792000e-06  2.59296238e-314  8.40792000e-06 -8.31242998e-01  8.40792000e-06  5.06905742e-04 
 8.40992000e-06  5.64146506e-314  8.40992000e-06 -8.37553171e-01  8.40992000e-06  4.96411745e-04 
 8.41192000e-06  2.59296238e-314  8.41192000e-06 -8.43730851e-01  8.41192000e-06  4.85839400e-04 
 8.41392000e-06  5.64146506e-314  8.41392000e-06 -8.49775063e-01  8.41392000e-06  4.75190379e-04 
 8.41592000e-06  2.59296238e-314  8.41592000e-06 -8.55684854e-01  8.41592000e-06  4.64466365e-04 
 8.41792000e-06  5.64146506e-314  8.41792000e-06 -8.61459291e-01  8.41792000e-06  4.53669057e-04 
 8.41992000e-06  2.59296238e-314  8.41992000e-06 -8.67097462e-01  8.41992000e-06  4.42800161e-04 
 8.42192000e-06  5.64146506e-314  8.42192000e-06 -8.72598478e-01  8.42192000e-06  4.31861397e-04 
 8.42392000e-06  2.59296238e-314  8.42392000e-06 -8.77961471e-01  8.42392000e-06  4.20854496e-04 
 8.42592000e-06  5.64146506e-314  8.42592000e-06 -8.83185595e-01  8.42592000e-06  4.09781197e-04 
 8.42792000e-06  2.59296238e-314  8.42792000e-06 -8.88270025e-01  8.42792000e-06  3.98643253e-04 
 8.42992000e-06  5.64146506e-314  8.42992000e-06 -8.93213960e-01  8.42992000e-06  3.87442425e-04 
 8.43192000e-06  2.59296238e-314  8.43192000e-06 -8.98016620e-01  8.43192000e-06  3.76180485e-04 
 8.43392000e-06  5.64146506e-314  8.43392000e-06 -9.02677247e-01  8.43392000e-06  3.64859215e-04 
 8.43592000e-06  2.59296238e-314  8.43592000e-06 -9.07195106e-01  8.43592000e-06  3.53480404e-04 
 8.43792000e-06  5.64146506e-314  8.43792000e-06 -9.11569485e-01  8.43792000e-06  3.42045852e-04 
 8.43992000e-06  2.59296238e-314  8.43992000e-06 -9.15799694e-01  8.43992000e-06  3.30557368e-04 
 8.44192000e-06  5.64146506e-314  8.44192000e-06 -9.19885066e-01  8.44192000e-06  3.19016769e-04 
 8.44392000e-06  2.59296238e-314  8.44392000e-06 -9.23824957e-01  8.44392000e-06  3.07425880e-04 
 8.44592000e-06  5.64146506e-314  8.44592000e-06 -9.27618746e-01  8.44592000e-06  2.95786533e-04 
 8.44792000e-06  2.59296238e-314  8.44792000e-06 -9.31265835e-01  8.44792000e-06  2.84100571e-04 
 8.44992000e-06  5.64146506e-314  8.44992000e-06 -9.34765649e-01  8.44992000e-06  2.72369840e-04 
 8.45192000e-06  2.59296238e-314  8.45192000e-06 -9.38117636e-01  8.45192000e-06  2.60596197e-04 
 8.45392000e-06  5.64146506e-314  8.45392000e-06 -9.41321269e-01  8.45392000e-06  2.48781502e-04 
 8.45592000e-06  2.59296238e-314  8.45592000e-06 -9.44376044e-01  8.45592000e-06  2.36927624e-04 
 8.45792000e-06  5.64146506e-314  8.45792000e-06 -9.47281478e-01  8.45792000e-06  2.25036439e-04 
 8.45992000e-06  2.59296238e-314  8.45992000e-06 -9.50037115e-01  8.45992000e-06  2.13109825e-04 
 8.46192000e-06  5.64146506e-314  8.46192000e-06 -9.52642521e-01  8.46192000e-06  2.01149670e-04 
 8.46392000e-06  2.59296238e-314  8.46392000e-06 -9.55097285e-01  8.46392000e-06  1.89157864e-04 
 8.46592000e-06  5.64146506e-314  8.46592000e-06 -9.57401022e-01  8.46592000e-06  1.77136304e-04 
 8.46792000e-06  2.59296238e-314  8.46792000e-06 -9.59553369e-01  8.46792000e-06  1.65086890e-04 
 8.46992000e-06  5.64146506e-314  8.46992000e-06 -9.61553988e-01  8.46992000e-06  1.53011529e-04 
 8.47192000e-06  2.59296238e-314  8.47192000e-06 -9.63402565e-01  8.47192000e-06  1.40912129e-04 
 8.47392000e-06  5.64146506e-314  8.47392000e-06 -9.65098808e-01  8.47392000e-06  1.28790603e-04 
 8.47592000e-06  2.59296238e-314  8.47592000e-06 -9.66642453e-01  8.47592000e-06  1.16648868e-04 
 8.47792000e-06  5.64146506e-314  8.47792000e-06 -9.68033256e-01  8.47792000e-06  1.04488845e-04 
 8.47992000e-06  2.59296238e-314  8.47992000e-06 -9.69271000e-01  8.47992000e-06  9.23124545e-05 
 8.48192000e-06  5.64146506e-314  8.48192000e-06 -9.70355491e-01  8.48192000e-06  8.01216234e-05 
 8.48392000e-06  2.59296238e-314  8.48392000e-06 -9.71286560e-01  8.48392000e-06  6.79182785e-05 
 8.48592000e-06  5.64146506e-314  8.48592000e-06 -9.72064060e-01  8.48592000e-06  5.57043495e-05 
 8.48792000e-06  2.59296238e-314  8.48792000e-06 -9.72687872e-01  8.48792000e-06  4.34817674e-05 
 8.48992000e-06  5.64146506e-314  8.48992000e-06 -9.73157899e-01  8.48992000e-06  3.12524646e-05 
 8.49192000e-06  2.59296238e-314  8.49192000e-06 -9.73474068e-01  8.49192000e-06  1.90183746e-05 
 8.49392000e-06  5.64146506e-314  8.49392000e-06 -9.73636331e-01  8.49392000e-06  6.78143171e-06 
 8.49592000e-06  2.59296238e-314  8.49592000e-06 -9.73644664e-01  8.49592000e-06 -5.45642951e-06 
 8.49792000e-06  5.64146506e-314  8.49792000e-06 -9.73499068e-01  8.49792000e-06 -1.76932743e-05 
 8.49992000e-06  2.59296238e-314  8.49992000e-06 -9.73199569e-01  8.49992000e-06 -2.99271680e-05 
 8.50192000e-06  5.64146506e-314  8.50192000e-06 -9.72746214e-01  8.50192000e-06 -4.21561766e-05 
 8.50392000e-06  2.59296238e-314  8.50392000e-06 -9.72139079e-01  8.50392000e-06 -5.43783669e-05 
 8.50592000e-06  5.64146506e-314  8.50592000e-06 -9.71378260e-01  8.50592000e-06 -6.65918065e-05 
 8.50792000e-06  2.59296238e-314  8.50792000e-06 -9.70463881e-01  8.50792000e-06 -7.87945648e-05 
 8.50992000e-06  5.64146506e-314  8.50992000e-06 -9.69396086e-01  8.50992000e-06 -9.09847126e-05 
 8.51192000e-06  2.59296238e-314  8.51192000e-06 -9.68175048e-01  8.51192000e-06 -1.03160323e-04 
 8.51392000e-06  5.64146506e-314  8.51392000e-06 -9.66800962e-01  8.51392000e-06 -1.15319471e-04 
 8.51592000e-06  2.59296238e-314  8.51592000e-06 -9.65274045e-01  8.51592000e-06 -1.27460235e-04 
 8.51792000e-06  5.64146506e-314  8.51792000e-06 -9.63594543e-01  8.51792000e-06 -1.39580695e-04 
 8.51992000e-06  2.59296238e-314  8.51992000e-06 -9.61762721e-01  8.51992000e-06 -1.51678936e-04 
 8.52192000e-06  5.64146506e-314  8.52192000e-06 -9.59778872e-01  8.52192000e-06 -1.63753045e-04 
 8.52392000e-06  2.59296238e-314  8.52392000e-06 -9.57643311e-01  8.52392000e-06 -1.75801114e-04 
 8.52592000e-06  5.64146506e-314  8.52592000e-06 -9.55356378e-01  8.52592000e-06 -1.87821238e-04 
 8.52792000e-06  2.59296238e-314  8.52792000e-06 -9.52918436e-01  8.52792000e-06 -1.99811517e-04 
 8.52992000e-06  5.64146506e-314  8.52992000e-06 -9.50329873e-01  8.52992000e-06 -2.11770056e-04 
 8.53192000e-06  2.59296238e-314  8.53192000e-06 -9.47591099e-01  8.53192000e-06 -2.23694965e-04 
 8.53392000e-06  5.64146506e-314  8.53392000e-06 -9.44702550e-01  8.53392000e-06 -2.35584359e-04 
 8.53592000e-06  2.59296238e-314  8.53592000e-06 -9.41664684e-01  8.53592000e-06 -2.47436358e-04 
 8.53792000e-06  5.64146506e-314  8.53792000e-06 -9.38477983e-01  8.53792000e-06 -2.59249090e-04 
 8.53992000e-06  2.59296238e-314  8.53992000e-06 -9.35142953e-01  8.53992000e-06 -2.71020688e-04 
 8.54192000e-06  5.64146506e-314  8.54192000e-06 -9.31660123e-01  8.54192000e-06 -2.82749290e-04 
 8.54392000e-06  2.59296238e-314  8.54392000e-06 -9.28030045e-01  8.54392000e-06 -2.94433044e-04 
 8.54592000e-06  5.64146506e-314  8.54592000e-06 -9.24253296e-01  8.54592000e-06 -3.06070102e-04 
 8.54792000e-06  2.59296238e-314  8.54792000e-06 -9.20330474e-01  8.54792000e-06 -3.17658626e-04 
 8.54992000e-06  5.64146506e-314  8.54992000e-06 -9.16262201e-01  8.54992000e-06 -3.29196783e-04 
 8.55192000e-06  2.59296238e-314  8.55192000e-06 -9.12049122e-01  8.55192000e-06 -3.40682751e-04 
 8.55392000e-06  5.64146506e-314  8.55392000e-06 -9.07691905e-01  8.55392000e-06 -3.52114714e-04 
 8.55592000e-06  2.59296238e-314  8.55592000e-06 -9.03191241e-01  8.55592000e-06 -3.63490866e-04 
 8.55792000e-06  5.64146506e-314  8.55792000e-06 -8.98547843e-01  8.55792000e-06 -3.74809408e-04 
 8.55992000e-06  2.59296238e-314  8.55992000e-06 -8.93762447e-01  8.55992000e-06 -3.86068553e-04 
 8.56192000e-06  5.64146506e-314  8.56192000e-06 -8.88835812e-01  8.56192000e-06 -3.97266520e-04 
 8.56392000e-06  2.59296238e-314  8.56392000e-06 -8.83768717e-01  8.56392000e-06 -4.08401541e-04 
 8.56592000e-06  5.64146506e-314  8.56592000e-06 -8.78561966e-01  8.56592000e-06 -4.19471855e-04 
 8.56792000e-06  2.59296238e-314  8.56792000e-06 -8.73216384e-01  8.56792000e-06 -4.30475713e-04 
 8.56992000e-06  5.64146506e-314  8.56992000e-06 -8.67732817e-01  8.56992000e-06 -4.41411377e-04 
 8.57192000e-06  2.59296238e-314  8.57192000e-06 -8.62112135e-01  8.57192000e-06 -4.52277118e-04 
 8.57392000e-06  5.64146506e-314  8.57392000e-06 -8.56355227e-01  8.57392000e-06 -4.63071220e-04 
 8.57592000e-06  2.59296238e-314  8.57592000e-06 -8.50463006e-01  8.57592000e-06 -4.73791976e-04 
 8.57792000e-06  5.64146506e-314  8.57792000e-06 -8.44436404e-01  8.57792000e-06 -4.84437693e-04 
 8.57992000e-06  2.59296238e-314  8.57992000e-06 -8.38276376e-01  8.57992000e-06 -4.95006689e-04 
 8.58192000e-06  5.64146506e-314  8.58192000e-06 -8.31983899e-01  8.58192000e-06 -5.05497294e-04 
 8.58392000e-06  2.59296238e-314  8.58392000e-06 -8.25559967e-01  8.58392000e-06 -5.15907851e-04 
 8.58592000e-06  5.64146506e-314  8.58592000e-06 -8.19005598e-01  8.58592000e-06 -5.26236713e-04 
 8.58792000e-06  2.59296238e-314  8.58792000e-06 -8.12321831e-01  8.58792000e-06 -5.36482250e-04 
 8.58992000e-06  5.64146506e-314  8.58992000e-06 -8.05509724e-01  8.58992000e-06 -5.46642843e-04 
 8.59192000e-06  2.59296238e-314  8.59192000e-06 -7.98570355e-01  8.59192000e-06 -5.56716887e-04 
 8.59392000e-06  5.64146506e-314  8.59392000e-06 -7.91504822e-01  8.59392000e-06 -5.66702789e-04 
 8.59592000e-06  2.59296238e-314  8.59592000e-06 -7.84314245e-01  8.59592000e-06 -5.76598973e-04 
 8.59792000e-06  5.64146506e-314  8.59792000e-06 -7.76999762e-01  8.59792000e-06 -5.86403874e-04 
 8.59992000e-06  2.59296238e-314  8.59992000e-06 -7.69562530e-01  8.59992000e-06 -5.96115945e-04 
 8.60192000e-06  5.64146506e-314  8.60192000e-06 -7.62003728e-01  8.60192000e-06 -6.05733650e-04 
 8.60392000e-06  2.59296238e-314  8.60392000e-06 -7.54324551e-01  8.60392000e-06 -6.15255470e-04 
 8.60592000e-06  5.64146506e-314  8.60592000e-06 -7.46526215e-01  8.60592000e-06 -6.24679902e-04 
 8.60792000e-06  2.59296238e-314  8.60792000e-06 -7.38609955e-01  8.60792000e-06 -6.34005456e-04 
 8.60992000e-06  5.64146506e-314  8.60992000e-06 -7.30577023e-01  8.60992000e-06 -6.43230660e-04 
 8.61192000e-06  2.59296238e-314  8.61192000e-06 -7.22428692e-01  8.61192000e-06 -6.52354055e-04 
 8.61392000e-06  5.64146506e-314  8.61392000e-06 -7.14166250e-01  8.61392000e-06 -6.61374202e-04 
 8.61592000e-06  2.59296238e-314  8.61592000e-06 -7.05791005e-01  8.61592000e-06 -6.70289675e-04 
 8.61792000e-06  5.64146506e-314  8.61792000e-06 -6.97304284e-01  8.61792000e-06 -6.79099066e-04 
 8.61992000e-06  2.59296238e-314  8.61992000e-06 -6.88707428e-01  8.61992000e-06 -6.87800984e-04 
 8.62192000e-06  5.64146506e-314  8.62192000e-06 -6.80001799e-01  8.62192000e-06 -6.96394055e-04 
 8.62392000e-06  2.59296238e-314  8.62392000e-06 -6.71188774e-01  8.62392000e-06 -7.04876920e-04 
 8.62592000e-06  5.64146506e-314  8.62592000e-06 -6.62269748e-01  8.62592000e-06 -7.13248241e-04 
 8.62792000e-06  2.59296238e-314  8.62792000e-06 -6.53246132e-01  8.62792000e-06 -7.21506696e-04 
 8.62992000e-06  5.64146506e-314  8.62992000e-06 -6.44119354e-01  8.62992000e-06 -7.29650980e-04 
 8.63192000e-06  2.59296238e-314  8.63192000e-06 -6.34890858e-01  8.63192000e-06 -7.37679806e-04 
 8.63392000e-06  5.64146506e-314  8.63392000e-06 -6.25562106e-01  8.63392000e-06 -7.45591908e-04 
 8.63592000e-06  2.59296238e-314  8.63592000e-06 -6.16134571e-01  8.63592000e-06 -7.53386036e-04 
 8.63792000e-06  5.64146506e-314  8.63792000e-06 -6.06609747e-01  8.63792000e-06 -7.61060959e-04 
 8.63992000e-06  2.59296238e-314  8.63992000e-06 -5.96989141e-01  8.63992000e-06 -7.68615465e-04 
 8.64192000e-06  5.64146506e-314  8.64192000e-06 -5.87274274e-01  8.64192000e-06 -7.76048362e-04 
 8.64392000e-06  2.59296238e-314  8.64392000e-06 -5.77466684e-01  8.64392000e-06 -7.83358475e-04 
 8.64592000e-06  5.64146506e-314  8.64592000e-06 -5.67567922e-01  8.64592000e-06 -7.90544651e-04 
 8.64792000e-06  2.59296238e-314  8.64792000e-06 -5.57579555e-01  8.64792000e-06 -7.97605755e-04 
 8.64992000e-06  5.64146506e-314  8.64992000e-06 -5.47503162e-01  8.64992000e-06 -8.04540673e-04 
 8.65192000e-06  2.59296238e-314  8.65192000e-06 -5.37340338e-01  8.65192000e-06 -8.11348309e-04 
 8.65392000e-06  5.64146506e-314  8.65392000e-06 -5.27092691e-01  8.65392000e-06 -8.18027588e-04 
 8.65592000e-06  2.59296238e-314  8.65592000e-06 -5.16761842e-01  8.65592000e-06 -8.24577458e-04 
 8.65792000e-06  5.64146506e-314  8.65792000e-06 -5.06349425e-01  8.65792000e-06 -8.30996883e-04 
 8.65992000e-06  2.59296238e-314  8.65992000e-06 -4.95857087e-01  8.65992000e-06 -8.37284850e-04 
 8.66192000e-06  5.64146506e-314  8.66192000e-06 -4.85286488e-01  8.66192000e-06 -8.43440368e-04 
 8.66392000e-06  2.59296238e-314  8.66392000e-06 -4.74639300e-01  8.66392000e-06 -8.49462464e-04 
 8.66592000e-06  5.64146506e-314  8.66592000e-06 -4.63917208e-01  8.66592000e-06 -8.55350188e-04 
 8.66792000e-06  2.59296238e-314  8.66792000e-06 -4.53121907e-01  8.66792000e-06 -8.61102611e-04 
 8.66992000e-06  5.64146506e-314  8.66992000e-06 -4.42255106e-01  8.66992000e-06 -8.66718825e-04 
 8.67192000e-06  2.59296238e-314  8.67192000e-06 -4.31318523e-01  8.67192000e-06 -8.72197945e-04 
 8.67392000e-06  5.64146506e-314  8.67392000e-06 -4.20313887e-01  8.67392000e-06 -8.77539105e-04 
 8.67592000e-06  2.59296238e-314  8.67592000e-06 -4.09242940e-01  8.67592000e-06 -8.82741462e-04 
 8.67792000e-06  5.64146506e-314  8.67792000e-06 -3.98107433e-01  8.67792000e-06 -8.87804197e-04 
 8.67992000e-06  2.59296238e-314  8.67992000e-06 -3.86909126e-01  8.67992000e-06 -8.92726511e-04 
 8.68192000e-06  5.64146506e-314  8.68192000e-06 -3.75649792e-01  8.68192000e-06 -8.97507626e-04 
 8.68392000e-06  2.59296238e-314  8.68392000e-06 -3.64331211e-01  8.68392000e-06 -9.02146790e-04 
 8.68592000e-06  5.64146506e-314  8.68592000e-06 -3.52955173e-01  8.68592000e-06 -9.06643269e-04 
 8.68792000e-06  2.59296238e-314  8.68792000e-06 -3.41523477e-01  8.68792000e-06 -9.10996356e-04 
 8.68992000e-06  5.64146506e-314  8.68992000e-06 -3.30037932e-01  8.68992000e-06 -9.15205364e-04 
 8.69192000e-06  2.59296238e-314  8.69192000e-06 -3.18500353e-01  8.69192000e-06 -9.19269629e-04 
 8.69392000e-06  5.64146506e-314  8.69392000e-06 -3.06912566e-01  8.69392000e-06 -9.23188511e-04 
 8.69592000e-06  2.59296238e-314  8.69592000e-06 -2.95276403e-01  8.69592000e-06 -9.26961391e-04 
 8.69792000e-06  5.64146506e-314  8.69792000e-06 -2.83593705e-01  8.69792000e-06 -9.30587675e-04 
 8.69992000e-06  2.59296238e-314  8.69992000e-06 -2.71866318e-01  8.69992000e-06 -9.34066793e-04 
 8.70192000e-06  5.64146506e-314  8.70192000e-06 -2.60096098e-01  8.70192000e-06 -9.37398194e-04 
 8.70392000e-06  2.59296238e-314  8.70392000e-06 -2.48284906e-01  8.70392000e-06 -9.40581356e-04 
 8.70592000e-06  5.64146506e-314  8.70592000e-06 -2.36434609e-01  8.70592000e-06 -9.43615775e-04 
 8.70792000e-06  2.59296238e-314  8.70792000e-06 -2.24547083e-01  8.70792000e-06 -9.46500975e-04 
 8.70992000e-06  5.64146506e-314  8.70992000e-06 -2.12624206e-01  8.70992000e-06 -9.49236501e-04 
 8.71192000e-06  2.59296238e-314  8.71192000e-06 -2.00667863e-01  8.71192000e-06 -9.51821923e-04 
 8.71392000e-06  5.64146506e-314  8.71392000e-06 -1.88679947e-01  8.71392000e-06 -9.54256834e-04 
 8.71592000e-06  2.59296238e-314  8.71592000e-06 -1.76662351e-01  8.71592000e-06 -9.56540850e-04 
 8.71792000e-06  5.64146506e-314  8.71792000e-06 -1.64616977e-01  8.71792000e-06 -9.58673612e-04 
 8.71992000e-06  2.59296238e-314  8.71992000e-06 -1.52545729e-01  8.71992000e-06 -9.60654786e-04 
 8.72192000e-06  5.64146506e-314  8.72192000e-06 -1.40450516e-01  8.72192000e-06 -9.62484060e-04 
 8.72392000e-06  2.59296238e-314  8.72392000e-06 -1.28333251e-01  8.72392000e-06 -9.64161146e-04 
 8.72592000e-06  5.64146506e-314  8.72592000e-06 -1.16195849e-01  8.72592000e-06 -9.65685782e-04 
 8.72792000e-06  2.59296238e-314  8.72792000e-06 -1.04040229e-01  8.72792000e-06 -9.67057728e-04 
 8.72992000e-06  5.64146506e-314  8.72992000e-06 -9.18683143e-02  8.72992000e-06 -9.68276769e-04 
 8.73192000e-06  2.59296238e-314  8.73192000e-06 -7.96820282e-02  8.73192000e-06 -9.69342714e-04 
 8.73392000e-06  5.64146506e-314  8.73392000e-06 -6.74832979e-02  8.73392000e-06 -9.70255398e-04 
 8.73592000e-06  2.59296238e-314  8.73592000e-06 -5.52740522e-02  8.73592000e-06 -9.71014677e-04 
 8.73792000e-06  5.64146506e-314  8.73792000e-06 -4.30562213e-02  8.73792000e-06 -9.71620433e-04 
 8.73992000e-06  2.59296238e-314  8.73992000e-06 -3.08317370e-02  8.73992000e-06 -9.72072573e-04 
 8.74192000e-06  5.64146506e-314  8.74192000e-06 -1.86025320e-02  8.74192000e-06 -9.72371027e-04 
 8.74392000e-06  2.59296238e-314  8.74392000e-06 -6.37053968e-03  8.74392000e-06 -9.72515749e-04 
 8.74592000e-06  5.64146506e-314  8.74592000e-06  5.86230604e-03  8.74592000e-06 -9.72506720e-04 
 8.74792000e-06  2.59296238e-314  8.74792000e-06  1.80940712e-02  8.74792000e-06 -9.72343941e-04 
 8.74992000e-06  5.64146506e-314  8.74992000e-06  3.03228220e-02  8.74992000e-06 -9.72027441e-04 
 8.75192000e-06  2.59296238e-314  8.75192000e-06  4.25466253e-02  8.75192000e-06 -9.71557273e-04 
 8.75392000e-06  5.64146506e-314  8.75392000e-06  5.47635484e-02  8.75392000e-06 -9.70933511e-04 
 8.75592000e-06  2.59296238e-314  8.75592000e-06  6.69716602e-02  8.75592000e-06 -9.70156257e-04 
 8.75792000e-06  5.64146506e-314  8.75792000e-06  7.91690306e-02  8.75792000e-06 -9.69225635e-04 
 8.75992000e-06  2.59296238e-314  8.75992000e-06  9.13537314e-02  8.75992000e-06 -9.68141794e-04 
 8.76192000e-06  5.64146506e-314  8.76192000e-06  1.03523836e-01  8.76192000e-06 -9.66904909e-04 
 8.76392000e-06  2.59296238e-314  8.76392000e-06  1.15677422e-01  8.76392000e-06 -9.65515175e-04 
 8.76592000e-06  5.64146506e-314  8.76592000e-06  1.27812566e-01  8.76592000e-06 -9.63972816e-04 
 8.76792000e-06  2.59296238e-314  8.76792000e-06  1.39927352e-01  8.76792000e-06 -9.62278076e-04 
 8.76992000e-06  5.64146506e-314  8.76992000e-06  1.52019863e-01  8.76992000e-06 -9.60431225e-04 
 8.77192000e-06  2.59296238e-314  8.77192000e-06  1.64088189e-01  8.77192000e-06 -9.58432558e-04 
 8.77392000e-06  5.64146506e-314  8.77392000e-06  1.76130421e-01  8.77392000e-06 -9.56282392e-04 
 8.77592000e-06  2.59296238e-314  8.77592000e-06  1.88144657e-01  8.77592000e-06 -9.53981069e-04 
 8.77792000e-06  5.64146506e-314  8.77792000e-06  2.00128997e-01  8.77792000e-06 -9.51528955e-04 
 8.77992000e-06  2.59296238e-314  8.77992000e-06  2.12081546e-01  8.77992000e-06 -9.48926439e-04 
 8.78192000e-06  5.64146506e-314  8.78192000e-06  2.24000417e-01  8.78192000e-06 -9.46173935e-04 
 8.78392000e-06  2.59296238e-314  8.78392000e-06  2.35883724e-01  8.78392000e-06 -9.43271880e-04 
 8.78592000e-06  5.64146506e-314  8.78592000e-06  2.47729589e-01  8.78592000e-06 -9.40220734e-04 
 8.78792000e-06  2.59296238e-314  8.78792000e-06  2.59536141e-01  8.78792000e-06 -9.37020982e-04 
 8.78992000e-06  5.64146506e-314  8.78992000e-06  2.71301513e-01  8.78992000e-06 -9.33673131e-04 
 8.79192000e-06  2.59296238e-314  8.79192000e-06  2.83023845e-01  8.79192000e-06 -9.30177713e-04 
 8.79392000e-06  5.64146506e-314  8.79392000e-06  2.94701285e-01  8.79392000e-06 -9.26535281e-04 
 8.79592000e-06  2.59296238e-314  8.79592000e-06  3.06331988e-01  8.79592000e-06 -9.22746415e-04 
 8.79792000e-06  5.64146506e-314  8.79792000e-06  3.17914114e-01  8.79792000e-06 -9.18811714e-04 
 8.79992000e-06  2.59296238e-314  8.79992000e-06  3.29445834e-01  8.79992000e-06 -9.14731802e-04 
 8.80192000e-06  5.64146506e-314  8.80192000e-06  3.40925326e-01  8.80192000e-06 -9.10507326e-04 
 8.80392000e-06  2.59296238e-314  8.80392000e-06  3.52350774e-01  8.80392000e-06 -9.06138957e-04 
 8.80592000e-06  5.64146506e-314  8.80592000e-06  3.63720374e-01  8.80592000e-06 -9.01627386e-04 
 8.80792000e-06  2.59296238e-314  8.80792000e-06  3.75032328e-01  8.80792000e-06 -8.96973328e-04 
 8.80992000e-06  5.64146506e-314  8.80992000e-06  3.86284849e-01  8.80992000e-06 -8.92177522e-04 
 8.81192000e-06  2.59296238e-314  8.81192000e-06  3.97476159e-01  8.81192000e-06 -8.87240726e-04 
 8.81392000e-06  5.64146506e-314  8.81392000e-06  4.08604489e-01  8.81392000e-06 -8.82163724e-04 
 8.81592000e-06  2.59296238e-314  8.81592000e-06  4.19668080e-01  8.81592000e-06 -8.76947319e-04 
 8.81792000e-06  5.64146506e-314  8.81792000e-06  4.30665185e-01  8.81792000e-06 -8.71592339e-04 
 8.81992000e-06  2.59296238e-314  8.81992000e-06  4.41594065e-01  8.81992000e-06 -8.66099631e-04 
 8.82192000e-06  5.64146506e-314  8.82192000e-06  4.52452994e-01  8.82192000e-06 -8.60470065e-04 
 8.82392000e-06  2.59296238e-314  8.82392000e-06  4.63240256e-01  8.82392000e-06 -8.54704534e-04 
 8.82592000e-06  5.64146506e-314  8.82592000e-06  4.73954146e-01  8.82592000e-06 -8.48803950e-04 
 8.82792000e-06  2.59296238e-314  8.82792000e-06  4.84592971e-01  8.82792000e-06 -8.42769249e-04 
 8.82992000e-06  5.64146506e-314  8.82992000e-06  4.95155050e-01  8.82992000e-06 -8.36601385e-04 
 8.83192000e-06  2.59296238e-314  8.83192000e-06  5.05638715e-01  8.83192000e-06 -8.30301336e-04 
 8.83392000e-06  5.64146506e-314  8.83392000e-06  5.16042309e-01  8.83392000e-06 -8.23870099e-04 
 8.83592000e-06  2.59296238e-314  8.83592000e-06  5.26364188e-01  8.83592000e-06 -8.17308692e-04 
 8.83792000e-06  5.64146506e-314  8.83792000e-06  5.36602722e-01  8.83792000e-06 -8.10618156e-04 
 8.83992000e-06  2.59296238e-314  8.83992000e-06  5.46756292e-01  8.83992000e-06 -8.03799548e-04 
 8.84192000e-06  5.64146506e-314  8.84192000e-06  5.56823295e-01  8.84192000e-06 -7.96853949e-04 
 8.84392000e-06  2.59296238e-314  8.84392000e-06  5.66802141e-01  8.84392000e-06 -7.89782458e-04 
 8.84592000e-06  5.64146506e-314  8.84592000e-06  5.76691252e-01  8.84592000e-06 -7.82586195e-04 
 8.84792000e-06  2.59296238e-314  8.84792000e-06  5.86489066e-01  8.84792000e-06 -7.75266299e-04 
 8.84992000e-06  5.64146506e-314  8.84992000e-06  5.96194036e-01  8.84992000e-06 -7.67823929e-04 
 8.85192000e-06  2.59296238e-314  8.85192000e-06  6.05804629e-01  8.85192000e-06 -7.60260262e-04 
 8.85392000e-06  5.64146506e-314  8.85392000e-06  6.15319325e-01  8.85392000e-06 -7.52576498e-04 
 8.85592000e-06  2.59296238e-314  8.85592000e-06  6.24736623e-01  8.85592000e-06 -7.44773850e-04 
 8.85792000e-06  5.64146506e-314  8.85792000e-06  6.34055034e-01  8.85792000e-06 -7.36853556e-04 
 8.85992000e-06  2.59296238e-314  8.85992000e-06  6.43273087e-01  8.85992000e-06 -7.28816868e-04 
 8.86192000e-06  5.64146506e-314  8.86192000e-06  6.52389326e-01  8.86192000e-06 -7.20665058e-04 
 8.86392000e-06  2.59296238e-314  8.86392000e-06  6.61402310e-01  8.86392000e-06 -7.12399416e-04 
 8.86592000e-06  5.64146506e-314  8.86592000e-06  6.70310616e-01  8.86592000e-06 -7.04021252e-04 
 8.86792000e-06  2.59296238e-314  8.86792000e-06  6.79112837e-01  8.86792000e-06 -6.95531890e-04 
 8.86992000e-06  5.64146506e-314  8.86992000e-06  6.87807583e-01  8.86992000e-06 -6.86932674e-04 
 8.87192000e-06  2.59296238e-314  8.87192000e-06  6.96393480e-01  8.87192000e-06 -6.78224965e-04 
 8.87392000e-06  5.64146506e-314  8.87392000e-06  7.04869172e-01  8.87392000e-06 -6.69410142e-04 
 8.87592000e-06  2.59296238e-314  8.87592000e-06  7.13233322e-01  8.87592000e-06 -6.60489598e-04 
 8.87792000e-06  5.64146506e-314  8.87792000e-06  7.21484607e-01  8.87792000e-06 -6.51464746e-04 
 8.87992000e-06  2.59296238e-314  8.87992000e-06  7.29621725e-01  8.87992000e-06 -6.42337014e-04 
 8.88192000e-06  5.64146506e-314  8.88192000e-06  7.37643391e-01  8.88192000e-06 -6.33107846e-04 
 8.88392000e-06  2.59296238e-314  8.88392000e-06  7.45548337e-01  8.88392000e-06 -6.23778703e-04 
 8.88592000e-06  5.64146506e-314  8.88592000e-06  7.53335317e-01  8.88592000e-06 -6.14351060e-04 
 8.88792000e-06  2.59296238e-314  8.88792000e-06  7.61003100e-01  8.88792000e-06 -6.04826409e-04 
 8.88992000e-06  5.64146506e-314  8.88992000e-06  7.68550475e-01  8.88992000e-06 -5.95206258e-04 
 8.89192000e-06  2.59296238e-314  8.89192000e-06  7.75976251e-01  8.89192000e-06 -5.85492129e-04 
 8.89392000e-06  5.64146506e-314  8.89392000e-06  7.83279256e-01  8.89392000e-06 -5.75685557e-04 
 8.89592000e-06  2.59296238e-314  8.89592000e-06  7.90458335e-01  8.89592000e-06 -5.65788096e-04 
 8.89792000e-06  5.64146506e-314  8.89792000e-06  7.97512357e-01  8.89792000e-06 -5.55801311e-04 
 8.89992000e-06  2.59296238e-314  8.89992000e-06  8.04440206e-01  8.89992000e-06 -5.45726781e-04 
 8.90192000e-06  5.64146506e-314  8.90192000e-06  8.11240790e-01  8.90192000e-06 -5.35566101e-04 
 8.90392000e-06  2.59296238e-314  8.90392000e-06  8.17913036e-01  8.90392000e-06 -5.25320878e-04 
 8.90592000e-06  5.64146506e-314  8.90592000e-06  8.24455888e-01  8.90592000e-06 -5.14992733e-04 
 8.90792000e-06  2.59296238e-314  8.90792000e-06  8.30868316e-01  8.90792000e-06 -5.04583300e-04 
 8.90992000e-06  5.64146506e-314  8.90992000e-06  8.37149307e-01  8.90992000e-06 -4.94094225e-04 
 8.91192000e-06  2.59296238e-314  8.91192000e-06  8.43297869e-01  8.91192000e-06 -4.83527168e-04 
 8.91392000e-06  5.64146506e-314  8.91392000e-06  8.49313033e-01  8.91392000e-06 -4.72883800e-04 
 8.91592000e-06  2.59296238e-314  8.91592000e-06  8.55193848e-01  8.91592000e-06 -4.62165806e-04 
 8.91792000e-06  5.64146506e-314  8.91792000e-06  8.60939387e-01  8.91792000e-06 -4.51374879e-04 
 8.91992000e-06  2.59296238e-314  8.91992000e-06  8.66548743e-01  8.91992000e-06 -4.40512728e-04 
 8.92192000e-06  5.64146506e-314  8.92192000e-06  8.72021031e-01  8.92192000e-06 -4.29581070e-04 
 8.92392000e-06  2.59296238e-314  8.92392000e-06  8.77355387e-01  8.92392000e-06 -4.18581635e-04 
 8.92592000e-06  5.64146506e-314  8.92592000e-06  8.82550971e-01  8.92592000e-06 -4.07516163e-04 
 8.92792000e-06  2.59296238e-314  8.92792000e-06  8.87606962e-01  8.92792000e-06 -3.96386402e-04 
 8.92992000e-06  5.64146506e-314  8.92992000e-06  8.92522563e-01  8.92992000e-06 -3.85194115e-04 
 8.93192000e-06  2.59296238e-314  8.93192000e-06  8.97296998e-01  8.93192000e-06 -3.73941071e-04 
 8.93392000e-06  5.64146506e-314  8.93392000e-06  9.01929514e-01  8.93392000e-06 -3.62629050e-04 
 8.93592000e-06  2.59296238e-314  8.93592000e-06  9.06419382e-01  8.93592000e-06 -3.51259842e-04 
 8.93792000e-06  5.64146506e-314  8.93792000e-06  9.10765891e-01  8.93792000e-06 -3.39835243e-04 
 8.93992000e-06  2.59296238e-314  8.93992000e-06  9.14968359e-01  8.93992000e-06 -3.28357062e-04 
 8.94192000e-06  5.64146506e-314  8.94192000e-06  9.19026121e-01  8.94192000e-06 -3.16827113e-04 
 8.94392000e-06  2.59296238e-314  8.94392000e-06  9.22938538e-01  8.94392000e-06 -3.05247220e-04 
 8.94592000e-06  5.64146506e-314  8.94592000e-06  9.26704994e-01  8.94592000e-06 -2.93619214e-04 
 8.94792000e-06  2.59296238e-314  8.94792000e-06  9.30324894e-01  8.94792000e-06 -2.81944935e-04 
 8.94992000e-06  5.64146506e-314  8.94992000e-06  9.33797669e-01  8.94992000e-06 -2.70226228e-04 
 8.95192000e-06  2.59296238e-314  8.95192000e-06  9.37122770e-01  8.95192000e-06 -2.58464947e-04 
 8.95392000e-06  5.64146506e-314  8.95392000e-06  9.40299675e-01  8.95392000e-06 -2.46662952e-04 
 8.95592000e-06  2.59296238e-314  8.95592000e-06  9.43327883e-01  8.95592000e-06 -2.34822108e-04 
 8.95792000e-06  5.64146506e-314  8.95792000e-06  9.46206917e-01  8.95792000e-06 -2.22944289e-04 
 8.95992000e-06  2.59296238e-314  8.95992000e-06  9.48936324e-01  8.95992000e-06 -2.11031373e-04 
 8.96192000e-06  5.64146506e-314  8.96192000e-06  9.51515674e-01  8.96192000e-06 -1.99085244e-04 
 8.96392000e-06  2.59296238e-314  8.96392000e-06  9.53944561e-01  8.96392000e-06 -1.87107790e-04 
 8.96592000e-06  5.64146506e-314  8.96592000e-06  9.56222603e-01  8.96592000e-06 -1.75100906e-04 
 8.96792000e-06  2.59296238e-314  8.96792000e-06  9.58349442e-01  8.96792000e-06 -1.63066490e-04 
 8.96992000e-06  5.64146506e-314  8.96992000e-06  9.60324743e-01  8.96992000e-06 -1.51006445e-04 
 8.97192000e-06  2.59296238e-314  8.97192000e-06  9.62148197e-01  8.97192000e-06 -1.38922678e-04 
 8.97392000e-06  5.64146506e-314  8.97392000e-06  9.63819516e-01  8.97392000e-06 -1.26817100e-04 
 8.97592000e-06  2.59296238e-314  8.97592000e-06  9.65338439e-01  8.97592000e-06 -1.14691626e-04 
 8.97792000e-06  5.64146506e-314  8.97792000e-06  9.66704727e-01  8.97792000e-06 -1.02548171e-04 
 8.97992000e-06  2.59296238e-314  8.97992000e-06  9.67918166e-01  8.97992000e-06 -9.03886564e-05 
 8.98192000e-06  5.64146506e-314  8.98192000e-06  9.68978567e-01  8.98192000e-06 -7.82150046e-05 
 8.98392000e-06  2.59296238e-314  8.98392000e-06  9.69885762e-01  8.98392000e-06 -6.60291405e-05 
 8.98592000e-06  5.64146506e-314  8.98592000e-06  9.70639612e-01  8.98592000e-06 -5.38329906e-05 
 8.98792000e-06  2.59296238e-314  8.98792000e-06  9.71239999e-01  8.98792000e-06 -4.16284832e-05 
 8.98992000e-06  5.64146506e-314  8.98992000e-06  9.71686829e-01  8.98992000e-06 -2.94175479e-05 
 8.99192000e-06  2.59296238e-314  8.99192000e-06  9.71980035e-01  8.99192000e-06 -1.72021154e-05 
 8.99392000e-06  5.64146506e-314  8.99392000e-06  9.72119571e-01  8.99392000e-06 -4.98411677e-06 
 8.99592000e-06  2.59296238e-314  8.99592000e-06  9.72105417e-01  8.99592000e-06  7.23451625e-06 
 8.99792000e-06  5.64146506e-314  8.99792000e-06  9.71937579e-01  8.99792000e-06  1.94518519e-05 
 8.99992000e-06  2.59296238e-314  8.99992000e-06  9.71616083e-01  8.99992000e-06  3.16659588e-05 
 9.00192000e-06  5.64146506e-314  9.00192000e-06  9.71140983e-01  9.00192000e-06  4.38749060e-05 
 9.00392000e-06  2.59296238e-314  9.00392000e-06  9.70512356e-01  9.00392000e-06  5.60767632e-05 
 9.00592000e-06  5.64146506e-314  9.00592000e-06  9.69730304e-01  9.00592000e-06  6.82696016e-05 
 9.00792000e-06  2.59296238e-314  9.00792000e-06  9.68794951e-01  9.00792000e-06  8.04514937e-05 
 9.00992000e-06  5.64146506e-314  9.00992000e-06  9.67706448e-01  9.00992000e-06  9.26205136e-05 
 9.01192000e-06  2.59296238e-314  9.01192000e-06  9.66464968e-01  9.01192000e-06  1.04774738e-04 
 9.01392000e-06  5.64146506e-314  9.01392000e-06  9.65070710e-01  9.01392000e-06  1.16912245e-04 
 9.01592000e-06  2.59296238e-314  9.01592000e-06  9.63523897e-01  9.01592000e-06  1.29031116e-04 
 9.01792000e-06  5.64146506e-314  9.01792000e-06  9.61824774e-01  9.01792000e-06  1.41129435e-04 
 9.01992000e-06  2.59296238e-314  9.01992000e-06  9.59973612e-01  9.01992000e-06  1.53205291e-04 
 9.02192000e-06  5.64146506e-314  9.02192000e-06  9.57970706e-01  9.02192000e-06  1.65256773e-04 
 9.02392000e-06  2.59296238e-314  9.02392000e-06  9.55816374e-01  9.02392000e-06  1.77281978e-04 
 9.02592000e-06  5.64146506e-314  9.02592000e-06  9.53510959e-01  9.02592000e-06  1.89279004e-04 
 9.02792000e-06  2.59296238e-314  9.02792000e-06  9.51054827e-01  9.02792000e-06  2.01245956e-04 
 9.02992000e-06  5.64146506e-314  9.02992000e-06  9.48448369e-01  9.02992000e-06  2.13180940e-04 
 9.03192000e-06  2.59296238e-314  9.03192000e-06  9.45691998e-01  9.03192000e-06  2.25082072e-04 
 9.03392000e-06  5.64146506e-314  9.03392000e-06  9.42786152e-01  9.03392000e-06  2.36947470e-04 
 9.03592000e-06  2.59296238e-314  9.03592000e-06  9.39731292e-01  9.03592000e-06  2.48775258e-04 
 9.03792000e-06  5.64146506e-314  9.03792000e-06  9.36527903e-01  9.03792000e-06  2.60563568e-04 
 9.03992000e-06  2.59296238e-314  9.03992000e-06  9.33176493e-01  9.03992000e-06  2.72310535e-04 
 9.04192000e-06  5.64146506e-314  9.04192000e-06  9.29677595e-01  9.04192000e-06  2.84014303e-04 
 9.04392000e-06  2.59296238e-314  9.04392000e-06  9.26031763e-01  9.04392000e-06  2.95673023e-04 
 9.04592000e-06  5.64146506e-314  9.04592000e-06  9.22239575e-01  9.04592000e-06  3.07284852e-04 
 9.04792000e-06  2.59296238e-314  9.04792000e-06  9.18301633e-01  9.04792000e-06  3.18847955e-04 
 9.04992000e-06  5.64146506e-314  9.04992000e-06  9.14218561e-01  9.04992000e-06  3.30360504e-04 
 9.05192000e-06  2.59296238e-314  9.05192000e-06  9.09991006e-01  9.05192000e-06  3.41820680e-04 
 9.05392000e-06  5.64146506e-314  9.05392000e-06  9.05619639e-01  9.05392000e-06  3.53226671e-04 
 9.05592000e-06  2.59296238e-314  9.05592000e-06  9.01105153e-01  9.05592000e-06  3.64576675e-04 
 9.05792000e-06  5.64146506e-314  9.05792000e-06  8.96448262e-01  9.05792000e-06  3.75868899e-04 
 9.05992000e-06  2.59296238e-314  9.05992000e-06  8.91649706e-01  9.05992000e-06  3.87101558e-04 
 9.06192000e-06  5.64146506e-314  9.06192000e-06  8.86710244e-01  9.06192000e-06  3.98272876e-04 
 9.06392000e-06  2.59296238e-314  9.06392000e-06  8.81630659e-01  9.06392000e-06  4.09381089e-04 
 9.06592000e-06  5.64146506e-314  9.06592000e-06  8.76411757e-01  9.06592000e-06  4.20424441e-04 
 9.06792000e-06  2.59296238e-314  9.06792000e-06  8.71054363e-01  9.06792000e-06  4.31401187e-04 
 9.06992000e-06  5.64146506e-314  9.06992000e-06  8.65559326e-01  9.06992000e-06  4.42309592e-04 
 9.07192000e-06  2.59296238e-314  9.07192000e-06  8.59927518e-01  9.07192000e-06  4.53147934e-04 
 9.07392000e-06  5.64146506e-314  9.07392000e-06  8.54159830e-01  9.07392000e-06  4.63914498e-04 
 9.07592000e-06  2.59296238e-314  9.07592000e-06  8.48257175e-01  9.07592000e-06  4.74607584e-04 
 9.07792000e-06  5.64146506e-314  9.07792000e-06  8.42220489e-01  9.07792000e-06  4.85225502e-04 
 9.07992000e-06  2.59296238e-314  9.07992000e-06  8.36050728e-01  9.07992000e-06  4.95766575e-04 
 9.08192000e-06  5.64146506e-314  9.08192000e-06  8.29748868e-01  9.08192000e-06  5.06229137e-04 
 9.08392000e-06  2.59296238e-314  9.08392000e-06  8.23315908e-01  9.08392000e-06  5.16611535e-04 
 9.08592000e-06  5.64146506e-314  9.08592000e-06  8.16752866e-01  9.08592000e-06  5.26912129e-04 
 9.08792000e-06  2.59296238e-314  9.08792000e-06  8.10060781e-01  9.08792000e-06  5.37129290e-04 
 9.08992000e-06  5.64146506e-314  9.08992000e-06  8.03240714e-01  9.08992000e-06  5.47261406e-04 
 9.09192000e-06  2.59296238e-314  9.09192000e-06  7.96293744e-01  9.09192000e-06  5.57306874e-04 
 9.09392000e-06  5.64146506e-314  9.09392000e-06  7.89220970e-01  9.09392000e-06  5.67264109e-04 
 9.09592000e-06  2.59296238e-314  9.09592000e-06  7.82023513e-01  9.09592000e-06  5.77131536e-04 
 9.09792000e-06  5.64146506e-314  9.09792000e-06  7.74702512e-01  9.09792000e-06  5.86907598e-04 
 9.09992000e-06  2.59296238e-314  9.09992000e-06  7.67259127e-01  9.09992000e-06  5.96590749e-04 
 9.10192000e-06  5.64146506e-314  9.10192000e-06  7.59694534e-01  9.10192000e-06  6.06179460e-04 
 9.10392000e-06  2.59296238e-314  9.10392000e-06  7.52009932e-01  9.10392000e-06  6.15672216e-04 
 9.10592000e-06  5.64146506e-314  9.10592000e-06  7.44206538e-01  9.10592000e-06  6.25067518e-04 
 9.10792000e-06  2.59296238e-314  9.10792000e-06  7.36285586e-01  9.10792000e-06  6.34363882e-04 
 9.10992000e-06  5.64146506e-314  9.10992000e-06  7.28248330e-01  9.10992000e-06  6.43559838e-04 
 9.11192000e-06  2.59296238e-314  9.11192000e-06  7.20096042e-01  9.11192000e-06  6.52653935e-04 
 9.11392000e-06  5.64146506e-314  9.11392000e-06  7.11830012e-01  9.11392000e-06  6.61644737e-04 
 9.11592000e-06  2.59296238e-314  9.11592000e-06  7.03451550e-01  9.11592000e-06  6.70530822e-04 
 9.11792000e-06  5.64146506e-314  9.11792000e-06  6.94961980e-01  9.11792000e-06  6.79310787e-04 
 9.11992000e-06  2.59296238e-314  9.11992000e-06  6.86362646e-01  9.11992000e-06  6.87983246e-04 
 9.12192000e-06  5.64146506e-314  9.12192000e-06  6.77654910e-01  9.12192000e-06  6.96546829e-04 
 9.12392000e-06  2.59296238e-314  9.12392000e-06  6.68840149e-01  9.12392000e-06  7.05000184e-04 
 9.12592000e-06  5.64146506e-314  9.12592000e-06  6.59919758e-01  9.12592000e-06  7.13341975e-04 
 9.12792000e-06  2.59296238e-314  9.12792000e-06  6.50895149e-01  9.12792000e-06  7.21570885e-04 
 9.12992000e-06  5.64146506e-314  9.12992000e-06  6.41767749e-01  9.12992000e-06  7.29685614e-04 
 9.13192000e-06  2.59296238e-314  9.13192000e-06  6.32539004e-01  9.13192000e-06  7.37684881e-04 
 9.13392000e-06  5.64146506e-314  9.13392000e-06  6.23210373e-01  9.13392000e-06  7.45567423e-04 
 9.13592000e-06  2.59296238e-314  9.13592000e-06  6.13783333e-01  9.13592000e-06  7.53331995e-04 
 9.13792000e-06  5.64146506e-314  9.13792000e-06  6.04259375e-01  9.13792000e-06  7.60977371e-04 
 9.13992000e-06  2.59296238e-314  9.13992000e-06  5.94640005e-01  9.13992000e-06  7.68502344e-04 
 9.14192000e-06  5.64146506e-314  9.14192000e-06  5.84926747e-01  9.14192000e-06  7.75905726e-04 
 9.14392000e-06  2.59296238e-314  9.14392000e-06  5.75121137e-01  9.14392000e-06  7.83186347e-04 
 9.14592000e-06  5.64146506e-314  9.14592000e-06  5.65224725e-01  9.14592000e-06  7.90343059e-04 
 9.14792000e-06  2.59296238e-314  9.14792000e-06  5.55239079e-01  9.14792000e-06  7.97374730e-04 
 9.14992000e-06  5.64146506e-314  9.14992000e-06  5.45165777e-01  9.14992000e-06  8.04280252e-04 
 9.15192000e-06  2.59296238e-314  9.15192000e-06  5.35006413e-01  9.15192000e-06  8.11058535e-04 
 9.15392000e-06  5.64146506e-314  9.15392000e-06  5.24762596e-01  9.15392000e-06  8.17708507e-04 
 9.15592000e-06  2.59296238e-314  9.15592000e-06  5.14435944e-01  9.15592000e-06  8.24229120e-04 
 9.15792000e-06  5.64146506e-314  9.15792000e-06  5.04028092e-01  9.15792000e-06  8.30619343e-04 
 9.15992000e-06  2.59296238e-314  9.15992000e-06  4.93540686e-01  9.15992000e-06  8.36878170e-04 
 9.16192000e-06  5.64146506e-314  9.16192000e-06  4.82975386e-01  9.16192000e-06  8.43004610e-04 
 9.16392000e-06  2.59296238e-314  9.16392000e-06  4.72333862e-01  9.16392000e-06  8.48997699e-04 
 9.16592000e-06  5.64146506e-314  9.16592000e-06  4.61617798e-01  9.16592000e-06  8.54856490e-04 
 9.16792000e-06  2.59296238e-314  9.16792000e-06  4.50828889e-01  9.16792000e-06  8.60580057e-04 
 9.16992000e-06  5.64146506e-314  9.16992000e-06  4.39968841e-01  9.16992000e-06  8.66167500e-04 
 9.17192000e-06  2.59296238e-314  9.17192000e-06  4.29039373e-01  9.17192000e-06  8.71617934e-04 
 9.17392000e-06  5.64146506e-314  9.17392000e-06  4.18042213e-01  9.17392000e-06  8.76930502e-04 
 9.17592000e-06  2.59296238e-314  9.17592000e-06  4.06979101e-01  9.17592000e-06  8.82104363e-04 
 9.17792000e-06  5.64146506e-314  9.17792000e-06  3.95851786e-01  9.17792000e-06  8.87138703e-04 
 9.17992000e-06  2.59296238e-314  9.17992000e-06  3.84662028e-01  9.17992000e-06  8.92032727e-04 
 9.18192000e-06  5.64146506e-314  9.18192000e-06  3.73411598e-01  9.18192000e-06  8.96785664e-04 
 9.18392000e-06  2.59296238e-314  9.18392000e-06  3.62102275e-01  9.18392000e-06  9.01396762e-04 
 9.18592000e-06  5.64146506e-314  9.18592000e-06  3.50735847e-01  9.18592000e-06  9.05865296e-04 
 9.18792000e-06  2.59296238e-314  9.18792000e-06  3.39314112e-01  9.18792000e-06  9.10190560e-04 
 9.18992000e-06  5.64146506e-314  9.18992000e-06  3.27838876e-01  9.18992000e-06  9.14371873e-04 
 9.19192000e-06  2.59296238e-314  9.19192000e-06  3.16311955e-01  9.19192000e-06  9.18408576e-04 
 9.19392000e-06  5.64146506e-314  9.19392000e-06  3.04735171e-01  9.19392000e-06  9.22300031e-04 
 9.19592000e-06  2.59296238e-314  9.19592000e-06  2.93110356e-01  9.19592000e-06  9.26045626e-04 
 9.19792000e-06  5.64146506e-314  9.19792000e-06  2.81439347e-01  9.19792000e-06  9.29644770e-04 
 9.19992000e-06  2.59296238e-314  9.19992000e-06  2.69723991e-01  9.19992000e-06  9.33096897e-04 
 9.20192000e-06  5.64146506e-314  9.20192000e-06  2.57966140e-01  9.20192000e-06  9.36401461e-04 
 9.20392000e-06  2.59296238e-314  9.20392000e-06  2.46167653e-01  9.20392000e-06  9.39557943e-04 
 9.20592000e-06  5.64146506e-314  9.20592000e-06  2.34330396e-01  9.20592000e-06  9.42565846e-04 
 9.20792000e-06  2.59296238e-314  9.20792000e-06  2.22456242e-01  9.20792000e-06  9.45424695e-04 
 9.20992000e-06  5.64146506e-314  9.20992000e-06  2.10547067e-01  9.20992000e-06  9.48134041e-04 
 9.21192000e-06  2.59296238e-314  9.21192000e-06  1.98604756e-01  9.21192000e-06  9.50693457e-04 
 9.21392000e-06  5.64146506e-314  9.21392000e-06  1.86631196e-01  9.21392000e-06  9.53102540e-04 
 9.21592000e-06  2.59296238e-314  9.21592000e-06  1.74628282e-01  9.21592000e-06  9.55360912e-04 
 9.21792000e-06  5.64146506e-314  9.21792000e-06  1.62597910e-01  9.21792000e-06  9.57468218e-04 
 9.21992000e-06  2.59296238e-314  9.21992000e-06  1.50541983e-01  9.21992000e-06  9.59424125e-04 
 9.22192000e-06  5.64146506e-314  9.22192000e-06  1.38462408e-01  9.22192000e-06  9.61228327e-04 
 9.22392000e-06  2.59296238e-314  9.22392000e-06  1.26361094e-01  9.22392000e-06  9.62880541e-04 
 9.22592000e-06  5.64146506e-314  9.22592000e-06  1.14239956e-01  9.22592000e-06  9.64380506e-04 
 9.22792000e-06  2.59296238e-314  9.22792000e-06  1.02100908e-01  9.22792000e-06  9.65727989e-04 
 9.22992000e-06  5.64146506e-314  9.22992000e-06  8.99458721e-02  9.22992000e-06  9.66922777e-04 
 9.23192000e-06  2.59296238e-314  9.23192000e-06  7.77767686e-02  9.23192000e-06  9.67964685e-04 
 9.23392000e-06  5.64146506e-314  9.23392000e-06  6.55955218e-02  9.23392000e-06  9.68853548e-04 
 9.23592000e-06  2.59296238e-314  9.23592000e-06  5.34040578e-02  9.23592000e-06  9.69589228e-04 
 9.23792000e-06  5.64146506e-314  9.23792000e-06  4.12043041e-02  9.23792000e-06  9.70171612e-04 
 9.23992000e-06  2.59296238e-314  9.23992000e-06  2.89981895e-02  9.23992000e-06  9.70600609e-04 
 9.24192000e-06  5.64146506e-314  9.24192000e-06  1.67876439e-02  9.24192000e-06  9.70876152e-04 
 9.24392000e-06  2.59296238e-314  9.24392000e-06  4.57459762e-03  9.24392000e-06  9.70998201e-04 
 9.24592000e-06  5.64146506e-314  9.24592000e-06 -7.63901836e-03  9.24592000e-06  9.70966738e-04 
 9.24792000e-06  2.59296238e-314  9.24792000e-06 -1.98512731e-02  9.24792000e-06  9.70781770e-04 
 9.24992000e-06  5.64146506e-314  9.24992000e-06 -3.20602360e-02  9.24992000e-06  9.70443328e-04 
 9.25192000e-06  2.59296238e-314  9.25192000e-06 -4.42639769e-02  9.25192000e-06  9.69951467e-04 
 9.25392000e-06  5.64146506e-314  9.25392000e-06 -5.64605664e-02  9.25392000e-06  9.69306268e-04 
 9.25592000e-06  2.59296238e-314  9.25592000e-06 -6.86480765e-02  9.25592000e-06  9.68507834e-04 
 9.25792000e-06  5.64146506e-314  9.25792000e-06 -8.08245804e-02  9.25792000e-06  9.67556293e-04 
 9.25992000e-06  2.59296238e-314  9.25992000e-06 -9.29881533e-02  9.25992000e-06  9.66451797e-04 
 9.26192000e-06  5.64146506e-314  9.26192000e-06 -1.05136872e-01  9.26192000e-06  9.65194524e-04 
 9.26392000e-06  2.59296238e-314  9.26392000e-06 -1.17268817e-01  9.26392000e-06  9.63784674e-04 
 9.26592000e-06  5.64146506e-314  9.26592000e-06 -1.29382069e-01  9.26592000e-06  9.62222471e-04 
 9.26792000e-06  2.59296238e-314  9.26792000e-06 -1.41474715e-01  9.26792000e-06  9.60508165e-04 
 9.26992000e-06  5.64146506e-314  9.26992000e-06 -1.53544842e-01  9.26992000e-06  9.58642029e-04 
 9.27192000e-06  2.59296238e-314  9.27192000e-06 -1.65590543e-01  9.27192000e-06  9.56624359e-04 
 9.27392000e-06  5.64146506e-314  9.27392000e-06 -1.77609913e-01  9.27392000e-06  9.54455476e-04 
 9.27592000e-06  2.59296238e-314  9.27592000e-06 -1.89601052e-01  9.27592000e-06  9.52135725e-04 
 9.27792000e-06  5.64146506e-314  9.27792000e-06 -2.01562066e-01  9.27792000e-06  9.49665475e-04 
 9.27992000e-06  2.59296238e-314  9.27992000e-06 -2.13491063e-01  9.27992000e-06  9.47045119e-04 
 9.28192000e-06  5.64146506e-314  9.28192000e-06 -2.25386159e-01  9.28192000e-06  9.44275071e-04 
 9.28392000e-06  2.59296238e-314  9.28392000e-06 -2.37245472e-01  9.28392000e-06  9.41355773e-04 
 9.28592000e-06  5.64146506e-314  9.28592000e-06 -2.49067129e-01  9.28592000e-06  9.38287688e-04 
 9.28792000e-06  2.59296238e-314  9.28792000e-06 -2.60849261e-01  9.28792000e-06  9.35071301e-04 
 9.28992000e-06  5.64146506e-314  9.28992000e-06 -2.72590006e-01  9.28992000e-06  9.31707125e-04 
 9.29192000e-06  2.59296238e-314  9.29192000e-06 -2.84287508e-01  9.29192000e-06  9.28195692e-04 
 9.29392000e-06  5.64146506e-314  9.29392000e-06 -2.95939919e-01  9.29392000e-06  9.24537560e-04 
 9.29592000e-06  2.59296238e-314  9.29592000e-06 -3.07545396e-01  9.29592000e-06  9.20733308e-04 
 9.29792000e-06  5.64146506e-314  9.29792000e-06 -3.19102106e-01  9.29792000e-06  9.16783541e-04 
 9.29992000e-06  2.59296238e-314  9.29992000e-06 -3.30608221e-01  9.29992000e-06  9.12688884e-04 
 9.30192000e-06  5.64146506e-314  9.30192000e-06 -3.42061925e-01  9.30192000e-06  9.08449986e-04 
 9.30392000e-06  2.59296238e-314  9.30392000e-06 -3.53461406e-01  9.30392000e-06  9.04067520e-04 
 9.30592000e-06  5.64146506e-314  9.30592000e-06 -3.64804863e-01  9.30592000e-06  8.99542179e-04 
 9.30792000e-06  2.59296238e-314  9.30792000e-06 -3.76090504e-01  9.30792000e-06  8.94874682e-04 
 9.30992000e-06  5.64146506e-314  9.30992000e-06 -3.87316545e-01  9.30992000e-06  8.90065768e-04 
 9.31192000e-06  2.59296238e-314  9.31192000e-06 -3.98481211e-01  9.31192000e-06  8.85116199e-04 
 9.31392000e-06  5.64146506e-314  9.31392000e-06 -4.09582739e-01  9.31392000e-06  8.80026759e-04 
 9.31592000e-06  2.59296238e-314  9.31592000e-06 -4.20619374e-01  9.31592000e-06  8.74798255e-04 
 9.31792000e-06  5.64146506e-314  9.31792000e-06 -4.31589373e-01  9.31792000e-06  8.69431515e-04 
 9.31992000e-06  2.59296238e-314  9.31992000e-06 -4.42491001e-01  9.31992000e-06  8.63927389e-04 
 9.32192000e-06  5.64146506e-314  9.32192000e-06 -4.53322537e-01  9.32192000e-06  8.58286750e-04 
 9.32392000e-06  2.59296238e-314  9.32392000e-06 -4.64082268e-01  9.32392000e-06  8.52510489e-04 
 9.32592000e-06  5.64146506e-314  9.32592000e-06 -4.74768494e-01  9.32592000e-06  8.46599524e-04 
 9.32792000e-06  2.59296238e-314  9.32792000e-06 -4.85379528e-01  9.32792000e-06  8.40554789e-04 
 9.32992000e-06  5.64146506e-314  9.32992000e-06 -4.95913691e-01  9.32992000e-06  8.34377242e-04 
 9.33192000e-06  2.59296238e-314  9.33192000e-06 -5.06369321e-01  9.33192000e-06  8.28067862e-04 
 9.33392000e-06  5.64146506e-314  9.33392000e-06 -5.16744765e-01  9.33392000e-06  8.21627646e-04 
 9.33592000e-06  2.59296238e-314  9.33592000e-06 -5.27038383e-01  9.33592000e-06  8.15057617e-04 
 9.33792000e-06  5.64146506e-314  9.33792000e-06 -5.37248549e-01  9.33792000e-06  8.08358813e-04 
 9.33992000e-06  2.59296238e-314  9.33992000e-06 -5.47373650e-01  9.33992000e-06  8.01532295e-04 
 9.34192000e-06  5.64146506e-314  9.34192000e-06 -5.57412087e-01  9.34192000e-06  7.94579144e-04 
 9.34392000e-06  2.59296238e-314  9.34392000e-06 -5.67362273e-01  9.34392000e-06  7.87500461e-04 
 9.34592000e-06  5.64146506e-314  9.34592000e-06 -5.77222637e-01  9.34592000e-06  7.80297367e-04 
 9.34792000e-06  2.59296238e-314  9.34792000e-06 -5.86991620e-01  9.34792000e-06  7.72971002e-04 
 9.34992000e-06  5.64146506e-314  9.34992000e-06 -5.96667680e-01  9.34992000e-06  7.65522526e-04 
 9.35192000e-06  2.59296238e-314  9.35192000e-06 -6.06249288e-01  9.35192000e-06  7.57953117e-04 
 9.35392000e-06  5.64146506e-314  9.35392000e-06 -6.15734930e-01  9.35392000e-06  7.50263975e-04 
 9.35592000e-06  2.59296238e-314  9.35592000e-06 -6.25123108e-01  9.35592000e-06  7.42456316e-04 
 9.35792000e-06  5.64146506e-314  9.35792000e-06 -6.34412339e-01  9.35792000e-06  7.34531376e-04 
 9.35992000e-06  2.59296238e-314  9.35992000e-06 -6.43601155e-01  9.35992000e-06  7.26490410e-04 
 9.36192000e-06  5.64146506e-314  9.36192000e-06 -6.52688105e-01  9.36192000e-06  7.18334690e-04 
 9.36392000e-06  2.59296238e-314  9.36392000e-06 -6.61671754e-01  9.36392000e-06  7.10065507e-04 
 9.36592000e-06  5.64146506e-314  9.36592000e-06 -6.70550683e-01  9.36592000e-06  7.01684170e-04 
 9.36792000e-06  2.59296238e-314  9.36792000e-06 -6.79323489e-01  9.36792000e-06  6.93192004e-04 
 9.36992000e-06  5.64146506e-314  9.36992000e-06 -6.87988787e-01  9.36992000e-06  6.84590355e-04 
 9.37192000e-06  2.59296238e-314  9.37192000e-06 -6.96545208e-01  9.37192000e-06  6.75880584e-04 
 9.37392000e-06  5.64146506e-314  9.37392000e-06 -7.04991401e-01  9.37392000e-06  6.67064068e-04 
 9.37592000e-06  2.59296238e-314  9.37592000e-06 -7.13326031e-01  9.37592000e-06  6.58142203e-04 
 9.37792000e-06  5.64146506e-314  9.37792000e-06 -7.21547784e-01  9.37792000e-06  6.49116401e-04 
 9.37992000e-06  2.59296238e-314  9.37992000e-06 -7.29655359e-01  9.37992000e-06  6.39988090e-04 
 9.38192000e-06  5.64146506e-314  9.38192000e-06 -7.37647477e-01  9.38192000e-06  6.30758715e-04 
 9.38392000e-06  2.59296238e-314  9.38392000e-06 -7.45522876e-01  9.38392000e-06  6.21429735e-04 
 9.38592000e-06  5.64146506e-314  9.38592000e-06 -7.53280313e-01  9.38592000e-06  6.12002628e-04 
 9.38792000e-06  2.59296238e-314  9.38792000e-06 -7.60918561e-01  9.38792000e-06  6.02478884e-04 
 9.38992000e-06  5.64146506e-314  9.38992000e-06 -7.68436416e-01  9.38992000e-06  5.92860010e-04 
 9.39192000e-06  2.59296238e-314  9.39192000e-06 -7.75832690e-01  9.39192000e-06  5.83147529e-04 
 9.39392000e-06  5.64146506e-314  9.39392000e-06 -7.83106215e-01  9.39392000e-06  5.73342977e-04 
 9.39592000e-06  2.59296238e-314  9.39592000e-06 -7.90255843e-01  9.39592000e-06  5.63447905e-04 
 9.39792000e-06  5.64146506e-314  9.39792000e-06 -7.97280445e-01  9.39792000e-06  5.53463879e-04 
 9.39992000e-06  2.59296238e-314  9.39992000e-06 -8.04178913e-01  9.39992000e-06  5.43392478e-04 
 9.40192000e-06  5.64146506e-314  9.40192000e-06 -8.10950157e-01  9.40192000e-06  5.33235296e-04 
 9.40392000e-06  2.59296238e-314  9.40392000e-06 -8.17593108e-01  9.40392000e-06  5.22993940e-04 
 9.40592000e-06  5.64146506e-314  9.40592000e-06 -8.24106718e-01  9.40592000e-06  5.12670029e-04 
 9.40792000e-06  2.59296238e-314  9.40792000e-06 -8.30489958e-01  9.40792000e-06  5.02265197e-04 
 9.40992000e-06  5.64146506e-314  9.40992000e-06 -8.36741822e-01  9.40992000e-06  4.91781090e-04 
 9.41192000e-06  2.59296238e-314  9.41192000e-06 -8.42861322e-01  9.41192000e-06  4.81219366e-04 
 9.41392000e-06  5.64146506e-314  9.41392000e-06 -8.48847492e-01  9.41392000e-06  4.70581697e-04 
 9.41592000e-06  2.59296238e-314  9.41592000e-06 -8.54699388e-01  9.41592000e-06  4.59869764e-04 
 9.41792000e-06  5.64146506e-314  9.41792000e-06 -8.60416086e-01  9.41792000e-06  4.49085263e-04 
 9.41992000e-06  2.59296238e-314  9.41992000e-06 -8.65996685e-01  9.41992000e-06  4.38229899e-04 
 9.42192000e-06  5.64146506e-314  9.42192000e-06 -8.71440303e-01  9.42192000e-06  4.27305389e-04 
 9.42392000e-06  2.59296238e-314  9.42392000e-06 -8.76746082e-01  9.42392000e-06  4.16313461e-04 
 9.42592000e-06  5.64146506e-314  9.42592000e-06 -8.81913184e-01  9.42592000e-06  4.05255854e-04 
 9.42792000e-06  2.59296238e-314  9.42792000e-06 -8.86940795e-01  9.42792000e-06  3.94134317e-04 
 9.42992000e-06  5.64146506e-314  9.42992000e-06 -8.91828122e-01  9.42992000e-06  3.82950609e-04 
 9.43192000e-06  2.59296238e-314  9.43192000e-06 -8.96574393e-01  9.43192000e-06  3.71706499e-04 
 9.43392000e-06  5.64146506e-314  9.43392000e-06 -9.01178860e-01  9.43392000e-06  3.60403765e-04 
 9.43592000e-06  2.59296238e-314  9.43592000e-06 -9.05640797e-01  9.43592000e-06  3.49044195e-04 
 9.43792000e-06  5.64146506e-314  9.43792000e-06 -9.09959500e-01  9.43792000e-06  3.37629585e-04 
 9.43992000e-06  2.59296238e-314  9.43992000e-06 -9.14134288e-01  9.43992000e-06  3.26161741e-04 
 9.44192000e-06  5.64146506e-314  9.44192000e-06 -9.18164503e-01  9.44192000e-06  3.14642476e-04 
 9.44392000e-06  2.59296238e-314  9.44392000e-06 -9.22049510e-01  9.44392000e-06  3.03073613e-04 
 9.44592000e-06  5.64146506e-314  9.44592000e-06 -9.25788696e-01  9.44592000e-06  2.91456980e-04 
 9.44792000e-06  2.59296238e-314  9.44792000e-06 -9.29381473e-01  9.44792000e-06  2.79794415e-04 
 9.44992000e-06  5.64146506e-314  9.44992000e-06 -9.32827272e-01  9.44992000e-06  2.68087763e-04 
 9.45192000e-06  2.59296238e-314  9.45192000e-06 -9.36125553e-01  9.45192000e-06  2.56338874e-04 
 9.45392000e-06  5.64146506e-314  9.45392000e-06 -9.39275795e-01  9.45392000e-06  2.44549607e-04 
 9.45592000e-06  2.59296238e-314  9.45592000e-06 -9.42277502e-01  9.45592000e-06  2.32721826e-04 
 9.45792000e-06  5.64146506e-314  9.45792000e-06 -9.45130202e-01  9.45792000e-06  2.20857402e-04 
 9.45992000e-06  2.59296238e-314  9.45992000e-06 -9.47833445e-01  9.45992000e-06  2.08958210e-04 
 9.46192000e-06  5.64146506e-314  9.46192000e-06 -9.50386805e-01  9.46192000e-06  1.97026132e-04 
 9.46392000e-06  2.59296238e-314  9.46392000e-06 -9.52789882e-01  9.46392000e-06  1.85063055e-04 
 9.46592000e-06  5.64146506e-314  9.46592000e-06 -9.55042297e-01  9.46592000e-06  1.73070871e-04 
 9.46792000e-06  2.59296238e-314  9.46792000e-06 -9.57143695e-01  9.46792000e-06  1.61051475e-04 
 9.46992000e-06  5.64146506e-314  9.46992000e-06 -9.59093747e-01  9.46992000e-06  1.49006770e-04 
 9.47192000e-06  2.59296238e-314  9.47192000e-06 -9.60892146e-01  9.47192000e-06  1.36938658e-04 
 9.47392000e-06  5.64146506e-314  9.47392000e-06 -9.62538609e-01  9.47392000e-06  1.24849049e-04 
 9.47592000e-06  2.59296238e-314  9.47592000e-06 -9.64032879e-01  9.47592000e-06  1.12739854e-04 
 9.47792000e-06  5.64146506e-314  9.47792000e-06 -9.65374721e-01  9.47792000e-06  1.00612987e-04 
 9.47992000e-06  2.59296238e-314  9.47992000e-06 -9.66563924e-01  9.47992000e-06  8.84703658e-05 
 9.48192000e-06  5.64146506e-314  9.48192000e-06 -9.67600303e-01  9.48192000e-06  7.63139107e-05 
 9.48392000e-06  2.59296238e-314  9.48392000e-06 -9.68483696e-01  9.48392000e-06  6.41455435e-05 
 9.48592000e-06  5.64146506e-314  9.48592000e-06 -9.69213965e-01  9.48592000e-06  5.19671882e-05 
 9.48792000e-06  2.59296238e-314  9.48792000e-06 -9.69790996e-01  9.48792000e-06  3.97807702e-05 
 9.48992000e-06  5.64146506e-314  9.48992000e-06 -9.70214701e-01  9.48992000e-06  2.75882161e-05 
 9.49192000e-06  2.59296238e-314  9.49192000e-06 -9.70485013e-01  9.49192000e-06  1.53914537e-05 
 9.49392000e-06  5.64146506e-314  9.49392000e-06 -9.70601893e-01  9.49392000e-06  3.19241132e-06 
 9.49592000e-06  2.59296238e-314  9.49592000e-06 -9.70565323e-01  9.49592000e-06 -9.00698246e-06 
 9.49792000e-06  5.64146506e-314  9.49792000e-06 -9.70375312e-01  9.49792000e-06 -2.12047990e-05 
 9.49992000e-06  2.59296238e-314  9.49992000e-06 -9.70031891e-01  9.49992000e-06 -3.33991098e-05 
 9.50192000e-06  5.64146506e-314  9.50192000e-06 -9.69535117e-01  9.50192000e-06 -4.55879870e-05 
 9.50392000e-06  2.59296238e-314  9.50392000e-06 -9.68885070e-01  9.50392000e-06 -5.77695039e-05 
 9.50592000e-06  5.64146506e-314  9.50592000e-06 -9.68081854e-01  9.50592000e-06 -6.99417345e-05 
 9.50792000e-06  2.59296238e-314  9.50792000e-06 -9.67125600e-01  9.50792000e-06 -8.21027547e-05 
 9.50992000e-06  5.64146506e-314  9.50992000e-06 -9.66016459e-01  9.50992000e-06 -9.42506419e-05 
 9.51192000e-06  2.59296238e-314  9.51192000e-06 -9.64754609e-01  9.51192000e-06 -1.06383476e-04 
 9.51392000e-06  5.64146506e-314  9.51392000e-06 -9.63340252e-01  9.51392000e-06 -1.18499339e-04 
 9.51592000e-06  2.59296238e-314  9.51592000e-06 -9.61773612e-01  9.51592000e-06 -1.30596315e-04 
 9.51792000e-06  5.64146506e-314  9.51792000e-06 -9.60054941e-01  9.51792000e-06 -1.42672492e-04 
 9.51992000e-06  2.59296238e-314  9.51992000e-06 -9.58184510e-01  9.51992000e-06 -1.54725962e-04 
 9.52192000e-06  5.64146506e-314  9.52192000e-06 -9.56162618e-01  9.52192000e-06 -1.66754819e-04 
 9.52392000e-06  2.59296238e-314  9.52392000e-06 -9.53989587e-01  9.52392000e-06 -1.78757161e-04 
 9.52592000e-06  5.64146506e-314  9.52592000e-06 -9.51665762e-01  9.52592000e-06 -1.90731092e-04 
 9.52792000e-06  2.59296238e-314  9.52792000e-06 -9.49191511e-01  9.52792000e-06 -2.02674719e-04 
 9.52992000e-06  5.64146506e-314  9.52992000e-06 -9.46567229e-01  9.52992000e-06 -2.14586154e-04 
 9.53192000e-06  2.59296238e-314  9.53192000e-06 -9.43793332e-01  9.53192000e-06 -2.26463513e-04 
 9.53392000e-06  5.64146506e-314  9.53392000e-06 -9.40870260e-01  9.53392000e-06 -2.38304921e-04 
 9.53592000e-06  2.59296238e-314  9.53592000e-06 -9.37798477e-01  9.53592000e-06 -2.50108505e-04 
 9.53792000e-06  5.64146506e-314  9.53792000e-06 -9.34578472e-01  9.53792000e-06 -2.61872399e-04 
 9.53992000e-06  2.59296238e-314  9.53992000e-06 -9.31210754e-01  9.53992000e-06 -2.73594745e-04 
 9.54192000e-06  5.64146506e-314  9.54192000e-06 -9.27695858e-01  9.54192000e-06 -2.85273689e-04 
 9.54392000e-06  2.59296238e-314  9.54392000e-06 -9.24034342e-01  9.54392000e-06 -2.96907386e-04 
 9.54592000e-06  5.64146506e-314  9.54592000e-06 -9.20226786e-01  9.54592000e-06 -3.08493997e-04 
 9.54792000e-06  2.59296238e-314  9.54792000e-06 -9.16273794e-01  9.54792000e-06 -3.20031691e-04 
 9.54992000e-06  5.64146506e-314  9.54992000e-06 -9.12175993e-01  9.54992000e-06 -3.31518645e-04 
 9.55192000e-06  2.59296238e-314  9.55192000e-06 -9.07934033e-01  9.55192000e-06 -3.42953042e-04 
 9.55392000e-06  5.64146506e-314  9.55392000e-06 -9.03548586e-01  9.55392000e-06 -3.54333076e-04 
 9.55592000e-06  2.59296238e-314  9.55592000e-06 -8.99020346e-01  9.55592000e-06 -3.65656949e-04 
 9.55792000e-06  5.64146506e-314  9.55792000e-06 -8.94350033e-01  9.55792000e-06 -3.76922871e-04 
 9.55992000e-06  2.59296238e-314  9.55992000e-06 -8.89538386e-01  9.55992000e-06 -3.88129061e-04 
 9.56192000e-06  5.64146506e-314  9.56192000e-06 -8.84586167e-01  9.56192000e-06 -3.99273749e-04 
 9.56392000e-06  2.59296238e-314  9.56392000e-06 -8.79494161e-01  9.56392000e-06 -4.10355174e-04 
 9.56592000e-06  5.64146506e-314  9.56592000e-06 -8.74263175e-01  9.56592000e-06 -4.21371584e-04 
 9.56792000e-06  2.59296238e-314  9.56792000e-06 -8.68894038e-01  9.56792000e-06 -4.32321238e-04 
 9.56992000e-06  5.64146506e-314  9.56992000e-06 -8.63387600e-01  9.56992000e-06 -4.43202407e-04 
 9.57192000e-06  2.59296238e-314  9.57192000e-06 -8.57744733e-01  9.57192000e-06 -4.54013371e-04 
 9.57392000e-06  5.64146506e-314  9.57392000e-06 -8.51966332e-01  9.57392000e-06 -4.64752421e-04 
 9.57592000e-06  2.59296238e-314  9.57592000e-06 -8.46053311e-01  9.57592000e-06 -4.75417861e-04 
 9.57792000e-06  5.64146506e-314  9.57792000e-06 -8.40006608e-01  9.57792000e-06 -4.86008006e-04 
 9.57992000e-06  2.59296238e-314  9.57992000e-06 -8.33827179e-01  9.57992000e-06 -4.96521182e-04 
 9.58192000e-06  5.64146506e-314  9.58192000e-06 -8.27516003e-01  9.58192000e-06 -5.06955728e-04 
 9.58392000e-06  2.59296238e-314  9.58392000e-06 -8.21074081e-01  9.58392000e-06 -5.17309995e-04 
 9.58592000e-06  5.64146506e-314  9.58592000e-06 -8.14502431e-01  9.58592000e-06 -5.27582348e-04 
 9.58792000e-06  2.59296238e-314  9.58792000e-06 -8.07802094e-01  9.58792000e-06 -5.37771164e-04 
 9.58992000e-06  5.64146506e-314  9.58992000e-06 -8.00974132e-01  9.58992000e-06 -5.47874832e-04 
 9.59192000e-06  2.59296238e-314  9.59192000e-06 -7.94019625e-01  9.59192000e-06 -5.57891756e-04 
 9.59392000e-06  5.64146506e-314  9.59392000e-06 -7.86939675e-01  9.59392000e-06 -5.67820355e-04 
 9.59592000e-06  2.59296238e-314  9.59592000e-06 -7.79735402e-01  9.59592000e-06 -5.77659058e-04 
 9.59792000e-06  5.64146506e-314  9.59792000e-06 -7.72407946e-01  9.59792000e-06 -5.87406313e-04 
 9.59992000e-06  2.59296238e-314  9.59992000e-06 -7.64958469e-01  9.59992000e-06 -5.97060579e-04 
 9.60192000e-06  5.64146506e-314  9.60192000e-06 -7.57388149e-01  9.60192000e-06 -6.06620331e-04 
 9.60392000e-06  2.59296238e-314  9.60392000e-06 -7.49698184e-01  9.60392000e-06 -6.16084059e-04 
 9.60592000e-06  5.64146506e-314  9.60592000e-06 -7.41889792e-01  9.60592000e-06 -6.25450268e-04 
 9.60792000e-06  2.59296238e-314  9.60792000e-06 -7.33964209e-01  9.60792000e-06 -6.34717478e-04 
 9.60992000e-06  5.64146506e-314  9.60992000e-06 -7.25922689e-01  9.60992000e-06 -6.43884226e-04 
 9.61192000e-06  2.59296238e-314  9.61192000e-06 -7.17766505e-01  9.61192000e-06 -6.52949064e-04 
 9.61392000e-06  5.64146506e-314  9.61392000e-06 -7.09496947e-01  9.61392000e-06 -6.61910559e-04 
 9.61592000e-06  2.59296238e-314  9.61592000e-06 -7.01115325e-01  9.61592000e-06 -6.70767296e-04 
 9.61792000e-06  5.64146506e-314  9.61792000e-06 -6.92622966e-01  9.61792000e-06 -6.79517877e-04 
 9.61992000e-06  2.59296238e-314  9.61992000e-06 -6.84021212e-01  9.61992000e-06 -6.88160919e-04 
 9.62192000e-06  5.64146506e-314  9.62192000e-06 -6.75311426e-01  9.62192000e-06 -6.96695057e-04 
 9.62392000e-06  2.59296238e-314  9.62392000e-06 -6.66494986e-01  9.62392000e-06 -7.05118944e-04 
 9.62592000e-06  5.64146506e-314  9.62592000e-06 -6.57573287e-01  9.62592000e-06 -7.13431248e-04 
 9.62792000e-06  2.59296238e-314  9.62792000e-06 -6.48547740e-01  9.62792000e-06 -7.21630658e-04 
 9.62992000e-06  5.64146506e-314  9.62992000e-06 -6.39419775e-01  9.62992000e-06 -7.29715878e-04 
 9.63192000e-06  2.59296238e-314  9.63192000e-06 -6.30190834e-01  9.63192000e-06 -7.37685632e-04 
 9.63392000e-06  5.64146506e-314  9.63392000e-06 -6.20862380e-01  9.63392000e-06 -7.45538661e-04 
 9.63592000e-06  2.59296238e-314  9.63592000e-06 -6.11435887e-01  9.63592000e-06 -7.53273725e-04 
 9.63792000e-06  5.64146506e-314  9.63792000e-06 -6.01912847e-01  9.63792000e-06 -7.60889602e-04 
 9.63992000e-06  2.59296238e-314  9.63992000e-06 -5.92294767e-01  9.63992000e-06 -7.68385090e-04 
 9.64192000e-06  5.64146506e-314  9.64192000e-06 -5.82583169e-01  9.64192000e-06 -7.75759006e-04 
 9.64392000e-06  2.59296238e-314  9.64392000e-06 -5.72779589e-01  9.64392000e-06 -7.83010185e-04 
 9.64592000e-06  5.64146506e-314  9.64592000e-06 -5.62885579e-01  9.64592000e-06 -7.90137483e-04 
 9.64792000e-06  2.59296238e-314  9.64792000e-06 -5.52902703e-01  9.64792000e-06 -7.97139774e-04 
 9.64992000e-06  5.64146506e-314  9.64992000e-06 -5.42832541e-01  9.64992000e-06 -8.04015953e-04 
 9.65192000e-06  2.59296238e-314  9.65192000e-06 -5.32676686e-01  9.65192000e-06 -8.10764934e-04 
 9.65392000e-06  5.64146506e-314  9.65392000e-06 -5.22436746e-01  9.65392000e-06 -8.17385651e-04 
 9.65592000e-06  2.59296238e-314  9.65592000e-06 -5.12114339e-01  9.65592000e-06 -8.23877061e-04 
 9.65792000e-06  5.64146506e-314  9.65792000e-06 -5.01711098e-01  9.65792000e-06 -8.30238138e-04 
 9.65992000e-06  2.59296238e-314  9.65992000e-06 -4.91228671e-01  9.65992000e-06 -8.36467877e-04 
 9.66192000e-06  5.64146506e-314  9.66192000e-06 -4.80668714e-01  9.66192000e-06 -8.42565297e-04 
 9.66392000e-06  2.59296238e-314  9.66392000e-06 -4.70032898e-01  9.66392000e-06 -8.48529434e-04 
 9.66592000e-06  5.64146506e-314  9.66592000e-06 -4.59322905e-01  9.66592000e-06 -8.54359348e-04 
 9.66792000e-06  2.59296238e-314  9.66792000e-06 -4.48540431e-01  9.66792000e-06 -8.60054118e-04 
 9.66992000e-06  5.64146506e-314  9.66992000e-06 -4.37687179e-01  9.66992000e-06 -8.65612845e-04 
 9.67192000e-06  2.59296238e-314  9.67192000e-06 -4.26764868e-01  9.67192000e-06 -8.71034654e-04 
 9.67392000e-06  5.64146506e-314  9.67392000e-06 -4.15775224e-01  9.67392000e-06 -8.76318687e-04 
 9.67592000e-06  2.59296238e-314  9.67592000e-06 -4.04719987e-01  9.67592000e-06 -8.81464112e-04 
 9.67792000e-06  5.64146506e-314  9.67792000e-06 -3.93600903e-01  9.67792000e-06 -8.86470117e-04 
 9.67992000e-06  2.59296238e-314  9.67992000e-06 -3.82419733e-01  9.67992000e-06 -8.91335912e-04 
 9.68192000e-06  5.64146506e-314  9.68192000e-06 -3.71178245e-01  9.68192000e-06 -8.96060729e-04 
 9.68392000e-06  2.59296238e-314  9.68392000e-06 -3.59878216e-01  9.68392000e-06 -9.00643824e-04 
 9.68592000e-06  5.64146506e-314  9.68592000e-06 -3.48521435e-01  9.68592000e-06 -9.05084474e-04 
 9.68792000e-06  2.59296238e-314  9.68792000e-06 -3.37109696e-01  9.68792000e-06 -9.09381978e-04 
 9.68992000e-06  5.64146506e-314  9.68992000e-06 -3.25644805e-01  9.68992000e-06 -9.13535658e-04 
 9.69192000e-06  2.59296238e-314  9.69192000e-06 -3.14128576e-01  9.69192000e-06 -9.17544861e-04 
 9.69392000e-06  5.64146506e-314  9.69392000e-06 -3.02562828e-01  9.69392000e-06 -9.21408953e-04 
 9.69592000e-06  2.59296238e-314  9.69592000e-06 -2.90949393e-01  9.69592000e-06 -9.25127327e-04 
 9.69792000e-06  5.64146506e-314  9.69792000e-06 -2.79290105e-01  9.69792000e-06 -9.28699395e-04 
 9.69992000e-06  2.59296238e-314  9.69992000e-06 -2.67586810e-01  9.69992000e-06 -9.32124595e-04 
 9.70192000e-06  5.64146506e-314  9.70192000e-06 -2.55841357e-01  9.70192000e-06 -9.35402387e-04 
 9.70392000e-06  2.59296238e-314  9.70392000e-06 -2.44055604e-01  9.70392000e-06 -9.38532255e-04 
 9.70592000e-06  5.64146506e-314  9.70592000e-06 -2.32231416e-01  9.70592000e-06 -9.41513706e-04 
 9.70792000e-06  2.59296238e-314  9.70792000e-06 -2.20370661e-01  9.70792000e-06 -9.44346270e-04 
 9.70992000e-06  5.64146506e-314  9.70992000e-06 -2.08475216e-01  9.70992000e-06 -9.47029502e-04 
 9.71192000e-06  2.59296238e-314  9.71192000e-06 -1.96546962e-01  9.71192000e-06 -9.49562979e-04 
 9.71392000e-06  5.64146506e-314  9.71392000e-06 -1.84587784e-01  9.71392000e-06 -9.51946302e-04 
 9.71592000e-06  2.59296238e-314  9.71592000e-06 -1.72599574e-01  9.71592000e-06 -9.54179098e-04 
 9.71792000e-06  5.64146506e-314  9.71792000e-06 -1.60584227e-01  9.71792000e-06 -9.56261013e-04 
 9.71992000e-06  2.59296238e-314  9.71992000e-06 -1.48543644e-01  9.71992000e-06 -9.58191722e-04 
 9.72192000e-06  5.64146506e-314  9.72192000e-06 -1.36479728e-01  9.72192000e-06 -9.59970921e-04 
 9.72392000e-06  2.59296238e-314  9.72392000e-06 -1.24394387e-01  9.72392000e-06 -9.61598330e-04 
 9.72592000e-06  5.64146506e-314  9.72592000e-06 -1.12289531e-01  9.72592000e-06 -9.63073694e-04 
 9.72792000e-06  2.59296238e-314  9.72792000e-06 -1.00167075e-01  9.72792000e-06 -9.64396783e-04 
 9.72992000e-06  5.64146506e-314  9.72992000e-06 -8.80289359e-02  9.72992000e-06 -9.65567387e-04 
 9.73192000e-06  2.59296238e-314  9.73192000e-06 -7.58770320e-02  9.73192000e-06 -9.66585326e-04 
 9.73392000e-06  5.64146506e-314  9.73392000e-06 -6.37132851e-02  9.73392000e-06 -9.67450438e-04 
 9.73592000e-06  2.59296238e-314  9.73592000e-06 -5.15396183e-02  9.73592000e-06 -9.68162590e-04 
 9.73792000e-06  5.64146506e-314  9.73792000e-06 -3.93579562e-02  9.73792000e-06 -9.68721671e-04 
 9.73992000e-06  2.59296238e-314  9.73992000e-06 -2.71702250e-02  9.73992000e-06 -9.69127595e-04 
 9.74192000e-06  5.64146506e-314  9.74192000e-06 -1.49783515e-02  9.74192000e-06 -9.69380298e-04 
 9.74392000e-06  2.59296238e-314  9.74392000e-06 -2.78426314e-03  9.74392000e-06 -9.69479744e-04 
 9.74592000e-06  5.64146506e-314  9.74592000e-06  9.41011210e-03  9.74592000e-06 -9.69425918e-04 
 9.74792000e-06  2.59296238e-314  9.74792000e-06  2.16028464e-02  9.74792000e-06 -9.69218831e-04 
 9.74992000e-06  5.64146506e-314  9.74992000e-06  3.37920121e-02  9.74992000e-06 -9.68858517e-04 
 9.75192000e-06  2.59296238e-314  9.75192000e-06  4.59756822e-02  9.75192000e-06 -9.68345036e-04 
 9.75392000e-06  5.64146506e-314  9.75392000e-06  5.81519307e-02  9.75392000e-06 -9.67678470e-04 
 9.75592000e-06  2.59296238e-314  9.75592000e-06  7.03188326e-02  9.75592000e-06 -9.66858927e-04 
 9.75792000e-06  5.64146506e-314  9.75792000e-06  8.24744644e-02  9.75792000e-06 -9.65886538e-04 
 9.75992000e-06  2.59296238e-314  9.75992000e-06  9.46169046e-02  9.75992000e-06 -9.64761459e-04 
 9.76192000e-06  5.64146506e-314  9.76192000e-06  1.06744234e-01  9.76192000e-06 -9.63483869e-04 
 9.76392000e-06  2.59296238e-314  9.76392000e-06  1.18854535e-01  9.76392000e-06 -9.62053974e-04 
 9.76592000e-06  5.64146506e-314  9.76592000e-06  1.30945893e-01  9.76592000e-06 -9.60471999e-04 
 9.76792000e-06  2.59296238e-314  9.76792000e-06  1.43016397e-01  9.76792000e-06 -9.58738199e-04 
 9.76992000e-06  5.64146506e-314  9.76992000e-06  1.55064140e-01  9.76992000e-06 -9.56852847e-04 
 9.77192000e-06  2.59296238e-314  9.77192000e-06  1.67087216e-01  9.77192000e-06 -9.54816246e-04 
 9.77392000e-06  5.64146506e-314  9.77392000e-06  1.79083725e-01  9.77392000e-06 -9.52628718e-04 
 9.77592000e-06  2.59296238e-314  9.77592000e-06  1.91051771e-01  9.77592000e-06 -9.50290611e-04 
 9.77792000e-06  5.64146506e-314  9.77792000e-06  2.02989462e-01  9.77792000e-06 -9.47802296e-04 
 9.77992000e-06  2.59296238e-314  9.77992000e-06  2.14894912e-01  9.77992000e-06 -9.45164170e-04 
 9.78192000e-06  5.64146506e-314  9.78192000e-06  2.26766238e-01  9.78192000e-06 -9.42376650e-04 
 9.78392000e-06  2.59296238e-314  9.78392000e-06  2.38601564e-01  9.78392000e-06 -9.39440180e-04 
 9.78592000e-06  5.64146506e-314  9.78592000e-06  2.50399019e-01  9.78592000e-06 -9.36355226e-04 
 9.78792000e-06  2.59296238e-314  9.78792000e-06  2.62156739e-01  9.78792000e-06 -9.33122277e-04 
 9.78992000e-06  5.64146506e-314  9.78992000e-06  2.73872866e-01  9.78992000e-06 -9.29741846e-04 
 9.79192000e-06  2.59296238e-314  9.79192000e-06  2.85545547e-01  9.79192000e-06 -9.26214470e-04 
 9.79392000e-06  5.64146506e-314  9.79392000e-06  2.97172938e-01  9.79392000e-06 -9.22540707e-04 
 9.79592000e-06  2.59296238e-314  9.79592000e-06  3.08753201e-01  9.79592000e-06 -9.18721141e-04 
 9.79792000e-06  5.64146506e-314  9.79792000e-06  3.20284506e-01  9.79792000e-06 -9.14756378e-04 
 9.79992000e-06  2.59296238e-314  9.79992000e-06  3.31765031e-01  9.79992000e-06 -9.10647045e-04 
 9.80192000e-06  5.64146506e-314  9.80192000e-06  3.43192961e-01  9.80192000e-06 -9.06393795e-04 
 9.80392000e-06  2.59296238e-314  9.80392000e-06  3.54566490e-01  9.80392000e-06 -9.01997301e-04 
 9.80592000e-06  5.64146506e-314  9.80592000e-06  3.65883820e-01  9.80592000e-06 -8.97458261e-04 
 9.80792000e-06  2.59296238e-314  9.80792000e-06  3.77143164e-01  9.80792000e-06 -8.92777394e-04 
 9.80992000e-06  5.64146506e-314  9.80992000e-06  3.88342742e-01  9.80992000e-06 -8.87955442e-04 
 9.81192000e-06  2.59296238e-314  9.81192000e-06  3.99480783e-01  9.81192000e-06 -8.82993168e-04 
 9.81392000e-06  5.64146506e-314  9.81392000e-06  4.10555529e-01  9.81392000e-06 -8.77891360e-04 
 9.81592000e-06  2.59296238e-314  9.81592000e-06  4.21565228e-01  9.81592000e-06 -8.72650825e-04 
 9.81792000e-06  5.64146506e-314  9.81792000e-06  4.32508141e-01  9.81792000e-06 -8.67272393e-04 
 9.81992000e-06  2.59296238e-314  9.81992000e-06  4.43382540e-01  9.81992000e-06 -8.61756918e-04 
 9.82192000e-06  5.64146506e-314  9.82192000e-06  4.54186704e-01  9.82192000e-06 -8.56105271e-04 
 9.82392000e-06  2.59296238e-314  9.82392000e-06  4.64918928e-01  9.82392000e-06 -8.50318350e-04 
 9.82592000e-06  5.64146506e-314  9.82592000e-06  4.75577516e-01  9.82592000e-06 -8.44397069e-04 
 9.82792000e-06  2.59296238e-314  9.82792000e-06  4.86160783e-01  9.82792000e-06 -8.38342368e-04 
 9.82992000e-06  5.64146506e-314  9.82992000e-06  4.96667057e-01  9.82992000e-06 -8.32155205e-04 
 9.83192000e-06  2.59296238e-314  9.83192000e-06  5.07094678e-01  9.83192000e-06 -8.25836559e-04 
 9.83392000e-06  5.64146506e-314  9.83392000e-06  5.17441999e-01  9.83392000e-06 -8.19387431e-04 
 9.83592000e-06  2.59296238e-314  9.83592000e-06  5.27707384e-01  9.83592000e-06 -8.12808844e-04 
 9.83792000e-06  5.64146506e-314  9.83792000e-06  5.37889212e-01  9.83792000e-06 -8.06101837e-04 
 9.83992000e-06  2.59296238e-314  9.83992000e-06  5.47985875e-01  9.83992000e-06 -7.99267474e-04 
 9.84192000e-06  5.64146506e-314  9.84192000e-06  5.57995776e-01  9.84192000e-06 -7.92306836e-04 
 9.84392000e-06  2.59296238e-314  9.84392000e-06  5.67917335e-01  9.84392000e-06 -7.85221025e-04 
 9.84592000e-06  5.64146506e-314  9.84592000e-06  5.77748984e-01  9.84592000e-06 -7.78011163e-04 
 9.84792000e-06  2.59296238e-314  9.84792000e-06  5.87489170e-01  9.84792000e-06 -7.70678392e-04 
 9.84992000e-06  5.64146506e-314  9.84992000e-06  5.97136354e-01  9.84992000e-06 -7.63223873e-04 
 9.85192000e-06  2.59296238e-314  9.85192000e-06  6.06689012e-01  9.85192000e-06 -7.55648784e-04 
 9.85392000e-06  5.64146506e-314  9.85392000e-06  6.16145635e-01  9.85392000e-06 -7.47954327e-04 
 9.85592000e-06  2.59296238e-314  9.85592000e-06  6.25504730e-01  9.85592000e-06 -7.40141717e-04 
 9.85792000e-06  5.64146506e-314  9.85792000e-06  6.34764817e-01  9.85792000e-06 -7.32212193e-04 
 9.85992000e-06  2.59296238e-314  9.85992000e-06  6.43924435e-01  9.85992000e-06 -7.24167009e-04 
 9.86192000e-06  5.64146506e-314  9.86192000e-06  6.52982136e-01  9.86192000e-06 -7.16007439e-04 
 9.86392000e-06  2.59296238e-314  9.86392000e-06  6.61936489e-01  9.86392000e-06 -7.07734773e-04 
 9.86592000e-06  5.64146506e-314  9.86592000e-06  6.70786081e-01  9.86592000e-06 -6.99350322e-04 
 9.86792000e-06  2.59296238e-314  9.86792000e-06  6.79529513e-01  9.86792000e-06 -6.90855412e-04 
 9.86992000e-06  5.64146506e-314  9.86992000e-06  6.88165405e-01  9.86992000e-06 -6.82251388e-04 
 9.87192000e-06  2.59296238e-314  9.87192000e-06  6.96692393e-01  9.87192000e-06 -6.73539610e-04 
 9.87392000e-06  5.64146506e-314  9.87392000e-06  7.05109129e-01  9.87392000e-06 -6.64721459e-04 
 9.87592000e-06  2.59296238e-314  9.87592000e-06  7.13414285e-01  9.87592000e-06 -6.55798329e-04 
 9.87792000e-06  5.64146506e-314  9.87792000e-06  7.21606549e-01  9.87792000e-06 -6.46771633e-04 
 9.87992000e-06  2.59296238e-314  9.87992000e-06  7.29684627e-01  9.87992000e-06 -6.37642798e-04 
 9.88192000e-06  5.64146506e-314  9.88192000e-06  7.37647244e-01  9.88192000e-06 -6.28413270e-04 
 9.88392000e-06  2.59296238e-314  9.88392000e-06  7.45493142e-01  9.88392000e-06 -6.19084508e-04 
 9.88592000e-06  5.64146506e-314  9.88592000e-06  7.53221082e-01  9.88592000e-06 -6.09657989e-04 
 9.88792000e-06  2.59296238e-314  9.88792000e-06  7.60829844e-01  9.88792000e-06 -6.00135204e-04 
 9.88992000e-06  5.64146506e-314  9.88992000e-06  7.68318227e-01  9.88992000e-06 -5.90517660e-04 
 9.89192000e-06  2.59296238e-314  9.89192000e-06  7.75685048e-01  9.89192000e-06 -5.80806879e-04 
 9.89392000e-06  5.64146506e-314  9.89392000e-06  7.82929144e-01  9.89392000e-06 -5.71004397e-04 
 9.89592000e-06  2.59296238e-314  9.89592000e-06  7.90049372e-01  9.89592000e-06 -5.61111765e-04 
 9.89792000e-06  5.64146506e-314  9.89792000e-06  7.97044606e-01  9.89792000e-06 -5.51130548e-04 
 9.89992000e-06  2.59296238e-314  9.89992000e-06  8.03913744e-01  9.89992000e-06 -5.41062326e-04 
 9.90192000e-06  5.64146506e-314  9.90192000e-06  8.10655700e-01  9.90192000e-06 -5.30908690e-04 
 9.90392000e-06  2.59296238e-314  9.90392000e-06  8.17269410e-01  9.90392000e-06 -5.20671247e-04 
 9.90592000e-06  5.64146506e-314  9.90592000e-06  8.23753831e-01  9.90592000e-06 -5.10351618e-04 
 9.90792000e-06  2.59296238e-314  9.90792000e-06  8.30107938e-01  9.90792000e-06 -4.99951434e-04 
 9.90992000e-06  5.64146506e-314  9.90992000e-06  8.36330729e-01  9.90992000e-06 -4.89472340e-04 
 9.91192000e-06  2.59296238e-314  9.91192000e-06  8.42421222e-01  9.91192000e-06 -4.78915995e-04 
 9.91392000e-06  5.64146506e-314  9.91392000e-06  8.48378455e-01  9.91392000e-06 -4.68284068e-04 
 9.91592000e-06  2.59296238e-314  9.91592000e-06  8.54201488e-01  9.91592000e-06 -4.57578241e-04 
 9.91792000e-06  5.64146506e-314  9.91792000e-06  8.59889403e-01  9.91792000e-06 -4.46800207e-04 
 9.91992000e-06  2.59296238e-314  9.91992000e-06  8.65441301e-01  9.91992000e-06 -4.35951672e-04 
 9.92192000e-06  5.64146506e-314  9.92192000e-06  8.70856308e-01  9.92192000e-06 -4.25034351e-04 
 9.92392000e-06  2.59296238e-314  9.92392000e-06  8.76133568e-01  9.92392000e-06 -4.14049972e-04 
 9.92592000e-06  5.64146506e-314  9.92592000e-06  8.81272249e-01  9.92592000e-06 -4.03000271e-04 
 9.92792000e-06  2.59296238e-314  9.92792000e-06  8.86271540e-01  9.92792000e-06 -3.91886996e-04 
 9.92992000e-06  5.64146506e-314  9.92992000e-06  8.91130652e-01  9.92992000e-06 -3.80711905e-04 
 9.93192000e-06  2.59296238e-314  9.93192000e-06  8.95848820e-01  9.93192000e-06 -3.69476766e-04 
 9.93392000e-06  5.64146506e-314  9.93392000e-06  9.00425299e-01  9.93392000e-06 -3.58183356e-04 
 9.93592000e-06  2.59296238e-314  9.93592000e-06  9.04859367e-01  9.93592000e-06 -3.46833460e-04 
 9.93792000e-06  5.64146506e-314  9.93792000e-06  9.09150325e-01  9.93792000e-06 -3.35428875e-04 
 9.93992000e-06  2.59296238e-314  9.93992000e-06  9.13297496e-01  9.93992000e-06 -3.23971402e-04 
 9.94192000e-06  5.64146506e-314  9.94192000e-06  9.17300227e-01  9.94192000e-06 -3.12462856e-04 
 9.94392000e-06  2.59296238e-314  9.94392000e-06  9.21157887e-01  9.94392000e-06 -3.00905055e-04 
 9.94592000e-06  5.64146506e-314  9.94592000e-06  9.24869868e-01  9.94592000e-06 -2.89299827e-04 
 9.94792000e-06  2.59296238e-314  9.94792000e-06  9.28435584e-01  9.94792000e-06 -2.77649009e-04 
 9.94992000e-06  5.64146506e-314  9.94992000e-06  9.31854473e-01  9.94992000e-06 -2.65954441e-04 
 9.95192000e-06  2.59296238e-314  9.95192000e-06  9.35125998e-01  9.95192000e-06 -2.54217975e-04 
 9.95392000e-06  5.64146506e-314  9.95392000e-06  9.38249642e-01  9.95392000e-06 -2.42441465e-04 
 9.95592000e-06  2.59296238e-314  9.95592000e-06  9.41224914e-01  9.95592000e-06 -2.30626774e-04 
 9.95792000e-06  5.64146506e-314  9.95792000e-06  9.44051345e-01  9.95792000e-06 -2.18775771e-04 
 9.95992000e-06  2.59296238e-314  9.95992000e-06  9.46728491e-01  9.95992000e-06 -2.06890330e-04 
 9.96192000e-06  5.64146506e-314  9.96192000e-06  9.49255929e-01  9.96192000e-06 -1.94972329e-04 
 9.96392000e-06  2.59296238e-314  9.96392000e-06  9.51633262e-01  9.96392000e-06 -1.83023654e-04 
 9.96592000e-06  5.64146506e-314  9.96592000e-06  9.53860116e-01  9.96592000e-06 -1.71046193e-04 
 9.96792000e-06  2.59296238e-314  9.96792000e-06  9.55936142e-01  9.96792000e-06 -1.59041842e-04 
 9.96992000e-06  5.64146506e-314  9.96992000e-06  9.57861012e-01  9.96992000e-06 -1.47012498e-04 
 9.97192000e-06  2.59296238e-314  9.97192000e-06  9.59634424e-01  9.97192000e-06 -1.34960063e-04 
 9.97392000e-06  5.64146506e-314  9.97392000e-06  9.61256100e-01  9.97392000e-06 -1.22886443e-04 
 9.97592000e-06  2.59296238e-314  9.97592000e-06  9.62725786e-01  9.97592000e-06 -1.10793546e-04 
 9.97792000e-06  5.64146506e-314  9.97792000e-06  9.64043250e-01  9.97792000e-06 -9.86832861e-05 
 9.97992000e-06  2.59296238e-314  9.97992000e-06  9.65208287e-01  9.97992000e-06 -8.65575767e-05 
 9.98192000e-06  5.64146506e-314  9.98192000e-06  9.66220714e-01  9.98192000e-06 -7.44183353e-05 
 9.98392000e-06  2.59296238e-314  9.98392000e-06  9.67080373e-01  9.98392000e-06 -6.22674813e-05 
 9.98592000e-06  5.64146506e-314  9.98592000e-06  9.67787131e-01  9.98592000e-06 -5.01069358e-05 
 9.98792000e-06  2.59296238e-314  9.98792000e-06  9.68340876e-01  9.98792000e-06 -3.79386215e-05 
 9.98992000e-06  5.64146506e-314  9.98992000e-06  9.68741524e-01  9.98992000e-06 -2.57644622e-05 
 9.99192000e-06  2.59296238e-314  9.99192000e-06  9.68989014e-01  9.99192000e-06 -1.35863827e-05 
 9.99392000e-06  5.64146506e-314  9.99392000e-06  9.69083308e-01  9.99392000e-06 -1.40630824e-06 
 9.99592000e-06  2.59296238e-314  9.99592000e-06  9.69024392e-01  9.99592000e-06  1.07738354e-05 
 9.99792000e-06  5.64146506e-314  9.99792000e-06  9.68812280e-01  9.99792000e-06  2.29521227e-05 
 9.99992000e-06  2.59296238e-314  9.99992000e-06  9.68447004e-01  9.99992000e-06  3.51266283e-05 
 1.00019200e-05  5.64146506e-314  1.00019200e-05  9.67928627e-01  1.00019200e-05  4.72954275e-05 
 1.00039200e-05  2.59296238e-314  1.00039200e-05  9.67257230e-01  1.00039200e-05  5.94565966e-05 
 1.00059200e-05  5.64146506e-314  1.00059200e-05  9.66432923e-01  1.00059200e-05  7.16082130e-05 
 1.00079200e-05  2.59296238e-314  1.00079200e-05  9.65455838e-01  1.00079200e-05  8.37483558e-05 
 1.00099200e-05  5.64146506e-314  1.00099200e-05  9.64326131e-01  1.00099200e-05  9.58751057e-05 
 1.00119200e-05  2.59296238e-314  1.00119200e-05  9.63043982e-01  1.00119200e-05  1.07986546e-04 
 1.00139200e-05  5.64146506e-314  1.00139200e-05  9.61609596e-01  1.00139200e-05  1.20080761e-04 
 1.00159200e-05  2.59296238e-314  1.00159200e-05  9.60023203e-01  1.00159200e-05  1.32155841e-04 
 1.00179200e-05  5.64146506e-314  1.00179200e-05  9.58285053e-01  1.00179200e-05  1.44209875e-04 
 1.00199200e-05  2.59296238e-314  1.00199200e-05  9.56395426e-01  1.00199200e-05  1.56240959e-04 
 1.00219200e-05  5.64146506e-314  1.00219200e-05  9.54354620e-01  1.00219200e-05  1.68247191e-04 
 1.00239200e-05  2.59296238e-314  1.00239200e-05  9.52162960e-01  1.00239200e-05  1.80226673e-04 
 1.00259200e-05  5.64146506e-314  1.00259200e-05  9.49820795e-01  1.00259200e-05  1.92177511e-04 
 1.00279200e-05  2.59296238e-314  1.00279200e-05  9.47328498e-01  1.00279200e-05  2.04097816e-04 
 1.00299200e-05  5.64146506e-314  1.00299200e-05  9.44686463e-01  1.00299200e-05  2.15985705e-04 
 1.00319200e-05  2.59296238e-314  1.00319200e-05  9.41895111e-01  1.00319200e-05  2.27839298e-04 
 1.00339200e-05  5.64146506e-314  1.00339200e-05  9.38954884e-01  1.00339200e-05  2.39656722e-04 
 1.00359200e-05  2.59296238e-314  1.00359200e-05  9.35866250e-01  1.00359200e-05  2.51436108e-04 
 1.00379200e-05  5.64146506e-314  1.00379200e-05  9.32629698e-01  1.00379200e-05  2.63175596e-04 
 1.00399200e-05  2.59296238e-314  1.00399200e-05  9.29245743e-01  1.00399200e-05  2.74873329e-04 
 1.00419200e-05  5.64146506e-314  1.00419200e-05  9.25714920e-01  1.00419200e-05  2.86527458e-04 
 1.00439200e-05  2.59296238e-314  1.00439200e-05  9.22037791e-01  1.00439200e-05  2.98136143e-04 
 1.00459200e-05  5.64146506e-314  1.00459200e-05  9.18214937e-01  1.00459200e-05  3.09697548e-04 
 1.00479200e-05  2.59296238e-314  1.00479200e-05  9.14246966e-01  1.00479200e-05  3.21209845e-04 
 1.00499200e-05  5.64146506e-314  1.00499200e-05  9.10134507e-01  1.00499200e-05  3.32671216e-04 
 1.00519200e-05  2.59296238e-314  1.00519200e-05  9.05878211e-01  1.00519200e-05  3.44079849e-04 
 1.00539200e-05  5.64146506e-314  1.00539200e-05  9.01478753e-01  1.00539200e-05  3.55433942e-04 
 1.00559200e-05  2.59296238e-314  1.00559200e-05  8.96936831e-01  1.00559200e-05  3.66731699e-04 
 1.00579200e-05  5.64146506e-314  1.00579200e-05  8.92253164e-01  1.00579200e-05  3.77971335e-04 
 1.00599200e-05  2.59296238e-314  1.00599200e-05  8.87428495e-01  1.00599200e-05  3.89151075e-04 
 1.00619200e-05  5.64146506e-314  1.00619200e-05  8.82463588e-01  1.00619200e-05  4.00269151e-04 
 1.00639200e-05  2.59296238e-314  1.00639200e-05  8.77359229e-01  1.00639200e-05  4.11323806e-04 
 1.00659200e-05  5.64146506e-314  1.00659200e-05  8.72116229e-01  1.00659200e-05  4.22313294e-04 
 1.00679200e-05  2.59296238e-314  1.00679200e-05  8.66735416e-01  1.00679200e-05  4.33235878e-04 
 1.00699200e-05  5.64146506e-314  1.00699200e-05  8.61217645e-01  1.00699200e-05  4.44089833e-04 
 1.00719200e-05  2.59296238e-314  1.00719200e-05  8.55563788e-01  1.00719200e-05  4.54873442e-04 
 1.00739200e-05  5.64146506e-314  1.00739200e-05  8.49774741e-01  1.00739200e-05  4.65585002e-04 
 1.00759200e-05  2.59296238e-314  1.00759200e-05  8.43851421e-01  1.00759200e-05  4.76222821e-04 
 1.00779200e-05  5.64146506e-314  1.00779200e-05  8.37794767e-01  1.00779200e-05  4.86785217e-04 
 1.00799200e-05  2.59296238e-314  1.00799200e-05  8.31605737e-01  1.00799200e-05  4.97270522e-04 
 1.00819200e-05  5.64146506e-314  1.00819200e-05  8.25285312e-01  1.00819200e-05  5.07677079e-04 
 1.00839200e-05  2.59296238e-314  1.00839200e-05  8.18834492e-01  1.00839200e-05  5.18003244e-04 
 1.00859200e-05  5.64146506e-314  1.00859200e-05  8.12254300e-01  1.00859200e-05  5.28247384e-04 
 1.00879200e-05  2.59296238e-314  1.00879200e-05  8.05545776e-01  1.00879200e-05  5.38407883e-04 
 1.00899200e-05  5.64146506e-314  1.00899200e-05  7.98709983e-01  1.00899200e-05  5.48483134e-04 
 1.00919200e-05  2.59296238e-314  1.00919200e-05  7.91748004e-01  1.00919200e-05  5.58471546e-04 
 1.00939200e-05  5.64146506e-314  1.00939200e-05  7.84660941e-01  1.00939200e-05  5.68371540e-04 
 1.00959200e-05  2.59296238e-314  1.00959200e-05  7.77449915e-01  1.00959200e-05  5.78181553e-04 
 1.00979200e-05  5.64146506e-314  1.00979200e-05  7.70116069e-01  1.00979200e-05  5.87900034e-04 
 1.00999200e-05  2.59296238e-314  1.00999200e-05  7.62660562e-01  1.00999200e-05  5.97525449e-04 
 1.01019200e-05  5.64146506e-314  1.01019200e-05  7.55084577e-01  1.01019200e-05  6.07056277e-04 
 1.01039200e-05  2.59296238e-314  1.01039200e-05  7.47389311e-01  1.01039200e-05  6.16491013e-04 
 1.01059200e-05  5.64146506e-314  1.01059200e-05  7.39575982e-01  1.01059200e-05  6.25828165e-04 
 1.01079200e-05  2.59296238e-314  1.01079200e-05  7.31645829e-01  1.01079200e-05  6.35066259e-04 
 1.01099200e-05  5.64146506e-314  1.01099200e-05  7.23600105e-01  1.01099200e-05  6.44203836e-04 
 1.01119200e-05  2.59296238e-314  1.01119200e-05  7.15440084e-01  1.01119200e-05  6.53239453e-04 
 1.01139200e-05  5.64146506e-314  1.01139200e-05  7.07167058e-01  1.01139200e-05  6.62171681e-04 
 1.01159200e-05  2.59296238e-314  1.01159200e-05  6.98782336e-01  1.01159200e-05  6.70999112e-04 
 1.01179200e-05  5.64146506e-314  1.01179200e-05  6.90287245e-01  1.01179200e-05  6.79720349e-04 
 1.01199200e-05  2.59296238e-314  1.01199200e-05  6.81683130e-01  1.01199200e-05  6.88334015e-04 
 1.01219200e-05  5.64146506e-314  1.01219200e-05  6.72971351e-01  1.01219200e-05  6.96838751e-04 
 1.01239200e-05  2.59296238e-314  1.01239200e-05  6.64153289e-01  1.01239200e-05  7.05233213e-04 
 1.01259200e-05  5.64146506e-314  1.01259200e-05  6.55230337e-01  1.01259200e-05  7.13516076e-04 
 1.01279200e-05  2.59296238e-314  1.01279200e-05  6.46203909e-01  1.01279200e-05  7.21686030e-04 
 1.01299200e-05  5.64146506e-314  1.01299200e-05  6.37075432e-01  1.01299200e-05  7.29741787e-04 
 1.01319200e-05  2.59296238e-314  1.01319200e-05  6.27846351e-01  1.01319200e-05  7.37682073e-04 
 1.01339200e-05  5.64146506e-314  1.01339200e-05  6.18518127e-01  1.01339200e-05  7.45505635e-04 
 1.01359200e-05  2.59296238e-314  1.01359200e-05  6.09092234e-01  1.01359200e-05  7.53211238e-04 
 1.01379200e-05  5.64146506e-314  1.01379200e-05  5.99570166e-01  1.01379200e-05  7.60797665e-04 
 1.01399200e-05  2.59296238e-314  1.01399200e-05  5.89953428e-01  1.01399200e-05  7.68263717e-04 
 1.01419200e-05  5.64146506e-314  1.01419200e-05  5.80243541e-01  1.01419200e-05  7.75608217e-04 
 1.01439200e-05  2.59296238e-314  1.01439200e-05  5.70442043e-01  1.01439200e-05  7.82830004e-04 
 1.01459200e-05  5.64146506e-314  1.01459200e-05  5.60550484e-01  1.01459200e-05  7.89927939e-04 
 1.01479200e-05  2.59296238e-314  1.01479200e-05  5.50570428e-01  1.01479200e-05  7.96900900e-04 
 1.01499200e-05  5.64146506e-314  1.01499200e-05  5.40503455e-01  1.01499200e-05  8.03747787e-04 
 1.01519200e-05  2.59296238e-314  1.01519200e-05  5.30351158e-01  1.01519200e-05  8.10467519e-04 
 1.01539200e-05  5.64146506e-314  1.01539200e-05  5.20115142e-01  1.01539200e-05  8.17059035e-04 
 1.01559200e-05  2.59296238e-314  1.01559200e-05  5.09797026e-01  1.01559200e-05  8.23521296e-04 
 1.01579200e-05  5.64146506e-314  1.01579200e-05  4.99398444e-01  1.01579200e-05  8.29853280e-04 
 1.01599200e-05  2.59296238e-314  1.01599200e-05  4.88921040e-01  1.01599200e-05  8.36053988e-04 
 1.01619200e-05  5.64146506e-314  1.01619200e-05  4.78366471e-01  1.01619200e-05  8.42122442e-04 
 1.01639200e-05  2.59296238e-314  1.01639200e-05  4.67736407e-01  1.01639200e-05  8.48057684e-04 
 1.01659200e-05  5.64146506e-314  1.01659200e-05  4.57032530e-01  1.01659200e-05  8.53858777e-04 
 1.01679200e-05  2.59296238e-314  1.01679200e-05  4.46256533e-01  1.01679200e-05  8.59524806e-04 
 1.01699200e-05  5.64146506e-314  1.01699200e-05  4.35410120e-01  1.01699200e-05  8.65054876e-04 
 1.01719200e-05  2.59296238e-314  1.01719200e-05  4.24495007e-01  1.01719200e-05  8.70448116e-04 
 1.01739200e-05  5.64146506e-314  1.01739200e-05  4.13512920e-01  1.01739200e-05  8.75703675e-04 
 1.01759200e-05  2.59296238e-314  1.01759200e-05  4.02465597e-01  1.01759200e-05  8.80820722e-04 
 1.01779200e-05  5.64146506e-314  1.01779200e-05  3.91354784e-01  1.01779200e-05  8.85798451e-04 
 1.01799200e-05  2.59296238e-314  1.01799200e-05  3.80182240e-01  1.01799200e-05  8.90636077e-04 
 1.01819200e-05  5.64146506e-314  1.01819200e-05  3.68949731e-01  1.01819200e-05  8.95332836e-04 
 1.01839200e-05  2.59296238e-314  1.01839200e-05  3.57659034e-01  1.01839200e-05  8.99887989e-04 
 1.01859200e-05  5.64146506e-314  1.01859200e-05  3.46311935e-01  1.01859200e-05  9.04300815e-04 
 1.01879200e-05  2.59296238e-314  1.01879200e-05  3.34910228e-01  1.01879200e-05  9.08570621e-04 
 1.01899200e-05  5.64146506e-314  1.01899200e-05  3.23455716e-01  1.01899200e-05  9.12696732e-04 
 1.01919200e-05  2.59296238e-314  1.01919200e-05  3.11950211e-01  1.01919200e-05  9.16678497e-04 
 1.01939200e-05  5.64146506e-314  1.01939200e-05  3.00395533e-01  1.01939200e-05  9.20515290e-04 
 1.01959200e-05  2.59296238e-314  1.01959200e-05  2.88793510e-01  1.01959200e-05  9.24206506e-04 
 1.01979200e-05  5.64146506e-314  1.01979200e-05  2.77145975e-01  1.01979200e-05  9.27751562e-04 
 1.01999200e-05  2.59296238e-314  1.01999200e-05  2.65454770e-01  1.01999200e-05  9.31149900e-04 
 1.02019200e-05  5.64146506e-314  1.02019200e-05  2.53721746e-01  1.02019200e-05  9.34400984e-04 
 1.02039200e-05  2.59296238e-314  1.02039200e-05  2.41948757e-01  1.02039200e-05  9.37504304e-04 
 1.02059200e-05  5.64146506e-314  1.02059200e-05  2.30137664e-01  1.02059200e-05  9.40459369e-04 
 1.02079200e-05  2.59296238e-314  1.02079200e-05  2.18290337e-01  1.02079200e-05  9.43265714e-04 
 1.02099200e-05  5.64146506e-314  1.02099200e-05  2.06408648e-01  1.02099200e-05  9.45922898e-04 
 1.02119200e-05  2.59296238e-314  1.02119200e-05  1.94494475e-01  1.02119200e-05  9.48430503e-04 
 1.02139200e-05  5.64146506e-314  1.02139200e-05  1.82549704e-01  1.02139200e-05  9.50788133e-04 
 1.02159200e-05  2.59296238e-314  1.02159200e-05  1.70576222e-01  1.02159200e-05  9.52995418e-04 
 1.02179200e-05  5.64146506e-314  1.02179200e-05  1.58575924e-01  1.02179200e-05  9.55052012e-04 
 1.02199200e-05  2.59296238e-314  1.02199200e-05  1.46550707e-01  1.02199200e-05  9.56957590e-04 
 1.02219200e-05  5.64146506e-314  1.02219200e-05  1.34502471e-01  1.02219200e-05  9.58711853e-04 
 1.02239200e-05  2.59296238e-314  1.02239200e-05  1.22433123e-01  1.02239200e-05  9.60314527e-04 
 1.02259200e-05  5.64146506e-314  1.02259200e-05  1.10344570e-01  1.02259200e-05  9.61765358e-04 
 1.02279200e-05  2.59296238e-314  1.02279200e-05  9.82387242e-02  1.02279200e-05  9.63064121e-04 
 1.02299200e-05  5.64146506e-314  1.02299200e-05  8.61174995e-02  1.02299200e-05  9.64210611e-04 
 1.02319200e-05  2.59296238e-314  1.02319200e-05  7.39828123e-02  1.02319200e-05  9.65204650e-04 
 1.02339200e-05  5.64146506e-314  1.02339200e-05  6.18365813e-02  1.02339200e-05  9.66046081e-04 
 1.02359200e-05  2.59296238e-314  1.02359200e-05  4.96807269e-02  1.02359200e-05  9.66734774e-04 
 1.02379200e-05  5.64146506e-314  1.02379200e-05  3.75171709e-02  1.02379200e-05  9.67270622e-04 
 1.02399200e-05  2.59296238e-314  1.02399200e-05  2.53478366e-02  1.02399200e-05  9.67653543e-04 
 1.02419200e-05  5.64146506e-314  1.02419200e-05  1.31746478e-02  1.02419200e-05  9.67883477e-04 
 1.02439200e-05  2.59296238e-314  1.02439200e-05  9.99529104e-04  1.02439200e-05  9.67960389e-04 
 1.02459200e-05  5.64146506e-314  1.02459200e-05 -1.11755945e-02  1.02459200e-05  9.67884271e-04 
 1.02479200e-05  2.59296238e-314  1.02479200e-05 -2.33487984e-02  1.02479200e-05  9.67655135e-04 
 1.02499200e-05  5.64146506e-314  1.02499200e-05 -3.55181578e-02  1.02499200e-05  9.67273021e-04 
 1.02519200e-05  2.59296238e-314  1.02519200e-05 -4.76817491e-02  1.02519200e-05  9.66737990e-04 
 1.02539200e-05  5.64146506e-314  1.02539200e-05 -5.98376492e-02  1.02539200e-05  9.66050128e-04 
 1.02559200e-05  2.59296238e-314  1.02559200e-05 -7.19839365e-02  1.02559200e-05  9.65209547e-04 
 1.02579200e-05  5.64146506e-314  1.02579200e-05 -8.41186907e-02  1.02579200e-05  9.64216381e-04 
 1.02599200e-05  2.59296238e-314  1.02599200e-05 -9.62399937e-02  1.02599200e-05  9.63070789e-04 
 1.02619200e-05  5.64146506e-314  1.02619200e-05 -1.08345929e-01  1.02619200e-05  9.61772955e-04 
 1.02639200e-05  2.59296238e-314  1.02639200e-05 -1.20434584e-01  1.02639200e-05  9.60323085e-04 
 1.02659200e-05  5.64146506e-314  1.02659200e-05 -1.32504046e-01  1.02659200e-05  9.58721410e-04 
 1.02679200e-05  2.59296238e-314  1.02679200e-05 -1.44552408e-01  1.02679200e-05  9.56968186e-04 
 1.02699200e-05  5.64146506e-314  1.02699200e-05 -1.56577766e-01  1.02699200e-05  9.55063691e-04 
 1.02719200e-05  2.59296238e-314  1.02719200e-05 -1.68578218e-01  1.02719200e-05  9.53008229e-04 
 1.02739200e-05  5.64146506e-314  1.02739200e-05 -1.80551868e-01  1.02739200e-05  9.50802127e-04 
 1.02759200e-05  2.59296238e-314  1.02759200e-05 -1.92496823e-01  1.02759200e-05  9.48445735e-04 
 1.02779200e-05  5.64146506e-314  1.02779200e-05 -2.04411195e-01  1.02779200e-05  9.45939427e-04 
 1.02799200e-05  2.59296238e-314  1.02799200e-05 -2.16293101e-01  1.02799200e-05  9.43283602e-04 
 1.02819200e-05  5.64146506e-314  1.02819200e-05 -2.28140663e-01  1.02819200e-05  9.40478682e-04 
 1.02839200e-05  2.59296238e-314  1.02839200e-05 -2.39952007e-01  1.02839200e-05  9.37525111e-04 
 1.02859200e-05  5.64146506e-314  1.02859200e-05 -2.51725268e-01  1.02859200e-05  9.34423359e-04 
 1.02879200e-05  2.59296238e-314  1.02879200e-05 -2.63458584e-01  1.02879200e-05  9.31173918e-04 
 1.02899200e-05  5.64146506e-314  1.02899200e-05 -2.75150101e-01  1.02899200e-05  9.27777303e-04 
 1.02919200e-05  2.59296238e-314  1.02919200e-05 -2.86797972e-01  1.02919200e-05  9.24234054e-04 
 1.02939200e-05  5.64146506e-314  1.02939200e-05 -2.98400354e-01  1.02939200e-05  9.20544732e-04 
 1.02959200e-05  2.59296238e-314  1.02959200e-05 -3.09955415e-01  1.02959200e-05  9.16709922e-04 
 1.02979200e-05  5.64146506e-314  1.02979200e-05 -3.21461328e-01  1.02979200e-05  9.12730232e-04 
 1.02999200e-05  2.59296238e-314  1.02999200e-05 -3.32916274e-01  1.02999200e-05  9.08606294e-04 
 1.03019200e-05  5.64146506e-314  1.03019200e-05 -3.44318444e-01  1.03019200e-05  9.04338761e-04 
 1.03039200e-05  2.59296238e-314  1.03039200e-05 -3.55666036e-01  1.03039200e-05  8.99928310e-04 
 1.03059200e-05  5.64146506e-314  1.03059200e-05 -3.66957256e-01  1.03059200e-05  8.95375640e-04 
 1.03079200e-05  2.59296238e-314  1.03079200e-05 -3.78190319e-01  1.03079200e-05  8.90681472e-04 
 1.03099200e-05  5.64146506e-314  1.03099200e-05 -3.89363452e-01  1.03099200e-05  8.85846551e-04 
 1.03119200e-05  2.59296238e-314  1.03119200e-05 -4.00474887e-01  1.03119200e-05  8.80871641e-04 
 1.03139200e-05  5.64146506e-314  1.03139200e-05 -4.11522869e-01  1.03139200e-05  8.75757533e-04 
 1.03159200e-05  2.59296238e-314  1.03159200e-05 -4.22505653e-01  1.03159200e-05  8.70505035e-04 
 1.03179200e-05  5.64146506e-314  1.03179200e-05 -4.33421502e-01  1.03179200e-05  8.65114981e-04 
 1.03199200e-05  2.59296238e-314  1.03199200e-05 -4.44268692e-01  1.03199200e-05  8.59588223e-04 
 1.03219200e-05  5.64146506e-314  1.03219200e-05 -4.55045508e-01  1.03219200e-05  8.53925638e-04 
 1.03239200e-05  2.59296238e-314  1.03239200e-05 -4.65750249e-01  1.03239200e-05  8.48128122e-04 
 1.03259200e-05  5.64146506e-314  1.03259200e-05 -4.76381222e-01  1.03259200e-05  8.42196594e-04 
 1.03279200e-05  2.59296238e-314  1.03279200e-05 -4.86936748e-01  1.03279200e-05  8.36131992e-04 
 1.03299200e-05  5.64146506e-314  1.03299200e-05 -4.97415158e-01  1.03299200e-05  8.29935279e-04 
 1.03319200e-05  2.59296238e-314  1.03319200e-05 -5.07814798e-01  1.03319200e-05  8.23607434e-04 
 1.03339200e-05  5.64146506e-314  1.03339200e-05 -5.18134024e-01  1.03339200e-05  8.17149460e-04 
 1.03359200e-05  2.59296238e-314  1.03359200e-05 -5.28371205e-01  1.03359200e-05  8.10562379e-04 
 1.03379200e-05  5.64146506e-314  1.03379200e-05 -5.38524725e-01  1.03379200e-05  8.03847235e-04 
 1.03399200e-05  2.59296238e-314  1.03399200e-05 -5.48592978e-01  1.03399200e-05  7.97005091e-04 
 1.03419200e-05  5.64146506e-314  1.03419200e-05 -5.58574375e-01  1.03419200e-05  7.90037030e-04 
 1.03439200e-05  2.59296238e-314  1.03439200e-05 -5.68467339e-01  1.03439200e-05  7.82944155e-04 
 1.03459200e-05  5.64146506e-314  1.03459200e-05 -5.78270306e-01  1.03459200e-05  7.75727589e-04 
 1.03479200e-05  2.59296238e-314  1.03479200e-05 -5.87981727e-01  1.03479200e-05  7.68388475e-04 
 1.03499200e-05  5.64146506e-314  1.03499200e-05 -5.97600070e-01  1.03499200e-05  7.60927974e-04 
 1.03519200e-05  2.59296238e-314  1.03519200e-05 -6.07123814e-01  1.03519200e-05  7.53347268e-04 
 1.03539200e-05  5.64146506e-314  1.03539200e-05 -6.16551454e-01  1.03539200e-05  7.45647556e-04 
 1.03559200e-05  2.59296238e-314  1.03559200e-05 -6.25881502e-01  1.03559200e-05  7.37830057e-04 
 1.03579200e-05  5.64146506e-314  1.03579200e-05 -6.35112483e-01  1.03579200e-05  7.29896010e-04 
 1.03599200e-05  2.59296238e-314  1.03599200e-05 -6.44242940e-01  1.03599200e-05  7.21846668e-04 
 1.03619200e-05  5.64146506e-314  1.03619200e-05 -6.53271431e-01  1.03619200e-05  7.13683307e-04 
 1.03639200e-05  2.59296238e-314  1.03639200e-05 -6.62196529e-01  1.03639200e-05  7.05407218e-04 
 1.03659200e-05  5.64146506e-314  1.03659200e-05 -6.71016824e-01  1.03659200e-05  6.97019712e-04 
 1.03679200e-05  2.59296238e-314  1.03679200e-05 -6.79730923e-01  1.03679200e-05  6.88522116e-04 
 1.03699200e-05  5.64146506e-314  1.03699200e-05 -6.88337451e-01  1.03699200e-05  6.79915774e-04 
 1.03719200e-05  2.59296238e-314  1.03719200e-05 -6.96835047e-01  1.03719200e-05  6.71202048e-04 
 1.03739200e-05  5.64146506e-314  1.03739200e-05 -7.05222370e-01  1.03739200e-05  6.62382318e-04 
 1.03759200e-05  2.59296238e-314  1.03759200e-05 -7.13498095e-01  1.03759200e-05  6.53457979e-04 
 1.03779200e-05  5.64146506e-314  1.03779200e-05 -7.21660916e-01  1.03779200e-05  6.44430444e-04 
 1.03799200e-05  2.59296238e-314  1.03799200e-05 -7.29709542e-01  1.03799200e-05  6.35301140e-04 
 1.03819200e-05  5.64146506e-314  1.03819200e-05 -7.37642703e-01  1.03819200e-05  6.26071513e-04 
 1.03839200e-05  2.59296238e-314  1.03839200e-05 -7.45459147e-01  1.03839200e-05  6.16743023e-04 
 1.03859200e-05  5.64146506e-314  1.03859200e-05 -7.53157639e-01  1.03859200e-05  6.07317146e-04 
 1.03879200e-05  2.59296238e-314  1.03879200e-05 -7.60736963e-01  1.03879200e-05  5.97795373e-04 
 1.03899200e-05  5.64146506e-314  1.03899200e-05 -7.68195922e-01  1.03899200e-05  5.88179211e-04 
 1.03919200e-05  2.59296238e-314  1.03919200e-05 -7.75533340e-01  1.03919200e-05  5.78470181e-04 
 1.03939200e-05  5.64146506e-314  1.03939200e-05 -7.82748057e-01  1.03939200e-05  5.68669820e-04 
 1.03959200e-05  2.59296238e-314  1.03959200e-05 -7.89838934e-01  1.03959200e-05  5.58779678e-04 
 1.03979200e-05  5.64146506e-314  1.03979200e-05 -7.96804852e-01  1.03979200e-05  5.48801319e-04 
 1.03999200e-05  2.59296238e-314  1.03999200e-05 -8.03644712e-01  1.03999200e-05  5.38736323e-04 
 1.04019200e-05  5.64146506e-314  1.04019200e-05 -8.10357433e-01  1.04019200e-05  5.28586282e-04 
 1.04039200e-05  2.59296238e-314  1.04039200e-05 -8.16941955e-01  1.04039200e-05  5.18352801e-04 
 1.04059200e-05  5.64146506e-314  1.04059200e-05 -8.23397240e-01  1.04059200e-05  5.08037500e-04 
 1.04079200e-05  2.59296238e-314  1.04079200e-05 -8.29722268e-01  1.04079200e-05  4.97642009e-04 
 1.04099200e-05  5.64146506e-314  1.04099200e-05 -8.35916042e-01  1.04099200e-05  4.87167975e-04 
 1.04119200e-05  2.59296238e-314  1.04119200e-05 -8.41977583e-01  1.04119200e-05  4.76617053e-04 
 1.04139200e-05  5.64146506e-314  1.04139200e-05 -8.47905935e-01  1.04139200e-05  4.65990912e-04 
 1.04159200e-05  2.59296238e-314  1.04159200e-05 -8.53700162e-01  1.04159200e-05  4.55291234e-04 
 1.04179200e-05  5.64146506e-314  1.04179200e-05 -8.59359351e-01  1.04179200e-05  4.44519711e-04 
 1.04199200e-05  2.59296238e-314  1.04199200e-05 -8.64882607e-01  1.04199200e-05  4.33678047e-04 
 1.04219200e-05  5.64146506e-314  1.04219200e-05 -8.70269060e-01  1.04219200e-05  4.22767957e-04 
 1.04239200e-05  2.59296238e-314  1.04239200e-05 -8.75517859e-01  1.04239200e-05  4.11791165e-04 
 1.04259200e-05  5.64146506e-314  1.04259200e-05 -8.80628177e-01  1.04259200e-05  4.00749410e-04 
 1.04279200e-05  2.59296238e-314  1.04279200e-05 -8.85599208e-01  1.04279200e-05  3.89644437e-04 
 1.04299200e-05  5.64146506e-314  1.04299200e-05 -8.90430167e-01  1.04299200e-05  3.78478002e-04 
 1.04319200e-05  2.59296238e-314  1.04319200e-05 -8.95120292e-01  1.04319200e-05  3.67251872e-04 
 1.04339200e-05  5.64146506e-314  1.04339200e-05 -8.99668843e-01  1.04339200e-05  3.55967822e-04 
 1.04359200e-05  2.59296238e-314  1.04359200e-05 -9.04075104e-01  1.04359200e-05  3.44627637e-04 
 1.04379200e-05  5.64146506e-314  1.04379200e-05 -9.08338379e-01  1.04379200e-05  3.33233110e-04 
 1.04399200e-05  2.59296238e-314  1.04399200e-05 -9.12457996e-01  1.04399200e-05  3.21786044e-04 
 1.04419200e-05  5.64146506e-314  1.04419200e-05 -9.16433306e-01  1.04419200e-05  3.10288249e-04 
 1.04439200e-05  2.59296238e-314  1.04439200e-05 -9.20263682e-01  1.04439200e-05  2.98741543e-04 
 1.04459200e-05  5.64146506e-314  1.04459200e-05 -9.23948521e-01  1.04459200e-05  2.87147752e-04 
 1.04479200e-05  2.59296238e-314  1.04479200e-05 -9.27487241e-01  1.04479200e-05  2.75508711e-04 
 1.04499200e-05  5.64146506e-314  1.04499200e-05 -9.30879284e-01  1.04499200e-05  2.63826259e-04 
 1.04519200e-05  2.59296238e-314  1.04519200e-05 -9.34124118e-01  1.04519200e-05  2.52102244e-04 
 1.04539200e-05  5.64146506e-314  1.04539200e-05 -9.37221229e-01  1.04539200e-05  2.40338521e-04 
 1.04559200e-05  2.59296238e-314  1.04559200e-05 -9.40170132e-01  1.04559200e-05  2.28536949e-04 
 1.04579200e-05  5.64146506e-314  1.04579200e-05 -9.42970360e-01  1.04579200e-05  2.16699394e-04 
 1.04599200e-05  2.59296238e-314  1.04599200e-05 -9.45621474e-01  1.04599200e-05  2.04827729e-04 
 1.04619200e-05  5.64146506e-314  1.04619200e-05 -9.48123056e-01  1.04619200e-05  1.92923831e-04 
 1.04639200e-05  2.59296238e-314  1.04639200e-05 -9.50474713e-01  1.04639200e-05  1.80989582e-04 
 1.04659200e-05  5.64146506e-314  1.04659200e-05 -9.52676074e-01  1.04659200e-05  1.69026869e-04 
 1.04679200e-05  2.59296238e-314  1.04679200e-05 -9.54726794e-01  1.04679200e-05  1.57037585e-04 
 1.04699200e-05  5.64146506e-314  1.04699200e-05 -9.56626550e-01  1.04699200e-05  1.45023624e-04 
 1.04719200e-05  2.59296238e-314  1.04719200e-05 -9.58375044e-01  1.04719200e-05  1.32986886e-04 
 1.04739200e-05  5.64146506e-314  1.04739200e-05 -9.59972001e-01  1.04739200e-05  1.20929276e-04 
 1.04759200e-05  2.59296238e-314  1.04759200e-05 -9.61417171e-01  1.04759200e-05  1.08852698e-04 
 1.04779200e-05  5.64146506e-314  1.04779200e-05 -9.62710326e-01  1.04779200e-05  9.67590631e-05 
 1.04799200e-05  2.59296238e-314  1.04799200e-05 -9.63851266e-01  1.04799200e-05  8.46502830e-05 
 1.04819200e-05  5.64146506e-314  1.04819200e-05 -9.64839810e-01  1.04819200e-05  7.25282722e-05 
 1.04839200e-05  2.59296238e-314  1.04839200e-05 -9.65675805e-01  1.04839200e-05  6.03949474e-05 
 1.04859200e-05  5.64146506e-314  1.04859200e-05 -9.66359121e-01  1.04859200e-05  4.82522269e-05 
 1.04879200e-05  2.59296238e-314  1.04879200e-05 -9.66889651e-01  1.04879200e-05  3.61020306e-05 
 1.04899200e-05  5.64146506e-314  1.04899200e-05 -9.67267313e-01  1.04899200e-05  2.39462794e-05 
 1.04919200e-05  2.59296238e-314  1.04919200e-05 -9.67492050e-01  1.04919200e-05  1.17868952e-05 
 1.04939200e-05  5.64146506e-314  1.04939200e-05 -9.67563828e-01  1.04939200e-05 -3.74199626e-07 
 1.04959200e-05  2.59296238e-314  1.04959200e-05 -9.67482638e-01  1.04959200e-05 -1.25350824e-05 
 1.04979200e-05  5.64146506e-314  1.04979200e-05 -9.67248493e-01  1.04979200e-05 -2.46938307e-05 
 1.04999200e-05  2.59296238e-314  1.04999200e-05 -9.66861435e-01  1.04999200e-05 -3.68485221e-05 
 1.05019200e-05  5.64146506e-314  1.05019200e-05 -9.66321524e-01  1.05019200e-05 -4.89972352e-05 
 1.05039200e-05  2.59296238e-314  1.05039200e-05 -9.65628849e-01  1.05039200e-05 -6.11380494e-05 
 1.05059200e-05  5.64146506e-314  1.05059200e-05 -9.64783522e-01  1.05059200e-05 -7.32690453e-05 
 1.05079200e-05  2.59296238e-314  1.05079200e-05 -9.63785677e-01  1.05079200e-05 -8.53883052e-05 
 1.05099200e-05  5.64146506e-314  1.05099200e-05 -9.62635474e-01  1.05099200e-05 -9.74939133e-05 
 1.05119200e-05  2.59296238e-314  1.05119200e-05 -9.61333098e-01  1.05119200e-05 -1.09583956e-04 
 1.05139200e-05  5.64146506e-314  1.05139200e-05 -9.59878755e-01  1.05139200e-05 -1.21656522e-04 
 1.05159200e-05  2.59296238e-314  1.05159200e-05 -9.58272678e-01  1.05159200e-05 -1.33709703e-04 
 1.05179200e-05  5.64146506e-314  1.05179200e-05 -9.56515123e-01  1.05179200e-05 -1.45741593e-04 
 1.05199200e-05  2.59296238e-314  1.05199200e-05 -9.54606369e-01  1.05199200e-05 -1.57750291e-04 
 1.05219200e-05  5.64146506e-314  1.05219200e-05 -9.52546720e-01  1.05219200e-05 -1.69733899e-04 
 1.05239200e-05  2.59296238e-314  1.05239200e-05 -9.50336503e-01  1.05239200e-05 -1.81690521e-04 
 1.05259200e-05  5.64146506e-314  1.05259200e-05 -9.47976071e-01  1.05259200e-05 -1.93618269e-04 
 1.05279200e-05  2.59296238e-314  1.05279200e-05 -9.45465797e-01  1.05279200e-05 -2.05515257e-04 
 1.05299200e-05  5.64146506e-314  1.05299200e-05 -9.42806081e-01  1.05299200e-05 -2.17379605e-04 
 1.05319200e-05  2.59296238e-314  1.05319200e-05 -9.39997345e-01  1.05319200e-05 -2.29209436e-04 
 1.05339200e-05  5.64146506e-314  1.05339200e-05 -9.37040035e-01  1.05339200e-05 -2.41002882e-04 
 1.05359200e-05  2.59296238e-314  1.05359200e-05 -9.33934620e-01  1.05359200e-05 -2.52758078e-04 
 1.05379200e-05  5.64146506e-314  1.05379200e-05 -9.30681593e-01  1.05379200e-05 -2.64473167e-04 
 1.05399200e-05  2.59296238e-314  1.05399200e-05 -9.27281471e-01  1.05399200e-05 -2.76146296e-04 
 1.05419200e-05  5.64146506e-314  1.05419200e-05 -9.23734792e-01  1.05419200e-05 -2.87775621e-04 
 1.05439200e-05  2.59296238e-314  1.05439200e-05 -9.20042119e-01  1.05439200e-05 -2.99359304e-04 
 1.05459200e-05  5.64146506e-314  1.05459200e-05 -9.16204039e-01  1.05459200e-05 -3.10895513e-04 
 1.05479200e-05  2.59296238e-314  1.05479200e-05 -9.12221159e-01  1.05479200e-05 -3.22382427e-04 
 1.05499200e-05  5.64146506e-314  1.05499200e-05 -9.08094111e-01  1.05499200e-05 -3.33818229e-04 
 1.05519200e-05  2.59296238e-314  1.05519200e-05 -9.03823549e-01  1.05519200e-05 -3.45201112e-04 
 1.05539200e-05  5.64146506e-314  1.05539200e-05 -8.99410150e-01  1.05539200e-05 -3.56529278e-04 
 1.05559200e-05  2.59296238e-314  1.05559200e-05 -8.94854614e-01  1.05559200e-05 -3.67800935e-04 
 1.05579200e-05  5.64146506e-314  1.05579200e-05 -8.90157663e-01  1.05579200e-05 -3.79014303e-04 
 1.05599200e-05  2.59296238e-314  1.05599200e-05 -8.85320041e-01  1.05599200e-05 -3.90167609e-04 
 1.05619200e-05  5.64146506e-314  1.05619200e-05 -8.80342514e-01  1.05619200e-05 -4.01259092e-04 
 1.05639200e-05  2.59296238e-314  1.05639200e-05 -8.75225872e-01  1.05639200e-05 -4.12286998e-04 
 1.05659200e-05  5.64146506e-314  1.05659200e-05 -8.69970925e-01  1.05659200e-05 -4.23249584e-04 
 1.05679200e-05  2.59296238e-314  1.05679200e-05 -8.64578506e-01  1.05679200e-05 -4.34145119e-04 
 1.05699200e-05  5.64146506e-314  1.05699200e-05 -8.59049468e-01  1.05699200e-05 -4.44971881e-04 
 1.05719200e-05  2.59296238e-314  1.05719200e-05 -8.53384688e-01  1.05719200e-05 -4.55728158e-04 
 1.05739200e-05  5.64146506e-314  1.05739200e-05 -8.47585063e-01  1.05739200e-05 -4.66412252e-04 
 1.05759200e-05  2.59296238e-314  1.05759200e-05 -8.41651511e-01  1.05759200e-05 -4.77022474e-04 
 1.05779200e-05  5.64146506e-314  1.05779200e-05 -8.35584972e-01  1.05779200e-05 -4.87557147e-04 
 1.05799200e-05  2.59296238e-314  1.05799200e-05 -8.29386408e-01  1.05799200e-05 -4.98014607e-04 
 1.05819200e-05  5.64146506e-314  1.05819200e-05 -8.23056799e-01  1.05819200e-05 -5.08393202e-04 
 1.05839200e-05  2.59296238e-314  1.05839200e-05 -8.16597148e-01  1.05839200e-05 -5.18691292e-04 
 1.05859200e-05  5.64146506e-314  1.05859200e-05 -8.10008478e-01  1.05859200e-05 -5.28907249e-04 
 1.05879200e-05  2.59296238e-314  1.05879200e-05 -8.03291832e-01  1.05879200e-05 -5.39039461e-04 
 1.05899200e-05  5.64146506e-314  1.05899200e-05 -7.96448274e-01  1.05899200e-05 -5.49086325e-04 
 1.05919200e-05  2.59296238e-314  1.05919200e-05 -7.89478886e-01  1.05919200e-05 -5.59046255e-04 
 1.05939200e-05  5.64146506e-314  1.05939200e-05 -7.82384774e-01  1.05939200e-05 -5.68917677e-04 
 1.05959200e-05  2.59296238e-314  1.05959200e-05 -7.75167058e-01  1.05959200e-05 -5.78699031e-04 
 1.05979200e-05  5.64146506e-314  1.05979200e-05 -7.67826884e-01  1.05979200e-05 -5.88388773e-04 
 1.05999200e-05  2.59296238e-314  1.05999200e-05 -7.60365411e-01  1.05999200e-05 -5.97985372e-04 
 1.06019200e-05  5.64146506e-314  1.06019200e-05 -7.52783822e-01  1.06019200e-05 -6.07487311e-04 
 1.06039200e-05  2.59296238e-314  1.06039200e-05 -7.45083316e-01  1.06039200e-05 -6.16893089e-04 
 1.06059200e-05  5.64146506e-314  1.06059200e-05 -7.37265113e-01  1.06059200e-05 -6.26201222e-04 
 1.06079200e-05  2.59296238e-314  1.06079200e-05 -7.29330450e-01  1.06079200e-05 -6.35410237e-04 
 1.06099200e-05  5.64146506e-314  1.06099200e-05 -7.21280582e-01  1.06099200e-05 -6.44518682e-04 
 1.06119200e-05  2.59296238e-314  1.06119200e-05 -7.13116785e-01  1.06119200e-05 -6.53525116e-04 
 1.06139200e-05  5.64146506e-314  1.06139200e-05 -7.04840349e-01  1.06139200e-05 -6.62428118e-04 
 1.06159200e-05  2.59296238e-314  1.06159200e-05 -6.96452586e-01  1.06159200e-05 -6.71226281e-04 
 1.06179200e-05  5.64146506e-314  1.06179200e-05 -6.87954822e-01  1.06179200e-05 -6.79918216e-04 
 1.06199200e-05  2.59296238e-314  1.06199200e-05 -6.79348402e-01  1.06199200e-05 -6.88502549e-04 
 1.06219200e-05  5.64146506e-314  1.06219200e-05 -6.70634688e-01  1.06219200e-05 -6.96977926e-04 
 1.06239200e-05  2.59296238e-314  1.06239200e-05 -6.61815060e-01  1.06239200e-05 -7.05343006e-04 
 1.06259200e-05  5.64146506e-314  1.06259200e-05 -6.52890912e-01  1.06259200e-05 -7.13596470e-04 
 1.06279200e-05  2.59296238e-314  1.06279200e-05 -6.43863657e-01  1.06279200e-05 -7.21737014e-04 
 1.06299200e-05  5.64146506e-314  1.06299200e-05 -6.34734724e-01  1.06299200e-05 -7.29763352e-04 
 1.06319200e-05  2.59296238e-314  1.06319200e-05 -6.25505557e-01  1.06319200e-05 -7.37674217e-04 
 1.06339200e-05  5.64146506e-314  1.06339200e-05 -6.16177616e-01  1.06339200e-05 -7.45468360e-04 
 1.06359200e-05  2.59296238e-314  1.06359200e-05 -6.06752378e-01  1.06359200e-05 -7.53144549e-04 
 1.06379200e-05  5.64146506e-314  1.06379200e-05 -5.97231333e-01  1.06379200e-05 -7.60701573e-04 
 1.06399200e-05  2.59296238e-314  1.06399200e-05 -5.87615988e-01  1.06399200e-05 -7.68138238e-04 
 1.06419200e-05  5.64146506e-314  1.06419200e-05 -5.77907865e-01  1.06419200e-05 -7.75453371e-04 
 1.06439200e-05  2.59296238e-314  1.06439200e-05 -5.68108499e-01  1.06439200e-05 -7.82645817e-04 
 1.06459200e-05  5.64146506e-314  1.06459200e-05 -5.58219441e-01  1.06459200e-05 -7.89714439e-04 
 1.06479200e-05  2.59296238e-314  1.06479200e-05 -5.48242255e-01  1.06479200e-05 -7.96658121e-04 
 1.06499200e-05  5.64146506e-314  1.06499200e-05 -5.38178520e-01  1.06499200e-05 -8.03475769e-04 
 1.06519200e-05  2.59296238e-314  1.06519200e-05 -5.28029828e-01  1.06519200e-05 -8.10166305e-04 
 1.06539200e-05  5.64146506e-314  1.06539200e-05 -5.17797784e-01  1.06539200e-05 -8.16728673e-04 
 1.06559200e-05  2.59296238e-314  1.06559200e-05 -5.07484007e-01  1.06559200e-05 -8.23161837e-04 
 1.06579200e-05  5.64146506e-314  1.06579200e-05 -4.97090129e-01  1.06579200e-05 -8.29464783e-04 
 1.06599200e-05  2.59296238e-314  1.06599200e-05 -4.86617794e-01  1.06599200e-05 -8.35636514e-04 
 1.06619200e-05  5.64146506e-314  1.06619200e-05 -4.76068658e-01  1.06619200e-05 -8.41676058e-04 
 1.06639200e-05  2.59296238e-314  1.06639200e-05 -4.65444390e-01  1.06639200e-05 -8.47582461e-04 
 1.06659200e-05  5.64146506e-314  1.06659200e-05 -4.54746672e-01  1.06659200e-05 -8.53354790e-04 
 1.06679200e-05  2.59296238e-314  1.06679200e-05 -4.43977194e-01  1.06679200e-05 -8.58992135e-04 
 1.06699200e-05  5.64146506e-314  1.06699200e-05 -4.33137661e-01  1.06699200e-05 -8.64493606e-04 
 1.06719200e-05  2.59296238e-314  1.06719200e-05 -4.22229788e-01  1.06719200e-05 -8.69858336e-04 
 1.06739200e-05  5.64146506e-314  1.06739200e-05 -4.11255298e-01  1.06739200e-05 -8.75085478e-04 
 1.06759200e-05  2.59296238e-314  1.06759200e-05 -4.00215929e-01  1.06759200e-05 -8.80174207e-04 
 1.06779200e-05  5.64146506e-314  1.06779200e-05 -3.89113426e-01  1.06779200e-05 -8.85123720e-04 
 1.06799200e-05  2.59296238e-314  1.06799200e-05 -3.77949546e-01  1.06799200e-05 -8.89933237e-04 
 1.06819200e-05  5.64146506e-314  1.06819200e-05 -3.66726054e-01  1.06819200e-05 -8.94601999e-04 
 1.06839200e-05  2.59296238e-314  1.06839200e-05 -3.55444725e-01  1.06839200e-05 -8.99129270e-04 
 1.06859200e-05  5.64146506e-314  1.06859200e-05 -3.44107344e-01  1.06859200e-05 -9.03514335e-04 
 1.06879200e-05  2.59296238e-314  1.06879200e-05 -3.32715704e-01  1.06879200e-05 -9.07756504e-04 
 1.06899200e-05  5.64146506e-314  1.06899200e-05 -3.21271606e-01  1.06899200e-05 -9.11855107e-04 
 1.06919200e-05  2.59296238e-314  1.06919200e-05 -3.09776860e-01  1.06919200e-05 -9.15809499e-04 
 1.06939200e-05  5.64146506e-314  1.06939200e-05 -2.98233284e-01  1.06939200e-05 -9.19619055e-04 
 1.06959200e-05  2.59296238e-314  1.06959200e-05 -2.86642704e-01  1.06959200e-05 -9.23283176e-04 
 1.06979200e-05  5.64146506e-314  1.06979200e-05 -2.75006952e-01  1.06979200e-05 -9.26801284e-04 
 1.06999200e-05  2.59296238e-314  1.06999200e-05 -2.63327870e-01  1.06999200e-05 -9.30172825e-04 
 1.07019200e-05  5.64146506e-314  1.07019200e-05 -2.51607303e-01  1.07019200e-05 -9.33397267e-04 
 1.07039200e-05  2.59296238e-314  1.07039200e-05 -2.39847106e-01  1.07039200e-05 -9.36474103e-04 
 1.07059200e-05  5.64146506e-314  1.07059200e-05 -2.28049138e-01  1.07059200e-05 -9.39402847e-04 
 1.07079200e-05  2.59296238e-314  1.07079200e-05 -2.16215264e-01  1.07079200e-05 -9.42183040e-04 
 1.07099200e-05  5.64146506e-314  1.07099200e-05 -2.04347357e-01  1.07099200e-05 -9.44814242e-04 
 1.07119200e-05  2.59296238e-314  1.07119200e-05 -1.92447292e-01  1.07119200e-05 -9.47296041e-04 
 1.07139200e-05  5.64146506e-314  1.07139200e-05 -1.80516952e-01  1.07139200e-05 -9.49628045e-04 
 1.07159200e-05  2.59296238e-314  1.07159200e-05 -1.68558223e-01  1.07159200e-05 -9.51809888e-04 
 1.07179200e-05  5.64146506e-314  1.07179200e-05 -1.56572996e-01  1.07179200e-05 -9.53841226e-04 
 1.07199200e-05  2.59296238e-314  1.07199200e-05 -1.44563166e-01  1.07199200e-05 -9.55721741e-04 
 1.07219200e-05  5.64146506e-314  1.07219200e-05 -1.32530632e-01  1.07219200e-05 -9.57451137e-04 
 1.07239200e-05  2.59296238e-314  1.07239200e-05 -1.20477297e-01  1.07239200e-05 -9.59029143e-04 
 1.07259200e-05  5.64146506e-314  1.07259200e-05 -1.08405066e-01  1.07259200e-05 -9.60455510e-04 
 1.07279200e-05  2.59296238e-314  1.07279200e-05 -9.63158492e-02  1.07279200e-05 -9.61730016e-04 
 1.07299200e-05  5.64146506e-314  1.07299200e-05 -8.42115568e-02  1.07299200e-05 -9.62852461e-04 
 1.07319200e-05  2.59296238e-314  1.07319200e-05 -7.20941032e-02  1.07319200e-05 -9.63822669e-04 
 1.07339200e-05  5.64146506e-314  1.07339200e-05 -5.99654041e-02  1.07339200e-05 -9.64640488e-04 
 1.07359200e-05  2.59296238e-314  1.07359200e-05 -4.78273772e-02  1.07359200e-05 -9.65305792e-04 
 1.07379200e-05  5.64146506e-314  1.07379200e-05 -3.56819415e-02  1.07379200e-05 -9.65818477e-04 
 1.07399200e-05  2.59296238e-314  1.07399200e-05 -2.35310174e-02  1.07399200e-05 -9.66178464e-04 
 1.07419200e-05  5.64146506e-314  1.07419200e-05 -1.13765258e-02  1.07419200e-05 -9.66385698e-04 
 1.07439200e-05  2.59296238e-314  1.07439200e-05  7.79611633e-04  1.07439200e-05 -9.66440149e-04 
 1.07459200e-05  5.64146506e-314  1.07459200e-05  1.29354730e-02  1.07459200e-05 -9.66341808e-04 
 1.07479200e-05  2.59296238e-314  1.07479200e-05  2.50891365e-02  1.07479200e-05 -9.66090695e-04 
 1.07499200e-05  5.64146506e-314  1.07499200e-05  3.72386808e-02  1.07499200e-05 -9.65686850e-04 
 1.07519200e-05  2.59296238e-314  1.07519200e-05  4.93821852e-02  1.07519200e-05 -9.65130339e-04 
 1.07539200e-05  5.64146506e-314  1.07539200e-05  6.15177298e-02  1.07539200e-05 -9.64421253e-04 
 1.07559200e-05  2.59296238e-314  1.07559200e-05  7.36433962e-02  1.07559200e-05 -9.63559705e-04 
 1.07579200e-05  5.64146506e-314  1.07579200e-05  8.57572675e-02  1.07579200e-05 -9.62545833e-04 
 1.07599200e-05  2.59296238e-314  1.07599200e-05  9.78574287e-02  1.07599200e-05 -9.61379800e-04 
 1.07619200e-05  5.64146506e-314  1.07619200e-05  1.09941967e-01  1.07619200e-05 -9.60061791e-04 
 1.07639200e-05  2.59296238e-314  1.07639200e-05  1.22008972e-01  1.07639200e-05 -9.58592018e-04 
 1.07659200e-05  5.64146506e-314  1.07659200e-05  1.34056536e-01  1.07659200e-05 -9.56970714e-04 
 1.07679200e-05  2.59296238e-314  1.07679200e-05  1.46082756e-01  1.07679200e-05 -9.55198138e-04 
 1.07699200e-05  5.64146506e-314  1.07699200e-05  1.58085729e-01  1.07699200e-05 -9.53274571e-04 
 1.07719200e-05  2.59296238e-314  1.07719200e-05  1.70063558e-01  1.07719200e-05 -9.51200320e-04 
 1.07739200e-05  5.64146506e-314  1.07739200e-05  1.82014351e-01  1.07739200e-05 -9.48975715e-04 
 1.07759200e-05  2.59296238e-314  1.07759200e-05  1.93936218e-01  1.07759200e-05 -9.46601109e-04 
 1.07779200e-05  5.64146506e-314  1.07779200e-05  2.05827274e-01  1.07779200e-05 -9.44076879e-04 
 1.07799200e-05  2.59296238e-314  1.07799200e-05  2.17685641e-01  1.07799200e-05 -9.41403427e-04 
 1.07819200e-05  5.64146506e-314  1.07819200e-05  2.29509443e-01  1.07819200e-05 -9.38581176e-04 
 1.07839200e-05  2.59296238e-314  1.07839200e-05  2.41296813e-01  1.07839200e-05 -9.35610576e-04 
 1.07859200e-05  5.64146506e-314  1.07859200e-05  2.53045886e-01  1.07859200e-05 -9.32492097e-04 
 1.07879200e-05  2.59296238e-314  1.07879200e-05  2.64754807e-01  1.07879200e-05 -9.29226234e-04 
 1.07899200e-05  5.64146506e-314  1.07899200e-05  2.76421723e-01  1.07899200e-05 -9.25813506e-04 
 1.07919200e-05  2.59296238e-314  1.07919200e-05  2.88044792e-01  1.07919200e-05 -9.22254454e-04 
 1.07939200e-05  5.64146506e-314  1.07939200e-05  2.99622176e-01  1.07939200e-05 -9.18549642e-04 
 1.07959200e-05  2.59296238e-314  1.07959200e-05  3.11152046e-01  1.07959200e-05 -9.14699659e-04 
 1.07979200e-05  5.64146506e-314  1.07979200e-05  3.22632579e-01  1.07979200e-05 -9.10705113e-04 
 1.07999200e-05  2.59296238e-314  1.07999200e-05  3.34061962e-01  1.07999200e-05 -9.06566640e-04 
 1.08019200e-05  5.64146506e-314  1.08019200e-05  3.45438386e-01  1.08019200e-05 -9.02284894e-04 
 1.08039200e-05  2.59296238e-314  1.08039200e-05  3.56760056e-01  1.08039200e-05 -8.97860555e-04 
 1.08059200e-05  5.64146506e-314  1.08059200e-05  3.68025181e-01  1.08059200e-05 -8.93294324e-04 
 1.08079200e-05  2.59296238e-314  1.08079200e-05  3.79231981e-01  1.08079200e-05 -8.88586925e-04 
 1.08099200e-05  5.64146506e-314  1.08099200e-05  3.90378686e-01  1.08099200e-05 -8.83739103e-04 
 1.08119200e-05  2.59296238e-314  1.08119200e-05  4.01463533e-01  1.08119200e-05 -8.78751627e-04 
 1.08139200e-05  5.64146506e-314  1.08139200e-05  4.12484771e-01  1.08139200e-05 -8.73625286e-04 
 1.08159200e-05  2.59296238e-314  1.08159200e-05  4.23440659e-01  1.08159200e-05 -8.68360894e-04 
 1.08179200e-05  5.64146506e-314  1.08179200e-05  4.34329466e-01  1.08179200e-05 -8.62959284e-04 
 1.08199200e-05  2.59296238e-314  1.08199200e-05  4.45149469e-01  1.08199200e-05 -8.57421312e-04 
 1.08219200e-05  5.64146506e-314  1.08219200e-05  4.55898961e-01  1.08219200e-05 -8.51747855e-04 
 1.08239200e-05  2.59296238e-314  1.08239200e-05  4.66576242e-01  1.08239200e-05 -8.45939812e-04 
 1.08259200e-05  5.64146506e-314  1.08259200e-05  4.77179625e-01  1.08259200e-05 -8.39998103e-04 
 1.08279200e-05  2.59296238e-314  1.08279200e-05  4.87707435e-01  1.08279200e-05 -8.33923668e-04 
 1.08299200e-05  5.64146506e-314  1.08299200e-05  4.98158008e-01  1.08299200e-05 -8.27717471e-04 
 1.08319200e-05  2.59296238e-314  1.08319200e-05  5.08529693e-01  1.08319200e-05 -8.21380492e-04 
 1.08339200e-05  5.64146506e-314  1.08339200e-05  5.18820852e-01  1.08339200e-05 -8.14913737e-04 
 1.08359200e-05  2.59296238e-314  1.08359200e-05  5.29029858e-01  1.08359200e-05 -8.08318229e-04 
 1.08379200e-05  5.64146506e-314  1.08379200e-05  5.39155099e-01  1.08379200e-05 -8.01595012e-04 
 1.08399200e-05  2.59296238e-314  1.08399200e-05  5.49194974e-01  1.08399200e-05 -7.94745151e-04 
 1.08419200e-05  5.64146506e-314  1.08419200e-05  5.59147898e-01  1.08419200e-05 -7.87769731e-04 
 1.08439200e-05  2.59296238e-314  1.08439200e-05  5.69012298e-01  1.08439200e-05 -7.80669855e-04 
 1.08459200e-05  5.64146506e-314  1.08459200e-05  5.78786615e-01  1.08459200e-05 -7.73446648e-04 
 1.08479200e-05  2.59296238e-314  1.08479200e-05  5.88469306e-01  1.08479200e-05 -7.66101254e-04 
 1.08499200e-05  5.64146506e-314  1.08499200e-05  5.98058842e-01  1.08499200e-05 -7.58634835e-04 
 1.08519200e-05  2.59296238e-314  1.08519200e-05  6.07553706e-01  1.08519200e-05 -7.51048572e-04 
 1.08539200e-05  5.64146506e-314  1.08539200e-05  6.16952399e-01  1.08539200e-05 -7.43343668e-04 
 1.08559200e-05  2.59296238e-314  1.08559200e-05  6.26253437e-01  1.08559200e-05 -7.35521341e-04 
 1.08579200e-05  5.64146506e-314  1.08579200e-05  6.35455350e-01  1.08579200e-05 -7.27582830e-04 
 1.08599200e-05  2.59296238e-314  1.08599200e-05  6.44556685e-01  1.08599200e-05 -7.19529391e-04 
 1.08619200e-05  5.64146506e-314  1.08619200e-05  6.53556003e-01  1.08619200e-05 -7.11362299e-04 
 1.08639200e-05  2.59296238e-314  1.08639200e-05  6.62451885e-01  1.08639200e-05 -7.03082847e-04 
 1.08659200e-05  5.64146506e-314  1.08659200e-05  6.71242924e-01  1.08659200e-05 -6.94692344e-04 
 1.08679200e-05  2.59296238e-314  1.08679200e-05  6.79927732e-01  1.08679200e-05 -6.86192119e-04 
 1.08699200e-05  5.64146506e-314  1.08699200e-05  6.88504937e-01  1.08699200e-05 -6.77583517e-04 
 1.08719200e-05  2.59296238e-314  1.08719200e-05  6.96973185e-01  1.08719200e-05 -6.68867900e-04 
 1.08739200e-05  5.64146506e-314  1.08739200e-05  7.05331138e-01  1.08739200e-05 -6.60046647e-04 
 1.08759200e-05  2.59296238e-314  1.08759200e-05  7.13577476e-01  1.08759200e-05 -6.51121155e-04 
 1.08779200e-05  5.64146506e-314  1.08779200e-05  7.21710898e-01  1.08779200e-05 -6.42092836e-04 
 1.08799200e-05  2.59296238e-314  1.08799200e-05  7.29730118e-01  1.08799200e-05 -6.32963119e-04 
 1.08819200e-05  5.64146506e-314  1.08819200e-05  7.37633870e-01  1.08819200e-05 -6.23733447e-04 
 1.08839200e-05  2.59296238e-314  1.08839200e-05  7.45420906e-01  1.08839200e-05 -6.14405282e-04 
 1.08859200e-05  5.64146506e-314  1.08859200e-05  7.53089996e-01  1.08859200e-05 -6.04980100e-04 
 1.08879200e-05  2.59296238e-314  1.08879200e-05  7.60639930e-01  1.08879200e-05 -5.95459391e-04 
 1.08899200e-05  5.64146506e-314  1.08899200e-05  7.68069515e-01  1.08899200e-05 -5.85844663e-04 
 1.08919200e-05  2.59296238e-314  1.08919200e-05  7.75377579e-01  1.08919200e-05 -5.76137436e-04 
 1.08939200e-05  5.64146506e-314  1.08939200e-05  7.82562967e-01  1.08939200e-05 -5.66339246e-04 
 1.08959200e-05  2.59296238e-314  1.08959200e-05  7.89624545e-01  1.08959200e-05 -5.56451644e-04 
 1.08979200e-05  5.64146506e-314  1.08979200e-05  7.96561198e-01  1.08979200e-05 -5.46476193e-04 
 1.08999200e-05  2.59296238e-314  1.08999200e-05  8.03371831e-01  1.08999200e-05 -5.36414473e-04 
 1.09019200e-05  5.64146506e-314  1.09019200e-05  8.10055369e-01  1.09019200e-05 -5.26268074e-04 
 1.09039200e-05  2.59296238e-314  1.09039200e-05  8.16610757e-01  1.09039200e-05 -5.16038602e-04 
 1.09059200e-05  5.64146506e-314  1.09059200e-05  8.23036960e-01  1.09059200e-05 -5.05727675e-04 
 1.09079200e-05  2.59296238e-314  1.09079200e-05  8.29332963e-01  1.09079200e-05 -4.95336925e-04 
 1.09099200e-05  5.64146506e-314  1.09099200e-05  8.35497774e-01  1.09099200e-05 -4.84867994e-04 
 1.09119200e-05  2.59296238e-314  1.09119200e-05  8.41530419e-01  1.09119200e-05 -4.74322540e-04 
 1.09139200e-05  5.64146506e-314  1.09139200e-05  8.47429946e-01  1.09139200e-05 -4.63702230e-04 
 1.09159200e-05  2.59296238e-314  1.09159200e-05  8.53195424e-01  1.09159200e-05 -4.53008744e-04 
 1.09179200e-05  5.64146506e-314  1.09179200e-05  8.58825943e-01  1.09179200e-05 -4.42243774e-04 
 1.09199200e-05  2.59296238e-314  1.09199200e-05  8.64320614e-01  1.09199200e-05 -4.31409022e-04 
 1.09219200e-05  5.64146506e-314  1.09219200e-05  8.69678572e-01  1.09219200e-05 -4.20506203e-04 
 1.09239200e-05  2.59296238e-314  1.09239200e-05  8.74898970e-01  1.09239200e-05 -4.09537041e-04 
 1.09259200e-05  5.64146506e-314  1.09259200e-05  8.79980984e-01  1.09259200e-05 -3.98503271e-04 
 1.09279200e-05  2.59296238e-314  1.09279200e-05  8.84923814e-01  1.09279200e-05 -3.87406637e-04 
 1.09299200e-05  5.64146506e-314  1.09299200e-05  8.89726679e-01  1.09299200e-05 -3.76248896e-04 
 1.09319200e-05  2.59296238e-314  1.09319200e-05  8.94388822e-01  1.09319200e-05 -3.65031812e-04 
 1.09339200e-05  5.64146506e-314  1.09339200e-05  8.98909507e-01  1.09339200e-05 -3.53757159e-04 
 1.09359200e-05  2.59296238e-314  1.09359200e-05  9.03288022e-01  1.09359200e-05 -3.42426720e-04 
 1.09379200e-05  5.64146506e-314  1.09379200e-05  9.07523676e-01  1.09379200e-05 -3.31042288e-04 
 1.09399200e-05  2.59296238e-314  1.09399200e-05  9.11615801e-01  1.09399200e-05 -3.19605662e-04 
 1.09419200e-05  5.64146506e-314  1.09419200e-05  9.15563753e-01  1.09419200e-05 -3.08118652e-04 
 1.09439200e-05  2.59296238e-314  1.09439200e-05  9.19366909e-01  1.09439200e-05 -2.96583074e-04 
 1.09459200e-05  5.64146506e-314  1.09459200e-05  9.23024669e-01  1.09459200e-05 -2.85000753e-04 
 1.09479200e-05  2.59296238e-314  1.09479200e-05  9.26536456e-01  1.09479200e-05 -2.73373519e-04 
 1.09499200e-05  5.64146506e-314  1.09499200e-05  9.29901719e-01  1.09499200e-05 -2.61703213e-04 
 1.09519200e-05  2.59296238e-314  1.09519200e-05  9.33119926e-01  1.09519200e-05 -2.49991679e-04 
 1.09539200e-05  5.64146506e-314  1.09539200e-05  9.36190570e-01  1.09539200e-05 -2.38240770e-04 
 1.09559200e-05  2.59296238e-314  1.09559200e-05  9.39113168e-01  1.09559200e-05 -2.26452344e-04 
 1.09579200e-05  5.64146506e-314  1.09579200e-05  9.41887260e-01  1.09579200e-05 -2.14628265e-04 
 1.09599200e-05  2.59296238e-314  1.09599200e-05  9.44512409e-01  1.09599200e-05 -2.02770403e-04 
 1.09619200e-05  5.64146506e-314  1.09619200e-05  9.46988202e-01  1.09619200e-05 -1.90880633e-04 
 1.09639200e-05  2.59296238e-314  1.09639200e-05  9.49314249e-01  1.09639200e-05 -1.78960835e-04 
 1.09659200e-05  5.64146506e-314  1.09659200e-05  9.51490184e-01  1.09659200e-05 -1.67012893e-04 
 1.09679200e-05  2.59296238e-314  1.09679200e-05  9.53515666e-01  1.09679200e-05 -1.55038698e-04 
 1.09699200e-05  5.64146506e-314  1.09699200e-05  9.55390376e-01  1.09699200e-05 -1.43040143e-04 
 1.09719200e-05  2.59296238e-314  1.09719200e-05  9.57114019e-01  1.09719200e-05 -1.31019124e-04 
 1.09739200e-05  5.64146506e-314  1.09739200e-05  9.58686325e-01  1.09739200e-05 -1.18977543e-04 
 1.09759200e-05  2.59296238e-314  1.09759200e-05  9.60107047e-01  1.09759200e-05 -1.06917303e-04 
 1.09779200e-05  5.64146506e-314  1.09779200e-05  9.61375963e-01  1.09779200e-05 -9.48403119e-05 
 1.09799200e-05  2.59296238e-314  1.09799200e-05  9.62492874e-01  1.09799200e-05 -8.27484786e-05 
 1.09819200e-05  5.64146506e-314  1.09819200e-05  9.63457604e-01  1.09819200e-05 -7.06437151e-05 
 1.09839200e-05  2.59296238e-314  1.09839200e-05  9.64270005e-01  1.09839200e-05 -5.85279354e-05 
 1.09859200e-05  5.64146506e-314  1.09859200e-05  9.64929948e-01  1.09859200e-05 -4.64030549e-05 
 1.09879200e-05  2.59296238e-314  1.09879200e-05  9.65437332e-01  1.09879200e-05 -3.42709907e-05 
 1.09899200e-05  5.64146506e-314  1.09899200e-05  9.65792078e-01  1.09899200e-05 -2.21336608e-05 
 1.09919200e-05  2.59296238e-314  1.09919200e-05  9.65994133e-01  1.09919200e-05 -9.99298433e-06 
 1.09939200e-05  5.64146506e-314  1.09939200e-05  9.66043465e-01  1.09939200e-05  2.14911943e-06 
 1.09959200e-05  2.59296238e-314  1.09959200e-05  9.65940070e-01  1.09959200e-05  1.42907308e-05 
 1.09979200e-05  5.64146506e-314  1.09979200e-05  9.65683965e-01  1.09979200e-05  2.64299303e-05 
 1.09999200e-05  2.59296238e-314  1.09999200e-05  9.65275193e-01  1.09999200e-05  3.85647988e-05 
 1.10019200e-05  5.64146506e-314  1.10019200e-05  9.64713821e-01  1.10019200e-05  5.06934178e-05 
 1.10039200e-05  2.59296238e-314  1.10039200e-05  9.63999938e-01  1.10039200e-05  6.28138700e-05 
 1.10059200e-05  5.64146506e-314  1.10059200e-05  9.63133661e-01  1.10059200e-05  7.49242392e-05 
 1.10079200e-05  2.59296238e-314  1.10079200e-05  9.62115127e-01  1.10079200e-05  8.70226110e-05 
 1.10099200e-05  5.64146506e-314  1.10099200e-05  9.60944500e-01  1.10099200e-05  9.91070729e-05 
 1.10119200e-05  2.59296238e-314  1.10119200e-05  9.59621967e-01  1.10119200e-05  1.11175715e-04 
 1.10139200e-05  5.64146506e-314  1.10139200e-05  9.58147738e-01  1.10139200e-05  1.23226628e-04 
 1.10159200e-05  2.59296238e-314  1.10159200e-05  9.56522050e-01  1.10159200e-05  1.35257909e-04 
 1.10179200e-05  5.64146506e-314  1.10179200e-05  9.54745159e-01  1.10179200e-05  1.47267654e-04 
 1.10199200e-05  2.59296238e-314  1.10199200e-05  9.52817350e-01  1.10199200e-05  1.59253967e-04 
 1.10219200e-05  5.64146506e-314  1.10219200e-05  9.50738929e-01  1.10219200e-05  1.71214951e-04 
 1.10239200e-05  2.59296238e-314  1.10239200e-05  9.48510227e-01  1.10239200e-05  1.83148717e-04 
 1.10259200e-05  5.64146506e-314  1.10259200e-05  9.46131598e-01  1.10259200e-05  1.95053377e-04 
 1.10279200e-05  2.59296238e-314  1.10279200e-05  9.43603419e-01  1.10279200e-05  2.06927051e-04 
 1.10299200e-05  5.64146506e-314  1.10299200e-05  9.40926092e-01  1.10299200e-05  2.18767862e-04 
 1.10319200e-05  2.59296238e-314  1.10319200e-05  9.38100043e-01  1.10319200e-05  2.30573937e-04 
 1.10339200e-05  5.64146506e-314  1.10339200e-05  9.35125720e-01  1.10339200e-05  2.42343412e-04 
 1.10359200e-05  2.59296238e-314  1.10359200e-05  9.32003596e-01  1.10359200e-05  2.54074425e-04 
 1.10379200e-05  5.64146506e-314  1.10379200e-05  9.28734164e-01  1.10379200e-05  2.65765123e-04 
 1.10399200e-05  2.59296238e-314  1.10399200e-05  9.25317946e-01  1.10399200e-05  2.77413657e-04 
 1.10419200e-05  5.64146506e-314  1.10419200e-05  9.21755481e-01  1.10419200e-05  2.89018187e-04 
 1.10439200e-05  2.59296238e-314  1.10439200e-05  9.18047336e-01  1.10439200e-05  3.00576879e-04 
 1.10459200e-05  5.64146506e-314  1.10459200e-05  9.14194099e-01  1.10459200e-05  3.12087906e-04 
 1.10479200e-05  2.59296238e-314  1.10479200e-05  9.10196379e-01  1.10479200e-05  3.23549448e-04 
 1.10499200e-05  5.64146506e-314  1.10499200e-05  9.06054812e-01  1.10499200e-05  3.34959694e-04 
 1.10519200e-05  2.59296238e-314  1.10519200e-05  9.01770054e-01  1.10519200e-05  3.46316842e-04 
 1.10539200e-05  5.64146506e-314  1.10539200e-05  8.97342784e-01  1.10539200e-05  3.57619095e-04 
 1.10559200e-05  2.59296238e-314  1.10559200e-05  8.92773704e-01  1.10559200e-05  3.68864669e-04 
 1.10579200e-05  5.64146506e-314  1.10579200e-05  8.88063538e-01  1.10579200e-05  3.80051785e-04 
 1.10599200e-05  2.59296238e-314  1.10599200e-05  8.83213032e-01  1.10599200e-05  3.91178676e-04 
 1.10619200e-05  5.64146506e-314  1.10619200e-05  8.78222954e-01  1.10619200e-05  4.02243584e-04 
 1.10639200e-05  2.59296238e-314  1.10639200e-05  8.73094097e-01  1.10639200e-05  4.13244760e-04 
 1.10659200e-05  5.64146506e-314  1.10659200e-05  8.67827272e-01  1.10659200e-05  4.24180466e-04 
 1.10679200e-05  2.59296238e-314  1.10679200e-05  8.62423313e-01  1.10679200e-05  4.35048972e-04 
 1.10699200e-05  5.64146506e-314  1.10699200e-05  8.56883077e-01  1.10699200e-05  4.45848564e-04 
 1.10719200e-05  2.59296238e-314  1.10719200e-05  8.51207441e-01  1.10719200e-05  4.56577532e-04 
 1.10739200e-05  5.64146506e-314  1.10739200e-05  8.45397304e-01  1.10739200e-05  4.67234183e-04 
 1.10759200e-05  2.59296238e-314  1.10759200e-05  8.39453587e-01  1.10759200e-05  4.77816832e-04 
 1.10779200e-05  5.64146506e-314  1.10779200e-05  8.33377231e-01  1.10779200e-05  4.88323808e-04 
 1.10799200e-05  2.59296238e-314  1.10799200e-05  8.27169198e-01  1.10799200e-05  4.98753450e-04 
 1.10819200e-05  5.64146506e-314  1.10819200e-05  8.20830471e-01  1.10819200e-05  5.09104110e-04 
 1.10839200e-05  2.59296238e-314  1.10839200e-05  8.14362054e-01  1.10839200e-05  5.19374153e-04 
 1.10859200e-05  5.64146506e-314  1.10859200e-05  8.07764972e-01  1.10859200e-05  5.29561956e-04 
 1.10879200e-05  2.59296238e-314  1.10879200e-05  8.01040269e-01  1.10879200e-05  5.39665909e-04 
 1.10899200e-05  5.64146506e-314  1.10899200e-05  7.94189009e-01  1.10899200e-05  5.49684417e-04 
 1.10919200e-05  2.59296238e-314  1.10919200e-05  7.87212277e-01  1.10919200e-05  5.59615896e-04 
 1.10939200e-05  5.64146506e-314  1.10939200e-05  7.80111178e-01  1.10939200e-05  5.69458778e-04 
 1.10959200e-05  2.59296238e-314  1.10959200e-05  7.72886837e-01  1.10959200e-05  5.79211507e-04 
 1.10979200e-05  5.64146506e-314  1.10979200e-05  7.65540396e-01  1.10979200e-05  5.88872543e-04 
 1.10999200e-05  2.59296238e-314  1.10999200e-05  7.58073020e-01  1.10999200e-05  5.98440359e-04 
 1.11019200e-05  5.64146506e-314  1.11019200e-05  7.50485889e-01  1.11019200e-05  6.07913444e-04 
 1.11039200e-05  2.59296238e-314  1.11039200e-05  7.42780205e-01  1.11039200e-05  6.17290302e-04 
 1.11059200e-05  5.64146506e-314  1.11059200e-05  7.34957188e-01  1.11059200e-05  6.26569451e-04 
 1.11079200e-05  2.59296238e-314  1.11079200e-05  7.27018075e-01  1.11079200e-05  6.35749426e-04 
 1.11099200e-05  5.64146506e-314  1.11099200e-05  7.18964124e-01  1.11099200e-05  6.44828776e-04 
 1.11119200e-05  2.59296238e-314  1.11119200e-05  7.10796610e-01  1.11119200e-05  6.53806067e-04 
 1.11139200e-05  5.64146506e-314  1.11139200e-05  7.02516824e-01  1.11139200e-05  6.62679882e-04 
 1.11159200e-05  2.59296238e-314  1.11159200e-05  6.94126077e-01  1.11159200e-05  6.71448819e-04 
 1.11179200e-05  5.64146506e-314  1.11179200e-05  6.85625698e-01  1.11179200e-05  6.80111492e-04 
 1.11199200e-05  2.59296238e-314  1.11199200e-05  6.77017031e-01  1.11199200e-05  6.88666534e-04 
 1.11219200e-05  5.64146506e-314  1.11219200e-05  6.68301439e-01  1.11219200e-05  6.97112593e-04 
 1.11239200e-05  2.59296238e-314  1.11239200e-05  6.59480301e-01  1.11239200e-05  7.05448336e-04 
 1.11259200e-05  5.64146506e-314  1.11259200e-05  6.50555013e-01  1.11259200e-05  7.13672445e-04 
 1.11279200e-05  2.59296238e-314  1.11279200e-05  6.41526988e-01  1.11279200e-05  7.21783623e-04 
 1.11299200e-05  5.64146506e-314  1.11299200e-05  6.32397653e-01  1.11299200e-05  7.29780589e-04 
 1.11319200e-05  2.59296238e-314  1.11319200e-05  6.23168454e-01  1.11319200e-05  7.37662078e-04 
 1.11339200e-05  5.64146506e-314  1.11339200e-05  6.13840850e-01  1.11339200e-05  7.45426848e-04 
 1.11359200e-05  2.59296238e-314  1.11359200e-05  6.04416319e-01  1.11359200e-05  7.53073671e-04 
 1.11379200e-05  5.64146506e-314  1.11379200e-05  5.94896350e-01  1.11379200e-05  7.60601340e-04 
 1.11399200e-05  2.59296238e-314  1.11399200e-05  5.85282451e-01  1.11399200e-05  7.68008668e-04 
 1.11419200e-05  5.64146506e-314  1.11419200e-05  5.75576142e-01  1.11419200e-05  7.75294483e-04 
 1.11439200e-05  2.59296238e-314  1.11439200e-05  5.65778959e-01  1.11439200e-05  7.82457637e-04 
 1.11459200e-05  5.64146506e-314  1.11459200e-05  5.55892451e-01  1.11459200e-05  7.89496997e-04 
 1.11479200e-05  2.59296238e-314  1.11479200e-05  5.45918184e-01  1.11479200e-05  7.96411453e-04 
 1.11499200e-05  5.64146506e-314  1.11499200e-05  5.35857736e-01  1.11499200e-05  8.03199912e-04 
 1.11519200e-05  2.59296238e-314  1.11519200e-05  5.25712696e-01  1.11519200e-05  8.09861304e-04 
 1.11539200e-05  5.64146506e-314  1.11539200e-05  5.15484672e-01  1.11539200e-05  8.16394577e-04 
 1.11559200e-05  2.59296238e-314  1.11559200e-05  5.05175280e-01  1.11559200e-05  8.22798700e-04 
 1.11579200e-05  5.64146506e-314  1.11579200e-05  4.94786152e-01  1.11579200e-05  8.29072661e-04 
 1.11599200e-05  2.59296238e-314  1.11599200e-05  4.84318931e-01  1.11599200e-05  8.35215471e-04 
 1.11619200e-05  5.64146506e-314  1.11619200e-05  4.73775273e-01  1.11619200e-05  8.41226160e-04 
 1.11639200e-05  2.59296238e-314  1.11639200e-05  4.63156846e-01  1.11639200e-05  8.47103779e-04 
 1.11659200e-05  5.64146506e-314  1.11659200e-05  4.52465329e-01  1.11659200e-05  8.52847401e-04 
 1.11679200e-05  2.59296238e-314  1.11679200e-05  4.41702414e-01  1.11679200e-05  8.58456119e-04 
 1.11699200e-05  5.64146506e-314  1.11699200e-05  4.30869803e-01  1.11699200e-05  8.63929049e-04 
 1.11719200e-05  2.59296238e-314  1.11719200e-05  4.19969209e-01  1.11719200e-05  8.69265327e-04 
 1.11739200e-05  5.64146506e-314  1.11739200e-05  4.09002357e-01  1.11739200e-05  8.74464110e-04 
 1.11759200e-05  2.59296238e-314  1.11759200e-05  3.97970982e-01  1.11759200e-05  8.79524580e-04 
 1.11779200e-05  5.64146506e-314  1.11779200e-05  3.86876828e-01  1.11779200e-05  8.84445937e-04 
 1.11799200e-05  2.59296238e-314  1.11799200e-05  3.75721650e-01  1.11799200e-05  8.89227405e-04 
 1.11819200e-05  5.64146506e-314  1.11819200e-05  3.64507212e-01  1.11819200e-05  8.93868230e-04 
 1.11839200e-05  2.59296238e-314  1.11839200e-05  3.53235288e-01  1.11839200e-05  8.98367680e-04 
 1.11859200e-05  5.64146506e-314  1.11859200e-05  3.41907661e-01  1.11859200e-05  9.02725046e-04 
 1.11879200e-05  2.59296238e-314  1.11879200e-05  3.30526122e-01  1.11879200e-05  9.06939640e-04 
 1.11899200e-05  5.64146506e-314  1.11899200e-05  3.19092471e-01  1.11899200e-05  9.11010798e-04 
 1.11919200e-05  2.59296238e-314  1.11919200e-05  3.07608517e-01  1.11919200e-05  9.14937879e-04 
 1.11939200e-05  5.64146506e-314  1.11939200e-05  2.96076076e-01  1.11939200e-05  9.18720262e-04 
 1.11959200e-05  2.59296238e-314  1.11959200e-05  2.84496971e-01  1.11959200e-05  9.22357352e-04 
 1.11979200e-05  5.64146506e-314  1.11979200e-05  2.72873035e-01  1.11979200e-05  9.25848576e-04 
 1.11999200e-05  2.59296238e-314  1.11999200e-05  2.61206104e-01  1.11999200e-05  9.29193384e-04 
 1.12019200e-05  5.64146506e-314  1.12019200e-05  2.49498025e-01  1.12019200e-05  9.32391248e-04 
 1.12039200e-05  2.59296238e-314  1.12039200e-05  2.37750648e-01  1.12039200e-05  9.35441665e-04 
 1.12059200e-05  5.64146506e-314  1.12059200e-05  2.25965832e-01  1.12059200e-05  9.38344155e-04 
 1.12079200e-05  2.59296238e-314  1.12079200e-05  2.14145439e-01  1.12079200e-05  9.41098260e-04 
 1.12099200e-05  5.64146506e-314  1.12099200e-05  2.02291340e-01  1.12099200e-05  9.43703547e-04 
 1.12119200e-05  2.59296238e-314  1.12119200e-05  1.90405408e-01  1.12119200e-05  9.46159606e-04 
 1.12139200e-05  5.64146506e-314  1.12139200e-05  1.78489523e-01  1.12139200e-05  9.48466051e-04 
 1.12159200e-05  2.59296238e-314  1.12159200e-05  1.66545570e-01  1.12159200e-05  9.50622518e-04 
 1.12179200e-05  5.64146506e-314  1.12179200e-05  1.54575437e-01  1.12179200e-05  9.52628669e-04 
 1.12199200e-05  2.59296238e-314  1.12199200e-05  1.42581016e-01  1.12199200e-05  9.54484189e-04 
 1.12219200e-05  5.64146506e-314  1.12219200e-05  1.30564205e-01  1.12219200e-05  9.56188785e-04 
 1.12239200e-05  2.59296238e-314  1.12239200e-05  1.18526903e-01  1.12239200e-05  9.57742191e-04 
 1.12259200e-05  5.64146506e-314  1.12259200e-05  1.06471014e-01  1.12259200e-05  9.59144163e-04 
 1.12279200e-05  2.59296238e-314  1.12279200e-05  9.43984441e-02  1.12279200e-05  9.60394481e-04 
 1.12299200e-05  5.64146506e-314  1.12299200e-05  8.23111018e-02  1.12299200e-05  9.61492949e-04 
 1.12319200e-05  2.59296238e-314  1.12319200e-05  7.02108984e-02  1.12319200e-05  9.62439395e-04 
 1.12339200e-05  5.64146506e-314  1.12339200e-05  5.80997470e-02  1.12339200e-05  9.63233672e-04 
 1.12359200e-05  2.59296238e-314  1.12359200e-05  4.59795626e-02  1.12359200e-05  9.63875656e-04 
 1.12379200e-05  5.64146506e-314  1.12379200e-05  3.38522613e-02  1.12379200e-05  9.64365248e-04 
 1.12399200e-05  2.59296238e-314  1.12399200e-05  2.17197605e-02  1.12399200e-05  9.64702372e-04 
 1.12419200e-05  5.64146506e-314  1.12419200e-05  9.58397848e-03  1.12419200e-05  9.64886976e-04 
 1.12439200e-05  2.59296238e-314  1.12439200e-05 -2.55316623e-03  1.12439200e-05  9.64919034e-04 
 1.12459200e-05  5.64146506e-314  1.12459200e-05 -1.46897548e-02  1.12459200e-05  9.64798542e-04 
 1.12479200e-05  2.59296238e-314  1.12479200e-05 -2.68238684e-02  1.12479200e-05  9.64525521e-04 
 1.12499200e-05  5.64146506e-314  1.12499200e-05 -3.89535887e-02  1.12499200e-05  9.64100016e-04 
 1.12519200e-05  2.59296238e-314  1.12519200e-05 -5.10769982e-02  1.12519200e-05  9.63522097e-04 
 1.12539200e-05  5.64146506e-314  1.12539200e-05 -6.31921803e-02  1.12539200e-05  9.62791856e-04 
 1.12559200e-05  2.59296238e-314  1.12559200e-05 -7.52972198e-02  1.12559200e-05  9.61909412e-04 
 1.12579200e-05  5.64146506e-314  1.12579200e-05 -8.73902029e-02  1.12579200e-05  9.60874905e-04 
 1.12599200e-05  2.59296238e-314  1.12599200e-05 -9.94692180e-02  1.12599200e-05  9.59688501e-04 
 1.12619200e-05  5.64146506e-314  1.12619200e-05 -1.11532356e-01  1.12619200e-05  9.58350390e-04 
 1.12639200e-05  2.59296238e-314  1.12639200e-05 -1.23577709e-01  1.12639200e-05  9.56860785e-04 
 1.12659200e-05  5.64146506e-314  1.12659200e-05 -1.35603374e-01  1.12659200e-05  9.55219922e-04 
 1.12679200e-05  2.59296238e-314  1.12679200e-05 -1.47607449e-01  1.12679200e-05  9.53428065e-04 
 1.12699200e-05  5.64146506e-314  1.12699200e-05 -1.59588038e-01  1.12699200e-05  9.51485497e-04 
 1.12719200e-05  2.59296238e-314  1.12719200e-05 -1.71543245e-01  1.12719200e-05  9.49392528e-04 
 1.12739200e-05  5.64146506e-314  1.12739200e-05 -1.83471183e-01  1.12739200e-05  9.47149491e-04 
 1.12759200e-05  2.59296238e-314  1.12759200e-05 -1.95369964e-01  1.12759200e-05  9.44756742e-04 
 1.12779200e-05  5.64146506e-314  1.12779200e-05 -2.07237709e-01  1.12779200e-05  9.42214661e-04 
 1.12799200e-05  2.59296238e-314  1.12799200e-05 -2.19072541e-01  1.12799200e-05  9.39523652e-04 
 1.12819200e-05  5.64146506e-314  1.12819200e-05 -2.30872590e-01  1.12819200e-05  9.36684142e-04 
 1.12839200e-05  2.59296238e-314  1.12839200e-05 -2.42635991e-01  1.12839200e-05  9.33696583e-04 
 1.12859200e-05  5.64146506e-314  1.12859200e-05 -2.54360884e-01  1.12859200e-05  9.30561447e-04 
 1.12879200e-05  2.59296238e-314  1.12879200e-05 -2.66045416e-01  1.12879200e-05  9.27279234e-04 
 1.12899200e-05  5.64146506e-314  1.12899200e-05 -2.77687742e-01  1.12899200e-05  9.23850463e-04 
 1.12919200e-05  2.59296238e-314  1.12919200e-05 -2.89286019e-01  1.12919200e-05  9.20275679e-04 
 1.12939200e-05  5.64146506e-314  1.12939200e-05 -3.00838416e-01  1.12939200e-05  9.16555448e-04 
 1.12959200e-05  2.59296238e-314  1.12959200e-05 -3.12343107e-01  1.12959200e-05  9.12690361e-04 
 1.12979200e-05  5.64146506e-314  1.12979200e-05 -3.23798273e-01  1.12979200e-05  9.08681029e-04 
 1.12999200e-05  2.59296238e-314  1.12999200e-05 -3.35202104e-01  1.12999200e-05  9.04528090e-04 
 1.13019200e-05  5.64146506e-314  1.13019200e-05 -3.46552797e-01  1.13019200e-05  9.00232202e-04 
 1.13039200e-05  2.59296238e-314  1.13039200e-05 -3.57848560e-01  1.13039200e-05  8.95794044e-04 
 1.13059200e-05  5.64146506e-314  1.13059200e-05 -3.69087606e-01  1.13059200e-05  8.91214321e-04 
 1.13079200e-05  2.59296238e-314  1.13079200e-05 -3.80268160e-01  1.13079200e-05  8.86493759e-04 
 1.13099200e-05  5.64146506e-314  1.13099200e-05 -3.91388455e-01  1.13099200e-05  8.81633106e-04 
 1.13119200e-05  2.59296238e-314  1.13119200e-05 -4.02446733e-01  1.13119200e-05  8.76633131e-04 
 1.13139200e-05  5.64146506e-314  1.13139200e-05 -4.13441247e-01  1.13139200e-05  8.71494627e-04 
 1.13159200e-05  2.59296238e-314  1.13159200e-05 -4.24370260e-01  1.13159200e-05  8.66218409e-04 
 1.13179200e-05  5.64146506e-314  1.13179200e-05 -4.35232045e-01  1.13179200e-05  8.60805312e-04 
 1.13199200e-05  2.59296238e-314  1.13199200e-05 -4.46024884e-01  1.13199200e-05  8.55256193e-04 
 1.13219200e-05  5.64146506e-314  1.13219200e-05 -4.56747074e-01  1.13219200e-05  8.49571932e-04 
 1.13239200e-05  2.59296238e-314  1.13239200e-05 -4.67396919e-01  1.13239200e-05  8.43753428e-04 
 1.13259200e-05  5.64146506e-314  1.13259200e-05 -4.77972737e-01  1.13259200e-05  8.37801605e-04 
 1.13279200e-05  2.59296238e-314  1.13279200e-05 -4.88472856e-01  1.13279200e-05  8.31717403e-04 
 1.13299200e-05  5.64146506e-314  1.13299200e-05 -4.98895618e-01  1.13299200e-05  8.25501787e-04 
 1.13319200e-05  2.59296238e-314  1.13319200e-05 -5.09239376e-01  1.13319200e-05  8.19155741e-04 
 1.13339200e-05  5.64146506e-314  1.13339200e-05 -5.19502496e-01  1.13339200e-05  8.12680270e-04 
 1.13359200e-05  2.59296238e-314  1.13359200e-05 -5.29683355e-01  1.13359200e-05  8.06076399e-04 
 1.13379200e-05  5.64146506e-314  1.13379200e-05 -5.39780346e-01  1.13379200e-05  7.99345174e-04 
 1.13399200e-05  2.59296238e-314  1.13399200e-05 -5.49791874e-01  1.13399200e-05  7.92487661e-04 
 1.13419200e-05  5.64146506e-314  1.13419200e-05 -5.59716356e-01  1.13419200e-05  7.85504945e-04 
 1.13439200e-05  2.59296238e-314  1.13439200e-05 -5.69552224e-01  1.13439200e-05  7.78398132e-04 
 1.13459200e-05  5.64146506e-314  1.13459200e-05 -5.79297925e-01  1.13459200e-05  7.71168347e-04 
 1.13479200e-05  2.59296238e-314  1.13479200e-05 -5.88951919e-01  1.13479200e-05  7.63816735e-04 
 1.13499200e-05  5.64146506e-314  1.13499200e-05 -5.98512682e-01  1.13499200e-05  7.56344459e-04 
 1.13519200e-05  2.59296238e-314  1.13519200e-05 -6.07978701e-01  1.13519200e-05  7.48752703e-04 
 1.13539200e-05  5.64146506e-314  1.13539200e-05 -6.17348484e-01  1.13539200e-05  7.41042667e-04 
 1.13559200e-05  2.59296238e-314  1.13559200e-05 -6.26620548e-01  1.13559200e-05  7.33215573e-04 
 1.13579200e-05  5.64146506e-314  1.13579200e-05 -6.35793430e-01  1.13579200e-05  7.25272659e-04 
 1.13599200e-05  2.59296238e-314  1.13599200e-05 -6.44865681e-01  1.13599200e-05  7.17215183e-04 
 1.13619200e-05  5.64146506e-314  1.13619200e-05 -6.53835867e-01  1.13619200e-05  7.09044419e-04 
 1.13639200e-05  2.59296238e-314  1.13639200e-05 -6.62702572e-01  1.13639200e-05  7.00761661e-04 
 1.13659200e-05  5.64146506e-314  1.13659200e-05 -6.71464395e-01  1.13659200e-05  6.92368220e-04 
 1.13679200e-05  2.59296238e-314  1.13679200e-05 -6.80119952e-01  1.13679200e-05  6.83865425e-04 
 1.13699200e-05  5.64146506e-314  1.13699200e-05 -6.88667877e-01  1.13699200e-05  6.75254620e-04 
 1.13719200e-05  2.59296238e-314  1.13719200e-05 -6.97106819e-01  1.13719200e-05  6.66537168e-04 
 1.13739200e-05  5.64146506e-314  1.13739200e-05 -7.05435446e-01  1.13739200e-05  6.57714450e-04 
 1.13759200e-05  2.59296238e-314  1.13759200e-05 -7.13652441e-01  1.13759200e-05  6.48787860e-04 
 1.13779200e-05  5.64146506e-314  1.13779200e-05 -7.21756509e-01  1.13779200e-05  6.39758813e-04 
 1.13799200e-05  2.59296238e-314  1.13799200e-05 -7.29746367e-01  1.13799200e-05  6.30628736e-04 
 1.13819200e-05  5.64146506e-314  1.13819200e-05 -7.37620756e-01  1.13819200e-05  6.21399074e-04 
 1.13839200e-05  2.59296238e-314  1.13839200e-05 -7.45378431e-01  1.13839200e-05  6.12071288e-04 
 1.13859200e-05  5.64146506e-314  1.13859200e-05 -7.53018168e-01  1.13859200e-05  6.02646853e-04 
 1.13879200e-05  2.59296238e-314  1.13879200e-05 -7.60538760e-01  1.13879200e-05  5.93127261e-04 
 1.13899200e-05  5.64146506e-314  1.13899200e-05 -7.67939020e-01  1.13899200e-05  5.83514018e-04 
 1.13919200e-05  2.59296238e-314  1.13919200e-05 -7.75217778e-01  1.13919200e-05  5.73808644e-04 
 1.13939200e-05  5.64146506e-314  1.13939200e-05 -7.82373887e-01  1.13939200e-05  5.64012677e-04 
 1.13959200e-05  2.59296238e-314  1.13959200e-05 -7.89406217e-01  1.13959200e-05  5.54127664e-04 
 1.13979200e-05  5.64146506e-314  1.13979200e-05 -7.96313656e-01  1.13979200e-05  5.44155170e-04 
 1.13999200e-05  2.59296238e-314  1.13999200e-05 -8.03095115e-01  1.13999200e-05  5.34096774e-04 
 1.14019200e-05  5.64146506e-314  1.14019200e-05 -8.09749522e-01  1.14019200e-05  5.23954065e-04 
 1.14039200e-05  2.59296238e-314  1.14039200e-05 -8.16275829e-01  1.14039200e-05  5.13728649e-04 
 1.14059200e-05  5.64146506e-314  1.14059200e-05 -8.22673003e-01  1.14059200e-05  5.03422144e-04 
 1.14079200e-05  2.59296238e-314  1.14079200e-05 -8.28940037e-01  1.14079200e-05  4.93036179e-04 
 1.14099200e-05  5.64146506e-314  1.14099200e-05 -8.35075940e-01  1.14099200e-05  4.82572398e-04 
 1.14119200e-05  2.59296238e-314  1.14119200e-05 -8.41079744e-01  1.14119200e-05  4.72032455e-04 
 1.14139200e-05  5.64146506e-314  1.14139200e-05 -8.46950502e-01  1.14139200e-05  4.61418020e-04 
 1.14159200e-05  2.59296238e-314  1.14159200e-05 -8.52687287e-01  1.14159200e-05  4.50730769e-04 
 1.14179200e-05  5.64146506e-314  1.14179200e-05 -8.58289193e-01  1.14179200e-05  4.39972394e-04 
 1.14199200e-05  2.59296238e-314  1.14199200e-05 -8.63755338e-01  1.14199200e-05  4.29144597e-04 
 1.14219200e-05  5.64146506e-314  1.14219200e-05 -8.69084858e-01  1.14219200e-05  4.18249090e-04 
 1.14239200e-05  2.59296238e-314  1.14239200e-05 -8.74276913e-01  1.14239200e-05  4.07287597e-04 
 1.14259200e-05  5.64146506e-314  1.14259200e-05 -8.79330683e-01  1.14259200e-05  3.96261851e-04 
 1.14279200e-05  2.59296238e-314  1.14279200e-05 -8.84245371e-01  1.14279200e-05  3.85173596e-04 
 1.14299200e-05  5.64146506e-314  1.14299200e-05 -8.89020202e-01  1.14299200e-05  3.74024587e-04 
 1.14319200e-05  2.59296238e-314  1.14319200e-05 -8.93654424e-01  1.14319200e-05  3.62816586e-04 
 1.14339200e-05  5.64146506e-314  1.14339200e-05 -8.98147304e-01  1.14339200e-05  3.51551366e-04 
 1.14359200e-05  2.59296238e-314  1.14359200e-05 -9.02498134e-01  1.14359200e-05  3.40230709e-04 
 1.14379200e-05  5.64146506e-314  1.14379200e-05 -9.06706229e-01  1.14379200e-05  3.28856406e-04 
 1.14399200e-05  2.59296238e-314  1.14399200e-05 -9.10770925e-01  1.14399200e-05  3.17430254e-04 
 1.14419200e-05  5.64146506e-314  1.14419200e-05 -9.14691582e-01  1.14419200e-05  3.05954062e-04 
 1.14439200e-05  2.59296238e-314  1.14439200e-05 -9.18467580e-01  1.14439200e-05  2.94429645e-04 
 1.14459200e-05  5.64146506e-314  1.14459200e-05 -9.22098325e-01  1.14459200e-05  2.82858824e-04 
 1.14479200e-05  2.59296238e-314  1.14479200e-05 -9.25583245e-01  1.14479200e-05  2.71243430e-04 
 1.14499200e-05  5.64146506e-314  1.14499200e-05 -9.28921790e-01  1.14499200e-05  2.59585299e-04 
 1.14519200e-05  2.59296238e-314  1.14519200e-05 -9.32113435e-01  1.14519200e-05  2.47886276e-04 
 1.14539200e-05  5.64146506e-314  1.14539200e-05 -9.35157677e-01  1.14539200e-05  2.36148210e-04 
 1.14559200e-05  2.59296238e-314  1.14559200e-05 -9.38054037e-01  1.14559200e-05  2.24372958e-04 
 1.14579200e-05  5.64146506e-314  1.14579200e-05 -9.40802058e-01  1.14579200e-05  2.12562381e-04 
 1.14599200e-05  2.59296238e-314  1.14599200e-05 -9.43401308e-01  1.14599200e-05  2.00718347e-04 
 1.14619200e-05  5.64146506e-314  1.14619200e-05 -9.45851377e-01  1.14619200e-05  1.88842730e-04 
 1.14639200e-05  2.59296238e-314  1.14639200e-05 -9.48151881e-01  1.14639200e-05  1.76937407e-04 
 1.14659200e-05  5.64146506e-314  1.14659200e-05 -9.50302458e-01  1.14659200e-05  1.65004260e-04 
 1.14679200e-05  2.59296238e-314  1.14679200e-05 -9.52302769e-01  1.14679200e-05  1.53045177e-04 
 1.14699200e-05  5.64146506e-314  1.14699200e-05 -9.54152500e-01  1.14699200e-05  1.41062049e-04 
 1.14719200e-05  2.59296238e-314  1.14719200e-05 -9.55851360e-01  1.14719200e-05  1.29056770e-04 
 1.14739200e-05  5.64146506e-314  1.14739200e-05 -9.57399084e-01  1.14739200e-05  1.17031238e-04 
 1.14759200e-05  2.59296238e-314  1.14759200e-05 -9.58795427e-01  1.14759200e-05  1.04987356e-04 
 1.14779200e-05  5.64146506e-314  1.14779200e-05 -9.60040171e-01  1.14779200e-05  9.29270264e-05 
 1.14799200e-05  2.59296238e-314  1.14799200e-05 -9.61133122e-01  1.14799200e-05  8.08521574e-05 
 1.14819200e-05  5.64146506e-314  1.14819200e-05 -9.62074109e-01  1.14819200e-05  6.87646578e-05 
 1.14839200e-05  2.59296238e-314  1.14839200e-05 -9.62862983e-01  1.14839200e-05  5.66664388e-05 
 1.14859200e-05  5.64146506e-314  1.14859200e-05 -9.63499624e-01  1.14859200e-05  4.45594132e-05 
 1.14879200e-05  2.59296238e-314  1.14879200e-05 -9.63983932e-01  1.14879200e-05  3.24454950e-05 
 1.14899200e-05  5.64146506e-314  1.14899200e-05 -9.64315832e-01  1.14899200e-05  2.03265996e-05 
 1.14919200e-05  2.59296238e-314  1.14919200e-05 -9.64495273e-01  1.14919200e-05  8.20464302e-06 
 1.14939200e-05  5.64146506e-314  1.14939200e-05 -9.64522230e-01  1.14939200e-05 -3.91845835e-06 
 1.14959200e-05  2.59296238e-314  1.14959200e-05 -9.64396701e-01  1.14959200e-05 -1.60407879e-05 
 1.14979200e-05  5.64146506e-314  1.14979200e-05 -9.64118706e-01  1.14979200e-05 -2.81604290e-05 
 1.14999200e-05  2.59296238e-314  1.14999200e-05 -9.63688291e-01  1.14999200e-05 -4.02754658e-05 
 1.15019200e-05  5.64146506e-314  1.15019200e-05 -9.63105527e-01  1.15019200e-05 -5.23839830e-05 
 1.15039200e-05  2.59296238e-314  1.15039200e-05 -9.62370508e-01  1.15039200e-05 -6.44840663e-05 
 1.15059200e-05  5.64146506e-314  1.15059200e-05 -9.61483352e-01  1.15059200e-05 -7.65738029e-05 
 1.15079200e-05  2.59296238e-314  1.15079200e-05 -9.60444200e-01  1.15079200e-05 -8.86512815e-05 
 1.15099200e-05  5.64146506e-314  1.15099200e-05 -9.59253220e-01  1.15099200e-05 -1.00714593e-04 
 1.15119200e-05  2.59296238e-314  1.15119200e-05 -9.57910601e-01  1.15119200e-05 -1.12761830e-04 
 1.15139200e-05  5.64146506e-314  1.15139200e-05 -9.56416557e-01  1.15139200e-05 -1.24791089e-04 
 1.15159200e-05  2.59296238e-314  1.15159200e-05 -9.54771327e-01  1.15159200e-05 -1.36800468e-04 
 1.15179200e-05  5.64146506e-314  1.15179200e-05 -9.52975173e-01  1.15179200e-05 -1.48788068e-04 
 1.15199200e-05  2.59296238e-314  1.15199200e-05 -9.51028380e-01  1.15199200e-05 -1.60751995e-04 
 1.15219200e-05  5.64146506e-314  1.15219200e-05 -9.48931259e-01  1.15219200e-05 -1.72690357e-04 
 1.15239200e-05  2.59296238e-314  1.15239200e-05 -9.46684141e-01  1.15239200e-05 -1.84601268e-04 
 1.15259200e-05  5.64146506e-314  1.15259200e-05 -9.44287386e-01  1.15259200e-05 -1.96482844e-04 
 1.15279200e-05  2.59296238e-314  1.15279200e-05 -9.41741373e-01  1.15279200e-05 -2.08333208e-04 
 1.15299200e-05  5.64146506e-314  1.15299200e-05 -9.39046507e-01  1.15299200e-05 -2.20150486e-04 
 1.15319200e-05  2.59296238e-314  1.15319200e-05 -9.36203216e-01  1.15319200e-05 -2.31932811e-04 
 1.15339200e-05  5.64146506e-314  1.15339200e-05 -9.33211951e-01  1.15339200e-05 -2.43678321e-04 
 1.15359200e-05  2.59296238e-314  1.15359200e-05 -9.30073187e-01  1.15359200e-05 -2.55385158e-04 
 1.15379200e-05  5.64146506e-314  1.15379200e-05 -9.26787422e-01  1.15379200e-05 -2.67051473e-04 
 1.15399200e-05  2.59296238e-314  1.15399200e-05 -9.23355177e-01  1.15399200e-05 -2.78675422e-04 
 1.15419200e-05  5.64146506e-314  1.15419200e-05 -9.19776997e-01  1.15419200e-05 -2.90255167e-04 
 1.15439200e-05  2.59296238e-314  1.15439200e-05 -9.16053450e-01  1.15439200e-05 -3.01788879e-04 
 1.15459200e-05  5.64146506e-314  1.15459200e-05 -9.12185125e-01  1.15459200e-05 -3.13274734e-04 
 1.15479200e-05  2.59296238e-314  1.15479200e-05 -9.08172637e-01  1.15479200e-05 -3.24710918e-04 
 1.15499200e-05  5.64146506e-314  1.15499200e-05 -9.04016621e-01  1.15499200e-05 -3.36095622e-04 
 1.15519200e-05  2.59296238e-314  1.15519200e-05 -8.99717736e-01  1.15519200e-05 -3.47427049e-04 
 1.15539200e-05  5.64146506e-314  1.15539200e-05 -8.95276664e-01  1.15539200e-05 -3.58703406e-04 
 1.15559200e-05  2.59296238e-314  1.15559200e-05 -8.90694109e-01  1.15559200e-05 -3.69922912e-04 
 1.15579200e-05  5.64146506e-314  1.15579200e-05 -8.85970796e-01  1.15579200e-05 -3.81083793e-04 
 1.15599200e-05  2.59296238e-314  1.15599200e-05 -8.81107475e-01  1.15599200e-05 -3.92184287e-04 
 1.15619200e-05  5.64146506e-314  1.15619200e-05 -8.76104916e-01  1.15619200e-05 -4.03222639e-04 
 1.15639200e-05  2.59296238e-314  1.15639200e-05 -8.70963911e-01  1.15639200e-05 -4.14197105e-04 
 1.15659200e-05  5.64146506e-314  1.15659200e-05 -8.65685275e-01  1.15659200e-05 -4.25105949e-04 
 1.15679200e-05  2.59296238e-314  1.15679200e-05 -8.60269845e-01  1.15679200e-05 -4.35947449e-04 
 1.15699200e-05  5.64146506e-314  1.15699200e-05 -8.54718478e-01  1.15699200e-05 -4.46719892e-04 
 1.15719200e-05  2.59296238e-314  1.15719200e-05 -8.49032054e-01  1.15719200e-05 -4.57421575e-04 
 1.15739200e-05  5.64146506e-314  1.15739200e-05 -8.43211473e-01  1.15739200e-05 -4.68050807e-04 
 1.15759200e-05  2.59296238e-314  1.15759200e-05 -8.37257657e-01  1.15759200e-05 -4.78605909e-04 
 1.15779200e-05  5.64146506e-314  1.15779200e-05 -8.31171549e-01  1.15779200e-05 -4.89085212e-04 
 1.15799200e-05  2.59296238e-314  1.15799200e-05 -8.24954114e-01  1.15799200e-05 -4.99487062e-04 
 1.15819200e-05  5.64146506e-314  1.15819200e-05 -8.18606335e-01  1.15819200e-05 -5.09809814e-04 
 1.15839200e-05  2.59296238e-314  1.15839200e-05 -8.12129217e-01  1.15839200e-05 -5.20051838e-04 
 1.15859200e-05  5.64146506e-314  1.15859200e-05 -8.05523787e-01  1.15859200e-05 -5.30211516e-04 
 1.15879200e-05  2.59296238e-314  1.15879200e-05 -7.98791091e-01  1.15879200e-05 -5.40287241e-04 
 1.15899200e-05  5.64146506e-314  1.15899200e-05 -7.91932194e-01  1.15899200e-05 -5.50277423e-04 
 1.15919200e-05  2.59296238e-314  1.15919200e-05 -7.84948182e-01  1.15919200e-05 -5.60180483e-04 
 1.15939200e-05  5.64146506e-314  1.15939200e-05 -7.77840161e-01  1.15939200e-05 -5.69994856e-04 
 1.15959200e-05  2.59296238e-314  1.15959200e-05 -7.70609256e-01  1.15959200e-05 -5.79718993e-04 
 1.15979200e-05  5.64146506e-314  1.15979200e-05 -7.63256612e-01  1.15979200e-05 -5.89351356e-04 
 1.15999200e-05  2.59296238e-314  1.15999200e-05 -7.55783393e-01  1.15999200e-05 -5.98890425e-04 
 1.16019200e-05  5.64146506e-314  1.16019200e-05 -7.48190783e-01  1.16019200e-05 -6.08334691e-04 
 1.16039200e-05  2.59296238e-314  1.16039200e-05 -7.40479982e-01  1.16039200e-05 -6.17682664e-04 
 1.16059200e-05  5.64146506e-314  1.16059200e-05 -7.32652211e-01  1.16059200e-05 -6.26932867e-04 
 1.16079200e-05  2.59296238e-314  1.16079200e-05 -7.24708710e-01  1.16079200e-05 -6.36083838e-04 
 1.16099200e-05  5.64146506e-314  1.16099200e-05 -7.16650735e-01  1.16099200e-05 -6.45134132e-04 
 1.16119200e-05  2.59296238e-314  1.16119200e-05 -7.08479563e-01  1.16119200e-05 -6.54082319e-04 
 1.16139200e-05  5.64146506e-314  1.16139200e-05 -7.00196485e-01  1.16139200e-05 -6.62926987e-04 
 1.16159200e-05  2.59296238e-314  1.16159200e-05 -6.91802814e-01  1.16159200e-05 -6.71666737e-04 
 1.16179200e-05  5.64146506e-314  1.16179200e-05 -6.83299877e-01  1.16179200e-05 -6.80300190e-04 
 1.16199200e-05  2.59296238e-314  1.16199200e-05 -6.74689021e-01  1.16199200e-05 -6.88825983e-04 
 1.16219200e-05  5.64146506e-314  1.16219200e-05 -6.65971607e-01  1.16219200e-05 -6.97242767e-04 
 1.16239200e-05  2.59296238e-314  1.16239200e-05 -6.57149016e-01  1.16239200e-05 -7.05549215e-04 
 1.16259200e-05  5.64146506e-314  1.16259200e-05 -6.48222644e-01  1.16259200e-05 -7.13744015e-04 
 1.16279200e-05  2.59296238e-314  1.16279200e-05 -6.39193902e-01  1.16279200e-05 -7.21825872e-04 
 1.16299200e-05  5.64146506e-314  1.16299200e-05 -6.30064221e-01  1.16299200e-05 -7.29793509e-04 
 1.16319200e-05  2.59296238e-314  1.16319200e-05 -6.20835043e-01  1.16319200e-05 -7.37645670e-04 
 1.16339200e-05  5.64146506e-314  1.16339200e-05 -6.11507831e-01  1.16339200e-05 -7.45381113e-04 
 1.16359200e-05  2.59296238e-314  1.16359200e-05 -6.02084059e-01  1.16359200e-05 -7.52998618e-04 
 1.16379200e-05  5.64146506e-314  1.16379200e-05 -5.92565219e-01  1.16379200e-05 -7.60496981e-04 
 1.16399200e-05  2.59296238e-314  1.16399200e-05 -5.82952816e-01  1.16399200e-05 -7.67875019e-04 
 1.16419200e-05  5.64146506e-314  1.16419200e-05 -5.73248372e-01  1.16419200e-05 -7.75131566e-04 
 1.16439200e-05  2.59296238e-314  1.16439200e-05 -5.63453422e-01  1.16439200e-05 -7.82265478e-04 
 1.16459200e-05  5.64146506e-314  1.16459200e-05 -5.53569516e-01  1.16459200e-05 -7.89275627e-04 
 1.16479200e-05  2.59296238e-314  1.16479200e-05 -5.43598217e-01  1.16479200e-05 -7.96160907e-04 
 1.16499200e-05  5.64146506e-314  1.16499200e-05 -5.33541103e-01  1.16499200e-05 -8.02920231e-04 
 1.16519200e-05  2.59296238e-314  1.16519200e-05 -5.23399765e-01  1.16519200e-05 -8.09552532e-04 
 1.16539200e-05  5.64146506e-314  1.16539200e-05 -5.13175807e-01  1.16539200e-05 -8.16056763e-04 
 1.16559200e-05  2.59296238e-314  1.16559200e-05 -5.02870847e-01  1.16559200e-05 -8.22431897e-04 
 1.16579200e-05  5.64146506e-314  1.16579200e-05 -4.92486515e-01  1.16579200e-05 -8.28676928e-04 
 1.16599200e-05  2.59296238e-314  1.16599200e-05 -4.82024453e-01  1.16599200e-05 -8.34790871e-04 
 1.16619200e-05  5.64146506e-314  1.16619200e-05 -4.71486317e-01  1.16619200e-05 -8.40772761e-04 
 1.16639200e-05  2.59296238e-314  1.16639200e-05 -4.60873774e-01  1.16639200e-05 -8.46621652e-04 
 1.16659200e-05  5.64146506e-314  1.16659200e-05 -4.50188501e-01  1.16659200e-05 -8.52336623e-04 
 1.16679200e-05  2.59296238e-314  1.16679200e-05 -4.39432191e-01  1.16679200e-05 -8.57916772e-04 
 1.16699200e-05  5.64146506e-314  1.16699200e-05 -4.28606543e-01  1.16699200e-05 -8.63361217e-04 
 1.16719200e-05  2.59296238e-314  1.16719200e-05 -4.17713271e-01  1.16719200e-05 -8.68669101e-04 
 1.16739200e-05  5.64146506e-314  1.16739200e-05 -4.06754096e-01  1.16739200e-05 -8.73839585e-04 
 1.16759200e-05  2.59296238e-314  1.16759200e-05 -3.95730754e-01  1.16759200e-05 -8.78871855e-04 
 1.16779200e-05  5.64146506e-314  1.16779200e-05 -3.84644987e-01  1.16779200e-05 -8.83765115e-04 
 1.16799200e-05  2.59296238e-314  1.16799200e-05 -3.73498549e-01  1.16799200e-05 -8.88518594e-04 
 1.16819200e-05  5.64146506e-314  1.16819200e-05 -3.62293202e-01  1.16819200e-05 -8.93131543e-04 
 1.16839200e-05  2.59296238e-314  1.16839200e-05 -3.51030719e-01  1.16839200e-05 -8.97603234e-04 
 1.16859200e-05  5.64146506e-314  1.16859200e-05 -3.39712881e-01  1.16859200e-05 -9.01932961e-04 
 1.16879200e-05  2.59296238e-314  1.16879200e-05 -3.28341479e-01  1.16879200e-05 -9.06120043e-04 
 1.16899200e-05  5.64146506e-314  1.16899200e-05 -3.16918310e-01  1.16899200e-05 -9.10163818e-04 
 1.16919200e-05  2.59296238e-314  1.16919200e-05 -3.05445181e-01  1.16919200e-05 -9.14063650e-04 
 1.16939200e-05  5.64146506e-314  1.16939200e-05 -2.93923907e-01  1.16939200e-05 -9.17818923e-04 
 1.16959200e-05  2.59296238e-314  1.16959200e-05 -2.82356310e-01  1.16959200e-05 -9.21429046e-04 
 1.16979200e-05  5.64146506e-314  1.16979200e-05 -2.70744218e-01  1.16979200e-05 -9.24893450e-04 
 1.16999200e-05  2.59296238e-314  1.16999200e-05 -2.59089470e-01  1.16999200e-05 -9.28211589e-04 
 1.17019200e-05  5.64146506e-314  1.17019200e-05 -2.47393907e-01  1.17019200e-05 -9.31382940e-04 
 1.17039200e-05  2.59296238e-314  1.17039200e-05 -2.35659379e-01  1.17039200e-05 -9.34407004e-04 
 1.17059200e-05  5.64146506e-314  1.17059200e-05 -2.23887742e-01  1.17059200e-05 -9.37283304e-04 
 1.17079200e-05  2.59296238e-314  1.17079200e-05 -2.12080857e-01  1.17079200e-05 -9.40011388e-04 
 1.17099200e-05  5.64146506e-314  1.17099200e-05 -2.00240591e-01  1.17099200e-05 -9.42590826e-04 
 1.17119200e-05  2.59296238e-314  1.17119200e-05 -1.88368817e-01  1.17119200e-05 -9.45021212e-04 
 1.17139200e-05  5.64146506e-314  1.17139200e-05 -1.76467413e-01  1.17139200e-05 -9.47302163e-04 
 1.17159200e-05  2.59296238e-314  1.17159200e-05 -1.64538259e-01  1.17159200e-05 -9.49433322e-04 
 1.17179200e-05  5.64146506e-314  1.17179200e-05 -1.52583242e-01  1.17179200e-05 -9.51414353e-04 
 1.17199200e-05  2.59296238e-314  1.17199200e-05 -1.40604252e-01  1.17199200e-05 -9.53244945e-04 
 1.17219200e-05  5.64146506e-314  1.17219200e-05 -1.28603185e-01  1.17219200e-05 -9.54924810e-04 
 1.17239200e-05  2.59296238e-314  1.17239200e-05 -1.16581936e-01  1.17239200e-05 -9.56453685e-04 
 1.17259200e-05  5.64146506e-314  1.17259200e-05 -1.04542408e-01  1.17259200e-05 -9.57831329e-04 
 1.17279200e-05  2.59296238e-314  1.17279200e-05 -9.24865032e-02  1.17279200e-05 -9.59057527e-04 
 1.17299200e-05  5.64146506e-314  1.17299200e-05 -8.04161283e-02  1.17299200e-05 -9.60132087e-04 
 1.17319200e-05  2.59296238e-314  1.17319200e-05 -6.83331917e-02  1.17319200e-05 -9.61054841e-04 
 1.17339200e-05  5.64146506e-314  1.17339200e-05 -5.62396037e-02  1.17339200e-05 -9.61825645e-04 
 1.17359200e-05  2.59296238e-314  1.17359200e-05 -4.41372765e-02  1.17359200e-05 -9.62444378e-04 
 1.17379200e-05  5.64146506e-314  1.17379200e-05 -3.20281235e-02  1.17379200e-05 -9.62910946e-04 
 1.17399200e-05  2.59296238e-314  1.17399200e-05 -1.99140592e-02  1.17399200e-05 -9.63225276e-04 
 1.17419200e-05  5.64146506e-314  1.17419200e-05 -7.79699887e-03  1.17419200e-05 -9.63387321e-04 
 1.17439200e-05  2.59296238e-314  1.17439200e-05  4.32114186e-03  1.17439200e-05 -9.63397056e-04 
 1.17459200e-05  5.64146506e-314  1.17459200e-05  1.64384471e-02  1.17459200e-05 -9.63254482e-04 
 1.17479200e-05  2.59296238e-314  1.17479200e-05  2.85530013e-02  1.17479200e-05 -9.62959624e-04 
 1.17499200e-05  5.64146506e-314  1.17499200e-05  4.06628890e-02  1.17499200e-05 -9.62512531e-04 
 1.17519200e-05  2.59296238e-314  1.17519200e-05  5.27661960e-02  1.17519200e-05 -9.61913273e-04 
 1.17539200e-05  5.64146506e-314  1.17539200e-05  6.48610087e-02  1.17539200e-05 -9.61161949e-04 
 1.17559200e-05  2.59296238e-314  1.17559200e-05  7.69454152e-02  1.17559200e-05 -9.60258680e-04 
 1.17579200e-05  5.64146506e-314  1.17579200e-05  8.90175050e-02  1.17579200e-05 -9.59203608e-04 
 1.17599200e-05  2.59296238e-314  1.17599200e-05  1.01075370e-01  1.17599200e-05 -9.57996905e-04 
 1.17619200e-05  5.64146506e-314  1.17619200e-05  1.13117104e-01  1.17619200e-05 -9.56638761e-04 
 1.17639200e-05  2.59296238e-314  1.17639200e-05  1.25140803e-01  1.17639200e-05 -9.55129395e-04 
 1.17659200e-05  5.64146506e-314  1.17659200e-05  1.37144567e-01  1.17659200e-05 -9.53469045e-04 
 1.17679200e-05  2.59296238e-314  1.17679200e-05  1.49126497e-01  1.17679200e-05 -9.51657977e-04 
 1.17699200e-05  5.64146506e-314  1.17699200e-05  1.61084702e-01  1.17699200e-05 -9.49696479e-04 
 1.17719200e-05  2.59296238e-314  1.17719200e-05  1.73017289e-01  1.17719200e-05 -9.47584864e-04 
 1.17739200e-05  5.64146506e-314  1.17739200e-05  1.84922372e-01  1.17739200e-05 -9.45323465e-04 
 1.17759200e-05  2.59296238e-314  1.17759200e-05  1.96798071e-01  1.17759200e-05 -9.42912644e-04 
 1.17779200e-05  5.64146506e-314  1.17779200e-05  2.08642508e-01  1.17779200e-05 -9.40352782e-04 
 1.17799200e-05  2.59296238e-314  1.17799200e-05  2.20453810e-01  1.17799200e-05 -9.37644288e-04 
 1.17819200e-05  5.64146506e-314  1.17819200e-05  2.32230111e-01  1.17819200e-05 -9.34787590e-04 
 1.17839200e-05  2.59296238e-314  1.17839200e-05  2.43969550e-01  1.17839200e-05 -9.31783142e-04 
 1.17859200e-05  5.64146506e-314  1.17859200e-05  2.55670270e-01  1.17859200e-05 -9.28631421e-04 
 1.17879200e-05  2.59296238e-314  1.17879200e-05  2.67330424e-01  1.17879200e-05 -9.25332927e-04 
 1.17899200e-05  5.64146506e-314  1.17899200e-05  2.78948166e-01  1.17899200e-05 -9.21888184e-04 
 1.17919200e-05  2.59296238e-314  1.17919200e-05  2.90521663e-01  1.17919200e-05 -9.18297738e-04 
 1.17939200e-05  5.64146506e-314  1.17939200e-05  3.02049084e-01  1.17939200e-05 -9.14562158e-04 
 1.17959200e-05  2.59296238e-314  1.17959200e-05  3.13528607e-01  1.17959200e-05 -9.10682037e-04 
 1.17979200e-05  5.64146506e-314  1.17979200e-05  3.24958418e-01  1.17979200e-05 -9.06657989e-04 
 1.17999200e-05  2.59296238e-314  1.17999200e-05  3.36336712e-01  1.17999200e-05 -9.02490654e-04 
 1.18019200e-05  5.64146506e-314  1.18019200e-05  3.47661689e-01  1.18019200e-05 -8.98180692e-04 
 1.18039200e-05  2.59296238e-314  1.18039200e-05  3.58931560e-01  1.18039200e-05 -8.93728785e-04 
 1.18059200e-05  5.64146506e-314  1.18059200e-05  3.70144543e-01  1.18059200e-05 -8.89135640e-04 
 1.18079200e-05  2.59296238e-314  1.18079200e-05  3.81298868e-01  1.18079200e-05 -8.84401984e-04 
 1.18099200e-05  5.64146506e-314  1.18099200e-05  3.92392771e-01  1.18099200e-05 -8.79528567e-04 
 1.18119200e-05  2.59296238e-314  1.18119200e-05  4.03424499e-01  1.18119200e-05 -8.74516163e-04 
 1.18139200e-05  5.64146506e-314  1.18139200e-05  4.14392308e-01  1.18139200e-05 -8.69365564e-04 
 1.18159200e-05  2.59296238e-314  1.18159200e-05  4.25294466e-01  1.18159200e-05 -8.64077587e-04 
 1.18179200e-05  5.64146506e-314  1.18179200e-05  4.36129250e-01  1.18179200e-05 -8.58653070e-04 
 1.18199200e-05  2.59296238e-314  1.18199200e-05  4.46894948e-01  1.18199200e-05 -8.53092871e-04 
 1.18219200e-05  5.64146506e-314  1.18219200e-05  4.57589859e-01  1.18219200e-05 -8.47397873e-04 
 1.18239200e-05  2.59296238e-314  1.18239200e-05  4.68212292e-01  1.18239200e-05 -8.41568976e-04 
 1.18259200e-05  5.64146506e-314  1.18259200e-05  4.78760569e-01  1.18259200e-05 -8.35607104e-04 
 1.18279200e-05  2.59296238e-314  1.18279200e-05  4.89233024e-01  1.18279200e-05 -8.29513202e-04 
 1.18299200e-05  5.64146506e-314  1.18299200e-05  4.99628001e-01  1.18299200e-05 -8.23288234e-04 
 1.18319200e-05  2.59296238e-314  1.18319200e-05  5.09943859e-01  1.18319200e-05 -8.16933185e-04 
 1.18339200e-05  5.64146506e-314  1.18339200e-05  5.20178968e-01  1.18339200e-05 -8.10449063e-04 
 1.18359200e-05  2.59296238e-314  1.18359200e-05  5.30331710e-01  1.18359200e-05 -8.03836895e-04 
 1.18379200e-05  5.64146506e-314  1.18379200e-05  5.40400481e-01  1.18379200e-05 -7.97097726e-04 
 1.18399200e-05  2.59296238e-314  1.18399200e-05  5.50383690e-01  1.18399200e-05 -7.90232625e-04 
 1.18419200e-05  5.64146506e-314  1.18419200e-05  5.60279762e-01  1.18419200e-05 -7.83242677e-04 
 1.18439200e-05  2.59296238e-314  1.18439200e-05  5.70087131e-01  1.18439200e-05 -7.76128990e-04 
 1.18459200e-05  5.64146506e-314  1.18459200e-05  5.79804248e-01  1.18459200e-05 -7.68892690e-04 
 1.18479200e-05  2.59296238e-314  1.18479200e-05  5.89429579e-01  1.18479200e-05 -7.61534923e-04 
 1.18499200e-05  5.64146506e-314  1.18499200e-05  5.98961603e-01  1.18499200e-05 -7.54056853e-04 
 1.18519200e-05  2.59296238e-314  1.18519200e-05  6.08398813e-01  1.18519200e-05 -7.46459663e-04 
 1.18539200e-05  5.64146506e-314  1.18539200e-05  6.17739720e-01  1.18539200e-05 -7.38744558e-04 
 1.18559200e-05  2.59296238e-314  1.18559200e-05  6.26982848e-01  1.18559200e-05 -7.30912757e-04 
 1.18579200e-05  5.64146506e-314  1.18579200e-05  6.36126737e-01  1.18579200e-05 -7.22965500e-04 
 1.18599200e-05  2.59296238e-314  1.18599200e-05  6.45169941e-01  1.18599200e-05 -7.14904046e-04 
 1.18619200e-05  5.64146506e-314  1.18619200e-05  6.54111034e-01  1.18619200e-05 -7.06729670e-04 
 1.18639200e-05  2.59296238e-314  1.18639200e-05  6.62948602e-01  1.18639200e-05 -6.98443666e-04 
 1.18659200e-05  5.64146506e-314  1.18659200e-05  6.71681250e-01  1.18659200e-05 -6.90047345e-04 
 1.18679200e-05  2.59296238e-314  1.18679200e-05  6.80307598e-01  1.18679200e-05 -6.81542036e-04 
 1.18699200e-05  5.64146506e-314  1.18699200e-05  6.88826285e-01  1.18699200e-05 -6.72929086e-04 
 1.18719200e-05  2.59296238e-314  1.18719200e-05  6.97235963e-01  1.18719200e-05 -6.64209856e-04 
 1.18739200e-05  5.64146506e-314  1.18739200e-05  7.05535307e-01  1.18739200e-05 -6.55385728e-04 
 1.18759200e-05  2.59296238e-314  1.18759200e-05  7.13723004e-01  1.18759200e-05 -6.46458097e-04 
 1.18779200e-05  5.64146506e-314  1.18779200e-05  7.21797761e-01  1.18779200e-05 -6.37428376e-04 
 1.18799200e-05  2.59296238e-314  1.18799200e-05  7.29758305e-01  1.18799200e-05 -6.28297994e-04 
 1.18819200e-05  5.64146506e-314  1.18819200e-05  7.37603376e-01  1.18819200e-05 -6.19068396e-04 
 1.18839200e-05  2.59296238e-314  1.18839200e-05  7.45331737e-01  1.18839200e-05 -6.09741041e-04 
 1.18859200e-05  5.64146506e-314  1.18859200e-05  7.52942168e-01  1.18859200e-05 -6.00317407e-04 
 1.18879200e-05  2.59296238e-314  1.18879200e-05  7.60433466e-01  1.18879200e-05 -5.90798984e-04 
 1.18899200e-05  5.64146506e-314  1.18899200e-05  7.67804449e-01  1.18899200e-05 -5.81187277e-04 
 1.18919200e-05  2.59296238e-314  1.18919200e-05  7.75053952e-01  1.18919200e-05 -5.71483808e-04 
 1.18939200e-05  5.64146506e-314  1.18939200e-05  7.82180832e-01  1.18939200e-05 -5.61690112e-04 
 1.18959200e-05  2.59296238e-314  1.18959200e-05  7.89183964e-01  1.18959200e-05 -5.51807739e-04 
 1.18979200e-05  5.64146506e-314  1.18979200e-05  7.96062240e-01  1.18979200e-05 -5.41838251e-04 
 1.18999200e-05  2.59296238e-314  1.18999200e-05  8.02814577e-01  1.18999200e-05 -5.31783227e-04 
 1.19019200e-05  5.64146506e-314  1.19019200e-05  8.09439907e-01  1.19019200e-05 -5.21644256e-04 
 1.19039200e-05  2.59296238e-314  1.19039200e-05  8.15937185e-01  1.19039200e-05 -5.11422943e-04 
 1.19059200e-05  5.64146506e-314  1.19059200e-05  8.22305385e-01  1.19059200e-05 -5.01120905e-04 
 1.19079200e-05  2.59296238e-314  1.19079200e-05  8.28543502e-01  1.19079200e-05 -4.90739772e-04 
 1.19099200e-05  5.64146506e-314  1.19099200e-05  8.34650553e-01  1.19099200e-05 -4.80281185e-04 
 1.19119200e-05  2.59296238e-314  1.19119200e-05  8.40625571e-01  1.19119200e-05 -4.69746799e-04 
 1.19139200e-05  5.64146506e-314  1.19139200e-05  8.46467616e-01  1.19139200e-05 -4.59138281e-04 
 1.19159200e-05  2.59296238e-314  1.19159200e-05  8.52175764e-01  1.19159200e-05 -4.48457308e-04 
 1.19179200e-05  5.64146506e-314  1.19179200e-05  8.57749116e-01  1.19179200e-05 -4.37705571e-04 
 1.19199200e-05  2.59296238e-314  1.19199200e-05  8.63186791e-01  1.19199200e-05 -4.26884769e-04 
 1.19219200e-05  5.64146506e-314  1.19219200e-05  8.68487932e-01  1.19219200e-05 -4.15996615e-04 
 1.19239200e-05  2.59296238e-314  1.19239200e-05  8.73651702e-01  1.19239200e-05 -4.05042831e-04 
 1.19259200e-05  5.64146506e-314  1.19259200e-05  8.78677286e-01  1.19259200e-05 -3.94025149e-04 
 1.19279200e-05  2.59296238e-314  1.19279200e-05  8.83563893e-01  1.19279200e-05 -3.82945311e-04 
 1.19299200e-05  5.64146506e-314  1.19299200e-05  8.88310751e-01  1.19299200e-05 -3.71805071e-04 
 1.19319200e-05  2.59296238e-314  1.19319200e-05  8.92917111e-01  1.19319200e-05 -3.60606190e-04 
 1.19339200e-05  5.64146506e-314  1.19339200e-05  8.97382247e-01  1.19339200e-05 -3.49350440e-04 
 1.19359200e-05  2.59296238e-314  1.19359200e-05  9.01705455e-01  1.19359200e-05 -3.38039601e-04 
 1.19379200e-05  5.64146506e-314  1.19379200e-05  9.05886053e-01  1.19379200e-05 -3.26675461e-04 
 1.19399200e-05  2.59296238e-314  1.19399200e-05  9.09923381e-01  1.19399200e-05 -3.15259818e-04 
 1.19419200e-05  5.64146506e-314  1.19419200e-05  9.13816805e-01  1.19419200e-05 -3.03794477e-04 
 1.19439200e-05  2.59296238e-314  1.19439200e-05  9.17565709e-01  1.19439200e-05 -2.92281252e-04 
 1.19459200e-05  5.64146506e-314  1.19459200e-05  9.21169502e-01  1.19459200e-05 -2.80721963e-04 
 1.19479200e-05  2.59296238e-314  1.19479200e-05  9.24627618e-01  1.19479200e-05 -2.69118439e-04 
 1.19499200e-05  5.64146506e-314  1.19499200e-05  9.27939511e-01  1.19499200e-05 -2.57472514e-04 
 1.19519200e-05  2.59296238e-314  1.19519200e-05  9.31104659e-01  1.19519200e-05 -2.45786030e-04 
 1.19539200e-05  5.64146506e-314  1.19539200e-05  9.34122564e-01  1.19539200e-05 -2.34060835e-04 
 1.19559200e-05  2.59296238e-314  1.19559200e-05  9.36992750e-01  1.19559200e-05 -2.22298784e-04 
 1.19579200e-05  5.64146506e-314  1.19579200e-05  9.39714766e-01  1.19579200e-05 -2.10501736e-04 
 1.19599200e-05  2.59296238e-314  1.19599200e-05  9.42288183e-01  1.19599200e-05 -1.98671557e-04 
 1.19619200e-05  5.64146506e-314  1.19619200e-05  9.44712596e-01  1.19619200e-05 -1.86810118e-04 
 1.19639200e-05  2.59296238e-314  1.19639200e-05  9.46987624e-01  1.19639200e-05 -1.74919294e-04 
 1.19659200e-05  5.64146506e-314  1.19659200e-05  9.49112908e-01  1.19659200e-05 -1.63000965e-04 
 1.19679200e-05  2.59296238e-314  1.19679200e-05  9.51088116e-01  1.19679200e-05 -1.51057017e-04 
 1.19699200e-05  5.64146506e-314  1.19699200e-05  9.52912936e-01  1.19699200e-05 -1.39089337e-04 
 1.19719200e-05  2.59296238e-314  1.19719200e-05  9.54587081e-01  1.19719200e-05 -1.27099818e-04 
 1.19739200e-05  5.64146506e-314  1.19739200e-05  9.56110290e-01  1.19739200e-05 -1.15090356e-04 
 1.19759200e-05  2.59296238e-314  1.19759200e-05  9.57482323e-01  1.19759200e-05 -1.03062850e-04 
 1.19779200e-05  5.64146506e-314  1.19779200e-05  9.58702965e-01  1.19779200e-05 -9.10192006e-05 
 1.19799200e-05  2.59296238e-314  1.19799200e-05  9.59772024e-01  1.19799200e-05 -7.89613133e-05 
 1.19819200e-05  5.64146506e-314  1.19819200e-05  9.60689335e-01  1.19819200e-05 -6.68910940e-05 
 1.19839200e-05  2.59296238e-314  1.19839200e-05  9.61454754e-01  1.19839200e-05 -5.48104513e-05 
 1.19859200e-05  5.64146506e-314  1.19859200e-05  9.62068161e-01  1.19859200e-05 -4.27212952e-05 
 1.19879200e-05  2.59296238e-314  1.19879200e-05  9.62529462e-01  1.19879200e-05 -3.06255369e-05 
 1.19899200e-05  5.64146506e-314  1.19899200e-05  9.62838585e-01  1.19899200e-05 -1.85250889e-05 
 1.19919200e-05  2.59296238e-314  1.19919200e-05  9.62995484e-01  1.19919200e-05 -6.42186425e-06 
 1.19939200e-05  5.64146506e-314  1.19939200e-05  9.63000136e-01  1.19939200e-05  5.68222354e-06 
 1.19959200e-05  2.59296238e-314  1.19959200e-05  9.62852542e-01  1.19959200e-05  1.77852609e-05 
 1.19979200e-05  5.64146506e-314  1.19979200e-05  9.62552727e-01  1.19979200e-05  2.98853343e-05 
 1.19999200e-05  2.59296238e-314  1.19999200e-05  9.62100740e-01  1.19999200e-05  4.19805309e-05 
 1.20019200e-05  5.64146506e-314  1.20019200e-05  9.61496655e-01  1.20019200e-05  5.40689386e-05 
 1.20039200e-05  2.59296238e-314  1.20039200e-05  9.60740570e-01  1.20039200e-05  6.61486463e-05 
 1.20059200e-05  5.64146506e-314  1.20059200e-05  9.59832605e-01  1.20059200e-05  7.82177443e-05 
 1.20079200e-05  2.59296238e-314  1.20079200e-05  9.58772907e-01  1.20079200e-05  9.02743248e-05 
 1.20099200e-05  5.64146506e-314  1.20099200e-05  9.57561644e-01  1.20099200e-05  1.02316482e-04 
 1.20119200e-05  2.59296238e-314  1.20119200e-05  9.56199010e-01  1.20119200e-05  1.14342312e-04 
 1.20139200e-05  5.64146506e-314  1.20139200e-05  9.54685222e-01  1.20139200e-05  1.26349913e-04 
 1.20159200e-05  2.59296238e-314  1.20159200e-05  9.53020522e-01  1.20159200e-05  1.38337389e-04 
 1.20179200e-05  5.64146506e-314  1.20179200e-05  9.51205175e-01  1.20179200e-05  1.50302843e-04 
 1.20199200e-05  2.59296238e-314  1.20199200e-05  9.49239469e-01  1.20199200e-05  1.62244385e-04 
 1.20219200e-05  5.64146506e-314  1.20219200e-05  9.47123717e-01  1.20219200e-05  1.74160126e-04 
 1.20239200e-05  2.59296238e-314  1.20239200e-05  9.44858256e-01  1.20239200e-05  1.86048184e-04 
 1.20259200e-05  5.64146506e-314  1.20259200e-05  9.42443446e-01  1.20259200e-05  1.97906679e-04 
 1.20279200e-05  2.59296238e-314  1.20279200e-05  9.39879670e-01  1.20279200e-05  2.09733736e-04 
 1.20299200e-05  5.64146506e-314  1.20299200e-05  9.37167335e-01  1.20299200e-05  2.21527488e-04 
 1.20319200e-05  2.59296238e-314  1.20319200e-05  9.34306872e-01  1.20319200e-05  2.33286068e-04 
 1.20339200e-05  5.64146506e-314  1.20339200e-05  9.31298736e-01  1.20339200e-05  2.45007619e-04 
 1.20359200e-05  2.59296238e-314  1.20359200e-05  9.28143403e-01  1.20359200e-05  2.56690288e-04 
 1.20379200e-05  5.64146506e-314  1.20379200e-05  9.24841375e-01  1.20379200e-05  2.68332229e-04 
 1.20399200e-05  2.59296238e-314  1.20399200e-05  9.21393175e-01  1.20399200e-05  2.79931601e-04 
 1.20419200e-05  5.64146506e-314  1.20419200e-05  9.17799350e-01  1.20419200e-05  2.91486572e-04 
 1.20439200e-05  2.59296238e-314  1.20439200e-05  9.14060470e-01  1.20439200e-05  3.02995315e-04 
 1.20459200e-05  5.64146506e-314  1.20459200e-05  9.10177128e-01  1.20459200e-05  3.14456010e-04 
 1.20479200e-05  2.59296238e-314  1.20479200e-05  9.06149940e-01  1.20479200e-05  3.25866848e-04 
 1.20499200e-05  5.64146506e-314  1.20499200e-05  9.01979545e-01  1.20499200e-05  3.37226024e-04 
 1.20519200e-05  2.59296238e-314  1.20519200e-05  8.97666603e-01  1.20519200e-05  3.48531744e-04 
 1.20539200e-05  5.64146506e-314  1.20539200e-05  8.93211798e-01  1.20539200e-05  3.59782220e-04 
 1.20559200e-05  2.59296238e-314  1.20559200e-05  8.88615837e-01  1.20559200e-05  3.70975674e-04 
 1.20579200e-05  5.64146506e-314  1.20579200e-05  8.83879447e-01  1.20579200e-05  3.82110339e-04 
 1.20599200e-05  2.59296238e-314  1.20599200e-05  8.79003379e-01  1.20599200e-05  3.93184453e-04 
 1.20619200e-05  5.64146506e-314  1.20619200e-05  8.73988406e-01  1.20619200e-05  4.04196268e-04 
 1.20639200e-05  2.59296238e-314  1.20639200e-05  8.68835322e-01  1.20639200e-05  4.15144042e-04 
 1.20659200e-05  5.64146506e-314  1.20659200e-05  8.63544944e-01  1.20659200e-05  4.26026047e-04 
 1.20679200e-05  2.59296238e-314  1.20679200e-05  8.58118110e-01  1.20679200e-05  4.36840562e-04 
 1.20699200e-05  5.64146506e-314  1.20699200e-05  8.52555680e-01  1.20699200e-05  4.47585879e-04 
 1.20719200e-05  2.59296238e-314  1.20719200e-05  8.46858534e-01  1.20719200e-05  4.58260299e-04 
 1.20739200e-05  5.64146506e-314  1.20739200e-05  8.41027575e-01  1.20739200e-05  4.68862136e-04 
 1.20759200e-05  2.59296238e-314  1.20759200e-05  8.35063727e-01  1.20759200e-05  4.79389715e-04 
 1.20779200e-05  5.64146506e-314  1.20779200e-05  8.28967934e-01  1.20779200e-05  4.89841372e-04 
 1.20799200e-05  2.59296238e-314  1.20799200e-05  8.22741161e-01  1.20799200e-05  5.00215456e-04 
 1.20819200e-05  5.64146506e-314  1.20819200e-05  8.16384395e-01  1.20819200e-05  5.10510328e-04 
 1.20839200e-05  2.59296238e-314  1.20839200e-05  8.09898643e-01  1.20839200e-05  5.20724361e-04 
 1.20859200e-05  5.64146506e-314  1.20859200e-05  8.03284930e-01  1.20859200e-05  5.30855941e-04 
 1.20879200e-05  2.59296238e-314  1.20879200e-05  7.96544305e-01  1.20879200e-05  5.40903469e-04 
 1.20899200e-05  5.64146506e-314  1.20899200e-05  7.89677834e-01  1.20899200e-05  5.50865355e-04 
 1.20919200e-05  2.59296238e-314  1.20919200e-05  7.82686605e-01  1.20919200e-05  5.60740027e-04 
 1.20939200e-05  5.64146506e-314  1.20939200e-05  7.75571725e-01  1.20939200e-05  5.70525924e-04 
 1.20959200e-05  2.59296238e-314  1.20959200e-05  7.68334320e-01  1.20959200e-05  5.80221501e-04 
 1.20979200e-05  5.64146506e-314  1.20979200e-05  7.60975536e-01  1.20979200e-05  5.89825226e-04 
 1.20999200e-05  2.59296238e-314  1.20999200e-05  7.53496537e-01  1.20999200e-05  5.99335581e-04 
 1.21019200e-05  5.64146506e-314  1.21019200e-05  7.45898508e-01  1.21019200e-05  6.08751064e-04 
 1.21039200e-05  2.59296238e-314  1.21039200e-05  7.38182651e-01  1.21039200e-05  6.18070188e-04 
 1.21059200e-05  5.64146506e-314  1.21059200e-05  7.30350187e-01  1.21059200e-05  6.27291481e-04 
 1.21079200e-05  2.59296238e-314  1.21079200e-05  7.22402357e-01  1.21079200e-05  6.36413486e-04 
 1.21099200e-05  5.64146506e-314  1.21099200e-05  7.14340419e-01  1.21099200e-05  6.45434762e-04 
 1.21119200e-05  2.59296238e-314  1.21119200e-05  7.06165647e-01  1.21119200e-05  6.54353885e-04 
 1.21139200e-05  5.64146506e-314  1.21139200e-05  6.97879337e-01  1.21139200e-05  6.63169444e-04 
 1.21159200e-05  2.59296238e-314  1.21159200e-05  6.89482799e-01  1.21159200e-05  6.71880050e-04 
 1.21179200e-05  5.64146506e-314  1.21179200e-05  6.80977363e-01  1.21179200e-05  6.80484324e-04 
 1.21199200e-05  2.59296238e-314  1.21199200e-05  6.72364374e-01  1.21199200e-05  6.88980908e-04 
 1.21219200e-05  5.64146506e-314  1.21219200e-05  6.63645196e-01  1.21219200e-05  6.97368462e-04 
 1.21239200e-05  2.59296238e-314  1.21239200e-05  6.54821208e-01  1.21239200e-05  7.05645658e-04 
 1.21259200e-05  5.64146506e-314  1.21259200e-05  6.45893806e-01  1.21259200e-05  7.13811192e-04 
 1.21279200e-05  2.59296238e-314  1.21279200e-05  6.36864404e-01  1.21279200e-05  7.21863772e-04 
 1.21299200e-05  5.64146506e-314  1.21299200e-05  6.27734430e-01  1.21299200e-05  7.29802128e-04 
 1.21319200e-05  2.59296238e-314  1.21319200e-05  6.18505328e-01  1.21319200e-05  7.37625005e-04 
 1.21339200e-05  5.64146506e-314  1.21339200e-05  6.09178560e-01  1.21339200e-05  7.45331169e-04 
 1.21359200e-05  2.59296238e-314  1.21359200e-05  5.99755600e-01  1.21359200e-05  7.52919403e-04 
 1.21379200e-05  5.64146506e-314  1.21379200e-05  5.90237940e-01  1.21379200e-05  7.60388508e-04 
 1.21399200e-05  2.59296238e-314  1.21399200e-05  5.80627086e-01  1.21399200e-05  7.67737305e-04 
 1.21419200e-05  5.64146506e-314  1.21419200e-05  5.70924558e-01  1.21419200e-05  7.74964634e-04 
 1.21439200e-05  2.59296238e-314  1.21439200e-05  5.61131892e-01  1.21439200e-05  7.82069353e-04 
 1.21459200e-05  5.64146506e-314  1.21459200e-05  5.51250636e-01  1.21459200e-05  7.89050342e-04 
 1.21479200e-05  2.59296238e-314  1.21479200e-05  5.41282354e-01  1.21479200e-05  7.95906498e-04 
 1.21499200e-05  5.64146506e-314  1.21499200e-05  5.31228623e-01  1.21499200e-05  8.02636738e-04 
 1.21519200e-05  2.59296238e-314  1.21519200e-05  5.21091033e-01  1.21519200e-05  8.09240000e-04 
 1.21539200e-05  5.64146506e-314  1.21539200e-05  5.10871189e-01  1.21539200e-05  8.15715242e-04 
 1.21559200e-05  2.59296238e-314  1.21559200e-05  5.00570707e-01  1.21559200e-05  8.22061442e-04 
 1.21579200e-05  5.64146506e-314  1.21579200e-05  4.90191216e-01  1.21579200e-05  8.28277598e-04 
 1.21599200e-05  2.59296238e-314  1.21599200e-05  4.79734358e-01  1.21599200e-05  8.34362729e-04 
 1.21619200e-05  5.64146506e-314  1.21619200e-05  4.69201788e-01  1.21619200e-05  8.40315874e-04 
 1.21639200e-05  2.59296238e-314  1.21639200e-05  4.58595172e-01  1.21639200e-05  8.46136094e-04 
 1.21659200e-05  5.64146506e-314  1.21659200e-05  4.47916188e-01  1.21659200e-05  8.51822471e-04 
 1.21679200e-05  2.59296238e-314  1.21679200e-05  4.37166524e-01  1.21679200e-05  8.57374107e-04 
 1.21699200e-05  5.64146506e-314  1.21699200e-05  4.26347881e-01  1.21699200e-05  8.62790126e-04 
 1.21719200e-05  2.59296238e-314  1.21719200e-05  4.15461970e-01  1.21719200e-05  8.68069674e-04 
 1.21739200e-05  5.64146506e-314  1.21739200e-05  4.04510513e-01  1.21739200e-05  8.73211917e-04 
 1.21759200e-05  2.59296238e-314  1.21759200e-05  3.93495243e-01  1.21759200e-05  8.78216045e-04 
 1.21779200e-05  5.64146506e-314  1.21779200e-05  3.82417902e-01  1.21779200e-05  8.83081268e-04 
 1.21799200e-05  2.59296238e-314  1.21799200e-05  3.71280241e-01  1.21799200e-05  8.87806819e-04 
 1.21819200e-05  5.64146506e-314  1.21819200e-05  3.60084022e-01  1.21819200e-05  8.92391952e-04 
 1.21839200e-05  2.59296238e-314  1.21839200e-05  3.48831016e-01  1.21839200e-05  8.96835944e-04 
 1.21859200e-05  5.64146506e-314  1.21859200e-05  3.37523004e-01  1.21859200e-05  9.01138095e-04 
 1.21879200e-05  2.59296238e-314  1.21879200e-05  3.26161772e-01  1.21879200e-05  9.05297726e-04 
 1.21899200e-05  5.64146506e-314  1.21899200e-05  3.14749118e-01  1.21899200e-05  9.09314180e-04 
 1.21919200e-05  2.59296238e-314  1.21919200e-05  3.03286848e-01  1.21919200e-05  9.13186826e-04 
 1.21939200e-05  5.64146506e-314  1.21939200e-05  2.91776773e-01  1.21939200e-05  9.16915053e-04 
 1.21959200e-05  2.59296238e-314  1.21959200e-05  2.80220715e-01  1.21959200e-05  9.20498272e-04 
 1.21979200e-05  5.64146506e-314  1.21979200e-05  2.68620500e-01  1.21979200e-05  9.23935920e-04 
 1.21999200e-05  2.59296238e-314  1.21999200e-05  2.56977963e-01  1.21999200e-05  9.27227454e-04 
 1.22019200e-05  5.64146506e-314  1.22019200e-05  2.45294945e-01  1.22019200e-05  9.30372357e-04 
 1.22039200e-05  2.59296238e-314  1.22039200e-05  2.33573294e-01  1.22039200e-05  9.33370132e-04 
 1.22059200e-05  5.64146506e-314  1.22059200e-05  2.21814864e-01  1.22059200e-05  9.36220308e-04 
 1.22079200e-05  2.59296238e-314  1.22079200e-05  2.10021513e-01  1.22079200e-05  9.38922436e-04 
 1.22099200e-05  5.64146506e-314  1.22099200e-05  1.98195107e-01  1.22099200e-05  9.41476091e-04 
 1.22119200e-05  2.59296238e-314  1.22119200e-05  1.86337516e-01  1.22119200e-05  9.43880870e-04 
 1.22139200e-05  5.64146506e-314  1.22139200e-05  1.74450615e-01  1.22139200e-05  9.46136396e-04 
 1.22159200e-05  2.59296238e-314  1.22159200e-05  1.62536284e-01  1.22159200e-05  9.48242313e-04 
 1.22179200e-05  5.64146506e-314  1.22179200e-05  1.50596406e-01  1.22179200e-05  9.50198291e-04 
 1.22199200e-05  2.59296238e-314  1.22199200e-05  1.38632869e-01  1.22199200e-05  9.52004023e-04 
 1.22219200e-05  5.64146506e-314  1.22219200e-05  1.26647566e-01  1.22219200e-05  9.53659224e-04 
 1.22239200e-05  2.59296238e-314  1.22239200e-05  1.14642391e-01  1.22239200e-05  9.55163635e-04 
 1.22259200e-05  5.64146506e-314  1.22259200e-05  1.02619242e-01  1.22259200e-05  9.56517020e-04 
 1.22279200e-05  2.59296238e-314  1.22279200e-05  9.05800205e-02  1.22279200e-05  9.57719167e-04 
 1.22299200e-05  5.64146506e-314  1.22299200e-05  7.85266302e-02  1.22299200e-05  9.58769888e-04 
 1.22319200e-05  2.59296238e-314  1.22319200e-05  6.64609767e-02  1.22319200e-05  9.59669018e-04 
 1.22339200e-05  5.64146506e-314  1.22339200e-05  5.43849677e-02  1.22339200e-05  9.60416418e-04 
 1.22359200e-05  2.59296238e-314  1.22359200e-05  4.23005124e-02  1.22359200e-05  9.61011970e-04 
 1.22379200e-05  5.64146506e-314  1.22379200e-05  3.02095215e-02  1.22379200e-05  9.61455584e-04 
 1.22399200e-05  2.59296238e-314  1.22399200e-05  1.81139065e-02  1.22399200e-05  9.61747190e-04 
 1.22419200e-05  5.64146506e-314  1.22419200e-05  6.01557991e-03  1.22419200e-05  9.61886745e-04 
 1.22439200e-05  2.59296238e-314  1.22439200e-05 -6.08354570e-03  1.22439200e-05  9.61874227e-04 
 1.22459200e-05  5.64146506e-314  1.22459200e-05 -1.81815575e-02  1.22459200e-05  9.61709642e-04 
 1.22479200e-05  2.59296238e-314  1.22479200e-05 -3.02765427e-02  1.22479200e-05  9.61393017e-04 
 1.22499200e-05  5.64146506e-314  1.22499200e-05 -4.23665894e-02  1.22499200e-05  9.60924405e-04 
 1.22519200e-05  2.59296238e-314  1.22519200e-05 -5.44497862e-02  1.22519200e-05  9.60303880e-04 
 1.22539200e-05  5.64146506e-314  1.22539200e-05 -6.65242228e-02  1.22539200e-05  9.59531543e-04 
 1.22559200e-05  2.59296238e-314  1.22559200e-05 -7.85879905e-02  1.22559200e-05  9.58607518e-04 
 1.22579200e-05  5.64146506e-314  1.22579200e-05 -9.06391821e-02  1.22579200e-05  9.57531953e-04 
 1.22599200e-05  2.59296238e-314  1.22599200e-05 -1.02675893e-01  1.22599200e-05  9.56305021e-04 
 1.22619200e-05  5.64146506e-314  1.22619200e-05 -1.14696219e-01  1.22619200e-05  9.54926916e-04 
 1.22639200e-05  2.59296238e-314  1.22639200e-05 -1.26698262e-01  1.22639200e-05  9.53397859e-04 
 1.22659200e-05  5.64146506e-314  1.22659200e-05 -1.38680123e-01  1.22659200e-05  9.51718093e-04 
 1.22679200e-05  2.59296238e-314  1.22679200e-05 -1.50639909e-01  1.22679200e-05  9.49887886e-04 
 1.22699200e-05  5.64146506e-314  1.22699200e-05 -1.62575729e-01  1.22699200e-05  9.47907529e-04 
 1.22719200e-05  2.59296238e-314  1.22719200e-05 -1.74485697e-01  1.22719200e-05  9.45777336e-04 
 1.22739200e-05  5.64146506e-314  1.22739200e-05 -1.86367930e-01  1.22739200e-05  9.43497648e-04 
 1.22759200e-05  2.59296238e-314  1.22759200e-05 -1.98220549e-01  1.22759200e-05  9.41068825e-04 
 1.22779200e-05  5.64146506e-314  1.22779200e-05 -2.10041682e-01  1.22779200e-05  9.38491254e-04 
 1.22799200e-05  2.59296238e-314  1.22799200e-05 -2.21829459e-01  1.22799200e-05  9.35765344e-04 
 1.22819200e-05  5.64146506e-314  1.22819200e-05 -2.33582018e-01  1.22819200e-05  9.32891529e-04 
 1.22839200e-05  2.59296238e-314  1.22839200e-05 -2.45297501e-01  1.22839200e-05  9.29870263e-04 
 1.22859200e-05  5.64146506e-314  1.22859200e-05 -2.56974056e-01  1.22859200e-05  9.26702027e-04 
 1.22879200e-05  2.59296238e-314  1.22879200e-05 -2.68609838e-01  1.22879200e-05  9.23387323e-04 
 1.22899200e-05  5.64146506e-314  1.22899200e-05 -2.80203008e-01  1.22899200e-05  9.19926678e-04 
 1.22919200e-05  2.59296238e-314  1.22919200e-05 -2.91751733e-01  1.22919200e-05  9.16320639e-04 
 1.22939200e-05  5.64146506e-314  1.22939200e-05 -3.03254189e-01  1.22939200e-05  9.12569780e-04 
 1.22959200e-05  2.59296238e-314  1.22959200e-05 -3.14708557e-01  1.22959200e-05  9.08674695e-04 
 1.22979200e-05  5.64146506e-314  1.22979200e-05 -3.26113026e-01  1.22979200e-05  9.04636002e-04 
 1.22999200e-05  2.59296238e-314  1.22999200e-05 -3.37465796e-01  1.22999200e-05  9.00454340e-04 
 1.23019200e-05  5.64146506e-314  1.23019200e-05 -3.48765071e-01  1.23019200e-05  8.96130373e-04 
 1.23039200e-05  2.59296238e-314  1.23039200e-05 -3.60009065e-01  1.23039200e-05  8.91664786e-04 
 1.23059200e-05  5.64146506e-314  1.23059200e-05 -3.71196003e-01  1.23059200e-05  8.87058287e-04 
 1.23079200e-05  2.59296238e-314  1.23079200e-05 -3.82324116e-01  1.23079200e-05  8.82311606e-04 
 1.23099200e-05  5.64146506e-314  1.23099200e-05 -3.93391645e-01  1.23099200e-05  8.77425495e-04 
 1.23119200e-05  2.59296238e-314  1.23119200e-05 -4.04396841e-01  1.23119200e-05  8.72400729e-04 
 1.23139200e-05  5.64146506e-314  1.23139200e-05 -4.15337966e-01  1.23139200e-05  8.67238103e-04 
 1.23159200e-05  2.59296238e-314  1.23159200e-05 -4.26213290e-01  1.23159200e-05  8.61938435e-04 
 1.23179200e-05  5.64146506e-314  1.23179200e-05 -4.37021095e-01  1.23179200e-05  8.56502566e-04 
 1.23199200e-05  2.59296238e-314  1.23199200e-05 -4.47759673e-01  1.23199200e-05  8.50931355e-04 
 1.23219200e-05  5.64146506e-314  1.23219200e-05 -4.58427327e-01  1.23219200e-05  8.45225686e-04 
 1.23239200e-05  2.59296238e-314  1.23239200e-05 -4.69022372e-01  1.23239200e-05  8.39386463e-04 
 1.23259200e-05  5.64146506e-314  1.23259200e-05 -4.79543134e-01  1.23259200e-05  8.33414609e-04 
 1.23279200e-05  2.59296238e-314  1.23279200e-05 -4.89987949e-01  1.23279200e-05  8.27311072e-04 
 1.23299200e-05  5.64146506e-314  1.23299200e-05 -5.00355169e-01  1.23299200e-05  8.21076817e-04 
 1.23319200e-05  2.59296238e-314  1.23319200e-05 -5.10643154e-01  1.23319200e-05  8.14712832e-04 
 1.23339200e-05  5.64146506e-314  1.23339200e-05 -5.20850279e-01  1.23339200e-05  8.08220124e-04 
 1.23359200e-05  2.59296238e-314  1.23359200e-05 -5.30974933e-01  1.23359200e-05  8.01599722e-04 
 1.23379200e-05  5.64146506e-314  1.23379200e-05 -5.41015514e-01  1.23379200e-05  7.94852674e-04 
 1.23399200e-05  2.59296238e-314  1.23399200e-05 -5.50970436e-01  1.23399200e-05  7.87980048e-04 
 1.23419200e-05  5.64146506e-314  1.23419200e-05 -5.60838128e-01  1.23419200e-05  7.80982933e-04 
 1.23439200e-05  2.59296238e-314  1.23439200e-05 -5.70617030e-01  1.23439200e-05  7.73862435e-04 
 1.23459200e-05  5.64146506e-314  1.23459200e-05 -5.80305597e-01  1.23459200e-05  7.66619683e-04 
 1.23479200e-05  2.59296238e-314  1.23479200e-05 -5.89902298e-01  1.23479200e-05  7.59255822e-04 
 1.23499200e-05  5.64146506e-314  1.23499200e-05 -5.99405618e-01  1.23499200e-05  7.51772019e-04 
 1.23519200e-05  2.59296238e-314  1.23519200e-05 -6.08814055e-01  1.23519200e-05  7.44169459e-04 
 1.23539200e-05  5.64146506e-314  1.23539200e-05 -6.18126123e-01  1.23539200e-05  7.36449344e-04 
 1.23559200e-05  2.59296238e-314  1.23559200e-05 -6.27340351e-01  1.23559200e-05  7.28612897e-04 
 1.23579200e-05  5.64146506e-314  1.23579200e-05 -6.36455283e-01  1.23579200e-05  7.20661358e-04 
 1.23599200e-05  2.59296238e-314  1.23599200e-05 -6.45469480e-01  1.23599200e-05  7.12595985e-04 
 1.23619200e-05  5.64146506e-314  1.23619200e-05 -6.54381518e-01  1.23619200e-05  7.04418056e-04 
 1.23639200e-05  2.59296238e-314  1.23639200e-05 -6.63189989e-01  1.23639200e-05  6.96128864e-04 
 1.23659200e-05  5.64146506e-314  1.23659200e-05 -6.71893502e-01  1.23659200e-05  6.87729721e-04 
 1.23679200e-05  2.59296238e-314  1.23679200e-05 -6.80490683e-01  1.23679200e-05  6.79221957e-04 
 1.23699200e-05  5.64146506e-314  1.23699200e-05 -6.88980173e-01  1.23699200e-05  6.70606918e-04 
 1.23719200e-05  2.59296238e-314  1.23719200e-05 -6.97360631e-01  1.23719200e-05  6.61885967e-04 
 1.23739200e-05  5.64146506e-314  1.23739200e-05 -7.05630734e-01  1.23739200e-05  6.53060485e-04 
 1.23759200e-05  2.59296238e-314  1.23759200e-05 -7.13789177e-01  1.23759200e-05  6.44131867e-04 
 1.23779200e-05  5.64146506e-314  1.23779200e-05 -7.21834670e-01  1.23779200e-05  6.35101528e-04 
 1.23799200e-05  2.59296238e-314  1.23799200e-05 -7.29765943e-01  1.23799200e-05  6.25970895e-04 
 1.23819200e-05  5.64146506e-314  1.23819200e-05 -7.37581744e-01  1.23819200e-05  6.16741414e-04 
 1.23839200e-05  2.59296238e-314  1.23839200e-05 -7.45280838e-01  1.23839200e-05  6.07414545e-04 
 1.23859200e-05  5.64146506e-314  1.23859200e-05 -7.52862010e-01  1.23859200e-05  5.97991763e-04 
 1.23879200e-05  2.59296238e-314  1.23879200e-05 -7.60324062e-01  1.23879200e-05  5.88474560e-04 
 1.23899200e-05  5.64146506e-314  1.23899200e-05 -7.67665817e-01  1.23899200e-05  5.78864442e-04 
 1.23919200e-05  2.59296238e-314  1.23919200e-05 -7.74886115e-01  1.23919200e-05  5.69162928e-04 
 1.23939200e-05  5.64146506e-314  1.23939200e-05 -7.81983816e-01  1.23939200e-05  5.59371555e-04 
 1.23959200e-05  2.59296238e-314  1.23959200e-05 -7.88957799e-01  1.23959200e-05  5.49491870e-04 
 1.23979200e-05  5.64146506e-314  1.23979200e-05 -7.95806965e-01  1.23979200e-05  5.39525437e-04 
 1.23999200e-05  2.59296238e-314  1.23999200e-05 -8.02530231e-01  1.23999200e-05  5.29473833e-04 
 1.24019200e-05  5.64146506e-314  1.24019200e-05 -8.09126536e-01  1.24019200e-05  5.19338647e-04 
 1.24039200e-05  2.59296238e-314  1.24039200e-05 -8.15594838e-01  1.24039200e-05  5.09121484e-04 
 1.24059200e-05  5.64146506e-314  1.24059200e-05 -8.21934118e-01  1.24059200e-05  4.98823960e-04 
 1.24079200e-05  2.59296238e-314  1.24079200e-05 -8.28143374e-01  1.24079200e-05  4.88447703e-04 
 1.24099200e-05  5.64146506e-314  1.24099200e-05 -8.34221626e-01  1.24099200e-05  4.77994355e-04 
 1.24119200e-05  2.59296238e-314  1.24119200e-05 -8.40167914e-01  1.24119200e-05  4.67465570e-04 
 1.24139200e-05  5.64146506e-314  1.24139200e-05 -8.45981302e-01  1.24139200e-05  4.56863013e-04 
 1.24159200e-05  2.59296238e-314  1.24159200e-05 -8.51660870e-01  1.24159200e-05  4.46188361e-04 
 1.24179200e-05  5.64146506e-314  1.24179200e-05 -8.57205723e-01  1.24179200e-05  4.35443303e-04 
 1.24199200e-05  2.59296238e-314  1.24199200e-05 -8.62614987e-01  1.24199200e-05  4.24629539e-04 
 1.24219200e-05  5.64146506e-314  1.24219200e-05 -8.67887806e-01  1.24219200e-05  4.13748778e-04 
 1.24239200e-05  2.59296238e-314  1.24239200e-05 -8.73023350e-01  1.24239200e-05  4.02802742e-04 
 1.24259200e-05  5.64146506e-314  1.24259200e-05 -8.78020809e-01  1.24259200e-05  3.91793163e-04 
 1.24279200e-05  2.59296238e-314  1.24279200e-05 -8.82879393e-01  1.24279200e-05  3.80721781e-04 
 1.24299200e-05  5.64146506e-314  1.24299200e-05 -8.87598338e-01  1.24299200e-05  3.69590348e-04 
 1.24319200e-05  2.59296238e-314  1.24319200e-05 -8.92176897e-01  1.24319200e-05  3.58400624e-04 
 1.24339200e-05  5.64146506e-314  1.24339200e-05 -8.96614350e-01  1.24339200e-05  3.47154379e-04 
 1.24359200e-05  2.59296238e-314  1.24359200e-05 -9.00909996e-01  1.24359200e-05  3.35853392e-04 
 1.24379200e-05  5.64146506e-314  1.24379200e-05 -9.05063159e-01  1.24379200e-05  3.24499450e-04 
 1.24399200e-05  2.59296238e-314  1.24399200e-05 -9.09073183e-01  1.24399200e-05  3.13094349e-04 
 1.24419200e-05  5.64146506e-314  1.24419200e-05 -9.12939436e-01  1.24419200e-05  3.01639893e-04 
 1.24439200e-05  2.59296238e-314  1.24439200e-05 -9.16661309e-01  1.24439200e-05  2.90137892e-04 
 1.24459200e-05  5.64146506e-314  1.24459200e-05 -9.20238215e-01  1.24459200e-05  2.78590167e-04 
 1.24479200e-05  2.59296238e-314  1.24479200e-05 -9.23669590e-01  1.24479200e-05  2.66998543e-04 
 1.24499200e-05  5.64146506e-314  1.24499200e-05 -9.26954895e-01  1.24499200e-05  2.55364853e-04 
 1.24519200e-05  2.59296238e-314  1.24519200e-05 -9.30093610e-01  1.24519200e-05  2.43690938e-04 
 1.24539200e-05  5.64146506e-314  1.24539200e-05 -9.33085243e-01  1.24539200e-05  2.31978643e-04 
 1.24559200e-05  2.59296238e-314  1.24559200e-05 -9.35929321e-01  1.24559200e-05  2.20229820e-04 
 1.24579200e-05  5.64146506e-314  1.24579200e-05 -9.38625398e-01  1.24579200e-05  2.08446327e-04 
 1.24599200e-05  2.59296238e-314  1.24599200e-05 -9.41173048e-01  1.24599200e-05  1.96630029e-04 
 1.24619200e-05  5.64146506e-314  1.24619200e-05 -9.43571871e-01  1.24619200e-05  1.84782792e-04 
 1.24639200e-05  2.59296238e-314  1.24639200e-05 -9.45821489e-01  1.24639200e-05  1.72906491e-04 
 1.24659200e-05  5.64146506e-314  1.24659200e-05 -9.47921548e-01  1.24659200e-05  1.61003003e-04 
 1.24679200e-05  2.59296238e-314  1.24679200e-05 -9.49871720e-01  1.24679200e-05  1.49074212e-04 
 1.24699200e-05  5.64146506e-314  1.24699200e-05 -9.51671696e-01  1.24699200e-05  1.37122002e-04 
 1.24719200e-05  2.59296238e-314  1.24719200e-05 -9.53321194e-01  1.24719200e-05  1.25148264e-04 
 1.24739200e-05  5.64146506e-314  1.24739200e-05 -9.54819956e-01  1.24739200e-05  1.13154891e-04 
 1.24759200e-05  2.59296238e-314  1.24759200e-05 -9.56167747e-01  1.24759200e-05  1.01143780e-04 
 1.24779200e-05  5.64146506e-314  1.24779200e-05 -9.57364354e-01  1.24779200e-05  8.91168287e-05 
 1.24799200e-05  2.59296238e-314  1.24799200e-05 -9.58409592e-01  1.24799200e-05  7.70759401e-05 
 1.24819200e-05  5.64146506e-314  1.24819200e-05 -9.59303296e-01  1.24819200e-05  6.50230174e-05 
 1.24839200e-05  2.59296238e-314  1.24839200e-05 -9.60045327e-01  1.24839200e-05  5.29599664e-05 
 1.24859200e-05  5.64146506e-314  1.24859200e-05 -9.60635570e-01  1.24859200e-05  4.08886943e-05 
 1.24879200e-05  2.59296238e-314  1.24879200e-05 -9.61073934e-01  1.24879200e-05  2.88111096e-05 
 1.24899200e-05  5.64146506e-314  1.24899200e-05 -9.61360350e-01  1.24899200e-05  1.67291218e-05 
 1.24919200e-05  2.59296238e-314  1.24919200e-05 -9.61494777e-01  1.24919200e-05  4.64464098e-06 
 1.24939200e-05  5.64146506e-314  1.24939200e-05 -9.61477193e-01  1.24939200e-05 -7.44042221e-06 
 1.24959200e-05  2.59296238e-314  1.24959200e-05 -9.61307605e-01  1.24959200e-05 -1.95241572e-05 
 1.24979200e-05  5.64146506e-314  1.24979200e-05 -9.60986040e-01  1.24979200e-05 -3.16046536e-05 
 1.24999200e-05  2.59296238e-314  1.24999200e-05 -9.60512551e-01  1.24999200e-05 -4.36800017e-05 
 1.25019200e-05  5.64146506e-314  1.25019200e-05 -9.59887216e-01  1.25019200e-05 -5.57482924e-05 
 1.25039200e-05  2.59296238e-314  1.25039200e-05 -9.59110135e-01  1.25039200e-05 -6.78076178e-05 
 1.25059200e-05  5.64146506e-314  1.25059200e-05 -9.58181433e-01  1.25059200e-05 -7.98560716e-05 
 1.25079200e-05  2.59296238e-314  1.25079200e-05 -9.57101258e-01  1.25079200e-05 -9.18917490e-05 
 1.25099200e-05  5.64146506e-314  1.25099200e-05 -9.55869783e-01  1.25099200e-05 -1.03912748e-04 
 1.25119200e-05  2.59296238e-314  1.25119200e-05 -9.54487205e-01  1.25119200e-05 -1.15917167e-04 
 1.25139200e-05  5.64146506e-314  1.25139200e-05 -9.52953744e-01  1.25139200e-05 -1.27903109e-04 
 1.25159200e-05  2.59296238e-314  1.25159200e-05 -9.51269644e-01  1.25159200e-05 -1.39868680e-04 
 1.25179200e-05  5.64146506e-314  1.25179200e-05 -9.49435175e-01  1.25179200e-05 -1.51811988e-04 
 1.25199200e-05  2.59296238e-314  1.25199200e-05 -9.47450627e-01  1.25199200e-05 -1.63731145e-04 
 1.25219200e-05  5.64146506e-314  1.25219200e-05 -9.45316316e-01  1.25219200e-05 -1.75624267e-04 
 1.25239200e-05  2.59296238e-314  1.25239200e-05 -9.43032582e-01  1.25239200e-05 -1.87489474e-04 
 1.25259200e-05  5.64146506e-314  1.25259200e-05 -9.40599787e-01  1.25259200e-05 -1.99324891e-04 
 1.25279200e-05  2.59296238e-314  1.25279200e-05 -9.38018318e-01  1.25279200e-05 -2.11128646e-04 
 1.25299200e-05  5.64146506e-314  1.25299200e-05 -9.35288586e-01  1.25299200e-05 -2.22898875e-04 
 1.25319200e-05  2.59296238e-314  1.25319200e-05 -9.32411022e-01  1.25319200e-05 -2.34633717e-04 
 1.25339200e-05  5.64146506e-314  1.25339200e-05 -9.29386085e-01  1.25339200e-05 -2.46331316e-04 
 1.25359200e-05  2.59296238e-314  1.25359200e-05 -9.26214254e-01  1.25359200e-05 -2.57989825e-04 
 1.25379200e-05  5.64146506e-314  1.25379200e-05 -9.22896032e-01  1.25379200e-05 -2.69607400e-04 
 1.25399200e-05  2.59296238e-314  1.25399200e-05 -9.19431947e-01  1.25399200e-05 -2.81182205e-04 
 1.25419200e-05  5.64146506e-314  1.25419200e-05 -9.15822546e-01  1.25419200e-05 -2.92712411e-04 
 1.25439200e-05  2.59296238e-314  1.25439200e-05 -9.12068404e-01  1.25439200e-05 -3.04196196e-04 
 1.25459200e-05  5.64146506e-314  1.25459200e-05 -9.08170115e-01  1.25459200e-05 -3.15631744e-04 
 1.25479200e-05  2.59296238e-314  1.25479200e-05 -9.04128298e-01  1.25479200e-05 -3.27017249e-04 
 1.25499200e-05  5.64146506e-314  1.25499200e-05 -8.99943592e-01  1.25499200e-05 -3.38350910e-04 
 1.25519200e-05  2.59296238e-314  1.25519200e-05 -8.95616663e-01  1.25519200e-05 -3.49630938e-04 
 1.25539200e-05  5.64146506e-314  1.25539200e-05 -8.91148194e-01  1.25539200e-05 -3.60855548e-04 
 1.25559200e-05  2.59296238e-314  1.25559200e-05 -8.86538895e-01  1.25559200e-05 -3.72022968e-04 
 1.25579200e-05  5.64146506e-314  1.25579200e-05 -8.81789496e-01  1.25579200e-05 -3.83131432e-04 
 1.25599200e-05  2.59296238e-314  1.25599200e-05 -8.76900750e-01  1.25599200e-05 -3.94179185e-04 
 1.25619200e-05  5.64146506e-314  1.25619200e-05 -8.71873432e-01  1.25619200e-05 -4.05164482e-04 
 1.25639200e-05  2.59296238e-314  1.25639200e-05 -8.66708337e-01  1.25639200e-05 -4.16085585e-04 
 1.25659200e-05  5.64146506e-314  1.25659200e-05 -8.61406284e-01  1.25659200e-05 -4.26940770e-04 
 1.25679200e-05  2.59296238e-314  1.25679200e-05 -8.55968114e-01  1.25679200e-05 -4.37728322e-04 
 1.25699200e-05  5.64146506e-314  1.25699200e-05 -8.50394687e-01  1.25699200e-05 -4.48446534e-04 
 1.25719200e-05  2.59296238e-314  1.25719200e-05 -8.44686887e-01  1.25719200e-05 -4.59093715e-04 
 1.25739200e-05  5.64146506e-314  1.25739200e-05 -8.38845617e-01  1.25739200e-05 -4.69668181e-04 
 1.25759200e-05  2.59296238e-314  1.25759200e-05 -8.32871803e-01  1.25759200e-05 -4.80168262e-04 
 1.25779200e-05  5.64146506e-314  1.25779200e-05 -8.26766391e-01  1.25779200e-05 -4.90592299e-04 
 1.25799200e-05  2.59296238e-314  1.25799200e-05 -8.20530347e-01  1.25799200e-05 -5.00938644e-04 
 1.25819200e-05  5.64146506e-314  1.25819200e-05 -8.14164660e-01  1.25819200e-05 -5.11205662e-04 
 1.25839200e-05  2.59296238e-314  1.25839200e-05 -8.07670336e-01  1.25839200e-05 -5.21391733e-04 
 1.25859200e-05  5.64146506e-314  1.25859200e-05 -8.01048406e-01  1.25859200e-05 -5.31495246e-04 
 1.25879200e-05  2.59296238e-314  1.25879200e-05 -7.94299916e-01  1.25879200e-05 -5.41514604e-04 
 1.25899200e-05  5.64146506e-314  1.25899200e-05 -7.87425936e-01  1.25899200e-05 -5.51448226e-04 
 1.25919200e-05  2.59296238e-314  1.25919200e-05 -7.80427554e-01  1.25919200e-05 -5.61294541e-04 
 1.25939200e-05  5.64146506e-314  1.25939200e-05 -7.73305878e-01  1.25939200e-05 -5.71051995e-04 
 1.25959200e-05  2.59296238e-314  1.25959200e-05 -7.66062035e-01  1.25959200e-05 -5.80719045e-04 
 1.25979200e-05  5.64146506e-314  1.25979200e-05 -7.58697172e-01  1.25979200e-05 -5.90294164e-04 
 1.25999200e-05  2.59296238e-314  1.25999200e-05 -7.51212455e-01  1.25999200e-05 -5.99775841e-04 
 1.26019200e-05  5.64146506e-314  1.26019200e-05 -7.43609068e-01  1.26019200e-05 -6.09162576e-04 
 1.26039200e-05  2.59296238e-314  1.26039200e-05 -7.35888216e-01  1.26039200e-05 -6.18452887e-04 
 1.26059200e-05  5.64146506e-314  1.26059200e-05 -7.28051121e-01  1.26059200e-05 -6.27645307e-04 
 1.26079200e-05  2.59296238e-314  1.26079200e-05 -7.20099022e-01  1.26079200e-05 -6.36738384e-04 
 1.26099200e-05  5.64146506e-314  1.26099200e-05 -7.12033179e-01  1.26099200e-05 -6.45730680e-04 
 1.26119200e-05  2.59296238e-314  1.26119200e-05 -7.03854868e-01  1.26119200e-05 -6.54620777e-04 
 1.26139200e-05  5.64146506e-314  1.26139200e-05 -6.95565383e-01  1.26139200e-05 -6.63407269e-04 
 1.26159200e-05  2.59296238e-314  1.26159200e-05 -6.87166037e-01  1.26159200e-05 -6.72088769e-04 
 1.26179200e-05  5.64146506e-314  1.26179200e-05 -6.78658159e-01  1.26179200e-05 -6.80663906e-04 
 1.26199200e-05  2.59296238e-314  1.26199200e-05 -6.70043094e-01  1.26199200e-05 -6.89131325e-04 
 1.26219200e-05  5.64146506e-314  1.26219200e-05 -6.61322207e-01  1.26219200e-05 -6.97489689e-04 
 1.26239200e-05  2.59296238e-314  1.26239200e-05 -6.52496878e-01  1.26239200e-05 -7.05737678e-04 
 1.26259200e-05  5.64146506e-314  1.26259200e-05 -6.43568503e-01  1.26259200e-05 -7.13873989e-04 
 1.26279200e-05  2.59296238e-314  1.26279200e-05 -6.34538494e-01  1.26279200e-05 -7.21897338e-04 
 1.26299200e-05  5.64146506e-314  1.26299200e-05 -6.25408282e-01  1.26299200e-05 -7.29806457e-04 
 1.26319200e-05  2.59296238e-314  1.26319200e-05 -6.16179310e-01  1.26319200e-05 -7.37600098e-04 
 1.26339200e-05  5.64146506e-314  1.26339200e-05 -6.06853039e-01  1.26339200e-05 -7.45277030e-04 
 1.26359200e-05  2.59296238e-314  1.26359200e-05 -5.97430944e-01  1.26359200e-05 -7.52836040e-04 
 1.26379200e-05  5.64146506e-314  1.26379200e-05 -5.87914516e-01  1.26379200e-05 -7.60275935e-04 
 1.26399200e-05  2.59296238e-314  1.26399200e-05 -5.78305262e-01  1.26399200e-05 -7.67595540e-04 
 1.26419200e-05  5.64146506e-314  1.26419200e-05 -5.68604701e-01  1.26419200e-05 -7.74793700e-04 
 1.26439200e-05  2.59296238e-314  1.26439200e-05 -5.58814367e-01  1.26439200e-05 -7.81869278e-04 
 1.26459200e-05  5.64146506e-314  1.26459200e-05 -5.48935811e-01  1.26459200e-05 -7.88821157e-04 
 1.26479200e-05  2.59296238e-314  1.26479200e-05 -5.38970595e-01  1.26479200e-05 -7.95648239e-04 
 1.26499200e-05  5.64146506e-314  1.26499200e-05 -5.28920295e-01  1.26499200e-05 -8.02349447e-04 
 1.26519200e-05  2.59296238e-314  1.26519200e-05 -5.18786501e-01  1.26519200e-05 -8.08923724e-04 
 1.26539200e-05  5.64146506e-314  1.26539200e-05 -5.08570817e-01  1.26539200e-05 -8.15370030e-04 
 1.26559200e-05  2.59296238e-314  1.26559200e-05 -4.98274859e-01  1.26559200e-05 -8.21687349e-04 
 1.26579200e-05  5.64146506e-314  1.26579200e-05 -4.87900255e-01  1.26579200e-05 -8.27874684e-04 
 1.26599200e-05  2.59296238e-314  1.26599200e-05 -4.77448647e-01  1.26599200e-05 -8.33931057e-04 
 1.26619200e-05  5.64146506e-314  1.26619200e-05 -4.66921687e-01  1.26619200e-05 -8.39855514e-04 
 1.26639200e-05  2.59296238e-314  1.26639200e-05 -4.56321042e-01  1.26639200e-05 -8.45647118e-04 
 1.26659200e-05  5.64146506e-314  1.26659200e-05 -4.45648387e-01  1.26659200e-05 -8.51304957e-04 
 1.26679200e-05  2.59296238e-314  1.26679200e-05 -4.34905412e-01  1.26679200e-05 -8.56828137e-04 
 1.26699200e-05  5.64146506e-314  1.26699200e-05 -4.24093815e-01  1.26699200e-05 -8.62215788e-04 
 1.26719200e-05  2.59296238e-314  1.26719200e-05 -4.13215306e-01  1.26719200e-05 -8.67467058e-04 
 1.26739200e-05  5.64146506e-314  1.26739200e-05 -4.02271607e-01  1.26739200e-05 -8.72581119e-04 
 1.26759200e-05  2.59296238e-314  1.26759200e-05 -3.91264448e-01  1.26759200e-05 -8.77557165e-04 
 1.26779200e-05  5.64146506e-314  1.26779200e-05 -3.80195570e-01  1.26779200e-05 -8.82394410e-04 
 1.26799200e-05  2.59296238e-314  1.26799200e-05 -3.69066724e-01  1.26799200e-05 -8.87092092e-04 
 1.26819200e-05  5.64146506e-314  1.26819200e-05 -3.57879670e-01  1.26819200e-05 -8.91649470e-04 
 1.26839200e-05  2.59296238e-314  1.26839200e-05 -3.46636178e-01  1.26839200e-05 -8.96065825e-04 
 1.26859200e-05  5.64146506e-314  1.26859200e-05 -3.35338025e-01  1.26859200e-05 -9.00340460e-04 
 1.26879200e-05  2.59296238e-314  1.26879200e-05 -3.23986999e-01  1.26879200e-05 -9.04472701e-04 
 1.26899200e-05  5.64146506e-314  1.26899200e-05 -3.12584895e-01  1.26899200e-05 -9.08461898e-04 
 1.26919200e-05  2.59296238e-314  1.26919200e-05 -3.01133515e-01  1.26919200e-05 -9.12307421e-04 
 1.26939200e-05  5.64146506e-314  1.26939200e-05 -2.89634672e-01  1.26939200e-05 -9.16008663e-04 
 1.26959200e-05  2.59296238e-314  1.26959200e-05 -2.78090183e-01  1.26959200e-05 -9.19565043e-04 
 1.26979200e-05  5.64146506e-314  1.26979200e-05 -2.66501875e-01  1.26979200e-05 -9.22975998e-04 
 1.26999200e-05  2.59296238e-314  1.26999200e-05 -2.54871579e-01  1.26999200e-05 -9.26240992e-04 
 1.27019200e-05  5.64146506e-314  1.27019200e-05 -2.43201136e-01  1.27019200e-05 -9.29359511e-04 
 1.27039200e-05  2.59296238e-314  1.27039200e-05 -2.31492390e-01  1.27039200e-05 -9.32331063e-04 
 1.27059200e-05  5.64146506e-314  1.27059200e-05 -2.19747194e-01  1.27059200e-05 -9.35155180e-04 
 1.27079200e-05  2.59296238e-314  1.27079200e-05 -2.07967404e-01  1.27079200e-05 -9.37831418e-04 
 1.27099200e-05  5.64146506e-314  1.27099200e-05 -1.96154883e-01  1.27099200e-05 -9.40359355e-04 
 1.27119200e-05  2.59296238e-314  1.27119200e-05 -1.84311500e-01  1.27119200e-05 -9.42738594e-04 
 1.27139200e-05  5.64146506e-314  1.27139200e-05 -1.72439126e-01  1.27139200e-05 -9.44968760e-04 
 1.27159200e-05  2.59296238e-314  1.27159200e-05 -1.60539640e-01  1.27159200e-05 -9.47049503e-04 
 1.27179200e-05  5.64146506e-314  1.27179200e-05 -1.48614924e-01  1.27179200e-05 -9.48980495e-04 
 1.27199200e-05  2.59296238e-314  1.27199200e-05 -1.36666861e-01  1.27199200e-05 -9.50761434e-04 
 1.27219200e-05  5.64146506e-314  1.27219200e-05 -1.24697342e-01  1.27219200e-05 -9.52392039e-04 
 1.27239200e-05  2.59296238e-314  1.27239200e-05 -1.12708260e-01  1.27239200e-05 -9.53872054e-04 
 1.27259200e-05  5.64146506e-314  1.27259200e-05 -1.00701510e-01  1.27259200e-05 -9.55201248e-04 
 1.27279200e-05  2.59296238e-314  1.27279200e-05 -8.86789898e-02  1.27279200e-05 -9.56379413e-04 
 1.27299200e-05  5.64146506e-314  1.27299200e-05 -7.66426013e-02  1.27299200e-05 -9.57406363e-04 
 1.27319200e-05  2.59296238e-314  1.27319200e-05 -6.45942472e-02  1.27319200e-05 -9.58281939e-04 
 1.27339200e-05  5.64146506e-314  1.27339200e-05 -5.25358325e-02  1.27339200e-05 -9.59006003e-04 
 1.27359200e-05  2.59296238e-314  1.27359200e-05 -4.04692636e-02  1.27359200e-05 -9.59578444e-04 
 1.27379200e-05  5.64146506e-314  1.27379200e-05 -2.83964484e-02  1.27379200e-05 -9.59999173e-04 
 1.27399200e-05  2.59296238e-314  1.27399200e-05 -1.63192956e-02  1.27399200e-05 -9.60268125e-04 
 1.27419200e-05  5.64146506e-314  1.27419200e-05 -4.23971456e-03  1.27419200e-05 -9.60385259e-04 
 1.27439200e-05  2.59296238e-314  1.27439200e-05  7.84038493e-03  1.27439200e-05 -9.60350559e-04 
 1.27459200e-05  5.64146506e-314  1.27459200e-05  1.99190931e-02  1.27459200e-05 -9.60164033e-04 
 1.27479200e-05  2.59296238e-314  1.27479200e-05  3.19945003e-02  1.27479200e-05 -9.59825711e-04 
 1.27499200e-05  5.64146506e-314  1.27499200e-05  4.40646975e-02  1.27499200e-05 -9.59335650e-04 
 1.27519200e-05  2.59296238e-314  1.27519200e-05  5.61277766e-02  1.27519200e-05 -9.58693927e-04 
 1.27539200e-05  5.64146506e-314  1.27539200e-05  6.81818305e-02  1.27539200e-05 -9.57900648e-04 
 1.27559200e-05  2.59296238e-314  1.27559200e-05  8.02249537e-02  1.27559200e-05 -9.56955939e-04 
 1.27579200e-05  5.64146506e-314  1.27579200e-05  9.22552423e-02  1.27579200e-05 -9.55859951e-04 
 1.27599200e-05  2.59296238e-314  1.27599200e-05  1.04270795e-01  1.27599200e-05 -9.54612860e-04 
 1.27619200e-05  5.64146506e-314  1.27619200e-05  1.16269711e-01  1.27619200e-05 -9.53214865e-04 
 1.27639200e-05  2.59296238e-314  1.27639200e-05  1.28250095e-01  1.27639200e-05 -9.51666188e-04 
 1.27659200e-05  5.64146506e-314  1.27659200e-05  1.40210053e-01  1.27659200e-05 -9.49967076e-04 
 1.27679200e-05  2.59296238e-314  1.27679200e-05  1.52147693e-01  1.27679200e-05 -9.48117800e-04 
 1.27699200e-05  5.64146506e-314  1.27699200e-05  1.64061130e-01  1.27699200e-05 -9.46118655e-04 
 1.27719200e-05  2.59296238e-314  1.27719200e-05  1.75948480e-01  1.27719200e-05 -9.43969957e-04 
 1.27739200e-05  5.64146506e-314  1.27739200e-05  1.87807864e-01  1.27739200e-05 -9.41672049e-04 
 1.27759200e-05  2.59296238e-314  1.27759200e-05  1.99637407e-01  1.27759200e-05 -9.39225295e-04 
 1.27779200e-05  5.64146506e-314  1.27779200e-05  2.11435239e-01  1.27779200e-05 -9.36630086e-04 
 1.27799200e-05  2.59296238e-314  1.27799200e-05  2.23199497e-01  1.27799200e-05 -9.33886831e-04 
 1.27819200e-05  5.64146506e-314  1.27819200e-05  2.34928319e-01  1.27819200e-05 -9.30995968e-04 
 1.27839200e-05  2.59296238e-314  1.27839200e-05  2.46619853e-01  1.27839200e-05 -9.27957955e-04 
 1.27859200e-05  5.64146506e-314  1.27859200e-05  2.58272251e-01  1.27859200e-05 -9.24773274e-04 
 1.27879200e-05  2.59296238e-314  1.27879200e-05  2.69883671e-01  1.27879200e-05 -9.21442430e-04 
 1.27899200e-05  5.64146506e-314  1.27899200e-05  2.81452277e-01  1.27899200e-05 -9.17965953e-04 
 1.27919200e-05  2.59296238e-314  1.27919200e-05  2.92976241e-01  1.27919200e-05 -9.14344393e-04 
 1.27939200e-05  5.64146506e-314  1.27939200e-05  3.04453743e-01  1.27939200e-05 -9.10578324e-04 
 1.27959200e-05  2.59296238e-314  1.27959200e-05  3.15882967e-01  1.27959200e-05 -9.06668345e-04 
 1.27979200e-05  5.64146506e-314  1.27979200e-05  3.27262108e-01  1.27979200e-05 -9.02615074e-04 
 1.27999200e-05  2.59296238e-314  1.27999200e-05  3.38589367e-01  1.27999200e-05 -8.98419155e-04 
 1.28019200e-05  5.64146506e-314  1.28019200e-05  3.49862955e-01  1.28019200e-05 -8.94081253e-04 
 1.28039200e-05  2.59296238e-314  1.28039200e-05  3.61081089e-01  1.28039200e-05 -8.89602055e-04 
 1.28059200e-05  5.64146506e-314  1.28059200e-05  3.72241996e-01  1.28059200e-05 -8.84982271e-04 
 1.28079200e-05  2.59296238e-314  1.28079200e-05  3.83343914e-01  1.28079200e-05 -8.80222634e-04 
 1.28099200e-05  5.64146506e-314  1.28099200e-05  3.94385087e-01  1.28099200e-05 -8.75323897e-04 
 1.28119200e-05  2.59296238e-314  1.28119200e-05  4.05363771e-01  1.28119200e-05 -8.70286837e-04 
 1.28139200e-05  5.64146506e-314  1.28139200e-05  4.16278231e-01  1.28139200e-05 -8.65112252e-04 
 1.28159200e-05  2.59296238e-314  1.28159200e-05  4.27126742e-01  1.28159200e-05 -8.59800961e-04 
 1.28179200e-05  5.64146506e-314  1.28179200e-05  4.37907589e-01  1.28179200e-05 -8.54353807e-04 
 1.28199200e-05  2.59296238e-314  1.28199200e-05  4.48619070e-01  1.28199200e-05 -8.48771651e-04 
 1.28219200e-05  5.64146506e-314  1.28219200e-05  4.59259492e-01  1.28219200e-05 -8.43055379e-04 
 1.28239200e-05  2.59296238e-314  1.28239200e-05  4.69827173e-01  1.28239200e-05 -8.37205895e-04 
 1.28259200e-05  5.64146506e-314  1.28259200e-05  4.80320443e-01  1.28259200e-05 -8.31224126e-04 
 1.28279200e-05  2.59296238e-314  1.28279200e-05  4.90737645e-01  1.28279200e-05 -8.25111020e-04 
 1.28299200e-05  5.64146506e-314  1.28299200e-05  5.01077133e-01  1.28299200e-05 -8.18867544e-04 
 1.28319200e-05  2.59296238e-314  1.28319200e-05  5.11337273e-01  1.28319200e-05 -8.12494687e-04 
 1.28339200e-05  5.64146506e-314  1.28339200e-05  5.21516444e-01  1.28339200e-05 -8.05993458e-04 
 1.28359200e-05  2.59296238e-314  1.28359200e-05  5.31613037e-01  1.28359200e-05 -7.99364888e-04 
 1.28379200e-05  5.64146506e-314  1.28379200e-05  5.41625458e-01  1.28379200e-05 -7.92610024e-04 
 1.28399200e-05  2.59296238e-314  1.28399200e-05  5.51552124e-01  1.28399200e-05 -7.85729938e-04 
 1.28419200e-05  5.64146506e-314  1.28419200e-05  5.61391468e-01  1.28419200e-05 -7.78725717e-04 
 1.28439200e-05  2.59296238e-314  1.28439200e-05  5.71141935e-01  1.28439200e-05 -7.71598471e-04 
 1.28459200e-05  5.64146506e-314  1.28459200e-05  5.80801984e-01  1.28459200e-05 -7.64349329e-04 
 1.28479200e-05  2.59296238e-314  1.28479200e-05  5.90370089e-01  1.28479200e-05 -7.56979438e-04 
 1.28499200e-05  5.64146506e-314  1.28499200e-05  5.99844739e-01  1.28499200e-05 -7.49489964e-04 
 1.28519200e-05  2.59296238e-314  1.28519200e-05  6.09224438e-01  1.28519200e-05 -7.41882093e-04 
 1.28539200e-05  5.64146506e-314  1.28539200e-05  6.18507703e-01  1.28539200e-05 -7.34157030e-04 
 1.28559200e-05  2.59296238e-314  1.28559200e-05  6.27693068e-01  1.28559200e-05 -7.26315997e-04 
 1.28579200e-05  5.64146506e-314  1.28579200e-05  6.36779082e-01  1.28579200e-05 -7.18360235e-04 
 1.28599200e-05  2.59296238e-314  1.28599200e-05  6.45764310e-01  1.28599200e-05 -7.10291004e-04 
 1.28619200e-05  5.64146506e-314  1.28619200e-05  6.54647332e-01  1.28619200e-05 -7.02109580e-04 
 1.28639200e-05  2.59296238e-314  1.28639200e-05  6.63426746e-01  1.28639200e-05 -6.93817259e-04 
 1.28659200e-05  5.64146506e-314  1.28659200e-05  6.72101165e-01  1.28659200e-05 -6.85415352e-04 
 1.28679200e-05  2.59296238e-314  1.28679200e-05  6.80669219e-01  1.28679200e-05 -6.76905190e-04 
 1.28699200e-05  5.64146506e-314  1.28699200e-05  6.89129554e-01  1.28699200e-05 -6.68288119e-04 
 1.28719200e-05  2.59296238e-314  1.28719200e-05  6.97480835e-01  1.28719200e-05 -6.59565503e-04 
 1.28739200e-05  5.64146506e-314  1.28739200e-05  7.05721742e-01  1.28739200e-05 -6.50738723e-04 
 1.28759200e-05  2.59296238e-314  1.28759200e-05  7.13850974e-01  1.28759200e-05 -6.41809174e-04 
 1.28779200e-05  5.64146506e-314  1.28779200e-05  7.21867247e-01  1.28779200e-05 -6.32778271e-04 
 1.28799200e-05  2.59296238e-314  1.28799200e-05  7.29769296e-01  1.28799200e-05 -6.23647442e-04 
 1.28819200e-05  5.64146506e-314  1.28819200e-05  7.37555872e-01  1.28819200e-05 -6.14418131e-04 
 1.28839200e-05  2.59296238e-314  1.28839200e-05  7.45225746e-01  1.28839200e-05 -6.05091800e-04 
 1.28859200e-05  5.64146506e-314  1.28859200e-05  7.52777706e-01  1.28859200e-05 -5.95669924e-04 
 1.28879200e-05  2.59296238e-314  1.28879200e-05  7.60210561e-01  1.28879200e-05 -5.86153993e-04 
 1.28899200e-05  5.64146506e-314  1.28899200e-05  7.67523136e-01  1.28899200e-05 -5.76545514e-04 
 1.28919200e-05  2.59296238e-314  1.28919200e-05  7.74714278e-01  1.28919200e-05 -5.66846006e-04 
 1.28939200e-05  5.64146506e-314  1.28939200e-05  7.81782850e-01  1.28939200e-05 -5.57057004e-04 
 1.28959200e-05  2.59296238e-314  1.28959200e-05  7.88727738e-01  1.28959200e-05 -5.47180057e-04 
 1.28979200e-05  5.64146506e-314  1.28979200e-05  7.95547843e-01  1.28979200e-05 -5.37216728e-04 
 1.28999200e-05  2.59296238e-314  1.28999200e-05  8.02242091e-01  1.28999200e-05 -5.27168592e-04 
 1.29019200e-05  5.64146506e-314  1.29019200e-05  8.08809423e-01  1.29019200e-05 -5.17037239e-04 
 1.29039200e-05  2.59296238e-314  1.29039200e-05  8.15248803e-01  1.29039200e-05 -5.06824273e-04 
 1.29059200e-05  5.64146506e-314  1.29059200e-05  8.21559216e-01  1.29059200e-05 -4.96531308e-04 
 1.29079200e-05  2.59296238e-314  1.29079200e-05  8.27739664e-01  1.29079200e-05 -4.86159973e-04 
 1.29099200e-05  5.64146506e-314  1.29099200e-05  8.33789173e-01  1.29099200e-05 -4.75711909e-04 
 1.29119200e-05  2.59296238e-314  1.29119200e-05  8.39706787e-01  1.29119200e-05 -4.65188768e-04 
 1.29139200e-05  5.64146506e-314  1.29139200e-05  8.45491573e-01  1.29139200e-05 -4.54592216e-04 
 1.29159200e-05  2.59296238e-314  1.29159200e-05  8.51142618e-01  1.29159200e-05 -4.43923927e-04 
 1.29179200e-05  5.64146506e-314  1.29179200e-05  8.56659030e-01  1.29179200e-05 -4.33185590e-04 
 1.29199200e-05  2.59296238e-314  1.29199200e-05  8.62039939e-01  1.29199200e-05 -4.22378904e-04 
 1.29219200e-05  5.64146506e-314  1.29219200e-05  8.67284495e-01  1.29219200e-05 -4.11505577e-04 
 1.29239200e-05  2.59296238e-314  1.29239200e-05  8.72391872e-01  1.29239200e-05 -4.00567329e-04 
 1.29259200e-05  5.64146506e-314  1.29259200e-05  8.77361264e-01  1.29259200e-05 -3.89565891e-04 
 1.29279200e-05  2.59296238e-314  1.29279200e-05  8.82191886e-01  1.29279200e-05 -3.78503003e-04 
 1.29299200e-05  5.64146506e-314  1.29299200e-05  8.86882976e-01  1.29299200e-05 -3.67380414e-04 
 1.29319200e-05  2.59296238e-314  1.29319200e-05  8.91433796e-01  1.29319200e-05 -3.56199884e-04 
 1.29339200e-05  5.64146506e-314  1.29339200e-05  8.95843626e-01  1.29339200e-05 -3.44963180e-04 
 1.29359200e-05  2.59296238e-314  1.29359200e-05  9.00111773e-01  1.29359200e-05 -3.33672081e-04 
 1.29379200e-05  5.64146506e-314  1.29379200e-05  9.04237562e-01  1.29379200e-05 -3.22328372e-04 
 1.29399200e-05  2.59296238e-314  1.29399200e-05  9.08220343e-01  1.29399200e-05 -3.10933846e-04 
 1.29419200e-05  5.64146506e-314  1.29419200e-05  9.12059488e-01  1.29419200e-05 -2.99490307e-04 
 1.29439200e-05  2.59296238e-314  1.29439200e-05  9.15754393e-01  1.29439200e-05 -2.87999563e-04 
 1.29459200e-05  5.64146506e-314  1.29459200e-05  9.19304475e-01  1.29459200e-05 -2.76463432e-04 
 1.29479200e-05  2.59296238e-314  1.29479200e-05  9.22709174e-01  1.29479200e-05 -2.64883739e-04 
 1.29499200e-05  5.64146506e-314  1.29499200e-05  9.25967954e-01  1.29499200e-05 -2.53262314e-04 
 1.29519200e-05  2.59296238e-314  1.29519200e-05  9.29080302e-01  1.29519200e-05 -2.41600995e-04 
 1.29539200e-05  5.64146506e-314  1.29539200e-05  9.32045728e-01  1.29539200e-05 -2.29901627e-04 
 1.29559200e-05  2.59296238e-314  1.29559200e-05  9.34863763e-01  1.29559200e-05 -2.18166060e-04 
 1.29579200e-05  5.64146506e-314  1.29579200e-05  9.37533966e-01  1.29579200e-05 -2.06396149e-04 
 1.29599200e-05  2.59296238e-314  1.29599200e-05  9.40055915e-01  1.29599200e-05 -1.94593756e-04 
 1.29619200e-05  5.64146506e-314  1.29619200e-05  9.42429214e-01  1.29619200e-05 -1.82760747e-04 
 1.29639200e-05  2.59296238e-314  1.29639200e-05  9.44653489e-01  1.29639200e-05 -1.70898993e-04 
 1.29659200e-05  5.64146506e-314  1.29659200e-05  9.46728390e-01  1.29659200e-05 -1.59010369e-04 
 1.29679200e-05  2.59296238e-314  1.29679200e-05  9.48653593e-01  1.29679200e-05 -1.47096756e-04 
 1.29699200e-05  5.64146506e-314  1.29699200e-05  9.50428793e-01  1.29699200e-05 -1.35160038e-04 
 1.29719200e-05  2.59296238e-314  1.29719200e-05  9.52053712e-01  1.29719200e-05 -1.23202101e-04 
 1.29739200e-05  5.64146506e-314  1.29739200e-05  9.53528095e-01  1.29739200e-05 -1.11224837e-04 
 1.29759200e-05  2.59296238e-314  1.29759200e-05  9.54851711e-01  1.29759200e-05 -9.92301393e-05 
 1.29779200e-05  5.64146506e-314  1.29779200e-05  9.56024353e-01  1.29779200e-05 -8.72199045e-05 
 1.29799200e-05  2.59296238e-314  1.29799200e-05  9.57045837e-01  1.29799200e-05 -7.51960316e-05 
 1.29819200e-05  5.64146506e-314  1.29819200e-05  9.57916003e-01  1.29819200e-05 -6.31604217e-05 
 1.29839200e-05  2.59296238e-314  1.29839200e-05  9.58634716e-01  1.29839200e-05 -5.11149777e-05 
 1.29859200e-05  5.64146506e-314  1.29859200e-05  9.59201865e-01  1.29859200e-05 -3.90616040e-05 
 1.29879200e-05  2.59296238e-314  1.29879200e-05  9.59617360e-01  1.29879200e-05 -2.70022063e-05 
 1.29899200e-05  5.64146506e-314  1.29899200e-05  9.59881140e-01  1.29899200e-05 -1.49386913e-05 
 1.29919200e-05  2.59296238e-314  1.29919200e-05  9.59993163e-01  1.29919200e-05 -2.87296616e-06 
 1.29939200e-05  5.64146506e-314  1.29939200e-05  9.59953413e-01  1.29939200e-05  9.19306154e-06 
 1.29959200e-05  2.59296238e-314  1.29959200e-05  9.59761901e-01  1.29959200e-05  2.12574842e-05 
 1.29979200e-05  5.64146506e-314  1.29979200e-05  9.59418656e-01  1.29979200e-05  3.33183945e-05 
 1.29999200e-05  2.59296238e-314  1.29999200e-05  9.58923736e-01  1.29999200e-05  4.53738858e-05 
 1.30019200e-05  5.64146506e-314  1.30019200e-05  9.58277221e-01  1.30019200e-05  5.74220521e-05 
 1.30039200e-05  2.59296238e-314  1.30039200e-05  9.57479214e-01  1.30039200e-05  6.94609888e-05 
 1.30059200e-05  5.64146506e-314  1.30059200e-05  9.56529845e-01  1.30059200e-05  8.14887927e-05 
 1.30079200e-05  2.59296238e-314  1.30079200e-05  9.55429264e-01  1.30079200e-05  9.35035624e-05 
 1.30099200e-05  5.64146506e-314  1.30099200e-05  9.54177648e-01  1.30099200e-05  1.05503399e-04 
 1.30119200e-05  2.59296238e-314  1.30119200e-05  9.52775196e-01  1.30119200e-05  1.17486404e-04 
 1.30139200e-05  5.64146506e-314  1.30139200e-05  9.51222133e-01  1.30139200e-05  1.29450686e-04 
 1.30159200e-05  2.59296238e-314  1.30159200e-05  9.49518705e-01  1.30159200e-05  1.41394351e-04 
 1.30179200e-05  5.64146506e-314  1.30179200e-05  9.47665183e-01  1.30179200e-05  1.53315512e-04 
 1.30199200e-05  2.59296238e-314  1.30199200e-05  9.45661864e-01  1.30199200e-05  1.65212285e-04 
 1.30219200e-05  5.64146506e-314  1.30219200e-05  9.43509065e-01  1.30219200e-05  1.77082789e-04 
 1.30239200e-05  2.59296238e-314  1.30239200e-05  9.41207128e-01  1.30239200e-05  1.88925148e-04 
 1.30259200e-05  5.64146506e-314  1.30259200e-05  9.38756420e-01  1.30259200e-05  2.00737490e-04 
 1.30279200e-05  2.59296238e-314  1.30279200e-05  9.36157329e-01  1.30279200e-05  2.12517947e-04 
 1.30299200e-05  5.64146506e-314  1.30299200e-05  9.33410268e-01  1.30299200e-05  2.24264659e-04 
 1.30319200e-05  2.59296238e-314  1.30319200e-05  9.30515675e-01  1.30319200e-05  2.35975767e-04 
 1.30339200e-05  5.64146506e-314  1.30339200e-05  9.27474007e-01  1.30339200e-05  2.47649422e-04 
 1.30359200e-05  2.59296238e-314  1.30359200e-05  9.24285748e-01  1.30359200e-05  2.59283778e-04 
 1.30379200e-05  5.64146506e-314  1.30379200e-05  9.20951403e-01  1.30379200e-05  2.70876995e-04 
 1.30399200e-05  2.59296238e-314  1.30399200e-05  9.17471502e-01  1.30399200e-05  2.82427243e-04 
 1.30419200e-05  5.64146506e-314  1.30419200e-05  9.13846597e-01  1.30419200e-05  2.93932695e-04 
 1.30439200e-05  2.59296238e-314  1.30439200e-05  9.10077262e-01  1.30439200e-05  3.05391533e-04 
 1.30459200e-05  5.64146506e-314  1.30459200e-05  9.06164096e-01  1.30459200e-05  3.16801946e-04 
 1.30479200e-05  2.59296238e-314  1.30479200e-05  9.02107718e-01  1.30479200e-05  3.28162131e-04 
 1.30499200e-05  5.64146506e-314  1.30499200e-05  8.97908772e-01  1.30499200e-05  3.39470291e-04 
 1.30519200e-05  2.59296238e-314  1.30519200e-05  8.93567923e-01  1.30519200e-05  3.50724641e-04 
 1.30539200e-05  5.64146506e-314  1.30539200e-05  8.89085860e-01  1.30539200e-05  3.61923402e-04 
 1.30559200e-05  2.59296238e-314  1.30559200e-05  8.84463293e-01  1.30559200e-05  3.73064803e-04 
 1.30579200e-05  5.64146506e-314  1.30579200e-05  8.79700954e-01  1.30579200e-05  3.84147085e-04 
 1.30599200e-05  2.59296238e-314  1.30599200e-05  8.74799598e-01  1.30599200e-05  3.95168495e-04 
 1.30619200e-05  5.64146506e-314  1.30619200e-05  8.69760002e-01  1.30619200e-05  4.06127292e-04 
 1.30639200e-05  2.59296238e-314  1.30639200e-05  8.64582964e-01  1.30639200e-05  4.17021745e-04 
 1.30659200e-05  5.64146506e-314  1.30659200e-05  8.59269304e-01  1.30659200e-05  4.27850131e-04 
 1.30679200e-05  2.59296238e-314  1.30679200e-05  8.53819865e-01  1.30679200e-05  4.38610740e-04 
 1.30699200e-05  5.64146506e-314  1.30699200e-05  8.48235509e-01  1.30699200e-05  4.49301872e-04 
 1.30719200e-05  2.59296238e-314  1.30719200e-05  8.42517121e-01  1.30719200e-05  4.59921836e-04 
 1.30739200e-05  5.64146506e-314  1.30739200e-05  8.36665606e-01  1.30739200e-05  4.70468955e-04 
 1.30759200e-05  2.59296238e-314  1.30759200e-05  8.30681892e-01  1.30759200e-05  4.80941563e-04 
 1.30779200e-05  5.64146506e-314  1.30779200e-05  8.24566926e-01  1.30779200e-05  4.91338005e-04 
 1.30799200e-05  2.59296238e-314  1.30799200e-05  8.18321677e-01  1.30799200e-05  5.01656637e-04 
 1.30819200e-05  5.64146506e-314  1.30819200e-05  8.11947133e-01  1.30819200e-05  5.11895830e-04 
 1.30839200e-05  2.59296238e-314  1.30839200e-05  8.05444304e-01  1.30839200e-05  5.22053966e-04 
 1.30859200e-05  5.64146506e-314  1.30859200e-05  7.98814220e-01  1.30859200e-05  5.32129440e-04 
 1.30879200e-05  2.59296238e-314  1.30879200e-05  7.92057930e-01  1.30879200e-05  5.42120660e-04 
 1.30899200e-05  5.64146506e-314  1.30899200e-05  7.85176504e-01  1.30899200e-05  5.52026048e-04 
 1.30919200e-05  2.59296238e-314  1.30919200e-05  7.78171032e-01  1.30919200e-05  5.61844038e-04 
 1.30939200e-05  5.64146506e-314  1.30939200e-05  7.71042622e-01  1.30939200e-05  5.71573080e-04 
 1.30959200e-05  2.59296238e-314  1.30959200e-05  7.63792404e-01  1.30959200e-05  5.81211636e-04 
 1.30979200e-05  5.64146506e-314  1.30979200e-05  7.56421525e-01  1.30979200e-05  5.90758185e-04 
 1.30999200e-05  2.59296238e-314  1.30999200e-05  7.48931151e-01  1.30999200e-05  6.00211217e-04 
 1.31019200e-05  5.64146506e-314  1.31019200e-05  7.41322469e-01  1.31019200e-05  6.09569239e-04 
 1.31039200e-05  2.59296238e-314  1.31039200e-05  7.33596683e-01  1.31039200e-05  6.18830774e-04 
 1.31059200e-05  5.64146506e-314  1.31059200e-05  7.25755015e-01  1.31059200e-05  6.27994358e-04 
 1.31079200e-05  2.59296238e-314  1.31079200e-05  7.17798708e-01  1.31079200e-05  6.37058544e-04 
 1.31099200e-05  5.64146506e-314  1.31099200e-05  7.09729019e-01  1.31099200e-05  6.46021899e-04 
 1.31119200e-05  2.59296238e-314  1.31119200e-05  7.01547228e-01  1.31119200e-05  6.54883009e-04 
 1.31139200e-05  5.64146506e-314  1.31139200e-05  6.93254627e-01  1.31139200e-05  6.63640474e-04 
 1.31159200e-05  2.59296238e-314  1.31159200e-05  6.84852530e-01  1.31159200e-05  6.72292909e-04 
 1.31179200e-05  5.64146506e-314  1.31179200e-05  6.76342267e-01  1.31179200e-05  6.80838950e-04 
 1.31199200e-05  2.59296238e-314  1.31199200e-05  6.67725184e-01  1.31199200e-05  6.89277245e-04 
 1.31219200e-05  5.64146506e-314  1.31219200e-05  6.59002645e-01  1.31219200e-05  6.97606463e-04 
 1.31239200e-05  2.59296238e-314  1.31239200e-05  6.50176030e-01  1.31239200e-05  7.05825288e-04 
 1.31259200e-05  5.64146506e-314  1.31259200e-05  6.41246736e-01  1.31259200e-05  7.13932421e-04 
 1.31279200e-05  2.59296238e-314  1.31279200e-05  6.32216177e-01  1.31279200e-05  7.21926583e-04 
 1.31299200e-05  5.64146506e-314  1.31299200e-05  6.23085780e-01  1.31299200e-05  7.29806512e-04 
 1.31319200e-05  2.59296238e-314  1.31319200e-05  6.13856991e-01  1.31319200e-05  7.37570962e-04 
 1.31339200e-05  5.64146506e-314  1.31339200e-05  6.04531269e-01  1.31339200e-05  7.45218708e-04 
 1.31359200e-05  2.59296238e-314  1.31359200e-05  5.95110092e-01  1.31359200e-05  7.52748542e-04 
 1.31379200e-05  5.64146506e-314  1.31379200e-05  5.85594948e-01  1.31379200e-05  7.60159275e-04 
 1.31399200e-05  2.59296238e-314  1.31399200e-05  5.75987344e-01  1.31399200e-05  7.67449737e-04 
 1.31419200e-05  5.64146506e-314  1.31419200e-05  5.66288800e-01  1.31419200e-05  7.74618777e-04 
 1.31439200e-05  2.59296238e-314  1.31439200e-05  5.56500850e-01  1.31439200e-05  7.81665264e-04 
 1.31459200e-05  5.64146506e-314  1.31459200e-05  5.46625043e-01  1.31459200e-05  7.88588084e-04 
 1.31479200e-05  2.59296238e-314  1.31479200e-05  5.36662941e-01  1.31479200e-05  7.95386144e-04 
 1.31499200e-05  5.64146506e-314  1.31499200e-05  5.26616120e-01  1.31499200e-05  8.02058373e-04 
 1.31519200e-05  2.59296238e-314  1.31519200e-05  5.16486170e-01  1.31519200e-05  8.08603715e-04 
 1.31539200e-05  5.64146506e-314  1.31539200e-05  5.06274693e-01  1.31539200e-05  8.15021139e-04 
 1.31559200e-05  2.59296238e-314  1.31559200e-05  4.95983304e-01  1.31559200e-05  8.21309631e-04 
 1.31579200e-05  5.64146506e-314  1.31579200e-05  4.85613633e-01  1.31579200e-05  8.27468199e-04 
 1.31599200e-05  2.59296238e-314  1.31599200e-05  4.75167318e-01  1.31599200e-05  8.33495870e-04 
 1.31619200e-05  5.64146506e-314  1.31619200e-05  4.64646012e-01  1.31619200e-05  8.39391693e-04 
 1.31639200e-05  2.59296238e-314  1.31639200e-05  4.54051381e-01  1.31639200e-05  8.45154738e-04 
 1.31659200e-05  5.64146506e-314  1.31659200e-05  4.43385099e-01  1.31659200e-05  8.50784096e-04 
 1.31679200e-05  2.59296238e-314  1.31679200e-05  4.32648854e-01  1.31679200e-05  8.56278877e-04 
 1.31699200e-05  5.64146506e-314  1.31699200e-05  4.21844344e-01  1.31699200e-05  8.61638216e-04 
 1.31719200e-05  2.59296238e-314  1.31719200e-05  4.10973278e-01  1.31719200e-05  8.66861266e-04 
 1.31739200e-05  5.64146506e-314  1.31739200e-05  4.00037375e-01  1.31739200e-05  8.71947204e-04 
 1.31759200e-05  2.59296238e-314  1.31759200e-05  3.89038366e-01  1.31759200e-05  8.76895227e-04 
 1.31779200e-05  5.64146506e-314  1.31779200e-05  3.77977990e-01  1.31779200e-05  8.81704554e-04 
 1.31799200e-05  2.59296238e-314  1.31799200e-05  3.66857997e-01  1.31799200e-05  8.86374428e-04 
 1.31819200e-05  5.64146506e-314  1.31819200e-05  3.55680144e-01  1.31819200e-05  8.90904110e-04 
 1.31839200e-05  2.59296238e-314  1.31839200e-05  3.44446201e-01  1.31839200e-05  8.95292888e-04 
 1.31859200e-05  5.64146506e-314  1.31859200e-05  3.33157943e-01  1.31859200e-05  8.99540070e-04 
 1.31879200e-05  2.59296238e-314  1.31879200e-05  3.21817157e-01  1.31879200e-05  9.03644984e-04 
 1.31899200e-05  5.64146506e-314  1.31899200e-05  3.10425635e-01  1.31899200e-05  9.07606984e-04 
 1.31919200e-05  2.59296238e-314  1.31919200e-05  2.98985179e-01  1.31919200e-05  9.11425447e-04 
 1.31939200e-05  5.64146506e-314  1.31939200e-05  2.87497599e-01  1.31939200e-05  9.15099769e-04 
 1.31959200e-05  2.59296238e-314  1.31959200e-05  2.75964712e-01  1.31959200e-05  9.18629371e-04 
 1.31979200e-05  5.64146506e-314  1.31979200e-05  2.64388340e-01  1.31979200e-05  9.22013698e-04 
 1.31999200e-05  2.59296238e-314  1.31999200e-05  2.52770316e-01  1.31999200e-05  9.25252216e-04 
 1.32019200e-05  5.64146506e-314  1.32019200e-05  2.41112475e-01  1.32019200e-05  9.28344416e-04 
 1.32039200e-05  2.59296238e-314  1.32039200e-05  2.29416662e-01  1.32039200e-05  9.31289809e-04 
 1.32059200e-05  5.64146506e-314  1.32059200e-05  2.17684727e-01  1.32059200e-05  9.34087933e-04 
 1.32079200e-05  2.59296238e-314  1.32079200e-05  2.05918524e-01  1.32079200e-05  9.36738346e-04 
 1.32099200e-05  5.64146506e-314  1.32099200e-05  1.94119914e-01  1.32099200e-05  9.39240632e-04 
 1.32119200e-05  2.59296238e-314  1.32119200e-05  1.82290763e-01  1.32119200e-05  9.41594396e-04 
 1.32139200e-05  5.64146506e-314  1.32139200e-05  1.70432941e-01  1.32139200e-05  9.43799269e-04 
 1.32159200e-05  2.59296238e-314  1.32159200e-05  1.58548324e-01  1.32159200e-05  9.45854904e-04 
 1.32179200e-05  5.64146506e-314  1.32179200e-05  1.46638790e-01  1.32179200e-05  9.47760978e-04 
 1.32199200e-05  2.59296238e-314  1.32199200e-05  1.34706223e-01  1.32199200e-05  9.49517191e-04 
 1.32219200e-05  5.64146506e-314  1.32219200e-05  1.22752509e-01  1.32219200e-05  9.51123268e-04 
 1.32239200e-05  2.59296238e-314  1.32239200e-05  1.10779539e-01  1.32239200e-05  9.52578956e-04 
 1.32259200e-05  5.64146506e-314  1.32259200e-05  9.87892060e-02  1.32259200e-05  9.53884027e-04 
 1.32279200e-05  2.59296238e-314  1.32279200e-05  8.67834053e-02  1.32279200e-05  9.55038277e-04 
 1.32299200e-05  5.64146506e-314  1.32299200e-05  7.47640355e-02  1.32299200e-05  9.56041525e-04 
 1.32319200e-05  2.59296238e-314  1.32319200e-05  6.27329969e-02  1.32319200e-05  9.56893615e-04 
 1.32339200e-05  5.64146506e-314  1.32339200e-05  5.06921916e-02  1.32339200e-05  9.57594414e-04 
 1.32359200e-05  2.59296238e-314  1.32359200e-05  3.86435236e-02  1.32359200e-05  9.58143812e-04 
 1.32379200e-05  5.64146506e-314  1.32379200e-05  2.65888975e-02  1.32379200e-05  9.58541725e-04 
 1.32399200e-05  2.59296238e-314  1.32399200e-05  1.45302194e-02  1.32399200e-05  9.58788092e-04 
 1.32419200e-05  5.64146506e-314  1.32419200e-05  2.46939575e-03  1.32419200e-05  9.58882876e-04 
 1.32439200e-05  2.59296238e-314  1.32439200e-05 -9.59166676e-03  1.32439200e-05  9.58826063e-04 
 1.32459200e-05  5.64146506e-314  1.32459200e-05 -2.16510613e-02  1.32459200e-05  9.58617665e-04 
 1.32479200e-05  2.59296238e-314  1.32479200e-05 -3.37068813e-02  1.32479200e-05  9.58257717e-04 
 1.32499200e-05  5.64146506e-314  1.32499200e-05 -4.57572209e-02  1.32499200e-05  9.57746277e-04 
 1.32519200e-05  2.59296238e-314  1.32519200e-05 -5.78001750e-02  1.32519200e-05  9.57083427e-04 
 1.32539200e-05  5.64146506e-314  1.32539200e-05 -6.98338398e-02  1.32539200e-05  9.56269276e-04 
 1.32559200e-05  2.59296238e-314  1.32559200e-05 -8.18563129e-02  1.32559200e-05  9.55303953e-04 
 1.32579200e-05  5.64146506e-314  1.32579200e-05 -9.38656938e-02  1.32579200e-05  9.54187613e-04 
 1.32599200e-05  2.59296238e-314  1.32599200e-05 -1.05860084e-01  1.32599200e-05  9.52920434e-04 
 1.32619200e-05  5.64146506e-314  1.32619200e-05 -1.17837588e-01  1.32619200e-05  9.51502618e-04 
 1.32639200e-05  2.59296238e-314  1.32639200e-05 -1.29796311e-01  1.32639200e-05  9.49934392e-04 
 1.32659200e-05  5.64146506e-314  1.32659200e-05 -1.41734364e-01  1.32659200e-05  9.48216005e-04 
 1.32679200e-05  2.59296238e-314  1.32679200e-05 -1.53649859e-01  1.32679200e-05  9.46347732e-04 
 1.32699200e-05  5.64146506e-314  1.32699200e-05 -1.65540913e-01  1.32699200e-05  9.44329868e-04 
 1.32719200e-05  2.59296238e-314  1.32719200e-05 -1.77405646e-01  1.32719200e-05  9.42162735e-04 
 1.32739200e-05  5.64146506e-314  1.32739200e-05 -1.89242184e-01  1.32739200e-05  9.39846678e-04 
 1.32759200e-05  2.59296238e-314  1.32759200e-05 -2.01048654e-01  1.32759200e-05  9.37382065e-04 
 1.32779200e-05  5.64146506e-314  1.32779200e-05 -2.12823190e-01  1.32779200e-05  9.34769286e-04 
 1.32799200e-05  2.59296238e-314  1.32799200e-05 -2.24563933e-01  1.32799200e-05  9.32008758e-04 
 1.32819200e-05  5.64146506e-314  1.32819200e-05 -2.36269025e-01  1.32819200e-05  9.29100918e-04 
 1.32839200e-05  2.59296238e-314  1.32839200e-05 -2.47936617e-01  1.32839200e-05  9.26046227e-04 
 1.32859200e-05  5.64146506e-314  1.32859200e-05 -2.59564865e-01  1.32859200e-05  9.22845172e-04 
 1.32879200e-05  2.59296238e-314  1.32879200e-05 -2.71151931e-01  1.32879200e-05  9.19498258e-04 
 1.32899200e-05  5.64146506e-314  1.32899200e-05 -2.82695983e-01  1.32899200e-05  9.16006019e-04 
 1.32919200e-05  2.59296238e-314  1.32919200e-05 -2.94195197e-01  1.32919200e-05  9.12369007e-04 
 1.32939200e-05  5.64146506e-314  1.32939200e-05 -3.05647755e-01  1.32939200e-05  9.08587799e-04 
 1.32959200e-05  2.59296238e-314  1.32959200e-05 -3.17051848e-01  1.32959200e-05  9.04662994e-04 
 1.32979200e-05  5.64146506e-314  1.32979200e-05 -3.28405673e-01  1.32979200e-05  9.00595217e-04 
 1.32999200e-05  2.59296238e-314  1.32999200e-05 -3.39707437e-01  1.32999200e-05  8.96385110e-04 
 1.33019200e-05  5.64146506e-314  1.33019200e-05 -3.50955351e-01  1.33019200e-05  8.92033341e-04 
 1.33039200e-05  2.59296238e-314  1.33039200e-05 -3.62147640e-01  1.33039200e-05  8.87540601e-04 
 1.33059200e-05  5.64146506e-314  1.33059200e-05 -3.73282535e-01  1.33059200e-05  8.82907601e-04 
 1.33079200e-05  2.59296238e-314  1.33079200e-05 -3.84358275e-01  1.33079200e-05  8.78135076e-04 
 1.33099200e-05  5.64146506e-314  1.33099200e-05 -3.95373110e-01  1.33099200e-05  8.73223781e-04 
 1.33119200e-05  2.59296238e-314  1.33119200e-05 -4.06325301e-01  1.33119200e-05  8.68174495e-04 
 1.33139200e-05  5.64146506e-314  1.33139200e-05 -4.17213115e-01  1.33139200e-05  8.62988018e-04 
 1.33159200e-05  2.59296238e-314  1.33159200e-05 -4.28034833e-01  1.33159200e-05  8.57665172e-04 
 1.33179200e-05  5.64146506e-314  1.33179200e-05 -4.38788745e-01  1.33179200e-05  8.52206800e-04 
 1.33199200e-05  2.59296238e-314  1.33199200e-05 -4.49473151e-01  1.33199200e-05  8.46613766e-04 
 1.33219200e-05  5.64146506e-314  1.33219200e-05 -4.60086363e-01  1.33219200e-05  8.40886957e-04 
 1.33239200e-05  2.59296238e-314  1.33239200e-05 -4.70626704e-01  1.33239200e-05  8.35027279e-04 
 1.33259200e-05  5.64146506e-314  1.33259200e-05 -4.81092509e-01  1.33259200e-05  8.29035661e-04 
 1.33279200e-05  2.59296238e-314  1.33279200e-05 -4.91482124e-01  1.33279200e-05  8.22913051e-04 
 1.33299200e-05  5.64146506e-314  1.33299200e-05 -5.01793906e-01  1.33299200e-05  8.16660419e-04 
 1.33319200e-05  2.59296238e-314  1.33319200e-05 -5.12026228e-01  1.33319200e-05  8.10278756e-04 
 1.33339200e-05  5.64146506e-314  1.33339200e-05 -5.22177473e-01  1.33339200e-05  8.03769071e-04 
 1.33359200e-05  2.59296238e-314  1.33359200e-05 -5.32246035e-01  1.33359200e-05  7.97132396e-04 
 1.33379200e-05  5.64146506e-314  1.33379200e-05 -5.42230326e-01  1.33379200e-05  7.90369781e-04 
 1.33399200e-05  2.59296238e-314  1.33399200e-05 -5.52128766e-01  1.33399200e-05  7.83482298e-04 
 1.33419200e-05  5.64146506e-314  1.33419200e-05 -5.61939794e-01  1.33419200e-05  7.76471035e-04 
 1.33439200e-05  2.59296238e-314  1.33439200e-05 -5.71661857e-01  1.33439200e-05  7.69337105e-04 
 1.33459200e-05  5.64146506e-314  1.33459200e-05 -5.81293422e-01  1.33459200e-05  7.62081635e-04 
 1.33479200e-05  2.59296238e-314  1.33479200e-05 -5.90832965e-01  1.33479200e-05  7.54705775e-04 
 1.33499200e-05  5.64146506e-314  1.33499200e-05 -6.00278981e-01  1.33499200e-05  7.47210692e-04 
 1.33519200e-05  2.59296238e-314  1.33519200e-05 -6.09629976e-01  1.33519200e-05  7.39597572e-04 
 1.33539200e-05  5.64146506e-314  1.33539200e-05 -6.18884474e-01  1.33539200e-05  7.31867621e-04 
 1.33559200e-05  2.59296238e-314  1.33559200e-05 -6.28041013e-01  1.33559200e-05  7.24022062e-04 
 1.33579200e-05  5.64146506e-314  1.33579200e-05 -6.37098146e-01  1.33579200e-05  7.16062137e-04 
 1.33599200e-05  2.59296238e-314  1.33599200e-05 -6.46054444e-01  1.33599200e-05  7.07989106e-04 
 1.33619200e-05  5.64146506e-314  1.33619200e-05 -6.54908490e-01  1.33619200e-05  6.99804247e-04 
 1.33639200e-05  2.59296238e-314  1.33639200e-05 -6.63658887e-01  1.33639200e-05  6.91508854e-04 
 1.33659200e-05  5.64146506e-314  1.33659200e-05 -6.72304252e-01  1.33659200e-05  6.83104241e-04 
 1.33679200e-05  2.59296238e-314  1.33679200e-05 -6.80843220e-01  1.33679200e-05  6.74591738e-04 
 1.33699200e-05  5.64146506e-314  1.33699200e-05 -6.89274443e-01  1.33699200e-05  6.65972693e-04 
 1.33719200e-05  2.59296238e-314  1.33719200e-05 -6.97596589e-01  1.33719200e-05  6.57248468e-04 
 1.33739200e-05  5.64146506e-314  1.33739200e-05 -7.05808343e-01  1.33739200e-05  6.48420445e-04 
 1.33759200e-05  2.59296238e-314  1.33759200e-05 -7.13908409e-01  1.33759200e-05  6.39490020e-04 
 1.33779200e-05  5.64146506e-314  1.33779200e-05 -7.21895507e-01  1.33779200e-05  6.30458607e-04 
 1.33799200e-05  2.59296238e-314  1.33799200e-05 -7.29768377e-01  1.33799200e-05  6.21327635e-04 
 1.33819200e-05  5.64146506e-314  1.33819200e-05 -7.37525774e-01  1.33819200e-05  6.12098549e-04 
 1.33839200e-05  2.59296238e-314  1.33839200e-05 -7.45166474e-01  1.33839200e-05  6.02772809e-04 
 1.33859200e-05  5.64146506e-314  1.33859200e-05 -7.52689271e-01  1.33859200e-05  5.93351890e-04 
 1.33879200e-05  2.59296238e-314  1.33879200e-05 -7.60092977e-01  1.33879200e-05  5.83837283e-04 
 1.33899200e-05  5.64146506e-314  1.33899200e-05 -7.67376422e-01  1.33899200e-05  5.74230494e-04 
 1.33919200e-05  2.59296238e-314  1.33919200e-05 -7.74538457e-01  1.33919200e-05  5.64533042e-04 
 1.33939200e-05  5.64146506e-314  1.33939200e-05 -7.81577950e-01  1.33939200e-05  5.54746462e-04 
 1.33959200e-05  2.59296238e-314  1.33959200e-05 -7.88493792e-01  1.33959200e-05  5.44872302e-04 
 1.33979200e-05  5.64146506e-314  1.33979200e-05 -7.95284889e-01  1.33979200e-05  5.34912124e-04 
 1.33999200e-05  2.59296238e-314  1.33999200e-05 -8.01950169e-01  1.33999200e-05  5.24867505e-04 
 1.34019200e-05  5.64146506e-314  1.34019200e-05 -8.08488582e-01  1.34019200e-05  5.14740032e-04 
 1.34039200e-05  2.59296238e-314  1.34039200e-05 -8.14899093e-01  1.34039200e-05  5.04531308e-04 
 1.34059200e-05  5.64146506e-314  1.34059200e-05 -8.21180692e-01  1.34059200e-05  4.94242949e-04 
 1.34079200e-05  2.59296238e-314  1.34079200e-05 -8.27332387e-01  1.34079200e-05  4.83876582e-04 
 1.34099200e-05  5.64146506e-314  1.34099200e-05 -8.33353208e-01  1.34099200e-05  4.73433845e-04 
 1.34119200e-05  2.59296238e-314  1.34119200e-05 -8.39242203e-01  1.34119200e-05  4.62916393e-04 
 1.34139200e-05  5.64146506e-314  1.34139200e-05 -8.44998444e-01  1.34139200e-05  4.52325888e-04 
 1.34159200e-05  2.59296238e-314  1.34159200e-05 -8.50621022e-01  1.34159200e-05  4.41664005e-04 
 1.34179200e-05  5.64146506e-314  1.34179200e-05 -8.56109050e-01  1.34179200e-05  4.30932430e-04 
 1.34199200e-05  2.59296238e-314  1.34199200e-05 -8.61461661e-01  1.34199200e-05  4.20132863e-04 
 1.34219200e-05  5.64146506e-314  1.34219200e-05 -8.66678013e-01  1.34219200e-05  4.09267010e-04 
 1.34239200e-05  2.59296238e-314  1.34239200e-05 -8.71757281e-01  1.34239200e-05  3.98336590e-04 
 1.34259200e-05  5.64146506e-314  1.34259200e-05 -8.76698664e-01  1.34259200e-05  3.87343332e-04 
 1.34279200e-05  2.59296238e-314  1.34279200e-05 -8.81501383e-01  1.34279200e-05  3.76288976e-04 
 1.34299200e-05  5.64146506e-314  1.34299200e-05 -8.86164680e-01  1.34299200e-05  3.65175268e-04 
 1.34319200e-05  2.59296238e-314  1.34319200e-05 -8.90687820e-01  1.34319200e-05  3.54003968e-04 
 1.34339200e-05  5.64146506e-314  1.34339200e-05 -8.95070089e-01  1.34339200e-05  3.42776842e-04 
 1.34359200e-05  2.59296238e-314  1.34359200e-05 -8.99310797e-01  1.34359200e-05  3.31495665e-04 
 1.34379200e-05  5.64146506e-314  1.34379200e-05 -9.03409274e-01  1.34379200e-05  3.20162222e-04 
 1.34399200e-05  2.59296238e-314  1.34399200e-05 -9.07364875e-01  1.34399200e-05  3.08778305e-04 
 1.34419200e-05  5.64146506e-314  1.34419200e-05 -9.11176976e-01  1.34419200e-05  2.97345715e-04 
 1.34439200e-05  2.59296238e-314  1.34439200e-05 -9.14844975e-01  1.34439200e-05  2.85866260e-04 
 1.34459200e-05  5.64146506e-314  1.34459200e-05 -9.18368296e-01  1.34459200e-05  2.74341755e-04 
 1.34479200e-05  2.59296238e-314  1.34479200e-05 -9.21746383e-01  1.34479200e-05  2.62774022e-04 
 1.34499200e-05  5.64146506e-314  1.34499200e-05 -9.24978703e-01  1.34499200e-05  2.51164891e-04 
 1.34519200e-05  2.59296238e-314  1.34519200e-05 -9.28064748e-01  1.34519200e-05  2.39516199e-04 
 1.34539200e-05  5.64146506e-314  1.34539200e-05 -9.31004031e-01  1.34539200e-05  2.27829786e-04 
 1.34559200e-05  2.59296238e-314  1.34559200e-05 -9.33796089e-01  1.34559200e-05  2.16107501e-04 
 1.34579200e-05  5.64146506e-314  1.34579200e-05 -9.36440483e-01  1.34579200e-05  2.04351198e-04 
 1.34599200e-05  2.59296238e-314  1.34599200e-05 -9.38936797e-01  1.34599200e-05  1.92562736e-04 
 1.34619200e-05  5.64146506e-314  1.34619200e-05 -9.41284638e-01  1.34619200e-05  1.80743978e-04 
 1.34639200e-05  2.59296238e-314  1.34639200e-05 -9.43483637e-01  1.34639200e-05  1.68896794e-04 
 1.34659200e-05  5.64146506e-314  1.34659200e-05 -9.45533447e-01  1.34659200e-05  1.57023058e-04 
 1.34679200e-05  2.59296238e-314  1.34679200e-05 -9.47433747e-01  1.34679200e-05  1.45124646e-04 
 1.34699200e-05  5.64146506e-314  1.34699200e-05 -9.49184238e-01  1.34699200e-05  1.33203440e-04 
 1.34719200e-05  2.59296238e-314  1.34719200e-05 -9.50784646e-01  1.34719200e-05  1.21261325e-04 
 1.34739200e-05  5.64146506e-314  1.34739200e-05 -9.52234718e-01  1.34739200e-05  1.09300189e-04 
 1.34759200e-05  2.59296238e-314  1.34759200e-05 -9.53534228e-01  1.34759200e-05  9.73219232e-05 
 1.34779200e-05  5.64146506e-314  1.34779200e-05 -9.54682973e-01  1.34779200e-05  8.53284222e-05 
 1.34799200e-05  2.59296238e-314  1.34799200e-05 -9.55680771e-01  1.34799200e-05  7.33215818e-05 
 1.34819200e-05  5.64146506e-314  1.34819200e-05 -9.56527469e-01  1.34819200e-05  6.13033006e-05 
 1.34839200e-05  2.59296238e-314  1.34839200e-05 -9.57222933e-01  1.34839200e-05  4.92754786e-05 
 1.34859200e-05  5.64146506e-314  1.34859200e-05 -9.57767055e-01  1.34859200e-05  3.72400176e-05 
 1.34879200e-05  2.59296238e-314  1.34879200e-05 -9.58159752e-01  1.34879200e-05  2.51988203e-05 
 1.34899200e-05  5.64146506e-314  1.34899200e-05 -9.58400964e-01  1.34899200e-05  1.31537906e-05 
 1.34919200e-05  2.59296238e-314  1.34919200e-05 -9.58490653e-01  1.34919200e-05  1.10683272e-06 
 1.34939200e-05  5.64146506e-314  1.34939200e-05 -9.58428809e-01  1.34939200e-05 -1.09401487e-05 
 1.34959200e-05  2.59296238e-314  1.34959200e-05 -9.58215441e-01  1.34959200e-05 -2.29852492e-05 
 1.34979200e-05  5.64146506e-314  1.34979200e-05 -9.57850587e-01  1.34979200e-05 -3.50265644e-05 
 1.34999200e-05  2.59296238e-314  1.34999200e-05 -9.57334306e-01  1.34999200e-05 -4.70621907e-05 
 1.35019200e-05  5.64146506e-314  1.35019200e-05 -9.56666680e-01  1.35019200e-05 -5.90902254e-05 
 1.35039200e-05  2.59296238e-314  1.35039200e-05 -9.55847819e-01  1.35039200e-05 -7.11087671e-05 
 1.35059200e-05  5.64146506e-314  1.35059200e-05 -9.54877852e-01  1.35059200e-05 -8.31159157e-05 
 1.35079200e-05  2.59296238e-314  1.35079200e-05 -9.53756936e-01  1.35079200e-05 -9.51097732e-05 
 1.35099200e-05  5.64146506e-314  1.35099200e-05 -9.52485249e-01  1.35099200e-05 -1.07088443e-04 
 1.35119200e-05  2.59296238e-314  1.35119200e-05 -9.51062994e-01  1.35119200e-05 -1.19050033e-04 
 1.35139200e-05  5.64146506e-314  1.35139200e-05 -9.49490399e-01  1.35139200e-05 -1.30992651e-04 
 1.35159200e-05  2.59296238e-314  1.35159200e-05 -9.47767713e-01  1.35159200e-05 -1.42914409e-04 
 1.35179200e-05  5.64146506e-314  1.35179200e-05 -9.45895211e-01  1.35179200e-05 -1.54813424e-04 
 1.35199200e-05  2.59296238e-314  1.35199200e-05 -9.43873191e-01  1.35199200e-05 -1.66687813e-04 
 1.35219200e-05  5.64146506e-314  1.35219200e-05 -9.41701974e-01  1.35219200e-05 -1.78535701e-04 
 1.35239200e-05  2.59296238e-314  1.35239200e-05 -9.39381905e-01  1.35239200e-05 -1.90355214e-04 
 1.35259200e-05  5.64146506e-314  1.35259200e-05 -9.36913353e-01  1.35259200e-05 -2.02144485e-04 
 1.35279200e-05  2.59296238e-314  1.35279200e-05 -9.34296711e-01  1.35279200e-05 -2.13901649e-04 
 1.35299200e-05  5.64146506e-314  1.35299200e-05 -9.31532393e-01  1.35299200e-05 -2.25624848e-04 
 1.35319200e-05  2.59296238e-314  1.35319200e-05 -9.28620839e-01  1.35319200e-05 -2.37312230e-04 
 1.35339200e-05  5.64146506e-314  1.35339200e-05 -9.25562511e-01  1.35339200e-05 -2.48961946e-04 
 1.35359200e-05  2.59296238e-314  1.35359200e-05 -9.22357894e-01  1.35359200e-05 -2.60572157e-04 
 1.35379200e-05  5.64146506e-314  1.35379200e-05 -9.19007497e-01  1.35379200e-05 -2.72141026e-04 
 1.35399200e-05  2.59296238e-314  1.35399200e-05 -9.15511851e-01  1.35399200e-05 -2.83666726e-04 
 1.35419200e-05  5.64146506e-314  1.35419200e-05 -9.11871510e-01  1.35419200e-05 -2.95147435e-04 
 1.35439200e-05  2.59296238e-314  1.35439200e-05 -9.08087052e-01  1.35439200e-05 -3.06581337e-04 
 1.35459200e-05  5.64146506e-314  1.35459200e-05 -9.04159078e-01  1.35459200e-05 -3.17966627e-04 
 1.35479200e-05  2.59296238e-314  1.35479200e-05 -9.00088209e-01  1.35479200e-05 -3.29301505e-04 
 1.35499200e-05  5.64146506e-314  1.35499200e-05 -8.95875091e-01  1.35499200e-05 -3.40584179e-04 
 1.35519200e-05  2.59296238e-314  1.35519200e-05 -8.91520393e-01  1.35519200e-05 -3.51812866e-04 
 1.35539200e-05  5.64146506e-314  1.35539200e-05 -8.87024804e-01  1.35539200e-05 -3.62985792e-04 
 1.35559200e-05  2.59296238e-314  1.35559200e-05 -8.82389037e-01  1.35559200e-05 -3.74101192e-04 
 1.35579200e-05  5.64146506e-314  1.35579200e-05 -8.77613826e-01  1.35579200e-05 -3.85157307e-04 
 1.35599200e-05  2.59296238e-314  1.35599200e-05 -8.72699929e-01  1.35599200e-05 -3.96152393e-04 
 1.35619200e-05  5.64146506e-314  1.35619200e-05 -8.67648123e-01  1.35619200e-05 -4.07084710e-04 
 1.35639200e-05  2.59296238e-314  1.35639200e-05 -8.62459210e-01  1.35639200e-05 -4.17952532e-04 
 1.35659200e-05  5.64146506e-314  1.35659200e-05 -8.57134010e-01  1.35659200e-05 -4.28754140e-04 
 1.35679200e-05  2.59296238e-314  1.35679200e-05 -8.51673369e-01  1.35679200e-05 -4.39487829e-04 
 1.35699200e-05  5.64146506e-314  1.35699200e-05 -8.46078151e-01  1.35699200e-05 -4.50151901e-04 
 1.35719200e-05  2.59296238e-314  1.35719200e-05 -8.40349241e-01  1.35719200e-05 -4.60744673e-04 
 1.35739200e-05  5.64146506e-314  1.35739200e-05 -8.34487549e-01  1.35739200e-05 -4.71264470e-04 
 1.35759200e-05  2.59296238e-314  1.35759200e-05 -8.28494001e-01  1.35759200e-05 -4.81709630e-04 
 1.35779200e-05  5.64146506e-314  1.35779200e-05 -8.22369547e-01  1.35779200e-05 -4.92078502e-04 
 1.35799200e-05  2.59296238e-314  1.35799200e-05 -8.16115158e-01  1.35799200e-05 -5.02369449e-04 
 1.35819200e-05  5.64146506e-314  1.35819200e-05 -8.09731822e-01  1.35819200e-05 -5.12580844e-04 
 1.35839200e-05  2.59296238e-314  1.35839200e-05 -8.03220552e-01  1.35839200e-05 -5.22711074e-04 
 1.35859200e-05  5.64146506e-314  1.35859200e-05 -7.96582379e-01  1.35859200e-05 -5.32758538e-04 
 1.35879200e-05  2.59296238e-314  1.35879200e-05 -7.89818352e-01  1.35879200e-05 -5.42721649e-04 
 1.35899200e-05  5.64146506e-314  1.35899200e-05 -7.82929544e-01  1.35899200e-05 -5.52598833e-04 
 1.35919200e-05  2.59296238e-314  1.35919200e-05 -7.75917045e-01  1.35919200e-05 -5.62388530e-04 
 1.35939200e-05  5.64146506e-314  1.35939200e-05 -7.68781965e-01  1.35939200e-05 -5.72089193e-04 
 1.35959200e-05  2.59296238e-314  1.35959200e-05 -7.61525434e-01  1.35959200e-05 -5.81699288e-04 
 1.35979200e-05  5.64146506e-314  1.35979200e-05 -7.54148600e-01  1.35979200e-05 -5.91217299e-04 
 1.35999200e-05  2.59296238e-314  1.35999200e-05 -7.46652631e-01  1.35999200e-05 -6.00641722e-04 
 1.36019200e-05  5.64146506e-314  1.36019200e-05 -7.39038714e-01  1.36019200e-05 -6.09971067e-04 
 1.36039200e-05  2.59296238e-314  1.36039200e-05 -7.31308054e-01  1.36039200e-05 -6.19203862e-04 
 1.36059200e-05  5.64146506e-314  1.36059200e-05 -7.23461875e-01  1.36059200e-05 -6.28338646e-04 
 1.36079200e-05  2.59296238e-314  1.36079200e-05 -7.15501418e-01  1.36079200e-05 -6.37373979e-04 
 1.36099200e-05  5.64146506e-314  1.36099200e-05 -7.07427944e-01  1.36099200e-05 -6.46308432e-04 
 1.36119200e-05  2.59296238e-314  1.36119200e-05 -6.99242730e-01  1.36119200e-05 -6.55140595e-04 
 1.36139200e-05  5.64146506e-314  1.36139200e-05 -6.90947072e-01  1.36139200e-05 -6.63869071e-04 
 1.36159200e-05  2.59296238e-314  1.36159200e-05 -6.82542282e-01  1.36159200e-05 -6.72492483e-04 
 1.36179200e-05  5.64146506e-314  1.36179200e-05 -6.74029691e-01  1.36179200e-05 -6.81009469e-04 
 1.36199200e-05  2.59296238e-314  1.36199200e-05 -6.65410646e-01  1.36199200e-05 -6.89418683e-04 
 1.36219200e-05  5.64146506e-314  1.36219200e-05 -6.56686511e-01  1.36219200e-05 -6.97718797e-04 
 1.36239200e-05  2.59296238e-314  1.36239200e-05 -6.47858667e-01  1.36239200e-05 -7.05908501e-04 
 1.36259200e-05  5.64146506e-314  1.36259200e-05 -6.38928509e-01  1.36259200e-05 -7.13986501e-04 
 1.36279200e-05  2.59296238e-314  1.36279200e-05 -6.29897453e-01  1.36279200e-05 -7.21951521e-04 
 1.36299200e-05  5.64146506e-314  1.36299200e-05 -6.20766925e-01  1.36299200e-05 -7.29802304e-04 
 1.36319200e-05  2.59296238e-314  1.36319200e-05 -6.11538372e-01  1.36319200e-05 -7.37537610e-04 
 1.36339200e-05  5.64146506e-314  1.36339200e-05 -6.02213254e-01  1.36339200e-05 -7.45156217e-04 
 1.36359200e-05  2.59296238e-314  1.36359200e-05 -5.92793046e-01  1.36359200e-05 -7.52656922e-04 
 1.36379200e-05  5.64146506e-314  1.36379200e-05 -5.83279238e-01  1.36379200e-05 -7.60038542e-04 
 1.36399200e-05  2.59296238e-314  1.36399200e-05 -5.73673335e-01  1.36399200e-05 -7.67299910e-04 
 1.36419200e-05  5.64146506e-314  1.36419200e-05 -5.63976859e-01  1.36419200e-05 -7.74439880e-04 
 1.36439200e-05  2.59296238e-314  1.36439200e-05 -5.54191342e-01  1.36439200e-05 -7.81457325e-04 
 1.36459200e-05  5.64146506e-314  1.36459200e-05 -5.44318333e-01  1.36459200e-05 -7.88351137e-04 
 1.36479200e-05  2.59296238e-314  1.36479200e-05 -5.34359393e-01  1.36479200e-05 -7.95120227e-04 
 1.36499200e-05  5.64146506e-314  1.36499200e-05 -5.24316099e-01  1.36499200e-05 -8.01763528e-04 
 1.36519200e-05  2.59296238e-314  1.36519200e-05 -5.14190039e-01  1.36519200e-05 -8.08279989e-04 
 1.36539200e-05  5.64146506e-314  1.36539200e-05 -5.03982816e-01  1.36539200e-05 -8.14668584e-04 
 1.36559200e-05  2.59296238e-314  1.36559200e-05 -4.93696043e-01  1.36559200e-05 -8.20928302e-04 
 1.36579200e-05  5.64146506e-314  1.36579200e-05 -4.83331348e-01  1.36579200e-05 -8.27058157e-04 
 1.36599200e-05  2.59296238e-314  1.36599200e-05 -4.72890371e-01  1.36599200e-05 -8.33057180e-04 
 1.36619200e-05  5.64146506e-314  1.36619200e-05 -4.62374763e-01  1.36619200e-05 -8.38924426e-04 
 1.36639200e-05  2.59296238e-314  1.36639200e-05 -4.51786189e-01  1.36639200e-05 -8.44658967e-04 
 1.36659200e-05  5.64146506e-314  1.36659200e-05 -4.41126322e-01  1.36659200e-05 -8.50259900e-04 
 1.36679200e-05  2.59296238e-314  1.36679200e-05 -4.30396848e-01  1.36679200e-05 -8.55726340e-04 
 1.36699200e-05  5.64146506e-314  1.36699200e-05 -4.19599466e-01  1.36699200e-05 -8.61057425e-04 
 1.36719200e-05  2.59296238e-314  1.36719200e-05 -4.08735883e-01  1.36719200e-05 -8.66252313e-04 
 1.36739200e-05  5.64146506e-314  1.36739200e-05 -3.97807817e-01  1.36739200e-05 -8.71310186e-04 
 1.36759200e-05  2.59296238e-314  1.36759200e-05 -3.86816997e-01  1.36759200e-05 -8.76230245e-04 
 1.36779200e-05  5.64146506e-314  1.36779200e-05 -3.75765160e-01  1.36779200e-05 -8.81011714e-04 
 1.36799200e-05  2.59296238e-314  1.36799200e-05 -3.64654056e-01  1.36799200e-05 -8.85653838e-04 
 1.36819200e-05  5.64146506e-314  1.36819200e-05 -3.53485442e-01  1.36819200e-05 -8.90155887e-04 
 1.36839200e-05  2.59296238e-314  1.36839200e-05 -3.42261083e-01  1.36839200e-05 -8.94517149e-04 
 1.36859200e-05  5.64146506e-314  1.36859200e-05 -3.30982755e-01  1.36859200e-05 -8.98736937e-04 
 1.36879200e-05  2.59296238e-314  1.36879200e-05 -3.19652243e-01  1.36879200e-05 -9.02814586e-04 
 1.36899200e-05  5.64146506e-314  1.36899200e-05 -3.08271337e-01  1.36899200e-05 -9.06749453e-04 
 1.36919200e-05  2.59296238e-314  1.36919200e-05 -2.96841837e-01  1.36919200e-05 -9.10540917e-04 
 1.36939200e-05  5.64146506e-314  1.36939200e-05 -2.85365553e-01  1.36939200e-05 -9.14188381e-04 
 1.36959200e-05  2.59296238e-314  1.36959200e-05 -2.73844297e-01  1.36959200e-05 -9.17691271e-04 
 1.36979200e-05  5.64146506e-314  1.36979200e-05 -2.62279892e-01  1.36979200e-05 -9.21049033e-04 
 1.36999200e-05  2.59296238e-314  1.36999200e-05 -2.50674168e-01  1.36999200e-05 -9.24261139e-04 
 1.37019200e-05  5.64146506e-314  1.37019200e-05 -2.39028959e-01  1.37019200e-05 -9.27327084e-04 
 1.37039200e-05  2.59296238e-314  1.37039200e-05 -2.27346107e-01  1.37039200e-05 -9.30246383e-04 
 1.37059200e-05  5.64146506e-314  1.37059200e-05 -2.15627460e-01  1.37059200e-05 -9.33018578e-04 
 1.37079200e-05  2.59296238e-314  1.37079200e-05 -2.03874870e-01  1.37079200e-05 -9.35643233e-04 
 1.37099200e-05  5.64146506e-314  1.37099200e-05 -1.92090196e-01  1.37099200e-05 -9.38119933e-04 
 1.37119200e-05  2.59296238e-314  1.37119200e-05 -1.80275301e-01  1.37119200e-05 -9.40448290e-04 
 1.37139200e-05  5.64146506e-314  1.37139200e-05 -1.68432054e-01  1.37139200e-05 -9.42627936e-04 
 1.37159200e-05  2.59296238e-314  1.37159200e-05 -1.56562328e-01  1.37159200e-05 -9.44658530e-04 
 1.37179200e-05  5.64146506e-314  1.37179200e-05 -1.44667999e-01  1.37179200e-05 -9.46539752e-04 
 1.37199200e-05  2.59296238e-314  1.37199200e-05 -1.32750949e-01  1.37199200e-05 -9.48271307e-04 
 1.37219200e-05  5.64146506e-314  1.37219200e-05 -1.20813060e-01  1.37219200e-05 -9.49852923e-04 
 1.37239200e-05  2.59296238e-314  1.37239200e-05 -1.08856222e-01  1.37239200e-05 -9.51284351e-04 
 1.37259200e-05  5.64146506e-314  1.37259200e-05 -9.68823247e-02  1.37259200e-05 -9.52565368e-04 
 1.37279200e-05  2.59296238e-314  1.37279200e-05 -8.48932609e-02  1.37279200e-05 -9.53695772e-04 
 1.37299200e-05  5.64146506e-314  1.37299200e-05 -7.28909266e-02  1.37299200e-05 -9.54675387e-04 
 1.37319200e-05  2.59296238e-314  1.37319200e-05 -6.08772194e-02  1.37319200e-05 -9.55504059e-04 
 1.37339200e-05  5.64146506e-314  1.37339200e-05 -4.88540388e-02  1.37339200e-05 -9.56181660e-04 
 1.37359200e-05  2.59296238e-314  1.37359200e-05 -3.68232856e-02  1.37359200e-05 -9.56708085e-04 
 1.37379200e-05  5.64146506e-314  1.37379200e-05 -2.47868621e-02  1.37379200e-05 -9.57083252e-04 
 1.37399200e-05  2.59296238e-314  1.37399200e-05 -1.27466712e-02  1.37399200e-05 -9.57307104e-04 
 1.37419200e-05  5.64146506e-314  1.37419200e-05 -7.04616436e-04  1.37419200e-05 -9.57379606e-04 
 1.37439200e-05  2.59296238e-314  1.37439200e-05  1.13373984e-02  1.37439200e-05 -9.57300751e-04 
 1.37459200e-05  5.64146506e-314  1.37459200e-05  2.33774695e-02  1.37459200e-05 -9.57070551e-04 
 1.37479200e-05  2.59296238e-314  1.37479200e-05  3.54136933e-02  1.37479200e-05 -9.56689046e-04 
 1.37499200e-05  5.64146506e-314  1.37499200e-05  4.74441672e-02  1.37499200e-05 -9.56156297e-04 
 1.37519200e-05  2.59296238e-314  1.37519200e-05  5.94669891e-02  1.37519200e-05 -9.55472391e-04 
 1.37539200e-05  5.64146506e-314  1.37539200e-05  7.14802585e-02  1.37539200e-05 -9.54637438e-04 
 1.37559200e-05  2.59296238e-314  1.37559200e-05  8.34820762e-02  1.37559200e-05 -9.53651571e-04 
 1.37579200e-05  5.64146506e-314  1.37579200e-05  9.54705448e-02  1.37579200e-05 -9.52514949e-04 
 1.37599200e-05  2.59296238e-314  1.37599200e-05  1.07443769e-01  1.37599200e-05 -9.51227752e-04 
 1.37619200e-05  5.64146506e-314  1.37619200e-05  1.19399857e-01  1.37619200e-05 -9.49790187e-04 
 1.37639200e-05  2.59296238e-314  1.37639200e-05  1.31336918e-01  1.37639200e-05 -9.48202482e-04 
 1.37659200e-05  5.64146506e-314  1.37659200e-05  1.43253065e-01  1.37659200e-05 -9.46464891e-04 
 1.37679200e-05  2.59296238e-314  1.37679200e-05  1.55146414e-01  1.37679200e-05 -9.44577690e-04 
 1.37699200e-05  5.64146506e-314  1.37699200e-05  1.67015087e-01  1.37699200e-05 -9.42541179e-04 
 1.37719200e-05  2.59296238e-314  1.37719200e-05  1.78857205e-01  1.37719200e-05 -9.40355682e-04 
 1.37739200e-05  5.64146506e-314  1.37739200e-05  1.90670898e-01  1.37739200e-05 -9.38021546e-04 
 1.37759200e-05  2.59296238e-314  1.37759200e-05  2.02454299e-01  1.37759200e-05 -9.35539143e-04 
 1.37779200e-05  5.64146506e-314  1.37779200e-05  2.14205544e-01  1.37779200e-05 -9.32908866e-04 
 1.37799200e-05  2.59296238e-314  1.37799200e-05  2.25922777e-01  1.37799200e-05 -9.30131134e-04 
 1.37819200e-05  5.64146506e-314  1.37819200e-05  2.37604145e-01  1.37819200e-05 -9.27206387e-04 
 1.37839200e-05  2.59296238e-314  1.37839200e-05  2.49247802e-01  1.37839200e-05 -9.24135090e-04 
 1.37859200e-05  5.64146506e-314  1.37859200e-05  2.60851908e-01  1.37859200e-05 -9.20917729e-04 
 1.37879200e-05  2.59296238e-314  1.37879200e-05  2.72414628e-01  1.37879200e-05 -9.17554816e-04 
 1.37899200e-05  5.64146506e-314  1.37899200e-05  2.83934136e-01  1.37899200e-05 -9.14046884e-04 
 1.37919200e-05  2.59296238e-314  1.37919200e-05  2.95408610e-01  1.37919200e-05 -9.10394490e-04 
 1.37939200e-05  5.64146506e-314  1.37939200e-05  3.06836237e-01  1.37939200e-05 -9.06598212e-04 
 1.37959200e-05  2.59296238e-314  1.37959200e-05  3.18215211e-01  1.37959200e-05 -9.02658652e-04 
 1.37979200e-05  5.64146506e-314  1.37979200e-05  3.29543734e-01  1.37979200e-05 -8.98576436e-04 
 1.37999200e-05  2.59296238e-314  1.37999200e-05  3.40820014e-01  1.37999200e-05 -8.94352211e-04 
 1.38019200e-05  5.64146506e-314  1.38019200e-05  3.52042271e-01  1.38019200e-05 -8.89986645e-04 
 1.38039200e-05  2.59296238e-314  1.38039200e-05  3.63208731e-01  1.38039200e-05 -8.85480431e-04 
 1.38059200e-05  5.64146506e-314  1.38059200e-05  3.74317628e-01  1.38059200e-05 -8.80834283e-04 
 1.38079200e-05  2.59296238e-314  1.38079200e-05  3.85367209e-01  1.38079200e-05 -8.76048938e-04 
 1.38099200e-05  5.64146506e-314  1.38099200e-05  3.96355725e-01  1.38099200e-05 -8.71125154e-04 
 1.38119200e-05  2.59296238e-314  1.38119200e-05  4.07281441e-01  1.38119200e-05 -8.66063710e-04 
 1.38139200e-05  5.64146506e-314  1.38139200e-05  4.18142630e-01  1.38139200e-05 -8.60865409e-04 
 1.38159200e-05  2.59296238e-314  1.38159200e-05  4.28937577e-01  1.38159200e-05 -8.55531075e-04 
 1.38179200e-05  5.64146506e-314  1.38179200e-05  4.39664574e-01  1.38179200e-05 -8.50061552e-04 
 1.38199200e-05  2.59296238e-314  1.38199200e-05  4.50321928e-01  1.38199200e-05 -8.44457707e-04 
 1.38219200e-05  5.64146506e-314  1.38219200e-05  4.60907954e-01  1.38219200e-05 -8.38720427e-04 
 1.38239200e-05  2.59296238e-314  1.38239200e-05  4.71420980e-01  1.38239200e-05 -8.32850622e-04 
 1.38259200e-05  5.64146506e-314  1.38259200e-05  4.81859344e-01  1.38259200e-05 -8.26849220e-04 
 1.38279200e-05  2.59296238e-314  1.38279200e-05  4.92221396e-01  1.38279200e-05 -8.20717172e-04 
 1.38299200e-05  5.64146506e-314  1.38299200e-05  5.02505501e-01  1.38299200e-05 -8.14455450e-04 
 1.38319200e-05  2.59296238e-314  1.38319200e-05  5.12710032e-01  1.38319200e-05 -8.08065045e-04 
 1.38339200e-05  5.64146506e-314  1.38339200e-05  5.22833378e-01  1.38339200e-05 -8.01546969e-04 
 1.38359200e-05  2.59296238e-314  1.38359200e-05  5.32873939e-01  1.38359200e-05 -7.94902253e-04 
 1.38379200e-05  5.64146506e-314  1.38379200e-05  5.42830129e-01  1.38379200e-05 -7.88131951e-04 
 1.38399200e-05  2.59296238e-314  1.38399200e-05  5.52700375e-01  1.38399200e-05 -7.81237134e-04 
 1.38419200e-05  5.64146506e-314  1.38419200e-05  5.62483118e-01  1.38419200e-05 -7.74218893e-04 
 1.38439200e-05  2.59296238e-314  1.38439200e-05  5.72176811e-01  1.38439200e-05 -7.67078340e-04 
 1.38459200e-05  5.64146506e-314  1.38459200e-05  5.81779924e-01  1.38459200e-05 -7.59816605e-04 
 1.38479200e-05  2.59296238e-314  1.38479200e-05  5.91290939e-01  1.38479200e-05 -7.52434837e-04 
 1.38499200e-05  5.64146506e-314  1.38499200e-05  6.00708354e-01  1.38499200e-05 -7.44934206e-04 
 1.38519200e-05  2.59296238e-314  1.38519200e-05  6.10030682e-01  1.38519200e-05 -7.37315898e-04 
 1.38539200e-05  5.64146506e-314  1.38539200e-05  6.19256449e-01  1.38539200e-05 -7.29581120e-04 
 1.38559200e-05  2.59296238e-314  1.38559200e-05  6.28384199e-01  1.38559200e-05 -7.21731096e-04 
 1.38579200e-05  5.64146506e-314  1.38579200e-05  6.37412490e-01  1.38579200e-05 -7.13767067e-04 
 1.38599200e-05  2.59296238e-314  1.38599200e-05  6.46339894e-01  1.38599200e-05 -7.05690296e-04 
 1.38619200e-05  5.64146506e-314  1.38619200e-05  6.55165004e-01  1.38619200e-05 -6.97502059e-04 
 1.38639200e-05  2.59296238e-314  1.38639200e-05  6.63886423e-01  1.38639200e-05 -6.89203653e-04 
 1.38659200e-05  5.64146506e-314  1.38659200e-05  6.72502776e-01  1.38659200e-05 -6.80796392e-04 
 1.38679200e-05  2.59296238e-314  1.38679200e-05  6.81012700e-01  1.38679200e-05 -6.72281605e-04 
 1.38699200e-05  5.64146506e-314  1.38699200e-05  6.89414853e-01  1.38699200e-05 -6.63660641e-04 
 1.38719200e-05  2.59296238e-314  1.38719200e-05  6.97707906e-01  1.38719200e-05 -6.54934863e-04 
 1.38739200e-05  5.64146506e-314  1.38739200e-05  7.05890551e-01  1.38739200e-05 -6.46105653e-04 
 1.38759200e-05  2.59296238e-314  1.38759200e-05  7.13961495e-01  1.38759200e-05 -6.37174407e-04 
 1.38779200e-05  5.64146506e-314  1.38779200e-05  7.21919463e-01  1.38779200e-05 -6.28142540e-04 
 1.38799200e-05  2.59296238e-314  1.38799200e-05  7.29763199e-01  1.38799200e-05 -6.19011479e-04 
 1.38819200e-05  5.64146506e-314  1.38819200e-05  7.37491464e-01  1.38819200e-05 -6.09782670e-04 
 1.38839200e-05  2.59296238e-314  1.38839200e-05  7.45103038e-01  1.38839200e-05 -6.00457573e-04 
 1.38859200e-05  5.64146506e-314  1.38859200e-05  7.52596718e-01  1.38859200e-05 -5.91037663e-04 
 1.38879200e-05  2.59296238e-314  1.38879200e-05  7.59971323e-01  1.38879200e-05 -5.81524432e-04 
 1.38899200e-05  5.64146506e-314  1.38899200e-05  7.67225686e-01  1.38899200e-05 -5.71919383e-04 
 1.38919200e-05  2.59296238e-314  1.38919200e-05  7.74358664e-01  1.38919200e-05 -5.62224038e-04 
 1.38939200e-05  5.64146506e-314  1.38939200e-05  7.81369129e-01  1.38939200e-05 -5.52439929e-04 
 1.38959200e-05  2.59296238e-314  1.38959200e-05  7.88255975e-01  1.38959200e-05 -5.42568605e-04 
 1.38979200e-05  5.64146506e-314  1.38979200e-05  7.95018115e-01  1.38979200e-05 -5.32611627e-04 
 1.38999200e-05  2.59296238e-314  1.38999200e-05  8.01654481e-01  1.38999200e-05 -5.22570571e-04 
 1.39019200e-05  5.64146506e-314  1.39019200e-05  8.08164026e-01  1.39019200e-05 -5.12447026e-04 
 1.39039200e-05  2.59296238e-314  1.39039200e-05  8.14545721e-01  1.39039200e-05 -5.02242591e-04 
 1.39059200e-05  5.64146506e-314  1.39059200e-05  8.20798561e-01  1.39059200e-05 -4.91958883e-04 
 1.39079200e-05  2.59296238e-314  1.39079200e-05  8.26921557e-01  1.39079200e-05 -4.81597528e-04 
 1.39099200e-05  5.64146506e-314  1.39099200e-05  8.32913744e-01  1.39099200e-05 -4.71160164e-04 
 1.39119200e-05  2.59296238e-314  1.39119200e-05  8.38774175e-01  1.39119200e-05 -4.60648443e-04 
 1.39139200e-05  5.64146506e-314  1.39139200e-05  8.44501927e-01  1.39139200e-05 -4.50064028e-04 
 1.39159200e-05  2.59296238e-314  1.39159200e-05  8.50096094e-01  1.39159200e-05 -4.39408593e-04 
 1.39179200e-05  5.64146506e-314  1.39179200e-05  8.55555795e-01  1.39179200e-05 -4.28683823e-04 
 1.39199200e-05  2.59296238e-314  1.39199200e-05  8.60880168e-01  1.39199200e-05 -4.17891415e-04 
 1.39219200e-05  5.64146506e-314  1.39219200e-05  8.66068372e-01  1.39219200e-05 -4.07033076e-04 
 1.39239200e-05  2.59296238e-314  1.39239200e-05  8.71119590e-01  1.39239200e-05 -3.96110523e-04 
 1.39259200e-05  5.64146506e-314  1.39259200e-05  8.76033024e-01  1.39259200e-05 -3.85125484e-04 
 1.39279200e-05  2.59296238e-314  1.39279200e-05  8.80807899e-01  1.39279200e-05 -3.74079697e-04 
 1.39299200e-05  5.64146506e-314  1.39299200e-05  8.85443462e-01  1.39299200e-05 -3.62974908e-04 
 1.39319200e-05  2.59296238e-314  1.39319200e-05  8.89938983e-01  1.39319200e-05 -3.51812874e-04 
 1.39339200e-05  5.64146506e-314  1.39339200e-05  8.94293752e-01  1.39339200e-05 -3.40595360e-04 
 1.39359200e-05  2.59296238e-314  1.39359200e-05  8.98507082e-01  1.39359200e-05 -3.29324141e-04 
 1.39379200e-05  5.64146506e-314  1.39379200e-05  9.02578309e-01  1.39379200e-05 -3.18000998e-04 
 1.39399200e-05  2.59296238e-314  1.39399200e-05  9.06506792e-01  1.39399200e-05 -3.06627724e-04 
 1.39419200e-05  5.64146506e-314  1.39419200e-05  9.10291910e-01  1.39419200e-05 -2.95206116e-04 
 1.39439200e-05  2.59296238e-314  1.39439200e-05  9.13933068e-01  1.39439200e-05 -2.83737980e-04 
 1.39459200e-05  5.64146506e-314  1.39459200e-05  9.17429692e-01  1.39459200e-05 -2.72225131e-04 
 1.39479200e-05  2.59296238e-314  1.39479200e-05  9.20781229e-01  1.39479200e-05 -2.60669390e-04 
 1.39499200e-05  5.64146506e-314  1.39499200e-05  9.23987154e-01  1.39499200e-05 -2.49072583e-04 
 1.39519200e-05  2.59296238e-314  1.39519200e-05  9.27046960e-01  1.39519200e-05 -2.37436544e-04 
 1.39539200e-05  5.64146506e-314  1.39539200e-05  9.29960165e-01  1.39539200e-05 -2.25763114e-04 
 1.39559200e-05  2.59296238e-314  1.39559200e-05  9.32726311e-01  1.39559200e-05 -2.14054138e-04 
 1.39579200e-05  5.64146506e-314  1.39579200e-05  9.35344963e-01  1.39579200e-05 -2.02311469e-04 
 1.39599200e-05  2.59296238e-314  1.39599200e-05  9.37815708e-01  1.39599200e-05 -1.90536963e-04 
 1.39619200e-05  5.64146506e-314  1.39619200e-05  9.40138157e-01  1.39619200e-05 -1.78732481e-04 
 1.39639200e-05  2.59296238e-314  1.39639200e-05  9.42311946e-01  1.39639200e-05 -1.66899891e-04 
 1.39659200e-05  5.64146506e-314  1.39659200e-05  9.44336731e-01  1.39659200e-05 -1.55041064e-04 
 1.39679200e-05  2.59296238e-314  1.39679200e-05  9.46212196e-01  1.39679200e-05 -1.43157875e-04 
 1.39699200e-05  5.64146506e-314  1.39699200e-05  9.47938046e-01  1.39699200e-05 -1.31252202e-04 
 1.39719200e-05  2.59296238e-314  1.39719200e-05  9.49514009e-01  1.39719200e-05 -1.19325929e-04 
 1.39739200e-05  5.64146506e-314  1.39739200e-05  9.50939838e-01  1.39739200e-05 -1.07380940e-04 
 1.39759200e-05  2.59296238e-314  1.39759200e-05  9.52215311e-01  1.39759200e-05 -9.54191253e-05 
 1.39779200e-05  5.64146506e-314  1.39779200e-05  9.53340226e-01  1.39779200e-05 -8.34423755e-05 
 1.39799200e-05  2.59296238e-314  1.39799200e-05  9.54314408e-01  1.39799200e-05 -7.14525844e-05 
 1.39819200e-05  5.64146506e-314  1.39819200e-05  9.55137705e-01  1.39819200e-05 -5.94516477e-05 
 1.39839200e-05  2.59296238e-314  1.39839200e-05  9.55809989e-01  1.39839200e-05 -4.74414627e-05 
 1.39859200e-05  5.64146506e-314  1.39859200e-05  9.56331155e-01  1.39859200e-05 -3.54239284e-05 
 1.39879200e-05  2.59296238e-314  1.39879200e-05  9.56701122e-01  1.39879200e-05 -2.34009448e-05 
 1.39899200e-05  5.64146506e-314  1.39899200e-05  9.56919835e-01  1.39899200e-05 -1.13744128e-05 
 1.39919200e-05  2.59296238e-314  1.39919200e-05  9.56987261e-01  1.39919200e-05  6.53766402e-07 
 1.39939200e-05  5.64146506e-314  1.39939200e-05  9.56903390e-01  1.39939200e-05  1.26816910e-05 
 1.39959200e-05  2.59296238e-314  1.39959200e-05  9.56668238e-01  1.39959200e-05  2.47074596e-05 
 1.39979200e-05  5.64146506e-314  1.39979200e-05  9.56281844e-01  1.39979200e-05  3.67291708e-05 
 1.39999200e-05  2.59296238e-314  1.39999200e-05  9.55744271e-01  1.39999200e-05  4.87449243e-05 
 1.40019200e-05  5.64146506e-314  1.40019200e-05  9.55055606e-01  1.40019200e-05  6.07528203e-05 
 1.40039200e-05  2.59296238e-314  1.40039200e-05  9.54215960e-01  1.40039200e-05  7.27509607e-05 
 1.40059200e-05  5.64146506e-314  1.40059200e-05  9.53225467e-01  1.40059200e-05  8.47374487e-05 
 1.40079200e-05  2.59296238e-314  1.40079200e-05  9.52084285e-01  1.40079200e-05  9.67103894e-05 
 1.40099200e-05  5.64146506e-314  1.40099200e-05  9.50792598e-01  1.40099200e-05  1.08667890e-04 
 1.40119200e-05  2.59296238e-314  1.40119200e-05  9.49350611e-01  1.40119200e-05  1.20608061e-04 
 1.40139200e-05  5.64146506e-314  1.40139200e-05  9.47758554e-01  1.40139200e-05  1.32529014e-04 
 1.40159200e-05  2.59296238e-314  1.40159200e-05  9.46016680e-01  1.40159200e-05  1.44428864e-04 
 1.40179200e-05  5.64146506e-314  1.40179200e-05  9.44125268e-01  1.40179200e-05  1.56305732e-04 
 1.40199200e-05  2.59296238e-314  1.40199200e-05  9.42084617e-01  1.40199200e-05  1.68157739e-04 
 1.40219200e-05  5.64146506e-314  1.40219200e-05  9.39895052e-01  1.40219200e-05  1.79983013e-04 
 1.40239200e-05  2.59296238e-314  1.40239200e-05  9.37556922e-01  1.40239200e-05  1.91779683e-04 
 1.40259200e-05  5.64146506e-314  1.40259200e-05  9.35070598e-01  1.40259200e-05  2.03545885e-04 
 1.40279200e-05  2.59296238e-314  1.40279200e-05  9.32436474e-01  1.40279200e-05  2.15279760e-04 
 1.40299200e-05  5.64146506e-314  1.40299200e-05  9.29654970e-01  1.40299200e-05  2.26979452e-04 
 1.40319200e-05  2.59296238e-314  1.40319200e-05  9.26726526e-01  1.40319200e-05  2.38643113e-04 
 1.40339200e-05  5.64146506e-314  1.40339200e-05  9.23651608e-01  1.40339200e-05  2.50268899e-04 
 1.40359200e-05  2.59296238e-314  1.40359200e-05  9.20430703e-01  1.40359200e-05  2.61854973e-04 
 1.40379200e-05  5.64146506e-314  1.40379200e-05  9.17064323e-01  1.40379200e-05  2.73399503e-04 
 1.40399200e-05  2.59296238e-314  1.40399200e-05  9.13553001e-01  1.40399200e-05  2.84900664e-04 
 1.40419200e-05  5.64146506e-314  1.40419200e-05  9.09897294e-01  1.40419200e-05  2.96356639e-04 
 1.40439200e-05  2.59296238e-314  1.40439200e-05  9.06097783e-01  1.40439200e-05  3.07765618e-04 
 1.40459200e-05  5.64146506e-314  1.40459200e-05  9.02155070e-01  1.40459200e-05  3.19125797e-04 
 1.40479200e-05  2.59296238e-314  1.40479200e-05  8.98069780e-01  1.40479200e-05  3.30435381e-04 
 1.40499200e-05  5.64146506e-314  1.40499200e-05  8.93842560e-01  1.40499200e-05  3.41692582e-04 
 1.40519200e-05  2.59296238e-314  1.40519200e-05  8.89474080e-01  1.40519200e-05  3.52895622e-04 
 1.40539200e-05  5.64146506e-314  1.40539200e-05  8.84965034e-01  1.40539200e-05  3.64042730e-04 
 1.40559200e-05  2.59296238e-314  1.40559200e-05  8.80316136e-01  1.40559200e-05  3.75132144e-04 
 1.40579200e-05  5.64146506e-314  1.40579200e-05  8.75528121e-01  1.40579200e-05  3.86162112e-04 
 1.40599200e-05  2.59296238e-314  1.40599200e-05  8.70601750e-01  1.40599200e-05  3.97130891e-04 
 1.40619200e-05  5.64146506e-314  1.40619200e-05  8.65537803e-01  1.40619200e-05  4.08036747e-04 
 1.40639200e-05  2.59296238e-314  1.40639200e-05  8.60337082e-01  1.40639200e-05  4.18877958e-04 
 1.40659200e-05  5.64146506e-314  1.40659200e-05  8.55000410e-01  1.40659200e-05  4.29652809e-04 
 1.40679200e-05  2.59296238e-314  1.40679200e-05  8.49528634e-01  1.40679200e-05  4.40359599e-04 
 1.40699200e-05  5.64146506e-314  1.40699200e-05  8.43922620e-01  1.40699200e-05  4.50996636e-04 
 1.40719200e-05  2.59296238e-314  1.40719200e-05  8.38183256e-01  1.40719200e-05  4.61562238e-04 
 1.40739200e-05  5.64146506e-314  1.40739200e-05  8.32311451e-01  1.40739200e-05  4.72054737e-04 
 1.40759200e-05  2.59296238e-314  1.40759200e-05  8.26308135e-01  1.40759200e-05  4.82472474e-04 
 1.40779200e-05  5.64146506e-314  1.40779200e-05  8.20174259e-01  1.40779200e-05  4.92813803e-04 
 1.40799200e-05  2.59296238e-314  1.40799200e-05  8.13910795e-01  1.40799200e-05  5.03077091e-04 
 1.40819200e-05  5.64146506e-314  1.40819200e-05  8.07518733e-01  1.40819200e-05  5.13260715e-04 
 1.40839200e-05  2.59296238e-314  1.40839200e-05  8.00999086e-01  1.40839200e-05  5.23363067e-04 
 1.40859200e-05  5.64146506e-314  1.40859200e-05  7.94352888e-01  1.40859200e-05  5.33382551e-04 
 1.40879200e-05  2.59296238e-314  1.40879200e-05  7.87581189e-01  1.40879200e-05  5.43317583e-04 
 1.40899200e-05  5.64146506e-314  1.40899200e-05  7.80685062e-01  1.40899200e-05  5.53166595e-04 
 1.40919200e-05  2.59296238e-314  1.40919200e-05  7.73665599e-01  1.40919200e-05  5.62928030e-04 
 1.40939200e-05  5.64146506e-314  1.40939200e-05  7.66523911e-01  1.40939200e-05  5.72600345e-04 
 1.40959200e-05  2.59296238e-314  1.40959200e-05  7.59261129e-01  1.40959200e-05  5.82182014e-04 
 1.40979200e-05  5.64146506e-314  1.40979200e-05  7.51878402e-01  1.40979200e-05  5.91671521e-04 
 1.40999200e-05  2.59296238e-314  1.40999200e-05  7.44376900e-01  1.40999200e-05  6.01067369e-04 
 1.41019200e-05  5.64146506e-314  1.41019200e-05  7.36757809e-01  1.41019200e-05  6.10368073e-04 
 1.41039200e-05  2.59296238e-314  1.41039200e-05  7.29022336e-01  1.41039200e-05  6.19572163e-04 
 1.41059200e-05  5.64146506e-314  1.41059200e-05  7.21171704e-01  1.41059200e-05  6.28678186e-04 
 1.41079200e-05  2.59296238e-314  1.41079200e-05  7.13207158e-01  1.41079200e-05  6.37684703e-04 
 1.41099200e-05  5.64146506e-314  1.41099200e-05  7.05129957e-01  1.41099200e-05  6.46590292e-04 
 1.41119200e-05  2.59296238e-314  1.41119200e-05  6.96941379e-01  1.41119200e-05  6.55393546e-04 
 1.41139200e-05  5.64146506e-314  1.41139200e-05  6.88642721e-01  1.41139200e-05  6.64093075e-04 
 1.41159200e-05  2.59296238e-314  1.41159200e-05  6.80235296e-01  1.41159200e-05  6.72687504e-04 
 1.41179200e-05  5.64146506e-314  1.41179200e-05  6.71720435e-01  1.41179200e-05  6.81175476e-04 
 1.41199200e-05  2.59296238e-314  1.41199200e-05  6.63099484e-01  1.41199200e-05  6.89555651e-04 
 1.41219200e-05  5.64146506e-314  1.41219200e-05  6.54373809e-01  1.41219200e-05  6.97826704e-04 
 1.41239200e-05  2.59296238e-314  1.41239200e-05  6.45544790e-01  1.41239200e-05  7.05987331e-04 
 1.41259200e-05  5.64146506e-314  1.41259200e-05  6.36613824e-01  1.41259200e-05  7.14036241e-04 
 1.41279200e-05  2.59296238e-314  1.41279200e-05  6.27582325e-01  1.41279200e-05  7.21972165e-04 
 1.41299200e-05  5.64146506e-314  1.41299200e-05  6.18451721e-01  1.41299200e-05  7.29793848e-04 
 1.41319200e-05  2.59296238e-314  1.41319200e-05  6.09223457e-01  1.41319200e-05  7.37500056e-04 
 1.41339200e-05  5.64146506e-314  1.41339200e-05  5.99898994e-01  1.41339200e-05  7.45089571e-04 
 1.41359200e-05  2.59296238e-314  1.41359200e-05  5.90479807e-01  1.41359200e-05  7.52561196e-04 
 1.41379200e-05  5.64146506e-314  1.41379200e-05  5.80967386e-01  1.41379200e-05  7.59913750e-04 
 1.41399200e-05  2.59296238e-314  1.41399200e-05  5.71363236e-01  1.41399200e-05  7.67146072e-04 
 1.41419200e-05  5.64146506e-314  1.41419200e-05  5.61668877e-01  1.41419200e-05  7.74257022e-04 
 1.41439200e-05  2.59296238e-314  1.41439200e-05  5.51885842e-01  1.41439200e-05  7.81245476e-04 
 1.41459200e-05  5.64146506e-314  1.41459200e-05  5.42015680e-01  1.41459200e-05  7.88110330e-04 
 1.41479200e-05  2.59296238e-314  1.41479200e-05  5.32059952e-01  1.41479200e-05  7.94850501e-04 
 1.41499200e-05  5.64146506e-314  1.41499200e-05  5.22020232e-01  1.41499200e-05  8.01464926e-04 
 1.41519200e-05  2.59296238e-314  1.41519200e-05  5.11898109e-01  1.41519200e-05  8.07952559e-04 
 1.41539200e-05  5.64146506e-314  1.41539200e-05  5.01695185e-01  1.41539200e-05  8.14312377e-04 
 1.41559200e-05  2.59296238e-314  1.41559200e-05  4.91413074e-01  1.41559200e-05  8.20543376e-04 
 1.41579200e-05  5.64146506e-314  1.41579200e-05  4.81053401e-01  1.41579200e-05  8.26644572e-04 
 1.41599200e-05  2.59296238e-314  1.41599200e-05  4.70617806e-01  1.41599200e-05  8.32615003e-04 
 1.41619200e-05  5.64146506e-314  1.41619200e-05  4.60107940e-01  1.41619200e-05  8.38453726e-04 
 1.41639200e-05  2.59296238e-314  1.41639200e-05  4.49525465e-01  1.41639200e-05  8.44159820e-04 
 1.41659200e-05  5.64146506e-314  1.41659200e-05  4.38872055e-01  1.41659200e-05  8.49732384e-04 
 1.41679200e-05  2.59296238e-314  1.41679200e-05  4.28149395e-01  1.41679200e-05  8.55170539e-04 
 1.41699200e-05  5.64146506e-314  1.41699200e-05  4.17359181e-01  1.41699200e-05  8.60473428e-04 
 1.41719200e-05  2.59296238e-314  1.41719200e-05  4.06503121e-01  1.41719200e-05  8.65640212e-04 
 1.41739200e-05  5.64146506e-314  1.41739200e-05  3.95582930e-01  1.41739200e-05  8.70670078e-04 
 1.41759200e-05  2.59296238e-314  1.41759200e-05  3.84600337e-01  1.41759200e-05  8.75562232e-04 
 1.41779200e-05  5.64146506e-314  1.41779200e-05  3.73557078e-01  1.41779200e-05  8.80315902e-04 
 1.41799200e-05  2.59296238e-314  1.41799200e-05  3.62454901e-01  1.41799200e-05  8.84930338e-04 
 1.41819200e-05  5.64146506e-314  1.41819200e-05  3.51295560e-01  1.41819200e-05  8.89404812e-04 
 1.41839200e-05  2.59296238e-314  1.41839200e-05  3.40080821e-01  1.41839200e-05  8.93738620e-04 
 1.41859200e-05  5.64146506e-314  1.41859200e-05  3.28812459e-01  1.41859200e-05  8.97931076e-04 
 1.41879200e-05  2.59296238e-314  1.41879200e-05  3.17492254e-01  1.41879200e-05  9.01981521e-04 
 1.41899200e-05  5.64146506e-314  1.41899200e-05  3.06121997e-01  1.41899200e-05  9.05889317e-04 
 1.41919200e-05  2.59296238e-314  1.41919200e-05  2.94703486e-01  1.41919200e-05  9.09653845e-04 
 1.41939200e-05  5.64146506e-314  1.41939200e-05  2.83238528e-01  1.41939200e-05  9.13274515e-04 
 1.41959200e-05  2.59296238e-314  1.41959200e-05  2.71728935e-01  1.41959200e-05  9.16750754e-04 
 1.41979200e-05  5.64146506e-314  1.41979200e-05  2.60176528e-01  1.41979200e-05  9.20082015e-04 
 1.41999200e-05  2.59296238e-314  1.41999200e-05  2.48583133e-01  1.41999200e-05  9.23267774e-04 
 1.42019200e-05  5.64146506e-314  1.42019200e-05  2.36950584e-01  1.42019200e-05  9.26307528e-04 
 1.42039200e-05  2.59296238e-314  1.42039200e-05  2.25280720e-01  1.42039200e-05  9.29200799e-04 
 1.42059200e-05  5.64146506e-314  1.42059200e-05  2.13575387e-01  1.42059200e-05  9.31947131e-04 
 1.42079200e-05  2.59296238e-314  1.42079200e-05  2.01836436e-01  1.42079200e-05  9.34546092e-04 
 1.42099200e-05  5.64146506e-314  1.42099200e-05  1.90065723e-01  1.42099200e-05  9.36997272e-04 
 1.42119200e-05  2.59296238e-314  1.42119200e-05  1.78265110e-01  1.42119200e-05  9.39300287e-04 
 1.42139200e-05  5.64146506e-314  1.42139200e-05  1.66436461e-01  1.42139200e-05  9.41454773e-04 
 1.42159200e-05  2.59296238e-314  1.42159200e-05  1.54581649e-01  1.42159200e-05  9.43460393e-04 
 1.42179200e-05  5.64146506e-314  1.42179200e-05  1.42702547e-01  1.42179200e-05  9.45316831e-04 
 1.42199200e-05  2.59296238e-314  1.42199200e-05  1.30801034e-01  1.42199200e-05  9.47023795e-04 
 1.42219200e-05  5.64146506e-314  1.42219200e-05  1.18878991e-01  1.42219200e-05  9.48581017e-04 
 1.42239200e-05  2.59296238e-314  1.42239200e-05  1.06938304e-01  1.42239200e-05  9.49988253e-04 
 1.42259200e-05  5.64146506e-314  1.42259200e-05  9.49808600e-02  1.42259200e-05  9.51245283e-04 
 1.42279200e-05  2.59296238e-314  1.42279200e-05  8.30085506e-02  1.42279200e-05  9.52351909e-04 
 1.42299200e-05  5.64146506e-314  1.42299200e-05  7.10232684e-02  1.42299200e-05  9.53307959e-04 
 1.42319200e-05  2.59296238e-314  1.42319200e-05  5.90269084e-02  1.42319200e-05  9.54113283e-04 
 1.42339200e-05  5.64146506e-314  1.42339200e-05  4.70213673e-02  1.42339200e-05  9.54767756e-04 
 1.42359200e-05  2.59296238e-314  1.42359200e-05  3.50085432e-02  1.42359200e-05  9.55271276e-04 
 1.42379200e-05  5.64146506e-314  1.42379200e-05  2.29903354e-02  1.42379200e-05  9.55623766e-04 
 1.42399200e-05  2.59296238e-314  1.42399200e-05  1.09686440e-02  1.42399200e-05  9.55825171e-04 
 1.42419200e-05  5.64146506e-314  1.42419200e-05 -1.05463046e-03  1.42419200e-05  9.55875462e-04 
 1.42439200e-05  2.59296238e-314  1.42439200e-05 -1.30775870e-02  1.42439200e-05  9.55774633e-04 
 1.42459200e-05  5.64146506e-314  1.42459200e-05 -2.50983250e-02  1.42459200e-05  9.55522702e-04 
 1.42479200e-05  2.59296238e-314  1.42479200e-05 -3.71149439e-02  1.42479200e-05  9.55119710e-04 
 1.42499200e-05  5.64146506e-314  1.42499200e-05 -4.91255441e-02  1.42499200e-05  9.54565722e-04 
 1.42519200e-05  2.59296238e-314  1.42519200e-05 -6.11282268e-02  1.42519200e-05  9.53860829e-04 
 1.42539200e-05  5.64146506e-314  1.42539200e-05 -7.31210946e-02  1.42539200e-05  9.53005144e-04 
 1.42559200e-05  2.59296238e-314  1.42559200e-05 -8.51022515e-02  1.42559200e-05  9.51998804e-04 
 1.42579200e-05  5.64146506e-314  1.42579200e-05 -9.70698035e-02  1.42579200e-05  9.50841970e-04 
 1.42599200e-05  2.59296238e-314  1.42599200e-05 -1.09021859e-01  1.42599200e-05  9.49534826e-04 
 1.42619200e-05  5.64146506e-314  1.42619200e-05 -1.20956528e-01  1.42619200e-05  9.48077582e-04 
 1.42639200e-05  2.59296238e-314  1.42639200e-05 -1.32871925e-01  1.42639200e-05  9.46470469e-04 
 1.42659200e-05  5.64146506e-314  1.42659200e-05 -1.44766165e-01  1.42659200e-05  9.44713743e-04 
 1.42679200e-05  2.59296238e-314  1.42679200e-05 -1.56637369e-01  1.42679200e-05  9.42807685e-04 
 1.42699200e-05  5.64146506e-314  1.42699200e-05 -1.68483660e-01  1.42699200e-05  9.40752597e-04 
 1.42719200e-05  2.59296238e-314  1.42719200e-05 -1.80303166e-01  1.42719200e-05  9.38548806e-04 
 1.42739200e-05  5.64146506e-314  1.42739200e-05 -1.92094018e-01  1.42739200e-05  9.36196662e-04 
 1.42759200e-05  2.59296238e-314  1.42759200e-05 -2.03854352e-01  1.42759200e-05  9.33696539e-04 
 1.42779200e-05  5.64146506e-314  1.42779200e-05 -2.15582311e-01  1.42779200e-05  9.31048835e-04 
 1.42799200e-05  2.59296238e-314  1.42799200e-05 -2.27276039e-01  1.42799200e-05  9.28253969e-04 
 1.42819200e-05  5.64146506e-314  1.42819200e-05 -2.38933689e-01  1.42819200e-05  9.25312385e-04 
 1.42839200e-05  2.59296238e-314  1.42839200e-05 -2.50553418e-01  1.42839200e-05  9.22224551e-04 
 1.42859200e-05  5.64146506e-314  1.42859200e-05 -2.62133390e-01  1.42859200e-05  9.18990956e-04 
 1.42879200e-05  2.59296238e-314  1.42879200e-05 -2.73671774e-01  1.42879200e-05  9.15612113e-04 
 1.42899200e-05  5.64146506e-314  1.42899200e-05 -2.85166747e-01  1.42899200e-05  9.12088559e-04 
 1.42919200e-05  2.59296238e-314  1.42919200e-05 -2.96616491e-01  1.42919200e-05  9.08420851e-04 
 1.42939200e-05  5.64146506e-314  1.42939200e-05 -3.08019198e-01  1.42939200e-05  9.04609573e-04 
 1.42959200e-05  2.59296238e-314  1.42959200e-05 -3.19373066e-01  1.42959200e-05  9.00655327e-04 
 1.42979200e-05  5.64146506e-314  1.42979200e-05 -3.30676299e-01  1.42979200e-05  8.96558742e-04 
 1.42999200e-05  2.59296238e-314  1.42999200e-05 -3.41927112e-01  1.42999200e-05  8.92320466e-04 
 1.43019200e-05  5.64146506e-314  1.43019200e-05 -3.53123726e-01  1.43019200e-05  8.87941172e-04 
 1.43039200e-05  2.59296238e-314  1.43039200e-05 -3.64264372e-01  1.43039200e-05  8.83421553e-04 
 1.43059200e-05  5.64146506e-314  1.43059200e-05 -3.75347289e-01  1.43059200e-05  8.78762327e-04 
 1.43079200e-05  2.59296238e-314  1.43079200e-05 -3.86370727e-01  1.43079200e-05  8.73964230e-04 
 1.43099200e-05  5.64146506e-314  1.43099200e-05 -3.97332942e-01  1.43099200e-05  8.69028023e-04 
 1.43119200e-05  2.59296238e-314  1.43119200e-05 -4.08232203e-01  1.43119200e-05  8.63954490e-04 
 1.43139200e-05  5.64146506e-314  1.43139200e-05 -4.19066788e-01  1.43139200e-05  8.58744433e-04 
 1.43159200e-05  2.59296238e-314  1.43159200e-05 -4.29834983e-01  1.43159200e-05  8.53398677e-04 
 1.43179200e-05  5.64146506e-314  1.43179200e-05 -4.40535089e-01  1.43179200e-05  8.47918070e-04 
 1.43199200e-05  2.59296238e-314  1.43199200e-05 -4.51165413e-01  1.43199200e-05  8.42303480e-04 
 1.43219200e-05  5.64146506e-314  1.43219200e-05 -4.61724276e-01  1.43219200e-05  8.36555797e-04 
 1.43239200e-05  2.59296238e-314  1.43239200e-05 -4.72210010e-01  1.43239200e-05  8.30675929e-04 
 1.43259200e-05  5.64146506e-314  1.43259200e-05 -4.82620958e-01  1.43259200e-05  8.24664810e-04 
 1.43279200e-05  2.59296238e-314  1.43279200e-05 -4.92955475e-01  1.43279200e-05  8.18523390e-04 
 1.43299200e-05  5.64146506e-314  1.43299200e-05 -5.03211928e-01  1.43299200e-05  8.12252643e-04 
 1.43319200e-05  2.59296238e-314  1.43319200e-05 -5.13388697e-01  1.43319200e-05  8.05853561e-04 
 1.43339200e-05  5.64146506e-314  1.43339200e-05 -5.23484173e-01  1.43339200e-05  7.99327157e-04 
 1.43359200e-05  2.59296238e-314  1.43359200e-05 -5.33496762e-01  1.43359200e-05  7.92674465e-04 
 1.43379200e-05  5.64146506e-314  1.43379200e-05 -5.43424882e-01  1.43379200e-05  7.85896539e-04 
 1.43399200e-05  2.59296238e-314  1.43399200e-05 -5.53266963e-01  1.43399200e-05  7.78994451e-04 
 1.43419200e-05  5.64146506e-314  1.43419200e-05 -5.63021452e-01  1.43419200e-05  7.71969295e-04 
 1.43439200e-05  2.59296238e-314  1.43439200e-05 -5.72686807e-01  1.43439200e-05  7.64822182e-04 
 1.43459200e-05  5.64146506e-314  1.43459200e-05 -5.82261502e-01  1.43459200e-05  7.57554243e-04 
 1.43479200e-05  2.59296238e-314  1.43479200e-05 -5.91744023e-01  1.43479200e-05  7.50166630e-04 
 1.43499200e-05  5.64146506e-314  1.43499200e-05 -6.01132873e-01  1.43499200e-05  7.42660512e-04 
 1.43519200e-05  2.59296238e-314  1.43519200e-05 -6.10426569e-01  1.43519200e-05  7.35037077e-04 
 1.43539200e-05  5.64146506e-314  1.43539200e-05 -6.19623642e-01  1.43539200e-05  7.27297532e-04 
 1.43559200e-05  2.59296238e-314  1.43559200e-05 -6.28722639e-01  1.43559200e-05  7.19443102e-04 
 1.43579200e-05  5.64146506e-314  1.43579200e-05 -6.37722124e-01  1.43579200e-05  7.11475029e-04 
 1.43599200e-05  2.59296238e-314  1.43599200e-05 -6.46620675e-01  1.43599200e-05  7.03394576e-04 
 1.43619200e-05  5.64146506e-314  1.43619200e-05 -6.55416887e-01  1.43619200e-05  6.95203021e-04 
 1.43639200e-05  2.59296238e-314  1.43639200e-05 -6.64109369e-01  1.43639200e-05  6.86901660e-04 
 1.43659200e-05  5.64146506e-314  1.43659200e-05 -6.72696749e-01  1.43659200e-05  6.78491807e-04 
 1.43679200e-05  2.59296238e-314  1.43679200e-05 -6.81177671e-01  1.43679200e-05  6.69974794e-04 
 1.43699200e-05  5.64146506e-314  1.43699200e-05 -6.89550796e-01  1.43699200e-05  6.61351967e-04 
 1.43719200e-05  2.59296238e-314  1.43719200e-05 -6.97814800e-01  1.43719200e-05  6.52624693e-04 
 1.43739200e-05  5.64146506e-314  1.43739200e-05 -7.05968379e-01  1.43739200e-05  6.43794351e-04 
 1.43759200e-05  2.59296238e-314  1.43759200e-05 -7.14010245e-01  1.43759200e-05  6.34862338e-04 
 1.43779200e-05  5.64146506e-314  1.43779200e-05 -7.21939128e-01  1.43779200e-05  6.25830070e-04 
 1.43799200e-05  2.59296238e-314  1.43799200e-05 -7.29753776e-01  1.43799200e-05  6.16698973e-04 
 1.43819200e-05  5.64146506e-314  1.43819200e-05 -7.37452955e-01  1.43819200e-05  6.07470495e-04 
 1.43839200e-05  2.59296238e-314  1.43839200e-05 -7.45035449e-01  1.43839200e-05  5.98146093e-04 
 1.43859200e-05  5.64146506e-314  1.43859200e-05 -7.52500061e-01  1.43859200e-05  5.88727245e-04 
 1.43879200e-05  2.59296238e-314  1.43879200e-05 -7.59845613e-01  1.43879200e-05  5.79215440e-04 
 1.43899200e-05  5.64146506e-314  1.43899200e-05 -7.67070944e-01  1.43899200e-05  5.69612184e-04 
 1.43919200e-05  2.59296238e-314  1.43919200e-05 -7.74174913e-01  1.43919200e-05  5.59918994e-04 
 1.43939200e-05  5.64146506e-314  1.43939200e-05 -7.81156400e-01  1.43939200e-05  5.50137406e-04 
 1.43959200e-05  2.59296238e-314  1.43959200e-05 -7.88014302e-01  1.43959200e-05  5.40268967e-04 
 1.43979200e-05  5.64146506e-314  1.43979200e-05 -7.94747536e-01  1.43979200e-05  5.30315238e-04 
 1.43999200e-05  2.59296238e-314  1.43999200e-05 -8.01355039e-01  1.43999200e-05  5.20277793e-04 
 1.44019200e-05  5.64146506e-314  1.44019200e-05 -8.07835769e-01  1.44019200e-05  5.10158220e-04 
 1.44039200e-05  2.59296238e-314  1.44039200e-05 -8.14188702e-01  1.44039200e-05  4.99958122e-04 
 1.44059200e-05  5.64146506e-314  1.44059200e-05 -8.20412835e-01  1.44059200e-05  4.89679110e-04 
 1.44079200e-05  2.59296238e-314  1.44079200e-05 -8.26507187e-01  1.44079200e-05  4.79322811e-04 
 1.44099200e-05  5.64146506e-314  1.44099200e-05 -8.32470795e-01  1.44099200e-05  4.68890864e-04 
 1.44119200e-05  2.59296238e-314  1.44119200e-05 -8.38302718e-01  1.44119200e-05  4.58384918e-04 
 1.44139200e-05  5.64146506e-314  1.44139200e-05 -8.44002036e-01  1.44139200e-05  4.47806636e-04 
 1.44159200e-05  2.59296238e-314  1.44159200e-05 -8.49567850e-01  1.44159200e-05  4.37157691e-04 
 1.44179200e-05  5.64146506e-314  1.44179200e-05 -8.54999280e-01  1.44179200e-05  4.26439766e-04 
 1.44199200e-05  2.59296238e-314  1.44199200e-05 -8.60295471e-01  1.44199200e-05  4.15654559e-04 
 1.44219200e-05  5.64146506e-314  1.44219200e-05 -8.65455586e-01  1.44219200e-05  4.04803773e-04 
 1.44239200e-05  2.59296238e-314  1.44239200e-05 -8.70478812e-01  1.44239200e-05  3.93889126e-04 
 1.44259200e-05  5.64146506e-314  1.44259200e-05 -8.75364356e-01  1.44259200e-05  3.82912345e-04 
 1.44279200e-05  2.59296238e-314  1.44279200e-05 -8.80111447e-01  1.44279200e-05  3.71875164e-04 
 1.44299200e-05  5.64146506e-314  1.44299200e-05 -8.84719337e-01  1.44299200e-05  3.60779331e-04 
 1.44319200e-05  2.59296238e-314  1.44319200e-05 -8.89187299e-01  1.44319200e-05  3.49626599e-04 
 1.44339200e-05  5.64146506e-314  1.44339200e-05 -8.93514628e-01  1.44339200e-05  3.38418734e-04 
 1.44359200e-05  2.59296238e-314  1.44359200e-05 -8.97700642e-01  1.44359200e-05  3.27157506e-04 
 1.44379200e-05  5.64146506e-314  1.44379200e-05 -9.01744681e-01  1.44379200e-05  3.15844698e-04 
 1.44399200e-05  2.59296238e-314  1.44399200e-05 -9.05646107e-01  1.44399200e-05  3.04482099e-04 
 1.44419200e-05  5.64146506e-314  1.44419200e-05 -9.09404306e-01  1.44419200e-05  2.93071505e-04 
 1.44439200e-05  2.59296238e-314  1.44439200e-05 -9.13018685e-01  1.44439200e-05  2.81614721e-04 
 1.44459200e-05  5.64146506e-314  1.44459200e-05 -9.16488674e-01  1.44459200e-05  2.70113559e-04 
 1.44479200e-05  2.59296238e-314  1.44479200e-05 -9.19813727e-01  1.44479200e-05  2.58569838e-04 
 1.44499200e-05  5.64146506e-314  1.44499200e-05 -9.22993319e-01  1.44499200e-05  2.46985383e-04 
 1.44519200e-05  2.59296238e-314  1.44519200e-05 -9.26026951e-01  1.44519200e-05  2.35362027e-04 
 1.44539200e-05  5.64146506e-314  1.44539200e-05 -9.28914144e-01  1.44539200e-05  2.23701607e-04 
 1.44559200e-05  2.59296238e-314  1.44559200e-05 -9.31654443e-01  1.44559200e-05  2.12005967e-04 
 1.44579200e-05  5.64146506e-314  1.44579200e-05 -9.34247417e-01  1.44579200e-05  2.00276957e-04 
 1.44599200e-05  2.59296238e-314  1.44599200e-05 -9.36692659e-01  1.44599200e-05  1.88516432e-04 
 1.44619200e-05  5.64146506e-314  1.44619200e-05 -9.38989782e-01  1.44619200e-05  1.76726251e-04 
 1.44639200e-05  2.59296238e-314  1.44639200e-05 -9.41138427e-01  1.44639200e-05  1.64908278e-04 
 1.44659200e-05  5.64146506e-314  1.44659200e-05 -9.43138255e-01  1.44659200e-05  1.53064383e-04 
 1.44679200e-05  2.59296238e-314  1.44679200e-05 -9.44988952e-01  1.44679200e-05  1.41196438e-04 
 1.44699200e-05  5.64146506e-314  1.44699200e-05 -9.46690228e-01  1.44699200e-05  1.29306319e-04 
 1.44719200e-05  2.59296238e-314  1.44719200e-05 -9.48241814e-01  1.44719200e-05  1.17395908e-04 
 1.44739200e-05  5.64146506e-314  1.44739200e-05 -9.49643468e-01  1.44739200e-05  1.05467086e-04 
 1.44759200e-05  2.59296238e-314  1.44759200e-05 -9.50894970e-01  1.44759200e-05  9.35217397e-05 
 1.44779200e-05  5.64146506e-314  1.44779200e-05 -9.51996124e-01  1.44779200e-05  8.15617586e-05 
 1.44799200e-05  2.59296238e-314  1.44799200e-05 -9.52946758e-01  1.44799200e-05  6.95890332e-05 
 1.44819200e-05  5.64146506e-314  1.44819200e-05 -9.53746723e-01  1.44819200e-05  5.76054567e-05 
 1.44839200e-05  2.59296238e-314  1.44839200e-05 -9.54395895e-01  1.44839200e-05  4.56129235e-05 
 1.44859200e-05  5.64146506e-314  1.44859200e-05 -9.54894174e-01  1.44859200e-05  3.36133299e-05 
 1.44879200e-05  2.59296238e-314  1.44879200e-05 -9.55241481e-01  1.44879200e-05  2.16085731e-05 
 1.44899200e-05  5.64146506e-314  1.44899200e-05 -9.55437765e-01  1.44899200e-05  9.60055082e-06 
 1.44919200e-05  2.59296238e-314  1.44919200e-05 -9.55482996e-01  1.44919200e-05 -2.40883829e-06 
 1.44939200e-05  5.64146506e-314  1.44939200e-05 -9.55377169e-01  1.44939200e-05 -1.44176956e-05 
 1.44959200e-05  2.59296238e-314  1.44959200e-05 -9.55120302e-01  1.44959200e-05 -2.64241227e-05 
 1.44979200e-05  5.64146506e-314  1.44979200e-05 -9.54712438e-01  1.44979200e-05 -3.84262213e-05 
 1.44999200e-05  2.59296238e-314  1.44999200e-05 -9.54153644e-01  1.44999200e-05 -5.04220940e-05 
 1.45019200e-05  5.64146506e-314  1.45019200e-05 -9.53444009e-01  1.45019200e-05 -6.24098445e-05 
 1.45039200e-05  2.59296238e-314  1.45039200e-05 -9.52583648e-01  1.45039200e-05 -7.43875775e-05 
 1.45059200e-05  5.64146506e-314  1.45059200e-05 -9.51572698e-01  1.45059200e-05 -8.63533997e-05 
 1.45079200e-05  2.59296238e-314  1.45079200e-05 -9.50411322e-01  1.45079200e-05 -9.83054194e-05 
 1.45099200e-05  5.64146506e-314  1.45099200e-05 -9.49099705e-01  1.45099200e-05 -1.10241747e-04 
 1.45119200e-05  2.59296238e-314  1.45119200e-05 -9.47638055e-01  1.45119200e-05 -1.22160496e-04 
 1.45139200e-05  5.64146506e-314  1.45139200e-05 -9.46026607e-01  1.45139200e-05 -1.34059783e-04 
 1.45159200e-05  2.59296238e-314  1.45159200e-05 -9.44265616e-01  1.45159200e-05 -1.45937725e-04 
 1.45179200e-05  5.64146506e-314  1.45179200e-05 -9.42355364e-01  1.45179200e-05 -1.57792446e-04 
 1.45199200e-05  2.59296238e-314  1.45199200e-05 -9.40296153e-01  1.45199200e-05 -1.69622072e-04 
 1.45219200e-05  5.64146506e-314  1.45219200e-05 -9.38088311e-01  1.45219200e-05 -1.81424732e-04 
 1.45239200e-05  2.59296238e-314  1.45239200e-05 -9.35732190e-01  1.45239200e-05 -1.93198562e-04 
 1.45259200e-05  5.64146506e-314  1.45259200e-05 -9.33228163e-01  1.45259200e-05 -2.04941700e-04 
 1.45279200e-05  2.59296238e-314  1.45279200e-05 -9.30576629e-01  1.45279200e-05 -2.16652290e-04 
 1.45299200e-05  5.64146506e-314  1.45299200e-05 -9.27778008e-01  1.45299200e-05 -2.28328481e-04 
 1.45319200e-05  2.59296238e-314  1.45319200e-05 -9.24832744e-01  1.45319200e-05 -2.39968428e-04 
 1.45339200e-05  5.64146506e-314  1.45339200e-05 -9.21741305e-01  1.45339200e-05 -2.51570291e-04 
 1.45359200e-05  2.59296238e-314  1.45359200e-05 -9.18504183e-01  1.45359200e-05 -2.63132235e-04 
 1.45379200e-05  5.64146506e-314  1.45379200e-05 -9.15121889e-01  1.45379200e-05 -2.74652434e-04 
 1.45399200e-05  2.59296238e-314  1.45399200e-05 -9.11594961e-01  1.45399200e-05 -2.86129067e-04 
 1.45419200e-05  5.64146506e-314  1.45419200e-05 -9.07923959e-01  1.45419200e-05 -2.97560320e-04 
 1.45439200e-05  2.59296238e-314  1.45439200e-05 -9.04109464e-01  1.45439200e-05 -3.08944387e-04 
 1.45459200e-05  5.64146506e-314  1.45459200e-05 -9.00152081e-01  1.45459200e-05 -3.20279467e-04 
 1.45479200e-05  2.59296238e-314  1.45479200e-05 -8.96052438e-01  1.45479200e-05 -3.31563771e-04 
 1.45499200e-05  5.64146506e-314  1.45499200e-05 -8.91811185e-01  1.45499200e-05 -3.42795513e-04 
 1.45519200e-05  2.59296238e-314  1.45519200e-05 -8.87428994e-01  1.45519200e-05 -3.53972921e-04 
 1.45539200e-05  5.64146506e-314  1.45539200e-05 -8.82906559e-01  1.45539200e-05 -3.65094226e-04 
 1.45559200e-05  2.59296238e-314  1.45559200e-05 -8.78244597e-01  1.45559200e-05 -3.76157671e-04 
 1.45579200e-05  5.64146506e-314  1.45579200e-05 -8.73443847e-01  1.45579200e-05 -3.87161509e-04 
 1.45599200e-05  2.59296238e-314  1.45599200e-05 -8.68505071e-01  1.45599200e-05 -3.98104000e-04 
 1.45619200e-05  5.64146506e-314  1.45619200e-05 -8.63429049e-01  1.45619200e-05 -4.08983415e-04 
 1.45639200e-05  2.59296238e-314  1.45639200e-05 -8.58216587e-01  1.45639200e-05 -4.19798035e-04 
 1.45659200e-05  5.64146506e-314  1.45659200e-05 -8.52868511e-01  1.45659200e-05 -4.30546150e-04 
 1.45679200e-05  2.59296238e-314  1.45679200e-05 -8.47385666e-01  1.45679200e-05 -4.41226064e-04 
 1.45699200e-05  5.64146506e-314  1.45699200e-05 -8.41768923e-01  1.45699200e-05 -4.51836087e-04 
 1.45719200e-05  2.59296238e-314  1.45719200e-05 -8.36019171e-01  1.45719200e-05 -4.62374543e-04 
 1.45739200e-05  5.64146506e-314  1.45739200e-05 -8.30137320e-01  1.45739200e-05 -4.72839768e-04 
 1.45759200e-05  2.59296238e-314  1.45759200e-05 -8.24124302e-01  1.45759200e-05 -4.83230107e-04 
 1.45779200e-05  5.64146506e-314  1.45779200e-05 -8.17981069e-01  1.45779200e-05 -4.93543919e-04 
 1.45799200e-05  2.59296238e-314  1.45799200e-05 -8.11708594e-01  1.45799200e-05 -5.03779574e-04 
 1.45819200e-05  5.64146506e-314  1.45819200e-05 -8.05307871e-01  1.45819200e-05 -5.13935456e-04 
 1.45839200e-05  2.59296238e-314  1.45839200e-05 -7.98779912e-01  1.45839200e-05 -5.24009959e-04 
 1.45859200e-05  5.64146506e-314  1.45859200e-05 -7.92125752e-01  1.45859200e-05 -5.34001492e-04 
 1.45879200e-05  2.59296238e-314  1.45879200e-05 -7.85346444e-01  1.45879200e-05 -5.43908475e-04 
 1.45899200e-05  5.64146506e-314  1.45899200e-05 -7.78443062e-01  1.45899200e-05 -5.53729345e-04 
 1.45919200e-05  2.59296238e-314  1.45919200e-05 -7.71416698e-01  1.45919200e-05 -5.63462550e-04 
 1.45939200e-05  5.64146506e-314  1.45939200e-05 -7.64268464e-01  1.45939200e-05 -5.73106551e-04 
 1.45959200e-05  2.59296238e-314  1.45959200e-05 -7.56999493e-01  1.45959200e-05 -5.82659825e-04 
 1.45979200e-05  5.64146506e-314  1.45979200e-05 -7.49610935e-01  1.45979200e-05 -5.92120863e-04 
 1.45999200e-05  2.59296238e-314  1.45999200e-05 -7.42103960e-01  1.45999200e-05 -6.01488171e-04 
 1.46019200e-05  5.64146506e-314  1.46019200e-05 -7.34479756e-01  1.46019200e-05 -6.10760268e-04 
 1.46039200e-05  2.59296238e-314  1.46039200e-05 -7.26739530e-01  1.46039200e-05 -6.19935690e-04 
 1.46059200e-05  5.64146506e-314  1.46059200e-05 -7.18884507e-01  1.46059200e-05 -6.29012988e-04 
 1.46079200e-05  2.59296238e-314  1.46079200e-05 -7.10915930e-01  1.46079200e-05 -6.37990728e-04 
 1.46099200e-05  5.64146506e-314  1.46099200e-05 -7.02835061e-01  1.46099200e-05 -6.46867492e-04 
 1.46119200e-05  2.59296238e-314  1.46119200e-05 -6.94643178e-01  1.46119200e-05 -6.55641877e-04 
 1.46139200e-05  5.64146506e-314  1.46139200e-05 -6.86341578e-01  1.46139200e-05 -6.64312497e-04 
 1.46159200e-05  2.59296238e-314  1.46159200e-05 -6.77931575e-01  1.46159200e-05 -6.72877984e-04 
 1.46179200e-05  5.64146506e-314  1.46179200e-05 -6.69414500e-01  1.46179200e-05 -6.81336984e-04 
 1.46199200e-05  2.59296238e-314  1.46199200e-05 -6.60791700e-01  1.46199200e-05 -6.89688162e-04 
 1.46219200e-05  5.64146506e-314  1.46219200e-05 -6.52064541e-01  1.46219200e-05 -6.97930198e-04 
 1.46239200e-05  2.59296238e-314  1.46239200e-05 -6.43234403e-01  1.46239200e-05 -7.06061791e-04 
 1.46259200e-05  5.64146506e-314  1.46259200e-05 -6.34302683e-01  1.46259200e-05 -7.14081656e-04 
 1.46279200e-05  2.59296238e-314  1.46279200e-05 -6.25270795e-01  1.46279200e-05 -7.21988528e-04 
 1.46299200e-05  5.64146506e-314  1.46299200e-05 -6.16140168e-01  1.46299200e-05 -7.29781157e-04 
 1.46319200e-05  2.59296238e-314  1.46319200e-05 -6.06912247e-01  1.46319200e-05 -7.37458312e-04 
 1.46339200e-05  5.64146506e-314  1.46339200e-05 -5.97588491e-01  1.46339200e-05 -7.45018783e-04 
 1.46359200e-05  2.59296238e-314  1.46359200e-05 -5.88170377e-01  1.46359200e-05 -7.52461374e-04 
 1.46379200e-05  5.64146506e-314  1.46379200e-05 -5.78659394e-01  1.46379200e-05 -7.59784911e-04 
 1.46399200e-05  2.59296238e-314  1.46399200e-05 -5.69057047e-01  1.46399200e-05 -7.66988238e-04 
 1.46419200e-05  5.64146506e-314  1.46419200e-05 -5.59364856e-01  1.46419200e-05 -7.74070216e-04 
 1.46439200e-05  2.59296238e-314  1.46439200e-05 -5.49584353e-01  1.46439200e-05 -7.81029728e-04 
 1.46459200e-05  5.64146506e-314  1.46459200e-05 -5.39717086e-01  1.46459200e-05 -7.87865676e-04 
 1.46479200e-05  2.59296238e-314  1.46479200e-05 -5.29764617e-01  1.46479200e-05 -7.94576980e-04 
 1.46499200e-05  5.64146506e-314  1.46499200e-05 -5.19728519e-01  1.46499200e-05 -8.01162580e-04 
 1.46519200e-05  2.59296238e-314  1.46519200e-05 -5.09610381e-01  1.46519200e-05 -8.07621437e-04 
 1.46539200e-05  5.64146506e-314  1.46539200e-05 -4.99411802e-01  1.46539200e-05 -8.13952532e-04 
 1.46559200e-05  2.59296238e-314  1.46559200e-05 -4.89134397e-01  1.46559200e-05 -8.20154865e-04 
 1.46579200e-05  5.64146506e-314  1.46579200e-05 -4.78779791e-01  1.46579200e-05 -8.26227457e-04 
 1.46599200e-05  2.59296238e-314  1.46599200e-05 -4.68349623e-01  1.46599200e-05 -8.32169350e-04 
 1.46619200e-05  5.64146506e-314  1.46619200e-05 -4.57845541e-01  1.46619200e-05 -8.37979606e-04 
 1.46639200e-05  2.59296238e-314  1.46639200e-05 -4.47269208e-01  1.46639200e-05 -8.43657308e-04 
 1.46659200e-05  5.64146506e-314  1.46659200e-05 -4.36622297e-01  1.46659200e-05 -8.49201561e-04 
 1.46679200e-05  2.59296238e-314  1.46679200e-05 -4.25906492e-01  1.46679200e-05 -8.54611488e-04 
 1.46699200e-05  5.64146506e-314  1.46699200e-05 -4.15123487e-01  1.46699200e-05 -8.59886238e-04 
 1.46719200e-05  2.59296238e-314  1.46719200e-05 -4.04274989e-01  1.46719200e-05 -8.65024977e-04 
 1.46739200e-05  5.64146506e-314  1.46739200e-05 -3.93362713e-01  1.46739200e-05 -8.70026895e-04 
 1.46759200e-05  2.59296238e-314  1.46759200e-05 -3.82388386e-01  1.46759200e-05 -8.74891202e-04 
 1.46779200e-05  5.64146506e-314  1.46779200e-05 -3.71353742e-01  1.46779200e-05 -8.79617132e-04 
 1.46799200e-05  2.59296238e-314  1.46799200e-05 -3.60260528e-01  1.46799200e-05 -8.84203939e-04 
 1.46819200e-05  5.64146506e-314  1.46819200e-05 -3.49110497e-01  1.46819200e-05 -8.88650900e-04 
 1.46839200e-05  2.59296238e-314  1.46839200e-05 -3.37905414e-01  1.46839200e-05 -8.92957313e-04 
 1.46859200e-05  5.64146506e-314  1.46859200e-05 -3.26647051e-01  1.46859200e-05 -8.97122500e-04 
 1.46879200e-05  2.59296238e-314  1.46879200e-05 -3.15337187e-01  1.46879200e-05 -9.01145803e-04 
 1.46899200e-05  5.64146506e-314  1.46899200e-05 -3.03977612e-01  1.46899200e-05 -9.05026589e-04 
 1.46919200e-05  2.59296238e-314  1.46919200e-05 -2.92570123e-01  1.46919200e-05 -9.08764245e-04 
 1.46939200e-05  5.64146506e-314  1.46939200e-05 -2.81116523e-01  1.46939200e-05 -9.12358182e-04 
 1.46959200e-05  2.59296238e-314  1.46959200e-05 -2.69618623e-01  1.46959200e-05 -9.15807835e-04 
 1.46979200e-05  5.64146506e-314  1.46979200e-05 -2.58078243e-01  1.46979200e-05 -9.19112659e-04 
 1.46999200e-05  2.59296238e-314  1.46999200e-05 -2.46497206e-01  1.46999200e-05 -9.22272134e-04 
 1.47019200e-05  5.64146506e-314  1.47019200e-05 -2.34877345e-01  1.47019200e-05 -9.25285762e-04 
 1.47039200e-05  2.59296238e-314  1.47039200e-05 -2.23220497e-01  1.47039200e-05 -9.28153069e-04 
 1.47059200e-05  5.64146506e-314  1.47059200e-05 -2.11528506e-01  1.47059200e-05 -9.30873602e-04 
 1.47079200e-05  2.59296238e-314  1.47079200e-05 -1.99803219e-01  1.47079200e-05 -9.33446935e-04 
 1.47099200e-05  5.64146506e-314  1.47099200e-05 -1.88046492e-01  1.47099200e-05 -9.35872662e-04 
 1.47119200e-05  2.59296238e-314  1.47119200e-05 -1.76260184e-01  1.47119200e-05 -9.38150400e-04 
 1.47139200e-05  5.64146506e-314  1.47139200e-05 -1.64446157e-01  1.47139200e-05 -9.40279793e-04 
 1.47159200e-05  2.59296238e-314  1.47159200e-05 -1.52606281e-01  1.47159200e-05 -9.42260505e-04 
 1.47179200e-05  5.64146506e-314  1.47179200e-05 -1.40742427e-01  1.47179200e-05 -9.44092225e-04 
 1.47199200e-05  2.59296238e-314  1.47199200e-05 -1.28856472e-01  1.47199200e-05 -9.45774665e-04 
 1.47219200e-05  5.64146506e-314  1.47219200e-05 -1.16950295e-01  1.47219200e-05 -9.47307562e-04 
 1.47239200e-05  2.59296238e-314  1.47239200e-05 -1.05025777e-01  1.47239200e-05 -9.48690674e-04 
 1.47259200e-05  5.64146506e-314  1.47259200e-05 -9.30848060e-02  1.47259200e-05 -9.49923784e-04 
 1.47279200e-05  2.59296238e-314  1.47279200e-05 -8.11292684e-02  1.47279200e-05 -9.51006701e-04 
 1.47299200e-05  5.64146506e-314  1.47299200e-05 -6.91610548e-02  1.47299200e-05 -9.51939254e-04 
 1.47319200e-05  2.59296238e-314  1.47319200e-05 -5.71820576e-02  1.47319200e-05 -9.52721298e-04 
 1.47339200e-05  5.64146506e-314  1.47339200e-05 -4.51941708e-02  1.47339200e-05 -9.53352711e-04 
 1.47359200e-05  2.59296238e-314  1.47359200e-05 -3.31992896e-02  1.47359200e-05 -9.53833396e-04 
 1.47379200e-05  5.64146506e-314  1.47379200e-05 -2.11993105e-02  1.47379200e-05 -9.54163277e-04 
 1.47399200e-05  2.59296238e-314  1.47399200e-05 -9.19613074e-03  1.47399200e-05 -9.54342306e-04 
 1.47419200e-05  5.64146506e-314  1.47419200e-05  2.80835203e-03  1.47419200e-05 -9.54370455e-04 
 1.47439200e-05  2.59296238e-314  1.47439200e-05  1.48122399e-02  1.47439200e-05 -9.54247722e-04 
 1.47459200e-05  5.64146506e-314  1.47459200e-05  2.68136352e-02  1.47459200e-05 -9.53974128e-04 
 1.47479200e-05  2.59296238e-314  1.47479200e-05  3.88106406e-02  1.47479200e-05 -9.53549719e-04 
 1.47499200e-05  5.64146506e-314  1.47499200e-05  5.08013593e-02  1.47499200e-05 -9.52974563e-04 
 1.47519200e-05  2.59296238e-314  1.47519200e-05  6.27838959e-02  1.47519200e-05 -9.52248753e-04 
 1.47539200e-05  5.64146506e-314  1.47539200e-05  7.47563560e-02  1.47539200e-05 -9.51372406e-04 
 1.47559200e-05  2.59296238e-314  1.47559200e-05  8.67168470e-02  1.47559200e-05 -9.50345663e-04 
 1.47579200e-05  5.64146506e-314  1.47579200e-05  9.86634781e-02  1.47579200e-05 -9.49168687e-04 
 1.47599200e-05  2.59296238e-314  1.47599200e-05  1.10594361e-01  1.47599200e-05 -9.47841666e-04 
 1.47619200e-05  5.64146506e-314  1.47619200e-05  1.22507609e-01  1.47619200e-05 -9.46364813e-04 
 1.47639200e-05  2.59296238e-314  1.47639200e-05  1.34401340e-01  1.47639200e-05 -9.44738362e-04 
 1.47659200e-05  5.64146506e-314  1.47659200e-05  1.46273673e-01  1.47659200e-05 -9.42962573e-04 
 1.47679200e-05  2.59296238e-314  1.47679200e-05  1.58122731e-01  1.47679200e-05 -9.41037727e-04 
 1.47699200e-05  5.64146506e-314  1.47699200e-05  1.69946642e-01  1.47699200e-05 -9.38964132e-04 
 1.47719200e-05  2.59296238e-314  1.47719200e-05  1.81743537e-01  1.47719200e-05 -9.36742118e-04 
 1.47739200e-05  5.64146506e-314  1.47739200e-05  1.93511550e-01  1.47739200e-05 -9.34372036e-04 
 1.47759200e-05  2.59296238e-314  1.47759200e-05  2.05248823e-01  1.47759200e-05 -9.31854264e-04 
 1.47779200e-05  5.64146506e-314  1.47779200e-05  2.16953499e-01  1.47779200e-05 -9.29189202e-04 
 1.47799200e-05  2.59296238e-314  1.47799200e-05  2.28623728e-01  1.47799200e-05 -9.26377272e-04 
 1.47819200e-05  5.64146506e-314  1.47819200e-05  2.40257666e-01  1.47819200e-05 -9.23418922e-04 
 1.47839200e-05  2.59296238e-314  1.47839200e-05  2.51853475e-01  1.47839200e-05 -9.20314621e-04 
 1.47859200e-05  5.64146506e-314  1.47859200e-05  2.63409321e-01  1.47859200e-05 -9.17064861e-04 
 1.47879200e-05  2.59296238e-314  1.47879200e-05  2.74923377e-01  1.47879200e-05 -9.13670158e-04 
 1.47899200e-05  5.64146506e-314  1.47899200e-05  2.86393825e-01  1.47899200e-05 -9.10131050e-04 
 1.47919200e-05  2.59296238e-314  1.47919200e-05  2.97818851e-01  1.47919200e-05 -9.06448100e-04 
 1.47939200e-05  5.64146506e-314  1.47939200e-05  3.09196650e-01  1.47939200e-05 -9.02621890e-04 
 1.47959200e-05  2.59296238e-314  1.47959200e-05  3.20525423e-01  1.47959200e-05 -8.98653028e-04 
 1.47979200e-05  5.64146506e-314  1.47979200e-05  3.31803380e-01  1.47979200e-05 -8.94542142e-04 
 1.47999200e-05  2.59296238e-314  1.47999200e-05  3.43028739e-01  1.47999200e-05 -8.90289886e-04 
 1.48019200e-05  5.64146506e-314  1.48019200e-05  3.54199725e-01  1.48019200e-05 -8.85896932e-04 
 1.48039200e-05  2.59296238e-314  1.48039200e-05  3.65314574e-01  1.48039200e-05 -8.81363976e-04 
 1.48059200e-05  5.64146506e-314  1.48059200e-05  3.76371528e-01  1.48059200e-05 -8.76691738e-04 
 1.48079200e-05  2.59296238e-314  1.48079200e-05  3.87368840e-01  1.48079200e-05 -8.71880958e-04 
 1.48099200e-05  5.64146506e-314  1.48099200e-05  3.98304773e-01  1.48099200e-05 -8.66932398e-04 
 1.48119200e-05  2.59296238e-314  1.48119200e-05  4.09177599e-01  1.48119200e-05 -8.61846841e-04 
 1.48139200e-05  5.64146506e-314  1.48139200e-05  4.19985598e-01  1.48139200e-05 -8.56625095e-04 
 1.48159200e-05  2.59296238e-314  1.48159200e-05  4.30727064e-01  1.48159200e-05 -8.51267986e-04 
 1.48179200e-05  5.64146506e-314  1.48179200e-05  4.41400299e-01  1.48179200e-05 -8.45776362e-04 
 1.48199200e-05  2.59296238e-314  1.48199200e-05  4.52003616e-01  1.48199200e-05 -8.40151094e-04 
 1.48219200e-05  5.64146506e-314  1.48219200e-05  4.62535341e-01  1.48219200e-05 -8.34393072e-04 
 1.48239200e-05  2.59296238e-314  1.48239200e-05  4.72993808e-01  1.48239200e-05 -8.28503209e-04 
 1.48259200e-05  5.64146506e-314  1.48259200e-05  4.83377365e-01  1.48259200e-05 -8.22482437e-04 
 1.48279200e-05  2.59296238e-314  1.48279200e-05  4.93684373e-01  1.48279200e-05 -8.16331711e-04 
 1.48299200e-05  5.64146506e-314  1.48299200e-05  5.03913201e-01  1.48299200e-05 -8.10052003e-04 
 1.48319200e-05  2.59296238e-314  1.48319200e-05  5.14062234e-01  1.48319200e-05 -8.03644308e-04 
 1.48339200e-05  5.64146506e-314  1.48339200e-05  5.24129869e-01  1.48339200e-05 -7.97109642e-04 
 1.48359200e-05  2.59296238e-314  1.48359200e-05  5.34114515e-01  1.48359200e-05 -7.90449038e-04 
 1.48379200e-05  5.64146506e-314  1.48379200e-05  5.44014594e-01  1.48379200e-05 -7.83663551e-04 
 1.48399200e-05  2.59296238e-314  1.48399200e-05  5.53828543e-01  1.48399200e-05 -7.76754256e-04 
 1.48419200e-05  5.64146506e-314  1.48419200e-05  5.63554810e-01  1.48419200e-05 -7.69722246e-04 
 1.48439200e-05  2.59296238e-314  1.48439200e-05  5.73191860e-01  1.48439200e-05 -7.62568635e-04 
 1.48459200e-05  5.64146506e-314  1.48459200e-05  5.82738169e-01  1.48459200e-05 -7.55294556e-04 
 1.48479200e-05  2.59296238e-314  1.48479200e-05  5.92192230e-01  1.48479200e-05 -7.47901159e-04 
 1.48499200e-05  5.64146506e-314  1.48499200e-05  6.01552550e-01  1.48499200e-05 -7.40389615e-04 
 1.48519200e-05  2.59296238e-314  1.48519200e-05  6.10817648e-01  1.48519200e-05 -7.32761113e-04 
 1.48539200e-05  5.64146506e-314  1.48539200e-05  6.19986063e-01  1.48539200e-05 -7.25016861e-04 
 1.48559200e-05  2.59296238e-314  1.48559200e-05  6.29056346e-01  1.48559200e-05 -7.17158085e-04 
 1.48579200e-05  5.64146506e-314  1.48579200e-05  6.38027064e-01  1.48579200e-05 -7.09186027e-04 
 1.48599200e-05  2.59296238e-314  1.48599200e-05  6.46896799e-01  1.48599200e-05 -7.01101951e-04 
 1.48619200e-05  5.64146506e-314  1.48619200e-05  6.55664152e-01  1.48619200e-05 -6.92907135e-04 
 1.48639200e-05  2.59296238e-314  1.48639200e-05  6.64327737e-01  1.48639200e-05 -6.84602877e-04 
 1.48659200e-05  5.64146506e-314  1.48659200e-05  6.72886186e-01  1.48659200e-05 -6.76190490e-04 
 1.48679200e-05  2.59296238e-314  1.48679200e-05  6.81338147e-01  1.48679200e-05 -6.67671307e-04 
 1.48699200e-05  5.64146506e-314  1.48699200e-05  6.89682285e-01  1.48699200e-05 -6.59046675e-04 
 1.48719200e-05  2.59296238e-314  1.48719200e-05  6.97917283e-01  1.48719200e-05 -6.50317958e-04 
 1.48739200e-05  5.64146506e-314  1.48739200e-05  7.06041840e-01  1.48739200e-05 -6.41486540e-04 
 1.48759200e-05  2.59296238e-314  1.48759200e-05  7.14054672e-01  1.48759200e-05 -6.32553816e-04 
 1.48779200e-05  5.64146506e-314  1.48779200e-05  7.21954515e-01  1.48779200e-05 -6.23521200e-04 
 1.48799200e-05  2.59296238e-314  1.48799200e-05  7.29740121e-01  1.48799200e-05 -6.14390122e-04 
 1.48819200e-05  5.64146506e-314  1.48819200e-05  7.37410260e-01  1.48819200e-05 -6.05162026e-04 
 1.48839200e-05  2.59296238e-314  1.48839200e-05  7.44963722e-01  1.48839200e-05 -5.95838373e-04 
 1.48859200e-05  5.64146506e-314  1.48859200e-05  7.52399313e-01  1.48859200e-05 -5.86420638e-04 
 1.48879200e-05  2.59296238e-314  1.48879200e-05  7.59715860e-01  1.48879200e-05 -5.76910311e-04 
 1.48899200e-05  5.64146506e-314  1.48899200e-05  7.66912207e-01  1.48899200e-05 -5.67308896e-04 
 1.48919200e-05  2.59296238e-314  1.48919200e-05  7.73987218e-01  1.48919200e-05 -5.57617913e-04 
 1.48939200e-05  5.64146506e-314  1.48939200e-05  7.80939777e-01  1.48939200e-05 -5.47838895e-04 
 1.48959200e-05  2.59296238e-314  1.48959200e-05  7.87768785e-01  1.48959200e-05 -5.37973388e-04 
 1.48979200e-05  5.64146506e-314  1.48979200e-05  7.94473164e-01  1.48979200e-05 -5.28022955e-04 
 1.48999200e-05  2.59296238e-314  1.48999200e-05  8.01051857e-01  1.48999200e-05 -5.17989169e-04 
 1.49019200e-05  5.64146506e-314  1.49019200e-05  8.07503824e-01  1.49019200e-05 -5.07873617e-04 
 1.49039200e-05  2.59296238e-314  1.49039200e-05  8.13828048e-01  1.49039200e-05 -4.97677899e-04 
 1.49059200e-05  5.64146506e-314  1.49059200e-05  8.20023529e-01  1.49059200e-05 -4.87403629e-04 
 1.49079200e-05  2.59296238e-314  1.49079200e-05  8.26089290e-01  1.49079200e-05 -4.77052432e-04 
 1.49099200e-05  5.64146506e-314  1.49099200e-05  8.32024374e-01  1.49099200e-05 -4.66625945e-04 
 1.49119200e-05  2.59296238e-314  1.49119200e-05  8.37827845e-01  1.49119200e-05 -4.56125818e-04 
 1.49139200e-05  5.64146506e-314  1.49139200e-05  8.43498785e-01  1.49139200e-05 -4.45553711e-04 
 1.49159200e-05  2.59296238e-314  1.49159200e-05  8.49036301e-01  1.49159200e-05 -4.34911297e-04 
 1.49179200e-05  5.64146506e-314  1.49179200e-05  8.54439518e-01  1.49179200e-05 -4.24200260e-04 
 1.49199200e-05  2.59296238e-314  1.49199200e-05  8.59707585e-01  1.49199200e-05 -4.13422293e-04 
 1.49219200e-05  5.64146506e-314  1.49219200e-05  8.64839669e-01  1.49219200e-05 -4.02579101e-04 
 1.49239200e-05  2.59296238e-314  1.49239200e-05  8.69834961e-01  1.49239200e-05 -3.91672399e-04 
 1.49259200e-05  5.64146506e-314  1.49259200e-05  8.74692674e-01  1.49259200e-05 -3.80703913e-04 
 1.49279200e-05  2.59296238e-314  1.49279200e-05  8.79412040e-01  1.49279200e-05 -3.69675377e-04 
 1.49299200e-05  5.64146506e-314  1.49299200e-05  8.83992317e-01  1.49299200e-05 -3.58588535e-04 
 1.49319200e-05  2.59296238e-314  1.49319200e-05  8.88432780e-01  1.49319200e-05 -3.47445142e-04 
 1.49339200e-05  5.64146506e-314  1.49339200e-05  8.92732730e-01  1.49339200e-05 -3.36246959e-04 
 1.49359200e-05  2.59296238e-314  1.49359200e-05  8.96891490e-01  1.49359200e-05 -3.24995758e-04 
 1.49379200e-05  5.64146506e-314  1.49379200e-05  9.00908402e-01  1.49379200e-05 -3.13693318e-04 
 1.49399200e-05  2.59296238e-314  1.49399200e-05  9.04782834e-01  1.49399200e-05 -3.02341427e-04 
 1.49419200e-05  5.64146506e-314  1.49419200e-05  9.08514176e-01  1.49419200e-05 -2.90941879e-04 
 1.49439200e-05  2.59296238e-314  1.49439200e-05  9.12101839e-01  1.49439200e-05 -2.79496478e-04 
 1.49459200e-05  5.64146506e-314  1.49459200e-05  9.15545257e-01  1.49459200e-05 -2.68007033e-04 
 1.49479200e-05  2.59296238e-314  1.49479200e-05  9.18843888e-01  1.49479200e-05 -2.56475363e-04 
 1.49499200e-05  5.64146506e-314  1.49499200e-05  9.21997213e-01  1.49499200e-05 -2.44903290e-04 
 1.49519200e-05  2.59296238e-314  1.49519200e-05  9.25004735e-01  1.49519200e-05 -2.33292644e-04 
 1.49539200e-05  5.64146506e-314  1.49539200e-05  9.27865979e-01  1.49539200e-05 -2.21645261e-04 
 1.49559200e-05  2.59296238e-314  1.49559200e-05  9.30580497e-01  1.49559200e-05 -2.09962984e-04 
 1.49579200e-05  5.64146506e-314  1.49579200e-05  9.33147859e-01  1.49579200e-05 -1.98247659e-04 
 1.49599200e-05  2.59296238e-314  1.49599200e-05  9.35567663e-01  1.49599200e-05 -1.86501140e-04 
 1.49619200e-05  5.64146506e-314  1.49619200e-05  9.37839527e-01  1.49619200e-05 -1.74725283e-04 
 1.49639200e-05  2.59296238e-314  1.49639200e-05  9.39963095e-01  1.49639200e-05 -1.62921951e-04 
 1.49659200e-05  5.64146506e-314  1.49659200e-05  9.41938032e-01  1.49659200e-05 -1.51093010e-04 
 1.49679200e-05  2.59296238e-314  1.49679200e-05  9.43764027e-01  1.49679200e-05 -1.39240330e-04 
 1.49699200e-05  5.64146506e-314  1.49699200e-05  9.45440795e-01  1.49699200e-05 -1.27365786e-04 
 1.49719200e-05  2.59296238e-314  1.49719200e-05  9.46968072e-01  1.49719200e-05 -1.15471256e-04 
 1.49739200e-05  5.64146506e-314  1.49739200e-05  9.48345619e-01  1.49739200e-05 -1.03558619e-04 
 1.49759200e-05  2.59296238e-314  1.49759200e-05  9.49573219e-01  1.49759200e-05 -9.16297605e-05 
 1.49779200e-05  5.64146506e-314  1.49779200e-05  9.50650680e-01  1.49779200e-05 -7.96865653e-05 
 1.49799200e-05  2.59296238e-314  1.49799200e-05  9.51577834e-01  1.49799200e-05 -6.77309221e-05 
 1.49819200e-05  5.64146506e-314  1.49819200e-05  9.52354536e-01  1.49819200e-05 -5.57647212e-05 
 1.49839200e-05  2.59296238e-314  1.49839200e-05  9.52980665e-01  1.49839200e-05 -4.37898546e-05 
 1.49859200e-05  5.64146506e-314  1.49859200e-05  9.53456125e-01  1.49859200e-05 -3.18082154e-05 
 1.49879200e-05  2.59296238e-314  1.49879200e-05  9.53780841e-01  1.49879200e-05 -1.98216982e-05 
 1.49899200e-05  5.64146506e-314  1.49899200e-05  9.53954765e-01  1.49899200e-05 -7.83219784e-06 
 1.49919200e-05  2.59296238e-314  1.49919200e-05  9.53977871e-01  1.49919200e-05  4.15839003e-06 
 1.49939200e-05  5.64146506e-314  1.49939200e-05  9.53850157e-01  1.49939200e-05  1.61481698e-05 
 1.49959200e-05  2.59296238e-314  1.49959200e-05  9.53571645e-01  1.49959200e-05  2.81352459e-05 
 1.49979200e-05  5.64146506e-314  1.49979200e-05  9.53142381e-01  1.49979200e-05  4.01177233e-05 
 1.49999200e-05  2.59296238e-314  1.49999200e-05  9.52562435e-01  1.49999200e-05  5.20937076e-05 
 1.50019200e-05  5.64146506e-314  1.50019200e-05  9.51831900e-01  1.50019200e-05  6.40613057e-05 
 1.50039200e-05  2.59296238e-314  1.50039200e-05  9.50950894e-01  1.50039200e-05  7.60186255e-05 
 1.50059200e-05  5.64146506e-314  1.50059200e-05  9.49919558e-01  1.50059200e-05  8.79637768e-05 
 1.50079200e-05  2.59296238e-314  1.50079200e-05  9.48738057e-01  1.50079200e-05  9.98948714e-05 
 1.50099200e-05  5.64146506e-314  1.50099200e-05  9.47406580e-01  1.50099200e-05  1.11810023e-04 
 1.50119200e-05  2.59296238e-314  1.50119200e-05  9.45925339e-01  1.50119200e-05  1.23707348e-04 
 1.50139200e-05  5.64146506e-314  1.50139200e-05  9.44294569e-01  1.50139200e-05  1.35584966e-04 
 1.50159200e-05  2.59296238e-314  1.50159200e-05  9.42514532e-01  1.50159200e-05  1.47441000e-04 
 1.50179200e-05  5.64146506e-314  1.50179200e-05  9.40585509e-01  1.50179200e-05  1.59273574e-04 
 1.50199200e-05  2.59296238e-314  1.50199200e-05  9.38507809e-01  1.50199200e-05  1.71080820e-04 
 1.50219200e-05  5.64146506e-314  1.50219200e-05  9.36281761e-01  1.50219200e-05  1.82860870e-04 
 1.50239200e-05  2.59296238e-314  1.50239200e-05  9.33907718e-01  1.50239200e-05  1.94611862e-04 
 1.50259200e-05  5.64146506e-314  1.50259200e-05  9.31386059e-01  1.50259200e-05  2.06331940e-04 
 1.50279200e-05  2.59296238e-314  1.50279200e-05  9.28717184e-01  1.50279200e-05  2.18019250e-04 
 1.50299200e-05  5.64146506e-314  1.50299200e-05  9.25901516e-01  1.50299200e-05  2.29671945e-04 
 1.50319200e-05  2.59296238e-314  1.50319200e-05  9.22939502e-01  1.50319200e-05  2.41288184e-04 
 1.50339200e-05  5.64146506e-314  1.50339200e-05  9.19831614e-01  1.50339200e-05  2.52866130e-04 
 1.50359200e-05  2.59296238e-314  1.50359200e-05  9.16578343e-01  1.50359200e-05  2.64403954e-04 
 1.50379200e-05  5.64146506e-314  1.50379200e-05  9.13180206e-01  1.50379200e-05  2.75899831e-04 
 1.50399200e-05  2.59296238e-314  1.50399200e-05  9.09637742e-01  1.50399200e-05  2.87351946e-04 
 1.50419200e-05  5.64146506e-314  1.50419200e-05  9.05951512e-01  1.50419200e-05  2.98758487e-04 
 1.50439200e-05  2.59296238e-314  1.50439200e-05  9.02122103e-01  1.50439200e-05  3.10117653e-04 
 1.50459200e-05  5.64146506e-314  1.50459200e-05  8.98150120e-01  1.50459200e-05  3.21427648e-04 
 1.50479200e-05  2.59296238e-314  1.50479200e-05  8.94036193e-01  1.50479200e-05  3.32686684e-04 
 1.50499200e-05  5.64146506e-314  1.50499200e-05  8.89780975e-01  1.50499200e-05  3.43892982e-04 
 1.50519200e-05  2.59296238e-314  1.50519200e-05  8.85385140e-01  1.50519200e-05  3.55044772e-04 
 1.50539200e-05  5.64146506e-314  1.50539200e-05  8.80849385e-01  1.50539200e-05  3.66140291e-04 
 1.50559200e-05  2.59296238e-314  1.50559200e-05  8.76174429e-01  1.50559200e-05  3.77177785e-04 
 1.50579200e-05  5.64146506e-314  1.50579200e-05  8.71361012e-01  1.50579200e-05  3.88155510e-04 
 1.50599200e-05  2.59296238e-314  1.50599200e-05  8.66409897e-01  1.50599200e-05  3.99071732e-04 
 1.50619200e-05  5.64146506e-314  1.50619200e-05  8.61321869e-01  1.50619200e-05  4.09924725e-04 
 1.50639200e-05  2.59296238e-314  1.50639200e-05  8.56097734e-01  1.50639200e-05  4.20712774e-04 
 1.50659200e-05  5.64146506e-314  1.50659200e-05  8.50738319e-01  1.50659200e-05  4.31434175e-04 
 1.50679200e-05  2.59296238e-314  1.50679200e-05  8.45244474e-01  1.50679200e-05  4.42087233e-04 
 1.50699200e-05  5.64146506e-314  1.50699200e-05  8.39617068e-01  1.50699200e-05  4.52670265e-04 
 1.50719200e-05  2.59296238e-314  1.50719200e-05  8.33856993e-01  1.50719200e-05  4.63181599e-04 
 1.50739200e-05  5.64146506e-314  1.50739200e-05  8.27965162e-01  1.50739200e-05  4.73619575e-04 
 1.50759200e-05  2.59296238e-314  1.50759200e-05  8.21942507e-01  1.50759200e-05  4.83982541e-04 
 1.50779200e-05  5.64146506e-314  1.50779200e-05  8.15789983e-01  1.50779200e-05  4.94268862e-04 
 1.50799200e-05  2.59296238e-314  1.50799200e-05  8.09508563e-01  1.50799200e-05  5.04476913e-04 
 1.50819200e-05  5.64146506e-314  1.50819200e-05  8.03099242e-01  1.50819200e-05  5.14605079e-04 
 1.50839200e-05  2.59296238e-314  1.50839200e-05  7.96563035e-01  1.50839200e-05  5.24651761e-04 
 1.50859200e-05  5.64146506e-314  1.50859200e-05  7.89900978e-01  1.50859200e-05  5.34615372e-04 
 1.50879200e-05  2.59296238e-314  1.50879200e-05  7.83114125e-01  1.50879200e-05  5.44494337e-04 
 1.50899200e-05  5.64146506e-314  1.50899200e-05  7.76203549e-01  1.50899200e-05  5.54287096e-04 
 1.50919200e-05  2.59296238e-314  1.50919200e-05  7.69170347e-01  1.50919200e-05  5.63992102e-04 
 1.50939200e-05  5.64146506e-314  1.50939200e-05  7.62015630e-01  1.50939200e-05  5.73607821e-04 
 1.50959200e-05  2.59296238e-314  1.50959200e-05  7.54740533e-01  1.50959200e-05  5.83132734e-04 
 1.50979200e-05  5.64146506e-314  1.50979200e-05  7.47346205e-01  1.50979200e-05  5.92565337e-04 
 1.50999200e-05  2.59296238e-314  1.50999200e-05  7.39833819e-01  1.50999200e-05  6.01904140e-04 
 1.51019200e-05  5.64146506e-314  1.51019200e-05  7.32204562e-01  1.51019200e-05  6.11147667e-04 
 1.51039200e-05  2.59296238e-314  1.51039200e-05  7.24459643e-01  1.51039200e-05  6.20294458e-04 
 1.51059200e-05  5.64146506e-314  1.51059200e-05  7.16600287e-01  1.51059200e-05  6.29343068e-04 
 1.51079200e-05  2.59296238e-314  1.51079200e-05  7.08627739e-01  1.51079200e-05  6.38292068e-04 
 1.51099200e-05  5.64146506e-314  1.51099200e-05  7.00543261e-01  1.51099200e-05  6.47140044e-04 
 1.51119200e-05  2.59296238e-314  1.51119200e-05  6.92348131e-01  1.51119200e-05  6.55885600e-04 
 1.51139200e-05  5.64146506e-314  1.51139200e-05  6.84043647e-01  1.51139200e-05  6.64527352e-04 
 1.51159200e-05  2.59296238e-314  1.51159200e-05  6.75631123e-01  1.51159200e-05  6.73063938e-04 
 1.51179200e-05  5.64146506e-314  1.51179200e-05  6.67111891e-01  1.51179200e-05  6.81494008e-04 
 1.51199200e-05  2.59296238e-314  1.51199200e-05  6.58487298e-01  1.51199200e-05  6.89816230e-04 
 1.51219200e-05  5.64146506e-314  1.51219200e-05  6.49758710e-01  1.51219200e-05  6.98029291e-04 
 1.51239200e-05  2.59296238e-314  1.51239200e-05  6.40927507e-01  1.51239200e-05  7.06131894e-04 
 1.51259200e-05  5.64146506e-314  1.51259200e-05  6.31995088e-01  1.51259200e-05  7.14122759e-04 
 1.51279200e-05  2.59296238e-314  1.51279200e-05  6.22962866e-01  1.51279200e-05  7.22000623e-04 
 1.51299200e-05  5.64146506e-314  1.51299200e-05  6.13832269e-01  1.51299200e-05  7.29764243e-04 
 1.51319200e-05  2.59296238e-314  1.51319200e-05  6.04604743e-01  1.51319200e-05  7.37412394e-04 
 1.51339200e-05  5.64146506e-314  1.51339200e-05  5.95281748e-01  1.51339200e-05  7.44943866e-04 
 1.51359200e-05  2.59296238e-314  1.51359200e-05  5.85864758e-01  1.51359200e-05  7.52357472e-04 
 1.51379200e-05  5.64146506e-314  1.51379200e-05  5.76355264e-01  1.51379200e-05  7.59652040e-04 
 1.51399200e-05  2.59296238e-314  1.51399200e-05  5.66754771e-01  1.51399200e-05  7.66826419e-04 
 1.51419200e-05  5.64146506e-314  1.51419200e-05  5.57064797e-01  1.51419200e-05  7.73879476e-04 
 1.51439200e-05  2.59296238e-314  1.51439200e-05  5.47286875e-01  1.51439200e-05  7.80810097e-04 
 1.51459200e-05  5.64146506e-314  1.51459200e-05  5.37422552e-01  1.51459200e-05  7.87617189e-04 
 1.51479200e-05  2.59296238e-314  1.51479200e-05  5.27473390e-01  1.51479200e-05  7.94299676e-04 
 1.51499200e-05  5.64146506e-314  1.51499200e-05  5.17440961e-01  1.51499200e-05  8.00856504e-04 
 1.51519200e-05  2.59296238e-314  1.51519200e-05  5.07326853e-01  1.51519200e-05  8.07286638e-04 
 1.51539200e-05  5.64146506e-314  1.51539200e-05  4.97132666e-01  1.51539200e-05  8.13589063e-04 
 1.51559200e-05  2.59296238e-314  1.51559200e-05  4.86860013e-01  1.51559200e-05  8.19762784e-04 
 1.51579200e-05  5.64146506e-314  1.51579200e-05  4.76510519e-01  1.51579200e-05  8.25806826e-04 
 1.51599200e-05  2.59296238e-314  1.51599200e-05  4.66085820e-01  1.51599200e-05  8.31720236e-04 
 1.51619200e-05  5.64146506e-314  1.51619200e-05  4.55587566e-01  1.51619200e-05  8.37502080e-04 
 1.51639200e-05  2.59296238e-314  1.51639200e-05  4.45017419e-01  1.51639200e-05  8.43151447e-04 
 1.51659200e-05  5.64146506e-314  1.51659200e-05  4.34377048e-01  1.51659200e-05  8.48667443e-04 
 1.51679200e-05  2.59296238e-314  1.51679200e-05  4.23668138e-01  1.51679200e-05  8.54049201e-04 
 1.51699200e-05  5.64146506e-314  1.51699200e-05  4.12892383e-01  1.51699200e-05  8.59295869e-04 
 1.51719200e-05  2.59296238e-314  1.51719200e-05  4.02051487e-01  1.51719200e-05  8.64406620e-04 
 1.51739200e-05  5.64146506e-314  1.51739200e-05  3.91147165e-01  1.51739200e-05  8.69380648e-04 
 1.51759200e-05  2.59296238e-314  1.51759200e-05  3.80181141e-01  1.51759200e-05  8.74217168e-04 
 1.51779200e-05  5.64146506e-314  1.51779200e-05  3.69155150e-01  1.51779200e-05  8.78915418e-04 
 1.51799200e-05  2.59296238e-314  1.51799200e-05  3.58070935e-01  1.51799200e-05  8.83474657e-04 
 1.51819200e-05  5.64146506e-314  1.51819200e-05  3.46930251e-01  1.51819200e-05  8.87894164e-04 
 1.51839200e-05  2.59296238e-314  1.51839200e-05  3.35734858e-01  1.51839200e-05  8.92173244e-04 
 1.51859200e-05  5.64146506e-314  1.51859200e-05  3.24486528e-01  1.51859200e-05  8.96311222e-04 
 1.51879200e-05  2.59296238e-314  1.51879200e-05  3.13187040e-01  1.51879200e-05  9.00307444e-04 
 1.51899200e-05  5.64146506e-314  1.51899200e-05  3.01838180e-01  1.51899200e-05  9.04161282e-04 
 1.51919200e-05  2.59296238e-314  1.51919200e-05  2.90441743e-01  1.51919200e-05  9.07872128e-04 
 1.51939200e-05  5.64146506e-314  1.51939200e-05  2.78999533e-01  1.51939200e-05  9.11439396e-04 
 1.51959200e-05  2.59296238e-314  1.51959200e-05  2.67513357e-01  1.51959200e-05  9.14862525e-04 
 1.51979200e-05  5.64146506e-314  1.51979200e-05  2.55985033e-01  1.51979200e-05  9.18140976e-04 
 1.51999200e-05  2.59296238e-314  1.51999200e-05  2.44416384e-01  1.51999200e-05  9.21274231e-04 
 1.52019200e-05  5.64146506e-314  1.52019200e-05  2.32809239e-01  1.52019200e-05  9.24261798e-04 
 1.52039200e-05  2.59296238e-314  1.52039200e-05  2.21165434e-01  1.52039200e-05  9.27103205e-04 
 1.52059200e-05  5.64146506e-314  1.52059200e-05  2.09486810e-01  1.52059200e-05  9.29798006e-04 
 1.52079200e-05  2.59296238e-314  1.52079200e-05  1.97775214e-01  1.52079200e-05  9.32345776e-04 
 1.52099200e-05  5.64146506e-314  1.52099200e-05  1.86032498e-01  1.52099200e-05  9.34746114e-04 
 1.52119200e-05  2.59296238e-314  1.52119200e-05  1.74260518e-01  1.52119200e-05  9.36998643e-04 
 1.52139200e-05  5.64146506e-314  1.52139200e-05  1.62461137e-01  1.52139200e-05  9.39103008e-04 
 1.52159200e-05  2.59296238e-314  1.52159200e-05  1.50636219e-01  1.52159200e-05  9.41058879e-04 
 1.52179200e-05  5.64146506e-314  1.52179200e-05  1.38787635e-01  1.52179200e-05  9.42865948e-04 
 1.52199200e-05  2.59296238e-314  1.52199200e-05  1.26917259e-01  1.52199200e-05  9.44523932e-04 
 1.52219200e-05  5.64146506e-314  1.52219200e-05  1.15026966e-01  1.52219200e-05  9.46032570e-04 
 1.52239200e-05  2.59296238e-314  1.52239200e-05  1.03118638e-01  1.52239200e-05  9.47391625e-04 
 1.52259200e-05  5.64146506e-314  1.52259200e-05  9.11941568e-02  1.52259200e-05  9.48600885e-04 
 1.52279200e-05  2.59296238e-314  1.52279200e-05  7.92554081e-02  1.52279200e-05  9.49660160e-04 
 1.52299200e-05  5.64146506e-314  1.52299200e-05  6.73042795e-02  1.52299200e-05  9.50569284e-04 
 1.52319200e-05  2.59296238e-314  1.52319200e-05  5.53426606e-02  1.52319200e-05  9.51328117e-04 
 1.52339200e-05  5.64146506e-314  1.52339200e-05  4.33724427e-02  1.52339200e-05  9.51936539e-04 
 1.52359200e-05  2.59296238e-314  1.52359200e-05  3.13955182e-02  1.52359200e-05  9.52394457e-04 
 1.52379200e-05  5.64146506e-314  1.52379200e-05  1.94137807e-02  1.52379200e-05  9.52701799e-04 
 1.52399200e-05  2.59296238e-314  1.52399200e-05  7.42912462e-03  1.52399200e-05  9.52858520e-04 
 1.52419200e-05  5.64146506e-314  1.52419200e-05 -4.55655536e-03  1.52419200e-05  9.52864596e-04 
 1.52439200e-05  2.59296238e-314  1.52439200e-05 -1.65413643e-02  1.52439200e-05  9.52720029e-04 
 1.52459200e-05  5.64146506e-314  1.52459200e-05 -2.85234075e-02  1.52459200e-05  9.52424842e-04 
 1.52479200e-05  2.59296238e-314  1.52479200e-05 -4.05007907e-02  1.52479200e-05  9.51979086e-04 
 1.52499200e-05  5.64146506e-314  1.52499200e-05 -5.24716204e-02  1.52499200e-05  9.51382831e-04 
 1.52519200e-05  2.59296238e-314  1.52519200e-05 -6.44340041e-02  1.52519200e-05  9.50636174e-04 
 1.52539200e-05  5.64146506e-314  1.52539200e-05 -7.63860507e-02  1.52539200e-05  9.49739235e-04 
 1.52559200e-05  2.59296238e-314  1.52559200e-05 -8.83258708e-02  1.52559200e-05  9.48692158e-04 
 1.52579200e-05  5.64146506e-314  1.52579200e-05 -1.00251577e-01  1.52579200e-05  9.47495111e-04 
 1.52599200e-05  2.59296238e-314  1.52599200e-05 -1.12161284e-01  1.52599200e-05  9.46148283e-04 
 1.52619200e-05  5.64146506e-314  1.52619200e-05 -1.24053109e-01  1.52619200e-05  9.44651891e-04 
 1.52639200e-05  2.59296238e-314  1.52639200e-05 -1.35925172e-01  1.52639200e-05  9.43006172e-04 
 1.52659200e-05  5.64146506e-314  1.52659200e-05 -1.47775597e-01  1.52659200e-05  9.41211389e-04 
 1.52679200e-05  2.59296238e-314  1.52679200e-05 -1.59602510e-01  1.52679200e-05  9.39267827e-04 
 1.52699200e-05  5.64146506e-314  1.52699200e-05 -1.71404042e-01  1.52699200e-05  9.37175796e-04 
 1.52719200e-05  2.59296238e-314  1.52719200e-05 -1.83178328e-01  1.52719200e-05  9.34935627e-04 
 1.52739200e-05  5.64146506e-314  1.52739200e-05 -1.94923506e-01  1.52739200e-05  9.32547678e-04 
 1.52759200e-05  2.59296238e-314  1.52759200e-05 -2.06637720e-01  1.52759200e-05  9.30012327e-04 
 1.52779200e-05  5.64146506e-314  1.52779200e-05 -2.18319118e-01  1.52779200e-05  9.27329977e-04 
 1.52799200e-05  2.59296238e-314  1.52799200e-05 -2.29965854e-01  1.52799200e-05  9.24501054e-04 
 1.52819200e-05  5.64146506e-314  1.52819200e-05 -2.41576087e-01  1.52819200e-05  9.21526007e-04 
 1.52839200e-05  2.59296238e-314  1.52839200e-05 -2.53147982e-01  1.52839200e-05  9.18405308e-04 
 1.52859200e-05  5.64146506e-314  1.52859200e-05 -2.64679710e-01  1.52859200e-05  9.15139453e-04 
 1.52879200e-05  2.59296238e-314  1.52879200e-05 -2.76169449e-01  1.52879200e-05  9.11728959e-04 
 1.52899200e-05  5.64146506e-314  1.52899200e-05 -2.87615382e-01  1.52899200e-05  9.08174368e-04 
 1.52919200e-05  2.59296238e-314  1.52919200e-05 -2.99015700e-01  1.52919200e-05  9.04476244e-04 
 1.52939200e-05  5.64146506e-314  1.52939200e-05 -3.10368602e-01  1.52939200e-05  9.00635172e-04 
 1.52959200e-05  2.59296238e-314  1.52959200e-05 -3.21672293e-01  1.52959200e-05  8.96651762e-04 
 1.52979200e-05  5.64146506e-314  1.52979200e-05 -3.32924988e-01  1.52979200e-05  8.92526645e-04 
 1.52999200e-05  2.59296238e-314  1.52999200e-05 -3.44124907e-01  1.52999200e-05  8.88260476e-04 
 1.53019200e-05  5.64146506e-314  1.53019200e-05 -3.55270280e-01  1.53019200e-05  8.83853931e-04 
 1.53039200e-05  2.59296238e-314  1.53039200e-05 -3.66359347e-01  1.53039200e-05  8.79307707e-04 
 1.53059200e-05  5.64146506e-314  1.53059200e-05 -3.77390355e-01  1.53059200e-05  8.74622526e-04 
 1.53079200e-05  2.59296238e-314  1.53079200e-05 -3.88361561e-01  1.53079200e-05  8.69799131e-04 
 1.53099200e-05  5.64146506e-314  1.53099200e-05 -3.99271230e-01  1.53099200e-05  8.64838284e-04 
 1.53119200e-05  2.59296238e-314  1.53119200e-05 -4.10117639e-01  1.53119200e-05  8.59740772e-04 
 1.53139200e-05  5.64146506e-314  1.53139200e-05 -4.20899074e-01  1.53139200e-05  8.54507404e-04 
 1.53159200e-05  2.59296238e-314  1.53159200e-05 -4.31613831e-01  1.53159200e-05  8.49139007e-04 
 1.53179200e-05  5.64146506e-314  1.53179200e-05 -4.42260218e-01  1.53179200e-05  8.43636433e-04 
 1.53199200e-05  2.59296238e-314  1.53199200e-05 -4.52836551e-01  1.53199200e-05  8.38000553e-04 
 1.53219200e-05  5.64146506e-314  1.53219200e-05 -4.63341160e-01  1.53219200e-05  8.32232260e-04 
 1.53239200e-05  2.59296238e-314  1.53239200e-05 -4.73772385e-01  1.53239200e-05  8.26332467e-04 
 1.53259200e-05  5.64146506e-314  1.53259200e-05 -4.84128577e-01  1.53259200e-05  8.20302108e-04 
 1.53279200e-05  2.59296238e-314  1.53279200e-05 -4.94408100e-01  1.53279200e-05  8.14142140e-04 
 1.53299200e-05  5.64146506e-314  1.53299200e-05 -5.04609331e-01  1.53299200e-05  8.07853536e-04 
 1.53319200e-05  2.59296238e-314  1.53319200e-05 -5.14730657e-01  1.53319200e-05  8.01437294e-04 
 1.53339200e-05  5.64146506e-314  1.53339200e-05 -5.24770479e-01  1.53339200e-05  7.94894428e-04 
 1.53359200e-05  2.59296238e-314  1.53359200e-05 -5.34727211e-01  1.53359200e-05  7.88225976e-04 
 1.53379200e-05  5.64146506e-314  1.53379200e-05 -5.44599280e-01  1.53379200e-05  7.81432992e-04 
 1.53399200e-05  2.59296238e-314  1.53399200e-05 -5.54385126e-01  1.53399200e-05  7.74516552e-04 
 1.53419200e-05  5.64146506e-314  1.53419200e-05 -5.64083204e-01  1.53419200e-05  7.67477752e-04 
 1.53439200e-05  2.59296238e-314  1.53439200e-05 -5.73691980e-01  1.53439200e-05  7.60317706e-04 
 1.53459200e-05  5.64146506e-314  1.53459200e-05 -5.83209938e-01  1.53459200e-05  7.53037547e-04 
 1.53479200e-05  2.59296238e-314  1.53479200e-05 -5.92635573e-01  1.53479200e-05  7.45638427e-04 
 1.53499200e-05  5.64146506e-314  1.53499200e-05 -6.01967397e-01  1.53499200e-05  7.38121518e-04 
 1.53519200e-05  2.59296238e-314  1.53519200e-05 -6.11203934e-01  1.53519200e-05  7.30488011e-04 
 1.53539200e-05  5.64146506e-314  1.53539200e-05 -6.20343728e-01  1.53539200e-05  7.22739112e-04 
 1.53559200e-05  2.59296238e-314  1.53559200e-05 -6.29385332e-01  1.53559200e-05  7.14876048e-04 
 1.53579200e-05  5.64146506e-314  1.53579200e-05 -6.38327321e-01  1.53579200e-05  7.06900065e-04 
 1.53599200e-05  2.59296238e-314  1.53599200e-05 -6.47168280e-01  1.53599200e-05  6.98812425e-04 
 1.53619200e-05  5.64146506e-314  1.53619200e-05 -6.55906813e-01  1.53619200e-05  6.90614406e-04 
 1.53639200e-05  2.59296238e-314  1.53639200e-05 -6.64541541e-01  1.53639200e-05  6.82307308e-04 
 1.53659200e-05  5.64146506e-314  1.53659200e-05 -6.73071099e-01  1.53659200e-05  6.73892445e-04 
 1.53679200e-05  2.59296238e-314  1.53679200e-05 -6.81494141e-01  1.53679200e-05  6.65371148e-04 
 1.53699200e-05  5.64146506e-314  1.53699200e-05 -6.89809335e-01  1.53699200e-05  6.56744766e-04 
 1.53719200e-05  2.59296238e-314  1.53719200e-05 -6.98015369e-01  1.53719200e-05  6.48014663e-04 
 1.53739200e-05  5.64146506e-314  1.53739200e-05 -7.06110947e-01  1.53739200e-05  6.39182223e-04 
 1.53759200e-05  2.59296238e-314  1.53759200e-05 -7.14094790e-01  1.53759200e-05  6.30248841e-04 
 1.53779200e-05  5.64146506e-314  1.53779200e-05 -7.21965638e-01  1.53779200e-05  6.21215933e-04 
 1.53799200e-05  2.59296238e-314  1.53799200e-05 -7.29722247e-01  1.53799200e-05  6.12084926e-04 
 1.53819200e-05  5.64146506e-314  1.53819200e-05 -7.37363393e-01  1.53819200e-05  6.02857266e-04 
 1.53839200e-05  2.59296238e-314  1.53839200e-05 -7.44887869e-01  1.53839200e-05  5.93534413e-04 
 1.53859200e-05  5.64146506e-314  1.53859200e-05 -7.52294487e-01  1.53859200e-05  5.84117842e-04 
 1.53879200e-05  2.59296238e-314  1.53879200e-05 -7.59582077e-01  1.53879200e-05  5.74609044e-04 
 1.53899200e-05  5.64146506e-314  1.53899200e-05 -7.66749490e-01  1.53899200e-05  5.65009521e-04 
 1.53919200e-05  2.59296238e-314  1.53919200e-05 -7.73795592e-01  1.53919200e-05  5.55320794e-04 
 1.53939200e-05  5.64146506e-314  1.53939200e-05 -7.80719273e-01  1.53939200e-05  5.45544395e-04 
 1.53959200e-05  2.59296238e-314  1.53959200e-05 -7.87519438e-01  1.53959200e-05  5.35681870e-04 
 1.53979200e-05  5.64146506e-314  1.53979200e-05 -7.94195014e-01  1.53979200e-05  5.25734781e-04 
 1.53999200e-05  2.59296238e-314  1.53999200e-05 -8.00744948e-01  1.53999200e-05  5.15704700e-04 
 1.54019200e-05  5.64146506e-314  1.54019200e-05 -8.07168205e-01  1.54019200e-05  5.05593215e-04 
 1.54039200e-05  2.59296238e-314  1.54039200e-05 -8.13463772e-01  1.54039200e-05  4.95401924e-04 
 1.54059200e-05  5.64146506e-314  1.54059200e-05 -8.19630655e-01  1.54059200e-05  4.85132441e-04 
 1.54079200e-05  2.59296238e-314  1.54079200e-05 -8.25667881e-01  1.54079200e-05  4.74786390e-04 
 1.54099200e-05  5.64146506e-314  1.54099200e-05 -8.31574496e-01  1.54099200e-05  4.64365408e-04 
 1.54119200e-05  2.59296238e-314  1.54119200e-05 -8.37349568e-01  1.54119200e-05  4.53871142e-04 
 1.54139200e-05  5.64146506e-314  1.54139200e-05 -8.42992187e-01  1.54139200e-05  4.43305253e-04 
 1.54159200e-05  2.59296238e-314  1.54159200e-05 -8.48501462e-01  1.54159200e-05  4.32669412e-04 
 1.54179200e-05  5.64146506e-314  1.54179200e-05 -8.53876523e-01  1.54179200e-05  4.21965302e-04 
 1.54199200e-05  2.59296238e-314  1.54199200e-05 -8.59116522e-01  1.54199200e-05  4.11194615e-04 
 1.54219200e-05  5.64146506e-314  1.54219200e-05 -8.64220633e-01  1.54219200e-05  4.00359056e-04 
 1.54239200e-05  2.59296238e-314  1.54239200e-05 -8.69188051e-01  1.54239200e-05  3.89460338e-04 
 1.54259200e-05  5.64146506e-314  1.54259200e-05 -8.74017991e-01  1.54259200e-05  3.78500186e-04 
 1.54279200e-05  2.59296238e-314  1.54279200e-05 -8.78709693e-01  1.54279200e-05  3.67480331e-04 
 1.54299200e-05  5.64146506e-314  1.54299200e-05 -8.83262415e-01  1.54299200e-05  3.56402519e-04 
 1.54319200e-05  2.59296238e-314  1.54319200e-05 -8.87675440e-01  1.54319200e-05  3.45268499e-04 
 1.54339200e-05  5.64146506e-314  1.54339200e-05 -8.91948073e-01  1.54339200e-05  3.34080035e-04 
 1.54359200e-05  2.59296238e-314  1.54359200e-05 -8.96079638e-01  1.54359200e-05  3.22838894e-04 
 1.54379200e-05  5.64146506e-314  1.54379200e-05 -9.00069486e-01  1.54379200e-05  3.11546856e-04 
 1.54399200e-05  2.59296238e-314  1.54399200e-05 -9.03916986e-01  1.54399200e-05  3.00205705e-04 
 1.54419200e-05  5.64146506e-314  1.54419200e-05 -9.07621533e-01  1.54419200e-05  2.88817235e-04 
 1.54439200e-05  2.59296238e-314  1.54439200e-05 -9.11182542e-01  1.54439200e-05  2.77383248e-04 
 1.54459200e-05  5.64146506e-314  1.54459200e-05 -9.14599453e-01  1.54459200e-05  2.65905552e-04 
 1.54479200e-05  2.59296238e-314  1.54479200e-05 -9.17871727e-01  1.54479200e-05  2.54385961e-04 
 1.54499200e-05  5.64146506e-314  1.54499200e-05 -9.20998848e-01  1.54499200e-05  2.42826298e-04 
 1.54519200e-05  2.59296238e-314  1.54519200e-05 -9.23980324e-01  1.54519200e-05  2.31228390e-04 
 1.54539200e-05  5.64146506e-314  1.54539200e-05 -9.26815685e-01  1.54539200e-05  2.19594072e-04 
 1.54559200e-05  2.59296238e-314  1.54559200e-05 -9.29504486e-01  1.54559200e-05  2.07925184e-04 
 1.54579200e-05  5.64146506e-314  1.54579200e-05 -9.32046302e-01  1.54579200e-05  1.96223570e-04 
 1.54599200e-05  2.59296238e-314  1.54599200e-05 -9.34440733e-01  1.54599200e-05  1.84491080e-04 
 1.54619200e-05  5.64146506e-314  1.54619200e-05 -9.36687404e-01  1.54619200e-05  1.72729572e-04 
 1.54639200e-05  2.59296238e-314  1.54639200e-05 -9.38785961e-01  1.54639200e-05  1.60940903e-04 
 1.54659200e-05  5.64146506e-314  1.54659200e-05 -9.40736073e-01  1.54659200e-05  1.49126938e-04 
 1.54679200e-05  2.59296238e-314  1.54679200e-05 -9.42537434e-01  1.54679200e-05  1.37289546e-04 
 1.54699200e-05  5.64146506e-314  1.54699200e-05 -9.44189762e-01  1.54699200e-05  1.25430598e-04 
 1.54719200e-05  2.59296238e-314  1.54719200e-05 -9.45692797e-01  1.54719200e-05  1.13551968e-04 
 1.54739200e-05  5.64146506e-314  1.54739200e-05 -9.47046304e-01  1.54739200e-05  1.01655536e-04 
 1.54759200e-05  2.59296238e-314  1.54759200e-05 -9.48250069e-01  1.54759200e-05  8.97431819e-05 
 1.54779200e-05  5.64146506e-314  1.54779200e-05 -9.49303905e-01  1.54779200e-05  7.78167896e-05 
 1.54799200e-05  2.59296238e-314  1.54799200e-05 -9.50207648e-01  1.54799200e-05  6.58782448e-05 
 1.54819200e-05  5.64146506e-314  1.54819200e-05 -9.50961155e-01  1.54819200e-05  5.39294349e-05 
 1.54839200e-05  2.59296238e-314  1.54839200e-05 -9.51564310e-01  1.54839200e-05  4.19722493e-05 
 1.54859200e-05  5.64146506e-314  1.54859200e-05 -9.52017020e-01  1.54859200e-05  3.00085783e-05 
 1.54879200e-05  2.59296238e-314  1.54879200e-05 -9.52319214e-01  1.54879200e-05  1.80403134e-05 
 1.54899200e-05  5.64146506e-314  1.54899200e-05 -9.52470847e-01  1.54899200e-05  6.06934687e-06 
 1.54919200e-05  2.59296238e-314  1.54919200e-05 -9.52471897e-01  1.54919200e-05 -5.90242874e-06 
 1.54939200e-05  5.64146506e-314  1.54939200e-05 -9.52322365e-01  1.54939200e-05 -1.78731207e-05 
 1.54959200e-05  2.59296238e-314  1.54959200e-05 -9.52022278e-01  1.54959200e-05 -2.98408366e-05 
 1.54979200e-05  5.64146506e-314  1.54979200e-05 -9.51571683e-01  1.54979200e-05 -4.18036844e-05 
 1.54999200e-05  2.59296238e-314  1.54999200e-05 -9.50970655e-01  1.54999200e-05 -5.37597728e-05 
 1.55019200e-05  5.64146506e-314  1.55019200e-05 -9.50219290e-01  1.55019200e-05 -6.57072118e-05 
 1.55039200e-05  2.59296238e-314  1.55039200e-05 -9.49317710e-01  1.55039200e-05 -7.76441126e-05 
 1.55059200e-05  5.64146506e-314  1.55059200e-05 -9.48266058e-01  1.55059200e-05 -8.95685881e-05 
 1.55079200e-05  2.59296238e-314  1.55079200e-05 -9.47064502e-01  1.55079200e-05 -1.01478753e-04 
 1.55099200e-05  5.64146506e-314  1.55099200e-05 -9.45713235e-01  1.55099200e-05 -1.13372726e-04 
 1.55119200e-05  2.59296238e-314  1.55119200e-05 -9.44212472e-01  1.55119200e-05 -1.25248625e-04 
 1.55139200e-05  5.64146506e-314  1.55139200e-05 -9.42562451e-01  1.55139200e-05 -1.37104573e-04 
 1.55159200e-05  2.59296238e-314  1.55159200e-05 -9.40763437e-01  1.55159200e-05 -1.48938697e-04 
 1.55179200e-05  5.64146506e-314  1.55179200e-05 -9.38815715e-01  1.55179200e-05 -1.60749126e-04 
 1.55199200e-05  2.59296238e-314  1.55199200e-05 -9.36719595e-01  1.55199200e-05 -1.72533992e-04 
 1.55219200e-05  5.64146506e-314  1.55219200e-05 -9.34475410e-01  1.55219200e-05 -1.84291434e-04 
 1.55239200e-05  2.59296238e-314  1.55239200e-05 -9.32083516e-01  1.55239200e-05 -1.96019592e-04 
 1.55259200e-05  5.64146506e-314  1.55259200e-05 -9.29544295e-01  1.55259200e-05 -2.07716613e-04 
 1.55279200e-05  2.59296238e-314  1.55279200e-05 -9.26858149e-01  1.55279200e-05 -2.19380648e-04 
 1.55299200e-05  5.64146506e-314  1.55299200e-05 -9.24025504e-01  1.55299200e-05 -2.31009853e-04 
 1.55319200e-05  2.59296238e-314  1.55319200e-05 -9.21046811e-01  1.55319200e-05 -2.42602390e-04 
 1.55339200e-05  5.64146506e-314  1.55339200e-05 -9.17922541e-01  1.55339200e-05 -2.54156427e-04 
 1.55359200e-05  2.59296238e-314  1.55359200e-05 -9.14653192e-01  1.55359200e-05 -2.65670138e-04 
 1.55379200e-05  5.64146506e-314  1.55379200e-05 -9.11239281e-01  1.55379200e-05 -2.77141703e-04 
 1.55399200e-05  2.59296238e-314  1.55399200e-05 -9.07681350e-01  1.55399200e-05 -2.88569309e-04 
 1.55419200e-05  5.64146506e-314  1.55419200e-05 -9.03979964e-01  1.55419200e-05 -2.99951150e-04 
 1.55439200e-05  2.59296238e-314  1.55439200e-05 -9.00135708e-01  1.55439200e-05 -3.11285427e-04 
 1.55459200e-05  5.64146506e-314  1.55459200e-05 -8.96149194e-01  1.55459200e-05 -3.22570349e-04 
 1.55479200e-05  2.59296238e-314  1.55479200e-05 -8.92021053e-01  1.55479200e-05 -3.33804132e-04 
 1.55499200e-05  5.64146506e-314  1.55499200e-05 -8.87751939e-01  1.55499200e-05 -3.44985000e-04 
 1.55519200e-05  2.59296238e-314  1.55519200e-05 -8.83342529e-01  1.55519200e-05 -3.56111188e-04 
 1.55539200e-05  5.64146506e-314  1.55539200e-05 -8.78793522e-01  1.55539200e-05 -3.67180936e-04 
 1.55559200e-05  2.59296238e-314  1.55559200e-05 -8.74105638e-01  1.55559200e-05 -3.78192495e-04 
 1.55579200e-05  5.64146506e-314  1.55579200e-05 -8.69279622e-01  1.55579200e-05 -3.89144126e-04 
 1.55599200e-05  2.59296238e-314  1.55599200e-05 -8.64316237e-01  1.55599200e-05 -4.00034097e-04 
 1.55619200e-05  5.64146506e-314  1.55619200e-05 -8.59216270e-01  1.55619200e-05 -4.10860687e-04 
 1.55639200e-05  2.59296238e-314  1.55639200e-05 -8.53980528e-01  1.55639200e-05 -4.21622186e-04 
 1.55659200e-05  5.64146506e-314  1.55659200e-05 -8.48609842e-01  1.55659200e-05 -4.32316893e-04 
 1.55679200e-05  2.59296238e-314  1.55679200e-05 -8.43105062e-01  1.55679200e-05 -4.42943119e-04 
 1.55699200e-05  5.64146506e-314  1.55699200e-05 -8.37467060e-01  1.55699200e-05 -4.53499183e-04 
 1.55719200e-05  2.59296238e-314  1.55719200e-05 -8.31696730e-01  1.55719200e-05 -4.63983419e-04 
 1.55739200e-05  5.64146506e-314  1.55739200e-05 -8.25794984e-01  1.55739200e-05 -4.74394169e-04 
 1.55759200e-05  2.59296238e-314  1.55759200e-05 -8.19762758e-01  1.55759200e-05 -4.84729789e-04 
 1.55779200e-05  5.64146506e-314  1.55779200e-05 -8.13601006e-01  1.55779200e-05 -4.94988645e-04 
 1.55799200e-05  2.59296238e-314  1.55799200e-05 -8.07310706e-01  1.55799200e-05 -5.05169117e-04 
 1.55819200e-05  5.64146506e-314  1.55819200e-05 -8.00892853e-01  1.55819200e-05 -5.15269596e-04 
 1.55839200e-05  2.59296238e-314  1.55839200e-05 -7.94348462e-01  1.55839200e-05 -5.25288486e-04 
 1.55859200e-05  5.64146506e-314  1.55859200e-05 -7.87678571e-01  1.55859200e-05 -5.35224205e-04 
 1.55879200e-05  2.59296238e-314  1.55879200e-05 -7.80884235e-01  1.55879200e-05 -5.45075182e-04 
 1.55899200e-05  5.64146506e-314  1.55899200e-05 -7.73966530e-01  1.55899200e-05 -5.54839861e-04 
 1.55919200e-05  2.59296238e-314  1.55919200e-05 -7.66926552e-01  1.55919200e-05 -5.64516700e-04 
 1.55939200e-05  5.64146506e-314  1.55939200e-05 -7.59765415e-01  1.55939200e-05 -5.74104169e-04 
 1.55959200e-05  2.59296238e-314  1.55959200e-05 -7.52484252e-01  1.55959200e-05 -5.83600755e-04 
 1.55979200e-05  5.64146506e-314  1.55979200e-05 -7.45084216e-01  1.55979200e-05 -5.93004957e-04 
 1.55999200e-05  2.59296238e-314  1.55999200e-05 -7.37566478e-01  1.55999200e-05 -6.02315289e-04 
 1.56019200e-05  5.64146506e-314  1.56019200e-05 -7.29932229e-01  1.56019200e-05 -6.11530281e-04 
 1.56039200e-05  2.59296238e-314  1.56039200e-05 -7.22182677e-01  1.56039200e-05 -6.20648477e-04 
 1.56059200e-05  5.64146506e-314  1.56059200e-05 -7.14319049e-01  1.56059200e-05 -6.29668436e-04 
 1.56079200e-05  2.59296238e-314  1.56079200e-05 -7.06342589e-01  1.56079200e-05 -6.38588735e-04 
 1.56099200e-05  5.64146506e-314  1.56099200e-05 -6.98254559e-01  1.56099200e-05 -6.47407963e-04 
 1.56119200e-05  2.59296238e-314  1.56119200e-05 -6.90056240e-01  1.56119200e-05 -6.56124728e-04 
 1.56139200e-05  5.64146506e-314  1.56139200e-05 -6.81748930e-01  1.56139200e-05 -6.64737653e-04 
 1.56159200e-05  2.59296238e-314  1.56159200e-05 -6.73333942e-01  1.56159200e-05 -6.73245378e-04 
 1.56179200e-05  5.64146506e-314  1.56179200e-05 -6.64812609e-01  1.56179200e-05 -6.81646559e-04 
 1.56199200e-05  2.59296238e-314  1.56199200e-05 -6.56186280e-01  1.56199200e-05 -6.89939868e-04 
 1.56219200e-05  5.64146506e-314  1.56219200e-05 -6.47456318e-01  1.56219200e-05 -6.98123998e-04 
 1.56239200e-05  2.59296238e-314  1.56239200e-05 -6.38624107e-01  1.56239200e-05 -7.06197654e-04 
 1.56259200e-05  5.64146506e-314  1.56259200e-05 -6.29691042e-01  1.56259200e-05 -7.14159562e-04 
 1.56279200e-05  2.59296238e-314  1.56279200e-05 -6.20658539e-01  1.56279200e-05 -7.22008464e-04 
 1.56299200e-05  5.64146506e-314  1.56299200e-05 -6.11528026e-01  1.56299200e-05 -7.29743122e-04 
 1.56319200e-05  2.59296238e-314  1.56319200e-05 -6.02300948e-01  1.56319200e-05 -7.37362313e-04 
 1.56339200e-05  5.64146506e-314  1.56339200e-05 -5.92978764e-01  1.56339200e-05 -7.44864835e-04 
 1.56359200e-05  2.59296238e-314  1.56359200e-05 -5.83562951e-01  1.56359200e-05 -7.52249502e-04 
 1.56379200e-05  5.64146506e-314  1.56379200e-05 -5.74054997e-01  1.56379200e-05 -7.59515150e-04 
 1.56399200e-05  2.59296238e-314  1.56399200e-05 -5.64456407e-01  1.56399200e-05 -7.66660630e-04 
 1.56419200e-05  5.64146506e-314  1.56419200e-05 -5.54768700e-01  1.56419200e-05 -7.73684815e-04 
 1.56439200e-05  2.59296238e-314  1.56439200e-05 -5.44993408e-01  1.56439200e-05 -7.80586596e-04 
 1.56459200e-05  5.64146506e-314  1.56459200e-05 -5.35132078e-01  1.56459200e-05 -7.87364882e-04 
 1.56479200e-05  2.59296238e-314  1.56479200e-05 -5.25186270e-01  1.56479200e-05 -7.94018605e-04 
 1.56499200e-05  5.64146506e-314  1.56499200e-05 -5.15157557e-01  1.56499200e-05 -8.00546713e-04 
 1.56519200e-05  2.59296238e-314  1.56519200e-05 -5.05047527e-01  1.56519200e-05 -8.06948176e-04 
 1.56539200e-05  5.64146506e-314  1.56539200e-05 -4.94857777e-01  1.56539200e-05 -8.13221983e-04 
 1.56559200e-05  2.59296238e-314  1.56559200e-05 -4.84589921e-01  1.56559200e-05 -8.19367146e-04 
 1.56579200e-05  5.64146506e-314  1.56579200e-05 -4.74245582e-01  1.56579200e-05 -8.25382692e-04 
 1.56599200e-05  2.59296238e-314  1.56599200e-05 -4.63826398e-01  1.56599200e-05 -8.31267674e-04 
 1.56619200e-05  5.64146506e-314  1.56619200e-05 -4.53334015e-01  1.56619200e-05 -8.37021162e-04 
 1.56639200e-05  2.59296238e-314  1.56639200e-05 -4.42770094e-01  1.56639200e-05 -8.42642248e-04 
 1.56659200e-05  5.64146506e-314  1.56659200e-05 -4.32136306e-01  1.56659200e-05 -8.48130046e-04 
 1.56679200e-05  2.59296238e-314  1.56679200e-05 -4.21434333e-01  1.56679200e-05 -8.53483689e-04 
 1.56699200e-05  5.64146506e-314  1.56699200e-05 -4.10665868e-01  1.56699200e-05 -8.58702334e-04 
 1.56719200e-05  2.59296238e-314  1.56719200e-05 -3.99832613e-01  1.56719200e-05 -8.63785155e-04 
 1.56739200e-05  5.64146506e-314  1.56739200e-05 -3.88936283e-01  1.56739200e-05 -8.68731352e-04 
 1.56759200e-05  2.59296238e-314  1.56759200e-05 -3.77978600e-01  1.56759200e-05 -8.73540144e-04 
 1.56779200e-05  5.64146506e-314  1.56779200e-05 -3.66961299e-01  1.56779200e-05 -8.78210773e-04 
 1.56799200e-05  2.59296238e-314  1.56799200e-05 -3.55886121e-01  1.56799200e-05 -8.82742503e-04 
 1.56819200e-05  5.64146506e-314  1.56819200e-05 -3.44754818e-01  1.56819200e-05 -8.87134617e-04 
 1.56839200e-05  2.59296238e-314  1.56839200e-05 -3.33569152e-01  1.56839200e-05 -8.91386425e-04 
 1.56859200e-05  5.64146506e-314  1.56859200e-05 -3.22330889e-01  1.56859200e-05 -8.95497254e-04 
 1.56879200e-05  2.59296238e-314  1.56879200e-05 -3.11041809e-01  1.56879200e-05 -8.99466458e-04 
 1.56899200e-05  5.64146506e-314  1.56899200e-05 -2.99703697e-01  1.56899200e-05 -9.03293411e-04 
 1.56919200e-05  2.59296238e-314  1.56919200e-05 -2.88318345e-01  1.56919200e-05 -9.06977508e-04 
 1.56939200e-05  5.64146506e-314  1.56939200e-05 -2.76887555e-01  1.56939200e-05 -9.10518171e-04 
 1.56959200e-05  2.59296238e-314  1.56959200e-05 -2.65413134e-01  1.56959200e-05 -9.13914840e-04 
 1.56979200e-05  5.64146506e-314  1.56979200e-05 -2.53896896e-01  1.56979200e-05 -9.17166980e-04 
 1.56999200e-05  2.59296238e-314  1.56999200e-05 -2.42340663e-01  1.56999200e-05 -9.20274080e-04 
 1.57019200e-05  5.64146506e-314  1.57019200e-05 -2.30746262e-01  1.57019200e-05 -9.23235649e-04 
 1.57039200e-05  2.59296238e-314  1.57039200e-05 -2.19115527e-01  1.57039200e-05 -9.26051221e-04 
 1.57059200e-05  5.64146506e-314  1.57059200e-05 -2.07450297e-01  1.57059200e-05 -9.28720354e-04 
 1.57079200e-05  2.59296238e-314  1.57079200e-05 -1.95752416e-01  1.57079200e-05 -9.31242627e-04 
 1.57099200e-05  5.64146506e-314  1.57099200e-05 -1.84023735e-01  1.57099200e-05 -9.33617642e-04 
 1.57119200e-05  2.59296238e-314  1.57119200e-05 -1.72266109e-01  1.57119200e-05 -9.35845027e-04 
 1.57139200e-05  5.64146506e-314  1.57139200e-05 -1.60481395e-01  1.57139200e-05 -9.37924432e-04 
 1.57159200e-05  2.59296238e-314  1.57159200e-05 -1.48671458e-01  1.57159200e-05 -9.39855528e-04 
 1.57179200e-05  5.64146506e-314  1.57179200e-05 -1.36838165e-01  1.57179200e-05 -9.41638013e-04 
 1.57199200e-05  2.59296238e-314  1.57199200e-05 -1.24983388e-01  1.57199200e-05 -9.43271607e-04 
 1.57219200e-05  5.64146506e-314  1.57219200e-05 -1.13109000e-01  1.57219200e-05 -9.44756053e-04 
 1.57239200e-05  2.59296238e-314  1.57239200e-05 -1.01216880e-01  1.57239200e-05 -9.46091119e-04 
 1.57259200e-05  5.64146506e-314  1.57259200e-05 -8.93089065e-02  1.57259200e-05 -9.47276596e-04 
 1.57279200e-05  2.59296238e-314  1.57279200e-05 -7.73869638e-02  1.57279200e-05 -9.48312297e-04 
 1.57299200e-05  5.64146506e-314  1.57299200e-05 -6.54529363e-02  1.57299200e-05 -9.49198061e-04 
 1.57319200e-05  2.59296238e-314  1.57319200e-05 -5.35087111e-02  1.57319200e-05 -9.49933751e-04 
 1.57339200e-05  5.64146506e-314  1.57339200e-05 -4.15561765e-02  1.57339200e-05 -9.50519251e-04 
 1.57359200e-05  2.59296238e-314  1.57359200e-05 -2.95972223e-02  1.57359200e-05 -9.50954470e-04 
 1.57379200e-05  5.64146506e-314  1.57379200e-05 -1.76337392e-02  1.57379200e-05 -9.51239343e-04 
 1.57399200e-05  2.59296238e-314  1.57399200e-05 -5.66761863e-03  1.57399200e-05 -9.51373825e-04 
 1.57419200e-05  5.64146506e-314  1.57419200e-05  6.29924755e-03  1.57419200e-05 -9.51357898e-04 
 1.57439200e-05  2.59296238e-314  1.57439200e-05  1.82649674e-02  1.57439200e-05 -9.51191565e-04 
 1.57459200e-05  5.64146506e-314  1.57459200e-05  3.02276493e-02  1.57459200e-05 -9.50874855e-04 
 1.57479200e-05  2.59296238e-314  1.57479200e-05  4.21854020e-02  1.57479200e-05 -9.50407821e-04 
 1.57499200e-05  5.64146506e-314  1.57499200e-05  5.41363351e-02  1.57499200e-05 -9.49790536e-04 
 1.57519200e-05  2.59296238e-314  1.57519200e-05  6.60785592e-02  1.57519200e-05 -9.49023102e-04 
 1.57539200e-05  5.64146506e-314  1.57539200e-05  7.80101865e-02  1.57539200e-05 -9.48105642e-04 
 1.57559200e-05  2.59296238e-314  1.57559200e-05  8.99293308e-02  1.57559200e-05 -9.47038301e-04 
 1.57579200e-05  5.64146506e-314  1.57579200e-05  1.01834108e-01  1.57579200e-05 -9.45821252e-04 
 1.57599200e-05  2.59296238e-314  1.57599200e-05  1.13722636e-01  1.57599200e-05 -9.44454688e-04 
 1.57619200e-05  5.64146506e-314  1.57619200e-05  1.25593035e-01  1.57619200e-05 -9.42938827e-04 
 1.57639200e-05  2.59296238e-314  1.57639200e-05  1.37443430e-01  1.57639200e-05 -9.41273910e-04 
 1.57659200e-05  5.64146506e-314  1.57659200e-05  1.49271946e-01  1.57659200e-05 -9.39460203e-04 
 1.57679200e-05  2.59296238e-314  1.57679200e-05  1.61076715e-01  1.57679200e-05 -9.37497995e-04 
 1.57699200e-05  5.64146506e-314  1.57699200e-05  1.72855869e-01  1.57699200e-05 -9.35387597e-04 
 1.57719200e-05  2.59296238e-314  1.57719200e-05  1.84607548e-01  1.57719200e-05 -9.33129345e-04 
 1.57739200e-05  5.64146506e-314  1.57739200e-05  1.96329894e-01  1.57739200e-05 -9.30723597e-04 
 1.57759200e-05  2.59296238e-314  1.57759200e-05  2.08021053e-01  1.57759200e-05 -9.28170737e-04 
 1.57779200e-05  5.64146506e-314  1.57779200e-05  2.19679178e-01  1.57779200e-05 -9.25471169e-04 
 1.57799200e-05  2.59296238e-314  1.57799200e-05  2.31302427e-01  1.57799200e-05 -9.22625323e-04 
 1.57819200e-05  5.64146506e-314  1.57819200e-05  2.42888961e-01  1.57819200e-05 -9.19633649e-04 
 1.57839200e-05  2.59296238e-314  1.57839200e-05  2.54436950e-01  1.57839200e-05 -9.16496622e-04 
 1.57859200e-05  5.64146506e-314  1.57859200e-05  2.65944569e-01  1.57859200e-05 -9.13214742e-04 
 1.57879200e-05  2.59296238e-314  1.57879200e-05  2.77409998e-01  1.57879200e-05 -9.09788527e-04 
 1.57899200e-05  5.64146506e-314  1.57899200e-05  2.88831426e-01  1.57899200e-05 -9.06218522e-04 
 1.57919200e-05  2.59296238e-314  1.57919200e-05  3.00207048e-01  1.57919200e-05 -9.02505292e-04 
 1.57939200e-05  5.64146506e-314  1.57939200e-05  3.11535065e-01  1.57939200e-05 -8.98649427e-04 
 1.57959200e-05  2.59296238e-314  1.57959200e-05  3.22813687e-01  1.57959200e-05 -8.94651539e-04 
 1.57979200e-05  5.64146506e-314  1.57979200e-05  3.34041133e-01  1.57979200e-05 -8.90512260e-04 
 1.57999200e-05  2.59296238e-314  1.57999200e-05  3.45215626e-01  1.57999200e-05 -8.86232247e-04 
 1.58019200e-05  5.64146506e-314  1.58019200e-05  3.56335403e-01  1.58019200e-05 -8.81812178e-04 
 1.58039200e-05  2.59296238e-314  1.58039200e-05  3.67398704e-01  1.58039200e-05 -8.77252755e-04 
 1.58059200e-05  5.64146506e-314  1.58059200e-05  3.78403782e-01  1.58059200e-05 -8.72554699e-04 
 1.58079200e-05  2.59296238e-314  1.58079200e-05  3.89348898e-01  1.58079200e-05 -8.67718755e-04 
 1.58099200e-05  5.64146506e-314  1.58099200e-05  4.00232323e-01  1.58099200e-05 -8.62745689e-04 
 1.58119200e-05  2.59296238e-314  1.58119200e-05  4.11052335e-01  1.58119200e-05 -8.57636290e-04 
 1.58139200e-05  5.64146506e-314  1.58139200e-05  4.21807226e-01  1.58139200e-05 -8.52391367e-04 
 1.58159200e-05  2.59296238e-314  1.58159200e-05  4.32495296e-01  1.58159200e-05 -8.47011750e-04 
 1.58179200e-05  5.64146506e-314  1.58179200e-05  4.43114856e-01  1.58179200e-05 -8.41498292e-04 
 1.58199200e-05  2.59296238e-314  1.58199200e-05  4.53664228e-01  1.58199200e-05 -8.35851866e-04 
 1.58219200e-05  5.64146506e-314  1.58219200e-05  4.64141745e-01  1.58219200e-05 -8.30073367e-04 
 1.58239200e-05  2.59296238e-314  1.58239200e-05  4.74545752e-01  1.58239200e-05 -8.24163709e-04 
 1.58259200e-05  5.64146506e-314  1.58259200e-05  4.84874604e-01  1.58259200e-05 -8.18123829e-04 
 1.58279200e-05  2.59296238e-314  1.58279200e-05  4.95126671e-01  1.58279200e-05 -8.11954684e-04 
 1.58299200e-05  5.64146506e-314  1.58299200e-05  5.05300330e-01  1.58299200e-05 -8.05657249e-04 
 1.58319200e-05  2.59296238e-314  1.58319200e-05  5.15393977e-01  1.58319200e-05 -7.99232523e-04 
 1.58339200e-05  5.64146506e-314  1.58339200e-05  5.25406015e-01  1.58339200e-05 -7.92681522e-04 
 1.58359200e-05  2.59296238e-314  1.58359200e-05  5.35334863e-01  1.58359200e-05 -7.86005285e-04 
 1.58379200e-05  5.64146506e-314  1.58379200e-05  5.45178952e-01  1.58379200e-05 -7.79204867e-04 
 1.58399200e-05  2.59296238e-314  1.58399200e-05  5.54936727e-01  1.58399200e-05 -7.72281346e-04 
 1.58419200e-05  5.64146506e-314  1.58419200e-05  5.64606646e-01  1.58419200e-05 -7.65235818e-04 
 1.58439200e-05  2.59296238e-314  1.58439200e-05  5.74187182e-01  1.58439200e-05 -7.58069398e-04 
 1.58459200e-05  5.64146506e-314  1.58459200e-05  5.83676821e-01  1.58459200e-05 -7.50783221e-04 
 1.58479200e-05  2.59296238e-314  1.58479200e-05  5.93074064e-01  1.58479200e-05 -7.43378440e-04 
 1.58499200e-05  5.64146506e-314  1.58499200e-05  6.02377427e-01  1.58499200e-05 -7.35856227e-04 
 1.58519200e-05  2.59296238e-314  1.58519200e-05  6.11585439e-01  1.58519200e-05 -7.28217773e-04 
 1.58539200e-05  5.64146506e-314  1.58539200e-05  6.20696647e-01  1.58539200e-05 -7.20464287e-04 
 1.58559200e-05  2.59296238e-314  1.58559200e-05  6.29709611e-01  1.58559200e-05 -7.12596997e-04 
 1.58579200e-05  5.64146506e-314  1.58579200e-05  6.38622908e-01  1.58579200e-05 -7.04617147e-04 
 1.58599200e-05  2.59296238e-314  1.58599200e-05  6.47435129e-01  1.58599200e-05 -6.96526000e-04 
 1.58619200e-05  5.64146506e-314  1.58619200e-05  6.56144883e-01  1.58619200e-05 -6.88324837e-04 
 1.58639200e-05  2.59296238e-314  1.58639200e-05  6.64750793e-01  1.58639200e-05 -6.80014957e-04 
 1.58659200e-05  5.64146506e-314  1.58659200e-05  6.73251502e-01  1.58659200e-05 -6.71597673e-04 
 1.58679200e-05  2.59296238e-314  1.58679200e-05  6.81645665e-01  1.58679200e-05 -6.63074319e-04 
 1.58699200e-05  5.64146506e-314  1.58699200e-05  6.89931958e-01  1.58699200e-05 -6.54446243e-04 
 1.58719200e-05  2.59296238e-314  1.58719200e-05  6.98109072e-01  1.58719200e-05 -6.45714810e-04 
 1.58739200e-05  5.64146506e-314  1.58739200e-05  7.06175714e-01  1.58739200e-05 -6.36881403e-04 
 1.58759200e-05  2.59296238e-314  1.58759200e-05  7.14130613e-01  1.58759200e-05 -6.27947418e-04 
 1.58779200e-05  5.64146506e-314  1.58779200e-05  7.21972510e-01  1.58779200e-05 -6.18914270e-04 
 1.58799200e-05  2.59296238e-314  1.58799200e-05  7.29700168e-01  1.58799200e-05 -6.09783388e-04 
 1.58819200e-05  5.64146506e-314  1.58819200e-05  7.37312367e-01  1.58819200e-05 -6.00556216e-04 
 1.58839200e-05  2.59296238e-314  1.58839200e-05  7.44807904e-01  1.58839200e-05 -5.91234215e-04 
 1.58859200e-05  5.64146506e-314  1.58859200e-05  7.52185597e-01  1.58859200e-05 -5.81818860e-04 
 1.58879200e-05  2.59296238e-314  1.58879200e-05  7.59444279e-01  1.58879200e-05 -5.72311641e-04 
 1.58899200e-05  5.64146506e-314  1.58899200e-05  7.66582805e-01  1.58899200e-05 -5.62714061e-04 
 1.58919200e-05  2.59296238e-314  1.58919200e-05  7.73600049e-01  1.58919200e-05 -5.53027639e-04 
 1.58939200e-05  5.64146506e-314  1.58939200e-05  7.80494901e-01  1.58939200e-05 -5.43253907e-04 
 1.58959200e-05  2.59296238e-314  1.58959200e-05  7.87266274e-01  1.58959200e-05 -5.33394413e-04 
 1.58979200e-05  5.64146506e-314  1.58979200e-05  7.93913099e-01  1.58979200e-05 -5.23450715e-04 
 1.58999200e-05  2.59296238e-314  1.58999200e-05  8.00434326e-01  1.58999200e-05 -5.13424386e-04 
 1.59019200e-05  5.64146506e-314  1.59019200e-05  8.06828926e-01  1.59019200e-05 -5.03317014e-04 
 1.59039200e-05  2.59296238e-314  1.59039200e-05  8.13095890e-01  1.59039200e-05 -4.93130197e-04 
 1.59059200e-05  5.64146506e-314  1.59059200e-05  8.19234228e-01  1.59059200e-05 -4.82865546e-04 
 1.59079200e-05  2.59296238e-314  1.59079200e-05  8.25242971e-01  1.59079200e-05 -4.72524685e-04 
 1.59099200e-05  5.64146506e-314  1.59099200e-05  8.31121172e-01  1.59099200e-05 -4.62109250e-04 
 1.59119200e-05  2.59296238e-314  1.59119200e-05  8.36867903e-01  1.59119200e-05 -4.51620888e-04 
 1.59139200e-05  5.64146506e-314  1.59139200e-05  8.42482256e-01  1.59139200e-05 -4.41061259e-04 
 1.59159200e-05  2.59296238e-314  1.59159200e-05  8.47963346e-01  1.59159200e-05 -4.30432033e-04 
 1.59179200e-05  5.64146506e-314  1.59179200e-05  8.53310307e-01  1.59179200e-05 -4.19734891e-04 
 1.59199200e-05  2.59296238e-314  1.59199200e-05  8.58522297e-01  1.59199200e-05 -4.08971526e-04 
 1.59219200e-05  5.64146506e-314  1.59219200e-05  8.63598493e-01  1.59219200e-05 -3.98143639e-04 
 1.59239200e-05  2.59296238e-314  1.59239200e-05  8.68538095e-01  1.59239200e-05 -3.87252944e-04 
 1.59259200e-05  5.64146506e-314  1.59259200e-05  8.73340322e-01  1.59259200e-05 -3.76301162e-04 
 1.59279200e-05  2.59296238e-314  1.59279200e-05  8.78004417e-01  1.59279200e-05 -3.65290027e-04 
 1.59299200e-05  5.64146506e-314  1.59299200e-05  8.82529646e-01  1.59299200e-05 -3.54221279e-04 
 1.59319200e-05  2.59296238e-314  1.59319200e-05  8.86915293e-01  1.59319200e-05 -3.43096669e-04 
 1.59339200e-05  5.64146506e-314  1.59339200e-05  8.91160668e-01  1.59339200e-05 -3.31917958e-04 
 1.59359200e-05  2.59296238e-314  1.59359200e-05  8.95265101e-01  1.59359200e-05 -3.20686912e-04 
 1.59379200e-05  5.64146506e-314  1.59379200e-05  8.99227945e-01  1.59379200e-05 -3.09405308e-04 
 1.59399200e-05  2.59296238e-314  1.59399200e-05  9.03048576e-01  1.59399200e-05 -2.98074930e-04 
 1.59419200e-05  5.64146506e-314  1.59419200e-05  9.06726390e-01  1.59419200e-05 -2.86697571e-04 
 1.59439200e-05  2.59296238e-314  1.59439200e-05  9.10260809e-01  1.59439200e-05 -2.75275028e-04 
 1.59459200e-05  5.64146506e-314  1.59459200e-05  9.13651275e-01  1.59459200e-05 -2.63809110e-04 
 1.59479200e-05  2.59296238e-314  1.59479200e-05  9.16897255e-01  1.59479200e-05 -2.52301629e-04 
 1.59499200e-05  5.64146506e-314  1.59499200e-05  9.19998236e-01  1.59499200e-05 -2.40754404e-04 
 1.59519200e-05  2.59296238e-314  1.59519200e-05  9.22953731e-01  1.59519200e-05 -2.29169263e-04 
 1.59539200e-05  5.64146506e-314  1.59539200e-05  9.25763274e-01  1.59539200e-05 -2.17548036e-04 
 1.59559200e-05  2.59296238e-314  1.59559200e-05  9.28426422e-01  1.59559200e-05 -2.05892562e-04 
 1.59579200e-05  5.64146506e-314  1.59579200e-05  9.30942757e-01  1.59579200e-05 -1.94204684e-04 
 1.59599200e-05  2.59296238e-314  1.59599200e-05  9.33311882e-01  1.59599200e-05 -1.82486250e-04 
 1.59619200e-05  5.64146506e-314  1.59619200e-05  9.35533426e-01  1.59619200e-05 -1.70739113e-04 
 1.59639200e-05  2.59296238e-314  1.59639200e-05  9.37607037e-01  1.59639200e-05 -1.58965131e-04 
 1.59659200e-05  5.64146506e-314  1.59659200e-05  9.39532391e-01  1.59659200e-05 -1.47166164e-04 
 1.59679200e-05  2.59296238e-314  1.59679200e-05  9.41309185e-01  1.59679200e-05 -1.35344080e-04 
 1.59699200e-05  5.64146506e-314  1.59699200e-05  9.42937140e-01  1.59699200e-05 -1.23500747e-04 
 1.59719200e-05  2.59296238e-314  1.59719200e-05  9.44416000e-01  1.59719200e-05 -1.11638038e-04 
 1.59739200e-05  5.64146506e-314  1.59739200e-05  9.45745534e-01  1.59739200e-05 -9.97578291e-05 
 1.59759200e-05  2.59296238e-314  1.59759200e-05  9.46925533e-01  1.59759200e-05 -8.78619978e-05 
 1.59779200e-05  5.64146506e-314  1.59779200e-05  9.47955812e-01  1.59779200e-05 -7.59524254e-05 
 1.59799200e-05  2.59296238e-314  1.59799200e-05  9.48836211e-01  1.59799200e-05 -6.40309950e-05 
 1.59819200e-05  5.64146506e-314  1.59819200e-05  9.49566592e-01  1.59819200e-05 -5.20995915e-05 
 1.59839200e-05  2.59296238e-314  1.59839200e-05  9.50146842e-01  1.59839200e-05 -4.01601011e-05 
 1.59859200e-05  5.64146506e-314  1.59859200e-05  9.50576870e-01  1.59859200e-05 -2.82144117e-05 
 1.59879200e-05  2.59296238e-314  1.59879200e-05  9.50856611e-01  1.59879200e-05 -1.62644119e-05 
 1.59899200e-05  5.64146506e-314  1.59899200e-05  9.50986023e-01  1.59899200e-05 -4.31199094e-06 
 1.59919200e-05  2.59296238e-314  1.59919200e-05  9.50965086e-01  1.59919200e-05  7.64096151e-06 
 1.59939200e-05  5.64146506e-314  1.59939200e-05  9.50793806e-01  1.59939200e-05  1.95925557e-05 
 1.59959200e-05  2.59296238e-314  1.59959200e-05  9.50472212e-01  1.59959200e-05  3.15409022e-05 
 1.59979200e-05  5.64146506e-314  1.59979200e-05  9.50000356e-01  1.59979200e-05  4.34841121e-05 
 1.59999200e-05  2.59296238e-314  1.59999200e-05  9.49378316e-01  1.59999200e-05  5.54202972e-05 
 1.60019200e-05  5.64146506e-314  1.60019200e-05  9.48606191e-01  1.60019200e-05  6.73475706e-05 
 1.60039200e-05  2.59296238e-314  1.60039200e-05  9.47684105e-01  1.60039200e-05  7.92640467e-05 
 1.60059200e-05  5.64146506e-314  1.60059200e-05  9.46612207e-01  1.60059200e-05  9.11678417e-05 
 1.60079200e-05  2.59296238e-314  1.60079200e-05  9.45390666e-01  1.60079200e-05  1.03057074e-04 
 1.60099200e-05  5.64146506e-314  1.60099200e-05  9.44019679e-01  1.60099200e-05  1.14929864e-04 
 1.60119200e-05  2.59296238e-314  1.60119200e-05  9.42499464e-01  1.60119200e-05  1.26784335e-04 
 1.60139200e-05  5.64146506e-314  1.60139200e-05  9.40830263e-01  1.60139200e-05  1.38618612e-04 
 1.60159200e-05  2.59296238e-314  1.60159200e-05  9.39012342e-01  1.60159200e-05  1.50430827e-04 
 1.60179200e-05  5.64146506e-314  1.60179200e-05  9.37045991e-01  1.60179200e-05  1.62219110e-04 
 1.60199200e-05  2.59296238e-314  1.60199200e-05  9.34931521e-01  1.60199200e-05  1.73981599e-04 
 1.60219200e-05  5.64146506e-314  1.60219200e-05  9.32669269e-01  1.60219200e-05  1.85716434e-04 
 1.60239200e-05  2.59296238e-314  1.60239200e-05  9.30259595e-01  1.60239200e-05  1.97421761e-04 
 1.60259200e-05  5.64146506e-314  1.60259200e-05  9.27702881e-01  1.60259200e-05  2.09095729e-04 
 1.60279200e-05  2.59296238e-314  1.60279200e-05  9.24999534e-01  1.60279200e-05  2.20736493e-04 
 1.60299200e-05  5.64146506e-314  1.60299200e-05  9.22149982e-01  1.60299200e-05  2.32342214e-04 
 1.60319200e-05  2.59296238e-314  1.60319200e-05  9.19154678e-01  1.60319200e-05  2.43911057e-04 
 1.60339200e-05  5.64146506e-314  1.60339200e-05  9.16014098e-01  1.60339200e-05  2.55441193e-04 
 1.60359200e-05  2.59296238e-314  1.60359200e-05  9.12728740e-01  1.60359200e-05  2.66930799e-04 
 1.60379200e-05  5.64146506e-314  1.60379200e-05  9.09299124e-01  1.60379200e-05  2.78378061e-04 
 1.60399200e-05  2.59296238e-314  1.60399200e-05  9.05725796e-01  1.60399200e-05  2.89781169e-04 
 1.60419200e-05  5.64146506e-314  1.60419200e-05  9.02009321e-01  1.60419200e-05  3.01138320e-04 
 1.60439200e-05  2.59296238e-314  1.60439200e-05  8.98150289e-01  1.60439200e-05  3.12447720e-04 
 1.60459200e-05  5.64146506e-314  1.60459200e-05  8.94149313e-01  1.60459200e-05  3.23707581e-04 
 1.60479200e-05  2.59296238e-314  1.60479200e-05  8.90007025e-01  1.60479200e-05  3.34916124e-04 
 1.60499200e-05  5.64146506e-314  1.60499200e-05  8.85724084e-01  1.60499200e-05  3.46071578e-04 
 1.60519200e-05  2.59296238e-314  1.60519200e-05  8.81301167e-01  1.60519200e-05  3.57172179e-04 
 1.60539200e-05  5.64146506e-314  1.60539200e-05  8.76738976e-01  1.60539200e-05  3.68216172e-04 
 1.60559200e-05  2.59296238e-314  1.60559200e-05  8.72038234e-01  1.60559200e-05  3.79201814e-04 
 1.60579200e-05  5.64146506e-314  1.60579200e-05  8.67199686e-01  1.60579200e-05  3.90127368e-04 
 1.60599200e-05  2.59296238e-314  1.60599200e-05  8.62224098e-01  1.60599200e-05  4.00991107e-04 
 1.60619200e-05  5.64146506e-314  1.60619200e-05  8.57112259e-01  1.60619200e-05  4.11791314e-04 
 1.60639200e-05  2.59296238e-314  1.60639200e-05  8.51864978e-01  1.60639200e-05  4.22526283e-04 
 1.60659200e-05  5.64146506e-314  1.60659200e-05  8.46483088e-01  1.60659200e-05  4.33194318e-04 
 1.60679200e-05  2.59296238e-314  1.60679200e-05  8.40967439e-01  1.60679200e-05  4.43793733e-04 
 1.60699200e-05  5.64146506e-314  1.60699200e-05  8.35318907e-01  1.60699200e-05  4.54322853e-04 
 1.60719200e-05  2.59296238e-314  1.60719200e-05  8.29538386e-01  1.60719200e-05  4.64780014e-04 
 1.60739200e-05  5.64146506e-314  1.60739200e-05  8.23626791e-01  1.60739200e-05  4.75163564e-04 
 1.60759200e-05  2.59296238e-314  1.60759200e-05  8.17585059e-01  1.60759200e-05  4.85471862e-04 
 1.60779200e-05  5.64146506e-314  1.60779200e-05  8.11414146e-01  1.60779200e-05  4.95703279e-04 
 1.60799200e-05  2.59296238e-314  1.60799200e-05  8.05115030e-01  1.60799200e-05  5.05856200e-04 
 1.60819200e-05  5.64146506e-314  1.60819200e-05  7.98688708e-01  1.60819200e-05  5.15929019e-04 
 1.60839200e-05  2.59296238e-314  1.60839200e-05  7.92136198e-01  1.60839200e-05  5.25920146e-04 
 1.60859200e-05  5.64146506e-314  1.60859200e-05  7.85458536e-01  1.60859200e-05  5.35828002e-04 
 1.60879200e-05  2.59296238e-314  1.60879200e-05  7.78656781e-01  1.60879200e-05  5.45651021e-04 
 1.60899200e-05  5.64146506e-314  1.60899200e-05  7.71732010e-01  1.60899200e-05  5.55387651e-04 
 1.60919200e-05  2.59296238e-314  1.60919200e-05  7.64685318e-01  1.60919200e-05  5.65036355e-04 
 1.60939200e-05  5.64146506e-314  1.60939200e-05  7.57517821e-01  1.60939200e-05  5.74595608e-04 
 1.60959200e-05  2.59296238e-314  1.60959200e-05  7.50230655e-01  1.60959200e-05  5.84063900e-04 
 1.60979200e-05  5.64146506e-314  1.60979200e-05  7.42824971e-01  1.60979200e-05  5.93439735e-04 
 1.60999200e-05  2.59296238e-314  1.60999200e-05  7.35301944e-01  1.60999200e-05  6.02721631e-04 
 1.61019200e-05  5.64146506e-314  1.61019200e-05  7.27662763e-01  1.61019200e-05  6.11908124e-04 
 1.61039200e-05  2.59296238e-314  1.61039200e-05  7.19908638e-01  1.61039200e-05  6.20997761e-04 
 1.61059200e-05  5.64146506e-314  1.61059200e-05  7.12040796e-01  1.61059200e-05  6.29989107e-04 
 1.61079200e-05  2.59296238e-314  1.61079200e-05  7.04060483e-01  1.61079200e-05  6.38880742e-04 
 1.61099200e-05  5.64146506e-314  1.61099200e-05  6.95968961e-01  1.61099200e-05  6.47671260e-04 
 1.61119200e-05  2.59296238e-314  1.61119200e-05  6.87767511e-01  1.61119200e-05  6.56359274e-04 
 1.61139200e-05  5.64146506e-314  1.61139200e-05  6.79457431e-01  1.61139200e-05  6.64943412e-04 
 1.61159200e-05  2.59296238e-314  1.61159200e-05  6.71040036e-01  1.61159200e-05  6.73422317e-04 
 1.61179200e-05  5.64146506e-314  1.61179200e-05  6.62516659e-01  1.61179200e-05  6.81794650e-04 
 1.61199200e-05  2.59296238e-314  1.61199200e-05  6.53888648e-01  1.61199200e-05  6.90059090e-04 
 1.61219200e-05  5.64146506e-314  1.61219200e-05  6.45157369e-01  1.61219200e-05  6.98214330e-04 
 1.61239200e-05  2.59296238e-314  1.61239200e-05  6.36324203e-01  1.61239200e-05  7.06259083e-04 
 1.61259200e-05  5.64146506e-314  1.61259200e-05  6.27390548e-01  1.61259200e-05  7.14192079e-04 
 1.61279200e-05  2.59296238e-314  1.61279200e-05  6.18357817e-01  1.61279200e-05  7.22012065e-04 
 1.61299200e-05  5.64146506e-314  1.61299200e-05  6.09227441e-01  1.61299200e-05  7.29717805e-04 
 1.61319200e-05  2.59296238e-314  1.61319200e-05  6.00000863e-01  1.61319200e-05  7.37308083e-04 
 1.61339200e-05  5.64146506e-314  1.61339200e-05  5.90679543e-01  1.61339200e-05  7.44781701e-04 
 1.61359200e-05  2.59296238e-314  1.61359200e-05  5.81264957e-01  1.61359200e-05  7.52137479e-04 
 1.61379200e-05  5.64146506e-314  1.61379200e-05  5.71758594e-01  1.61379200e-05  7.59374254e-04 
 1.61399200e-05  2.59296238e-314  1.61399200e-05  5.62161958e-01  1.61399200e-05  7.66490885e-04 
 1.61419200e-05  5.64146506e-314  1.61419200e-05  5.52476567e-01  1.61419200e-05  7.73486247e-04 
 1.61439200e-05  2.59296238e-314  1.61439200e-05  5.42703954e-01  1.61439200e-05  7.80359237e-04 
 1.61459200e-05  5.64146506e-314  1.61459200e-05  5.32845665e-01  1.61459200e-05  7.87108769e-04 
 1.61479200e-05  2.59296238e-314  1.61479200e-05  5.22903259e-01  1.61479200e-05  7.93733778e-04 
 1.61499200e-05  5.64146506e-314  1.61499200e-05  5.12878309e-01  1.61499200e-05  8.00233218e-04 
 1.61519200e-05  2.59296238e-314  1.61519200e-05  5.02772402e-01  1.61519200e-05  8.06606062e-04 
 1.61539200e-05  5.64146506e-314  1.61539200e-05  4.92587135e-01  1.61539200e-05  8.12851306e-04 
 1.61559200e-05  2.59296238e-314  1.61559200e-05  4.82324121e-01  1.61559200e-05  8.18967964e-04 
 1.61579200e-05  5.64146506e-314  1.61579200e-05  4.71984983e-01  1.61579200e-05  8.24955069e-04 
 1.61599200e-05  2.59296238e-314  1.61599200e-05  4.61571355e-01  1.61599200e-05  8.30811677e-04 
 1.61619200e-05  5.64146506e-314  1.61619200e-05  4.51084886e-01  1.61619200e-05  8.36536865e-04 
 1.61639200e-05  2.59296238e-314  1.61639200e-05  4.40527235e-01  1.61639200e-05  8.42129727e-04 
 1.61659200e-05  5.64146506e-314  1.61659200e-05  4.29900071e-01  1.61659200e-05  8.47589382e-04 
 1.61679200e-05  2.59296238e-314  1.61679200e-05  4.19205075e-01  1.61679200e-05  8.52914969e-04 
 1.61699200e-05  5.64146506e-314  1.61699200e-05  4.08443939e-01  1.61699200e-05  8.58105646e-04 
 1.61719200e-05  2.59296238e-314  1.61719200e-05  3.97618365e-01  1.61719200e-05  8.63160596e-04 
 1.61739200e-05  5.64146506e-314  1.61739200e-05  3.86730066e-01  1.61739200e-05  8.68079020e-04 
 1.61759200e-05  2.59296238e-314  1.61759200e-05  3.75780763e-01  1.61759200e-05  8.72860143e-04 
 1.61779200e-05  5.64146506e-314  1.61779200e-05  3.64772188e-01  1.61779200e-05  8.77503211e-04 
 1.61799200e-05  2.59296238e-314  1.61799200e-05  3.53706083e-01  1.61799200e-05  8.82007491e-04 
 1.61819200e-05  5.64146506e-314  1.61819200e-05  3.42584198e-01  1.61819200e-05  8.86372273e-04 
 1.61839200e-05  2.59296238e-314  1.61839200e-05  3.31408291e-01  1.61839200e-05  8.90596868e-04 
 1.61859200e-05  5.64146506e-314  1.61859200e-05  3.20180131e-01  1.61859200e-05  8.94680611e-04 
 1.61879200e-05  2.59296238e-314  1.61879200e-05  3.08901493e-01  1.61879200e-05  8.98622858e-04 
 1.61899200e-05  5.64146506e-314  1.61899200e-05  2.97574160e-01  1.61899200e-05  9.02422987e-04 
 1.61919200e-05  2.59296238e-314  1.61919200e-05  2.86199925e-01  1.61919200e-05  9.06080399e-04 
 1.61939200e-05  5.64146506e-314  1.61939200e-05  2.74780586e-01  1.61939200e-05  9.09594518e-04 
 1.61959200e-05  2.59296238e-314  1.61959200e-05  2.63317949e-01  1.61959200e-05  9.12964790e-04 
 1.61979200e-05  5.64146506e-314  1.61979200e-05  2.51813827e-01  1.61979200e-05  9.16190684e-04 
 1.61999200e-05  2.59296238e-314  1.61999200e-05  2.40270038e-01  1.61999200e-05  9.19271692e-04 
 1.62019200e-05  5.64146506e-314  1.62019200e-05  2.28688409e-01  1.62019200e-05  9.22207328e-04 
 1.62039200e-05  2.59296238e-314  1.62039200e-05  2.17070771e-01  1.62039200e-05  9.24997130e-04 
 1.62059200e-05  5.64146506e-314  1.62059200e-05  2.05418961e-01  1.62059200e-05  9.27640660e-04 
 1.62079200e-05  2.59296238e-314  1.62079200e-05  1.93734821e-01  1.62079200e-05  9.30137500e-04 
 1.62099200e-05  5.64146506e-314  1.62099200e-05  1.82020200e-01  1.62099200e-05  9.32487259e-04 
 1.62119200e-05  2.59296238e-314  1.62119200e-05  1.70276950e-01  1.62119200e-05  9.34689566e-04 
 1.62139200e-05  5.64146506e-314  1.62139200e-05  1.58506927e-01  1.62139200e-05  9.36744075e-04 
 1.62159200e-05  2.59296238e-314  1.62159200e-05  1.46711993e-01  1.62159200e-05  9.38650463e-04 
 1.62179200e-05  5.64146506e-314  1.62179200e-05  1.34894012e-01  1.62179200e-05  9.40408431e-04 
 1.62199200e-05  2.59296238e-314  1.62199200e-05  1.23054854e-01  1.62199200e-05  9.42017702e-04 
 1.62219200e-05  5.64146506e-314  1.62219200e-05  1.11196391e-01  1.62219200e-05  9.43478025e-04 
 1.62239200e-05  2.59296238e-314  1.62239200e-05  9.93204963e-02  1.62239200e-05  9.44789169e-04 
 1.62259200e-05  5.64146506e-314  1.62259200e-05  8.74290491e-02  1.62259200e-05  9.45950930e-04 
 1.62279200e-05  2.59296238e-314  1.62279200e-05  7.55239293e-02  1.62279200e-05  9.46963125e-04 
 1.62299200e-05  5.64146506e-314  1.62299200e-05  6.36070190e-02  1.62299200e-05  9.47825598e-04 
 1.62319200e-05  2.59296238e-314  1.62319200e-05  5.16802026e-02  1.62319200e-05  9.48538212e-04 
 1.62339200e-05  5.64146506e-314  1.62339200e-05  3.97453657e-02  1.62339200e-05  9.49100858e-04 
 1.62359200e-05  2.59296238e-314  1.62359200e-05  2.78043952e-02  1.62359200e-05  9.49513448e-04 
 1.62379200e-05  5.64146506e-314  1.62379200e-05  1.58591791e-02  1.62379200e-05  9.49775919e-04 
 1.62399200e-05  2.59296238e-314  1.62399200e-05  3.91160581e-03  1.62399200e-05  9.49888232e-04 
 1.62419200e-05  5.64146506e-314  1.62419200e-05 -8.03643572e-03  1.62419200e-05  9.49850370e-04 
 1.62439200e-05  2.59296238e-314  1.62439200e-05 -1.99830565e-02  1.62439200e-05  9.49662342e-04 
 1.62459200e-05  5.64146506e-314  1.62459200e-05 -3.19263680e-02  1.62459200e-05  9.49324178e-04 
 1.62479200e-05  2.59296238e-314  1.62479200e-05 -4.38644819e-02  1.62479200e-05  9.48835935e-04 
 1.62499200e-05  5.64146506e-314  1.62499200e-05 -5.57955110e-02  1.62499200e-05  9.48197691e-04 
 1.62519200e-05  2.59296238e-314  1.62519200e-05 -6.77175691e-02  1.62519200e-05  9.47409550e-04 
 1.62539200e-05  5.64146506e-314  1.62539200e-05 -7.96287715e-02  1.62539200e-05  9.46471637e-04 
 1.62559200e-05  2.59296238e-314  1.62559200e-05 -9.15272353e-02  1.62559200e-05  9.45384103e-04 
 1.62579200e-05  5.64146506e-314  1.62579200e-05 -1.03411079e-01  1.62579200e-05  9.44147121e-04 
 1.62599200e-05  2.59296238e-314  1.62599200e-05 -1.15278425e-01  1.62599200e-05  9.42760890e-04 
 1.62619200e-05  5.64146506e-314  1.62619200e-05 -1.27127397e-01  1.62619200e-05  9.41225630e-04 
 1.62639200e-05  2.59296238e-314  1.62639200e-05 -1.38956122e-01  1.62639200e-05  9.39541586e-04 
 1.62659200e-05  5.64146506e-314  1.62659200e-05 -1.50762730e-01  1.62659200e-05  9.37709025e-04 
 1.62679200e-05  2.59296238e-314  1.62679200e-05 -1.62545354e-01  1.62679200e-05  9.35728240e-04 
 1.62699200e-05  5.64146506e-314  1.62699200e-05 -1.74302132e-01  1.62699200e-05  9.33599546e-04 
 1.62719200e-05  2.59296238e-314  1.62719200e-05 -1.86031207e-01  1.62719200e-05  9.31323280e-04 
 1.62739200e-05  5.64146506e-314  1.62739200e-05 -1.97730723e-01  1.62739200e-05  9.28899805e-04 
 1.62759200e-05  2.59296238e-314  1.62759200e-05 -2.09398832e-01  1.62759200e-05  9.26329505e-04 
 1.62779200e-05  5.64146506e-314  1.62779200e-05 -2.21033689e-01  1.62779200e-05  9.23612789e-04 
 1.62799200e-05  2.59296238e-314  1.62799200e-05 -2.32633456e-01  1.62799200e-05  9.20750088e-04 
 1.62819200e-05  5.64146506e-314  1.62819200e-05 -2.44196298e-01  1.62819200e-05  9.17741857e-04 
 1.62839200e-05  2.59296238e-314  1.62839200e-05 -2.55720389e-01  1.62839200e-05  9.14588573e-04 
 1.62859200e-05  5.64146506e-314  1.62859200e-05 -2.67203906e-01  1.62859200e-05  9.11290736e-04 
 1.62879200e-05  2.59296238e-314  1.62879200e-05 -2.78645036e-01  1.62879200e-05  9.07848869e-04 
 1.62899200e-05  5.64146506e-314  1.62899200e-05 -2.90041969e-01  1.62899200e-05  9.04263519e-04 
 1.62919200e-05  2.59296238e-314  1.62919200e-05 -3.01392905e-01  1.62919200e-05  9.00535254e-04 
 1.62939200e-05  5.64146506e-314  1.62939200e-05 -3.12696049e-01  1.62939200e-05  8.96664665e-04 
 1.62959200e-05  2.59296238e-314  1.62959200e-05 -3.23949615e-01  1.62959200e-05  8.92652366e-04 
 1.62979200e-05  5.64146506e-314  1.62979200e-05 -3.35151825e-01  1.62979200e-05  8.88498993e-04 
 1.62999200e-05  2.59296238e-314  1.62999200e-05 -3.46300908e-01  1.62999200e-05  8.84205205e-04 
 1.63019200e-05  5.64146506e-314  1.63019200e-05 -3.57395102e-01  1.63019200e-05  8.79771682e-04 
 1.63039200e-05  2.59296238e-314  1.63039200e-05 -3.68432655e-01  1.63039200e-05  8.75199126e-04 
 1.63059200e-05  5.64146506e-314  1.63059200e-05 -3.79411821e-01  1.63059200e-05  8.70488263e-04 
 1.63079200e-05  2.59296238e-314  1.63079200e-05 -3.90330865e-01  1.63079200e-05  8.65639839e-04 
 1.63099200e-05  5.64146506e-314  1.63099200e-05 -4.01188063e-01  1.63099200e-05  8.60654622e-04 
 1.63119200e-05  2.59296238e-314  1.63119200e-05 -4.11981699e-01  1.63119200e-05  8.55533402e-04 
 1.63139200e-05  5.64146506e-314  1.63139200e-05 -4.22710066e-01  1.63139200e-05  8.50276990e-04 
 1.63159200e-05  2.59296238e-314  1.63159200e-05 -4.33371470e-01  1.63159200e-05  8.44886220e-04 
 1.63179200e-05  5.64146506e-314  1.63179200e-05 -4.43964225e-01  1.63179200e-05  8.39361944e-04 
 1.63199200e-05  2.59296238e-314  1.63199200e-05 -4.54486659e-01  1.63199200e-05  8.33705039e-04 
 1.63219200e-05  5.64146506e-314  1.63219200e-05 -4.64937108e-01  1.63219200e-05  8.27916399e-04 
 1.63239200e-05  2.59296238e-314  1.63239200e-05 -4.75313922e-01  1.63239200e-05  8.21996943e-04 
 1.63259200e-05  5.64146506e-314  1.63259200e-05 -4.85615460e-01  1.63259200e-05  8.15947607e-04 
 1.63279200e-05  2.59296238e-314  1.63279200e-05 -4.95840095e-01  1.63279200e-05  8.09769349e-04 
 1.63299200e-05  5.64146506e-314  1.63299200e-05 -5.05986211e-01  1.63299200e-05  8.03463148e-04 
 1.63319200e-05  2.59296238e-314  1.63319200e-05 -5.16052206e-01  1.63319200e-05  7.97030002e-04 
 1.63339200e-05  5.64146506e-314  1.63339200e-05 -5.26036489e-01  1.63339200e-05  7.90470930e-04 
 1.63359200e-05  2.59296238e-314  1.63359200e-05 -5.35937482e-01  1.63359200e-05  7.83786971e-04 
 1.63379200e-05  5.64146506e-314  1.63379200e-05 -5.45753621e-01  1.63379200e-05  7.76979183e-04 
 1.63399200e-05  2.59296238e-314  1.63399200e-05 -5.55483356e-01  1.63399200e-05  7.70048643e-04 
 1.63419200e-05  5.64146506e-314  1.63419200e-05 -5.65125149e-01  1.63419200e-05  7.62996449e-04 
 1.63439200e-05  2.59296238e-314  1.63439200e-05 -5.74677477e-01  1.63439200e-05  7.55823717e-04 
 1.63459200e-05  5.64146506e-314  1.63459200e-05 -5.84138831e-01  1.63459200e-05  7.48531583e-04 
 1.63479200e-05  2.59296238e-314  1.63479200e-05 -5.93507716e-01  1.63479200e-05  7.41121202e-04 
 1.63499200e-05  5.64146506e-314  1.63499200e-05 -6.02782653e-01  1.63499200e-05  7.33593745e-04 
 1.63519200e-05  2.59296238e-314  1.63519200e-05 -6.11962176e-01  1.63519200e-05  7.25950406e-04 
 1.63539200e-05  5.64146506e-314  1.63539200e-05 -6.21044835e-01  1.63539200e-05  7.18192392e-04 
 1.63559200e-05  2.59296238e-314  1.63559200e-05 -6.30029196e-01  1.63559200e-05  7.10320934e-04 
 1.63579200e-05  5.64146506e-314  1.63579200e-05 -6.38913839e-01  1.63579200e-05  7.02337275e-04 
 1.63599200e-05  2.59296238e-314  1.63599200e-05 -6.47697360e-01  1.63599200e-05  6.94242681e-04 
 1.63619200e-05  5.64146506e-314  1.63619200e-05 -6.56378374e-01  1.63619200e-05  6.86038432e-04 
 1.63639200e-05  2.59296238e-314  1.63639200e-05 -6.64955507e-01  1.63639200e-05  6.77725826e-04 
 1.63659200e-05  5.64146506e-314  1.63659200e-05 -6.73427407e-01  1.63659200e-05  6.69306179e-04 
 1.63679200e-05  2.59296238e-314  1.63679200e-05 -6.81792734e-01  1.63679200e-05  6.60780824e-04 
 1.63699200e-05  5.64146506e-314  1.63699200e-05 -6.90050167e-01  1.63699200e-05  6.52151110e-04 
 1.63719200e-05  2.59296238e-314  1.63719200e-05 -6.98198403e-01  1.63719200e-05  6.43418401e-04 
 1.63739200e-05  5.64146506e-314  1.63739200e-05 -7.06236155e-01  1.63739200e-05  6.34584081e-04 
 1.63759200e-05  2.59296238e-314  1.63759200e-05 -7.14162152e-01  1.63759200e-05  6.25649548e-04 
 1.63779200e-05  5.64146506e-314  1.63779200e-05 -7.21975145e-01  1.63779200e-05  6.16616214e-04 
 1.63799200e-05  2.59296238e-314  1.63799200e-05 -7.29673898e-01  1.63799200e-05  6.07485509e-04 
 1.63819200e-05  5.64146506e-314  1.63819200e-05 -7.37257196e-01  1.63819200e-05  5.98258878e-04 
 1.63839200e-05  2.59296238e-314  1.63839200e-05 -7.44723841e-01  1.63839200e-05  5.88937781e-04 
 1.63859200e-05  5.64146506e-314  1.63859200e-05 -7.52072656e-01  1.63859200e-05  5.79523693e-04 
 1.63879200e-05  2.59296238e-314  1.63879200e-05 -7.59302478e-01  1.63879200e-05  5.70018103e-04 
 1.63899200e-05  5.64146506e-314  1.63899200e-05 -7.66412168e-01  1.63899200e-05  5.60422516e-04 
 1.63919200e-05  2.59296238e-314  1.63919200e-05 -7.73400601e-01  1.63919200e-05  5.50738448e-04 
 1.63939200e-05  5.64146506e-314  1.63939200e-05 -7.80266676e-01  1.63939200e-05  5.40967433e-04 
 1.63959200e-05  2.59296238e-314  1.63959200e-05 -7.87009308e-01  1.63959200e-05  5.31111017e-04 
 1.63979200e-05  5.64146506e-314  1.63979200e-05 -7.93627432e-01  1.63979200e-05  5.21170758e-04 
 1.63999200e-05  2.59296238e-314  1.63999200e-05 -8.00120004e-01  1.63999200e-05  5.11148229e-04 
 1.64019200e-05  5.64146506e-314  1.64019200e-05 -8.06486000e-01  1.64019200e-05  5.01045015e-04 
 1.64039200e-05  2.59296238e-314  1.64039200e-05 -8.12724413e-01  1.64039200e-05  4.90862716e-04 
 1.64059200e-05  5.64146506e-314  1.64059200e-05 -8.18834260e-01  1.64059200e-05  4.80602942e-04 
 1.64079200e-05  2.59296238e-314  1.64079200e-05 -8.24814576e-01  1.64079200e-05  4.70267315e-04 
 1.64099200e-05  5.64146506e-314  1.64099200e-05 -8.30664417e-01  1.64099200e-05  4.59857471e-04 
 1.64119200e-05  2.59296238e-314  1.64119200e-05 -8.36382861e-01  1.64119200e-05  4.49375057e-04 
 1.64139200e-05  5.64146506e-314  1.64139200e-05 -8.41969004e-01  1.64139200e-05  4.38821730e-04 
 1.64159200e-05  2.59296238e-314  1.64159200e-05 -8.47421966e-01  1.64159200e-05  4.28199160e-04 
 1.64179200e-05  5.64146506e-314  1.64179200e-05 -8.52740885e-01  1.64179200e-05  4.17509027e-04 
 1.64199200e-05  2.59296238e-314  1.64199200e-05 -8.57924923e-01  1.64199200e-05  4.06753022e-04 
 1.64219200e-05  5.64146506e-314  1.64219200e-05 -8.62973262e-01  1.64219200e-05  3.95932847e-04 
 1.64239200e-05  2.59296238e-314  1.64239200e-05 -8.67885105e-01  1.64239200e-05  3.85050212e-04 
 1.64259200e-05  5.64146506e-314  1.64259200e-05 -8.72659678e-01  1.64259200e-05  3.74106840e-04 
 1.64279200e-05  2.59296238e-314  1.64279200e-05 -8.77296227e-01  1.64279200e-05  3.63104460e-04 
 1.64299200e-05  5.64146506e-314  1.64299200e-05 -8.81794021e-01  1.64299200e-05  3.52044814e-04 
 1.64319200e-05  2.59296238e-314  1.64319200e-05 -8.86152351e-01  1.64319200e-05  3.40929649e-04 
 1.64339200e-05  5.64146506e-314  1.64339200e-05 -8.90370530e-01  1.64339200e-05  3.29760725e-04 
 1.64359200e-05  2.59296238e-314  1.64359200e-05 -8.94447891e-01  1.64359200e-05  3.18539808e-04 
 1.64379200e-05  5.64146506e-314  1.64379200e-05 -8.98383794e-01  1.64379200e-05  3.07268672e-04 
 1.64399200e-05  2.59296238e-314  1.64399200e-05 -9.02177616e-01  1.64399200e-05  2.95949100e-04 
 1.64419200e-05  5.64146506e-314  1.64419200e-05 -9.05828761e-01  1.64419200e-05  2.84582882e-04 
 1.64439200e-05  2.59296238e-314  1.64439200e-05 -9.09336652e-01  1.64439200e-05  2.73171815e-04 
 1.64459200e-05  5.64146506e-314  1.64459200e-05 -9.12700737e-01  1.64459200e-05  2.61717705e-04 
 1.64479200e-05  2.59296238e-314  1.64479200e-05 -9.15920486e-01  1.64479200e-05  2.50222362e-04 
 1.64499200e-05  5.64146506e-314  1.64499200e-05 -9.18995391e-01  1.64499200e-05  2.38687605e-04 
 1.64519200e-05  2.59296238e-314  1.64519200e-05 -9.21924969e-01  1.64519200e-05  2.27115257e-04 
 1.64539200e-05  5.64146506e-314  1.64539200e-05 -9.24708758e-01  1.64539200e-05  2.15507148e-04 
 1.64559200e-05  2.59296238e-314  1.64559200e-05 -9.27346319e-01  1.64559200e-05  2.03865115e-04 
 1.64579200e-05  5.64146506e-314  1.64579200e-05 -9.29837238e-01  1.64579200e-05  1.92190998e-04 
 1.64599200e-05  2.59296238e-314  1.64599200e-05 -9.32181123e-01  1.64599200e-05  1.80486644e-04 
 1.64619200e-05  5.64146506e-314  1.64619200e-05 -9.34377604e-01  1.64619200e-05  1.68753902e-04 
 1.64639200e-05  2.59296238e-314  1.64639200e-05 -9.36426337e-01  1.64639200e-05  1.56994628e-04 
 1.64659200e-05  5.64146506e-314  1.64659200e-05 -9.38326999e-01  1.64659200e-05  1.45210682e-04 
 1.64679200e-05  2.59296238e-314  1.64679200e-05 -9.40079293e-01  1.64679200e-05  1.33403927e-04 
 1.64699200e-05  5.64146506e-314  1.64699200e-05 -9.41682941e-01  1.64699200e-05  1.21576230e-04 
 1.64719200e-05  2.59296238e-314  1.64719200e-05 -9.43137694e-01  1.64719200e-05  1.09729461e-04 
 1.64739200e-05  5.64146506e-314  1.64739200e-05 -9.44443323e-01  1.64739200e-05  9.78654933e-05 
 1.64759200e-05  2.59296238e-314  1.64759200e-05 -9.45599623e-01  1.64759200e-05  8.59862024e-05 
 1.64779200e-05  5.64146506e-314  1.64779200e-05 -9.46606413e-01  1.64779200e-05  7.40934667e-05 
 1.64799200e-05  2.59296238e-314  1.64799200e-05 -9.47463537e-01  1.64799200e-05  6.21891667e-05 
 1.64819200e-05  5.64146506e-314  1.64819200e-05 -9.48170860e-01  1.64819200e-05  5.02751844e-05 
 1.64839200e-05  2.59296238e-314  1.64839200e-05 -9.48728272e-01  1.64839200e-05  3.83534036e-05 
 1.64859200e-05  5.64146506e-314  1.64859200e-05 -9.49135688e-01  1.64859200e-05  2.64257092e-05 
 1.64879200e-05  2.59296238e-314  1.64879200e-05 -9.49393044e-01  1.64879200e-05  1.44939869e-05 
 1.64899200e-05  5.64146506e-314  1.64899200e-05 -9.49500303e-01  1.64899200e-05  2.56012307e-06 
 1.64919200e-05  2.59296238e-314  1.64919200e-05 -9.49457448e-01  1.64919200e-05 -9.37399547e-06 
 1.64939200e-05  5.64146506e-314  1.64939200e-05 -9.49264489e-01  1.64939200e-05 -2.13064820e-05 
 1.64959200e-05  2.59296238e-314  1.64959200e-05 -9.48921458e-01  1.64959200e-05 -3.32354502e-05 
 1.64979200e-05  5.64146506e-314  1.64979200e-05 -9.48428411e-01  1.64979200e-05 -4.51590140e-05 
 1.64999200e-05  2.59296238e-314  1.64999200e-05 -9.47785428e-01  1.64999200e-05 -5.70752885e-05 
 1.65019200e-05  5.64146506e-314  1.65019200e-05 -9.46992613e-01  1.65019200e-05 -6.89823899e-05 
 1.65039200e-05  2.59296238e-314  1.65039200e-05 -9.46050092e-01  1.65039200e-05 -8.08784358e-05 
 1.65059200e-05  5.64146506e-314  1.65059200e-05 -9.44958017e-01  1.65059200e-05 -9.27615457e-05 
 1.65079200e-05  2.59296238e-314  1.65079200e-05 -9.43716561e-01  1.65079200e-05 -1.04629841e-04 
 1.65099200e-05  5.64146506e-314  1.65099200e-05 -9.42325924e-01  1.65099200e-05 -1.16481446e-04 
 1.65119200e-05  2.59296238e-314  1.65119200e-05 -9.40786327e-01  1.65119200e-05 -1.28314486e-04 
 1.65139200e-05  5.64146506e-314  1.65139200e-05 -9.39098015e-01  1.65139200e-05 -1.40127092e-04 
 1.65159200e-05  2.59296238e-314  1.65159200e-05 -9.37261258e-01  1.65159200e-05 -1.51917396e-04 
 1.65179200e-05  5.64146506e-314  1.65179200e-05 -9.35276346e-01  1.65179200e-05 -1.63683534e-04 
 1.65199200e-05  2.59296238e-314  1.65199200e-05 -9.33143597e-01  1.65199200e-05 -1.75423647e-04 
 1.65219200e-05  5.64146506e-314  1.65219200e-05 -9.30863348e-01  1.65219200e-05 -1.87135879e-04 
 1.65239200e-05  2.59296238e-314  1.65239200e-05 -9.28435963e-01  1.65239200e-05 -1.98818378e-04 
 1.65259200e-05  5.64146506e-314  1.65259200e-05 -9.25861826e-01  1.65259200e-05 -2.10469297e-04 
 1.65279200e-05  2.59296238e-314  1.65279200e-05 -9.23141348e-01  1.65279200e-05 -2.22086797e-04 
 1.65299200e-05  5.64146506e-314  1.65299200e-05 -9.20274959e-01  1.65299200e-05 -2.33669039e-04 
 1.65319200e-05  2.59296238e-314  1.65319200e-05 -9.17263115e-01  1.65319200e-05 -2.45214193e-04 
 1.65339200e-05  5.64146506e-314  1.65339200e-05 -9.14106293e-01  1.65339200e-05 -2.56720436e-04 
 1.65359200e-05  2.59296238e-314  1.65359200e-05 -9.10804995e-01  1.65359200e-05 -2.68185947e-04 
 1.65379200e-05  5.64146506e-314  1.65379200e-05 -9.07359744e-01  1.65379200e-05 -2.79608915e-04 
 1.65399200e-05  2.59296238e-314  1.65399200e-05 -9.03771087e-01  1.65399200e-05 -2.90987535e-04 
 1.65419200e-05  5.64146506e-314  1.65419200e-05 -9.00039594e-01  1.65419200e-05 -3.02320007e-04 
 1.65439200e-05  2.59296238e-314  1.65439200e-05 -8.96165854e-01  1.65439200e-05 -3.13604542e-04 
 1.65459200e-05  5.64146506e-314  1.65459200e-05 -8.92150484e-01  1.65459200e-05 -3.24839356e-04 
 1.65479200e-05  2.59296238e-314  1.65479200e-05 -8.87994119e-01  1.65479200e-05 -3.36022673e-04 
 1.65499200e-05  5.64146506e-314  1.65499200e-05 -8.83697418e-01  1.65499200e-05 -3.47152725e-04 
 1.65519200e-05  2.59296238e-314  1.65519200e-05 -8.79261063e-01  1.65519200e-05 -3.58227755e-04 
 1.65539200e-05  5.64146506e-314  1.65539200e-05 -8.74685756e-01  1.65539200e-05 -3.69246011e-04 
 1.65559200e-05  2.59296238e-314  1.65559200e-05 -8.69972223e-01  1.65559200e-05 -3.80205752e-04 
 1.65579200e-05  5.64146506e-314  1.65579200e-05 -8.65121211e-01  1.65579200e-05 -3.91105247e-04 
 1.65599200e-05  2.59296238e-314  1.65599200e-05 -8.60133487e-01  1.65599200e-05 -4.01942773e-04 
 1.65619200e-05  5.64146506e-314  1.65619200e-05 -8.55009843e-01  1.65619200e-05 -4.12716617e-04 
 1.65639200e-05  2.59296238e-314  1.65639200e-05 -8.49751090e-01  1.65639200e-05 -4.23425077e-04 
 1.65659200e-05  5.64146506e-314  1.65659200e-05 -8.44358062e-01  1.65659200e-05 -4.34066461e-04 
 1.65679200e-05  2.59296238e-314  1.65679200e-05 -8.38831612e-01  1.65679200e-05 -4.44639087e-04 
 1.65699200e-05  5.64146506e-314  1.65699200e-05 -8.33172616e-01  1.65699200e-05 -4.55141285e-04 
 1.65719200e-05  2.59296238e-314  1.65719200e-05 -8.27381970e-01  1.65719200e-05 -4.65571395e-04 
 1.65739200e-05  5.64146506e-314  1.65739200e-05 -8.21460592e-01  1.65739200e-05 -4.75927769e-04 
 1.65759200e-05  2.59296238e-314  1.65759200e-05 -8.15409418e-01  1.65759200e-05 -4.86208772e-04 
 1.65779200e-05  5.64146506e-314  1.65779200e-05 -8.09229409e-01  1.65779200e-05 -4.96412777e-04 
 1.65799200e-05  2.59296238e-314  1.65799200e-05 -8.02921541e-01  1.65799200e-05 -5.06538173e-04 
 1.65819200e-05  5.64146506e-314  1.65819200e-05 -7.96486815e-01  1.65819200e-05 -5.16583361e-04 
 1.65839200e-05  2.59296238e-314  1.65839200e-05 -7.89926248e-01  1.65839200e-05 -5.26546753e-04 
 1.65859200e-05  5.64146506e-314  1.65859200e-05 -7.83240880e-01  1.65859200e-05 -5.36426776e-04 
 1.65879200e-05  2.59296238e-314  1.65879200e-05 -7.76431769e-01  1.65879200e-05 -5.46221867e-04 
 1.65899200e-05  5.64146506e-314  1.65899200e-05 -7.69499993e-01  1.65899200e-05 -5.55930480e-04 
 1.65919200e-05  2.59296238e-314  1.65919200e-05 -7.62446650e-01  1.65919200e-05 -5.65551081e-04 
 1.65939200e-05  5.64146506e-314  1.65939200e-05 -7.55272856e-01  1.65939200e-05 -5.75082149e-04 
 1.65959200e-05  2.59296238e-314  1.65959200e-05 -7.47979747e-01  1.65959200e-05 -5.84522180e-04 
 1.65979200e-05  5.64146506e-314  1.65979200e-05 -7.40568477e-01  1.65979200e-05 -5.93869683e-04 
 1.65999200e-05  2.59296238e-314  1.65999200e-05 -7.33040220e-01  1.65999200e-05 -6.03123179e-04 
 1.66019200e-05  5.64146506e-314  1.66019200e-05 -7.25396168e-01  1.66019200e-05 -6.12281208e-04 
 1.66039200e-05  2.59296238e-314  1.66039200e-05 -7.17637529e-01  1.66039200e-05 -6.21342323e-04 
 1.66059200e-05  5.64146506e-314  1.66059200e-05 -7.09765533e-01  1.66059200e-05 -6.30305093e-04 
 1.66079200e-05  2.59296238e-314  1.66079200e-05 -7.01781425e-01  1.66079200e-05 -6.39168102e-04 
 1.66099200e-05  5.64146506e-314  1.66099200e-05 -6.93686468e-01  1.66099200e-05 -6.47929949e-04 
 1.66119200e-05  2.59296238e-314  1.66119200e-05 -6.85481945e-01  1.66119200e-05 -6.56589252e-04 
 1.66139200e-05  5.64146506e-314  1.66139200e-05 -6.77169153e-01  1.66139200e-05 -6.65144642e-04 
 1.66159200e-05  2.59296238e-314  1.66159200e-05 -6.68749408e-01  1.66159200e-05 -6.73594768e-04 
 1.66179200e-05  5.64146506e-314  1.66179200e-05 -6.60224043e-01  1.66179200e-05 -6.81938296e-04 
 1.66199200e-05  2.59296238e-314  1.66199200e-05 -6.51594407e-01  1.66199200e-05 -6.90173907e-04 
 1.66219200e-05  5.64146506e-314  1.66219200e-05 -6.42861865e-01  1.66219200e-05 -6.98300302e-04 
 1.66239200e-05  2.59296238e-314  1.66239200e-05 -6.34027799e-01  1.66239200e-05 -7.06316196e-04 
 1.66259200e-05  5.64146506e-314  1.66259200e-05 -6.25093607e-01  1.66259200e-05 -7.14220324e-04 
 1.66279200e-05  2.59296238e-314  1.66279200e-05 -6.16060702e-01  1.66279200e-05 -7.22011438e-04 
 1.66299200e-05  5.64146506e-314  1.66299200e-05 -6.06930515e-01  1.66299200e-05 -7.29688306e-04 
 1.66319200e-05  2.59296238e-314  1.66319200e-05 -5.97704490e-01  1.66319200e-05 -7.37249718e-04 
 1.66339200e-05  5.64146506e-314  1.66339200e-05 -5.88384086e-01  1.66339200e-05 -7.44694480e-04 
 1.66359200e-05  2.59296238e-314  1.66359200e-05 -5.78970779e-01  1.66359200e-05 -7.52021414e-04 
 1.66379200e-05  5.64146506e-314  1.66379200e-05 -5.69466057e-01  1.66379200e-05 -7.59229365e-04 
 1.66399200e-05  2.59296238e-314  1.66399200e-05 -5.59871424e-01  1.66399200e-05 -7.66317195e-04 
 1.66419200e-05  5.64146506e-314  1.66419200e-05 -5.50188399e-01  1.66419200e-05 -7.73283785e-04 
 1.66439200e-05  2.59296238e-314  1.66439200e-05 -5.40418514e-01  1.66439200e-05 -7.80128034e-04 
 1.66459200e-05  5.64146506e-314  1.66459200e-05 -5.30563313e-01  1.66459200e-05 -7.86848863e-04 
 1.66479200e-05  2.59296238e-314  1.66479200e-05 -5.20624357e-01  1.66479200e-05 -7.93445209e-04 
 1.66499200e-05  5.64146506e-314  1.66499200e-05 -5.10603217e-01  1.66499200e-05 -7.99916033e-04 
 1.66519200e-05  2.59296238e-314  1.66519200e-05 -5.00501479e-01  1.66519200e-05 -8.06260312e-04 
 1.66539200e-05  5.64146506e-314  1.66539200e-05 -4.90320741e-01  1.66539200e-05 -8.12477046e-04 
 1.66559200e-05  2.59296238e-314  1.66559200e-05 -4.80062613e-01  1.66559200e-05 -8.18565252e-04 
 1.66579200e-05  5.64146506e-314  1.66579200e-05 -4.69728719e-01  1.66579200e-05 -8.24523970e-04 
 1.66599200e-05  2.59296238e-314  1.66599200e-05 -4.59320692e-01  1.66599200e-05 -8.30352260e-04 
 1.66619200e-05  5.64146506e-314  1.66619200e-05 -4.48840180e-01  1.66619200e-05 -8.36049201e-04 
 1.66639200e-05  2.59296238e-314  1.66639200e-05 -4.38288839e-01  1.66639200e-05 -8.41613896e-04 
 1.66659200e-05  5.64146506e-314  1.66659200e-05 -4.27668340e-01  1.66659200e-05 -8.47045465e-04 
 1.66679200e-05  2.59296238e-314  1.66679200e-05 -4.16980362e-01  1.66679200e-05 -8.52343051e-04 
 1.66699200e-05  5.64146506e-314  1.66699200e-05 -4.06226596e-01  1.66699200e-05 -8.57505820e-04 
 1.66719200e-05  2.59296238e-314  1.66719200e-05 -3.95408742e-01  1.66719200e-05 -8.62532955e-04 
 1.66739200e-05  5.64146506e-314  1.66739200e-05 -3.84528511e-01  1.66739200e-05 -8.67423665e-04 
 1.66759200e-05  2.59296238e-314  1.66759200e-05 -3.73587626e-01  1.66759200e-05 -8.72177178e-04 
 1.66779200e-05  5.64146506e-314  1.66779200e-05 -3.62587815e-01  1.66779200e-05 -8.76792743e-04 
 1.66799200e-05  2.59296238e-314  1.66799200e-05 -3.51530819e-01  1.66799200e-05 -8.81269634e-04 
 1.66819200e-05  5.64146506e-314  1.66819200e-05 -3.40418386e-01  1.66819200e-05 -8.85607143e-04 
 1.66839200e-05  2.59296238e-314  1.66839200e-05 -3.29252275e-01  1.66839200e-05 -8.89804588e-04 
 1.66859200e-05  5.64146506e-314  1.66859200e-05 -3.18034250e-01  1.66859200e-05 -8.93861305e-04 
 1.66879200e-05  2.59296238e-314  1.66879200e-05 -3.06766087e-01  1.66879200e-05 -8.97776657e-04 
 1.66899200e-05  5.64146506e-314  1.66899200e-05 -2.95449567e-01  1.66899200e-05 -9.01550024e-04 
 1.66919200e-05  2.59296238e-314  1.66919200e-05 -2.84086480e-01  1.66919200e-05 -9.05180813e-04 
 1.66939200e-05  5.64146506e-314  1.66939200e-05 -2.72678623e-01  1.66939200e-05 -9.08668451e-04 
 1.66959200e-05  2.59296238e-314  1.66959200e-05 -2.61227800e-01  1.66959200e-05 -9.12012389e-04 
 1.66979200e-05  5.64146506e-314  1.66979200e-05 -2.49735822e-01  1.66979200e-05 -9.15212100e-04 
 1.66999200e-05  2.59296238e-314  1.66999200e-05 -2.38204506e-01  1.66999200e-05 -9.18267080e-04 
 1.67019200e-05  5.64146506e-314  1.67019200e-05 -2.26635677e-01  1.67019200e-05 -9.21176848e-04 
 1.67039200e-05  2.59296238e-314  1.67039200e-05 -2.15031162e-01  1.67039200e-05 -9.23940945e-04 
 1.67059200e-05  5.64146506e-314  1.67059200e-05 -2.03392798e-01  1.67059200e-05 -9.26558936e-04 
 1.67079200e-05  2.59296238e-314  1.67079200e-05 -1.91722425e-01  1.67079200e-05 -9.29030410e-04 
 1.67099200e-05  5.64146506e-314  1.67099200e-05 -1.80021888e-01  1.67099200e-05 -9.31354977e-04 
 1.67119200e-05  2.59296238e-314  1.67119200e-05 -1.68293037e-01  1.67119200e-05 -9.33532271e-04 
 1.67139200e-05  5.64146506e-314  1.67139200e-05 -1.56537728e-01  1.67139200e-05 -9.35561951e-04 
 1.67159200e-05  2.59296238e-314  1.67159200e-05 -1.44757818e-01  1.67159200e-05 -9.37443698e-04 
 1.67179200e-05  5.64146506e-314  1.67179200e-05 -1.32955171e-01  1.67179200e-05 -9.39177215e-04 
 1.67199200e-05  2.59296238e-314  1.67199200e-05 -1.21131652e-01  1.67199200e-05 -9.40762230e-04 
 1.67219200e-05  5.64146506e-314  1.67219200e-05 -1.09289132e-01  1.67219200e-05 -9.42198496e-04 
 1.67239200e-05  2.59296238e-314  1.67239200e-05 -9.74294824e-02  1.67239200e-05 -9.43485786e-04 
 1.67259200e-05  5.64146506e-314  1.67259200e-05 -8.55545787e-02  1.67259200e-05 -9.44623899e-04 
 1.67279200e-05  2.59296238e-314  1.67279200e-05 -7.36662985e-02  1.67279200e-05 -9.45612656e-04 
 1.67299200e-05  5.64146506e-314  1.67299200e-05 -6.17665214e-02  1.67299200e-05 -9.46451905e-04 
 1.67319200e-05  2.59296238e-314  1.67319200e-05 -4.98571288e-02  1.67319200e-05 -9.47141512e-04 
 1.67339200e-05  5.64146506e-314  1.67339200e-05 -3.79400038e-02  1.67339200e-05 -9.47681373e-04 
 1.67359200e-05  2.59296238e-314  1.67359200e-05 -2.60170303e-02  1.67359200e-05 -9.48071402e-04 
 1.67379200e-05  5.64146506e-314  1.67379200e-05 -1.40900936e-02  1.67379200e-05 -9.48311541e-04 
 1.67399200e-05  2.59296238e-314  1.67399200e-05 -2.16107917e-03  1.67399200e-05 -9.48401753e-04 
 1.67419200e-05  5.64146506e-314  1.67419200e-05  9.76812698e-03  1.67419200e-05 -9.48342025e-04 
 1.67439200e-05  2.59296238e-314  1.67439200e-05  2.16956389e-02  1.67439200e-05 -9.48132370e-04 
 1.67459200e-05  5.64146506e-314  1.67459200e-05  3.36195709e-02  1.67459200e-05 -9.47772822e-04 
 1.67479200e-05  2.59296238e-314  1.67479200e-05  4.55380380e-02  1.67479200e-05 -9.47263440e-04 
 1.67499200e-05  5.64146506e-314  1.67499200e-05  5.74491559e-02  1.67499200e-05 -9.46604306e-04 
 1.67519200e-05  2.59296238e-314  1.67519200e-05  6.93510416e-02  1.67519200e-05 -9.45795526e-04 
 1.67539200e-05  5.64146506e-314  1.67539200e-05  8.12418137e-02  1.67539200e-05 -9.44837231e-04 
 1.67559200e-05  2.59296238e-314  1.67559200e-05  9.31195923e-02  1.67559200e-05 -9.43729573e-04 
 1.67579200e-05  5.64146506e-314  1.67579200e-05  1.04982500e-01  1.67579200e-05 -9.42472729e-04 
 1.67599200e-05  2.59296238e-314  1.67599200e-05  1.16828661e-01  1.67599200e-05 -9.41066901e-04 
 1.67619200e-05  5.64146506e-314  1.67619200e-05  1.28656203e-01  1.67619200e-05 -9.39512312e-04 
 1.67639200e-05  2.59296238e-314  1.67639200e-05  1.40463257e-01  1.67639200e-05 -9.37809210e-04 
 1.67659200e-05  5.64146506e-314  1.67659200e-05  1.52247955e-01  1.67659200e-05 -9.35957865e-04 
 1.67679200e-05  2.59296238e-314  1.67679200e-05  1.64008436e-01  1.67679200e-05 -9.33958573e-04 
 1.67699200e-05  5.64146506e-314  1.67699200e-05  1.75742840e-01  1.67699200e-05 -9.31811652e-04 
 1.67719200e-05  2.59296238e-314  1.67719200e-05  1.87449312e-01  1.67719200e-05 -9.29517442e-04 
 1.67739200e-05  5.64146506e-314  1.67739200e-05  1.99126003e-01  1.67739200e-05 -9.27076309e-04 
 1.67759200e-05  2.59296238e-314  1.67759200e-05  2.10771065e-01  1.67759200e-05 -9.24488640e-04 
 1.67779200e-05  5.64146506e-314  1.67779200e-05  2.22382660e-01  1.67779200e-05 -9.21754846e-04 
 1.67799200e-05  2.59296238e-314  1.67799200e-05  2.33958950e-01  1.67799200e-05 -9.18875360e-04 
 1.67819200e-05  5.64146506e-314  1.67819200e-05  2.45498107e-01  1.67819200e-05 -9.15850641e-04 
 1.67839200e-05  2.59296238e-314  1.67839200e-05  2.56998307e-01  1.67839200e-05 -9.12681168e-04 
 1.67859200e-05  5.64146506e-314  1.67859200e-05  2.68457733e-01  1.67859200e-05 -9.09367444e-04 
 1.67879200e-05  2.59296238e-314  1.67879200e-05  2.79874572e-01  1.67879200e-05 -9.05909995e-04 
 1.67899200e-05  5.64146506e-314  1.67899200e-05  2.91247021e-01  1.67899200e-05 -9.02309369e-04 
 1.67919200e-05  2.59296238e-314  1.67919200e-05  3.02573282e-01  1.67919200e-05 -8.98566137e-04 
 1.67939200e-05  5.64146506e-314  1.67939200e-05  3.13851565e-01  1.67939200e-05 -8.94680893e-04 
 1.67959200e-05  2.59296238e-314  1.67959200e-05  3.25080088e-01  1.67959200e-05 -8.90654253e-04 
 1.67979200e-05  5.64146506e-314  1.67979200e-05  3.36257076e-01  1.67979200e-05 -8.86486854e-04 
 1.67999200e-05  2.59296238e-314  1.67999200e-05  3.47380763e-01  1.67999200e-05 -8.82179359e-04 
 1.68019200e-05  5.64146506e-314  1.68019200e-05  3.58449391e-01  1.68019200e-05 -8.77732449e-04 
 1.68039200e-05  2.59296238e-314  1.68039200e-05  3.69461210e-01  1.68039200e-05 -8.73146829e-04 
 1.68059200e-05  5.64146506e-314  1.68059200e-05  3.80414481e-01  1.68059200e-05 -8.68423227e-04 
 1.68079200e-05  2.59296238e-314  1.68079200e-05  3.91307472e-01  1.68079200e-05 -8.63562390e-04 
 1.68099200e-05  5.64146506e-314  1.68099200e-05  4.02138462e-01  1.68099200e-05 -8.58565089e-04 
 1.68119200e-05  2.59296238e-314  1.68119200e-05  4.12905740e-01  1.68119200e-05 -8.53432115e-04 
 1.68139200e-05  5.64146506e-314  1.68139200e-05  4.23607605e-01  1.68139200e-05 -8.48164282e-04 
 1.68159200e-05  2.59296238e-314  1.68159200e-05  4.34242364e-01  1.68159200e-05 -8.42762424e-04 
 1.68179200e-05  5.64146506e-314  1.68179200e-05  4.44808337e-01  1.68179200e-05 -8.37227397e-04 
 1.68199200e-05  2.59296238e-314  1.68199200e-05  4.55303856e-01  1.68199200e-05 -8.31560078e-04 
 1.68219200e-05  5.64146506e-314  1.68219200e-05  4.65727262e-01  1.68219200e-05 -8.25761364e-04 
 1.68239200e-05  2.59296238e-314  1.68239200e-05  4.76076906e-01  1.68239200e-05 -8.19832174e-04 
 1.68259200e-05  5.64146506e-314  1.68259200e-05  4.86351156e-01  1.68259200e-05 -8.13773446e-04 
 1.68279200e-05  2.59296238e-314  1.68279200e-05  4.96548386e-01  1.68279200e-05 -8.07586141e-04 
 1.68299200e-05  5.64146506e-314  1.68299200e-05  5.06666986e-01  1.68299200e-05 -8.01271238e-04 
 1.68319200e-05  2.59296238e-314  1.68319200e-05  5.16705356e-01  1.68319200e-05 -7.94829737e-04 
 1.68339200e-05  5.64146506e-314  1.68339200e-05  5.26661912e-01  1.68339200e-05 -7.88262657e-04 
 1.68359200e-05  2.59296238e-314  1.68359200e-05  5.36535080e-01  1.68359200e-05 -7.81571040e-04 
 1.68379200e-05  5.64146506e-314  1.68379200e-05  5.46323300e-01  1.68379200e-05 -7.74755943e-04 
 1.68399200e-05  2.59296238e-314  1.68399200e-05  5.56025026e-01  1.68399200e-05 -7.67818447e-04 
 1.68419200e-05  5.64146506e-314  1.68419200e-05  5.65638725e-01  1.68419200e-05 -7.60759649e-04 
 1.68439200e-05  2.59296238e-314  1.68439200e-05  5.75162878e-01  1.68439200e-05 -7.53580668e-04 
 1.68459200e-05  5.64146506e-314  1.68459200e-05  5.84595980e-01  1.68459200e-05 -7.46282639e-04 
 1.68479200e-05  2.59296238e-314  1.68479200e-05  5.93936542e-01  1.68479200e-05 -7.38866717e-04 
 1.68499200e-05  5.64146506e-314  1.68499200e-05  6.03183088e-01  1.68499200e-05 -7.31334078e-04 
 1.68519200e-05  2.59296238e-314  1.68519200e-05  6.12334157e-01  1.68519200e-05 -7.23685912e-04 
 1.68539200e-05  5.64146506e-314  1.68539200e-05  6.21388304e-01  1.68539200e-05 -7.15923431e-04 
 1.68559200e-05  2.59296238e-314  1.68559200e-05  6.30344098e-01  1.68559200e-05 -7.08047863e-04 
 1.68579200e-05  5.64146506e-314  1.68579200e-05  6.39200126e-01  1.68579200e-05 -7.00060455e-04 
 1.68599200e-05  2.59296238e-314  1.68599200e-05  6.47954987e-01  1.68599200e-05 -6.91962471e-04 
 1.68619200e-05  5.64146506e-314  1.68619200e-05  6.56607299e-01  1.68619200e-05 -6.83755193e-04 
 1.68639200e-05  2.59296238e-314  1.68639200e-05  6.65155696e-01  1.68639200e-05 -6.75439919e-04 
 1.68659200e-05  5.64146506e-314  1.68659200e-05  6.73598827e-01  1.68659200e-05 -6.67017966e-04 
 1.68679200e-05  2.59296238e-314  1.68679200e-05  6.81935360e-01  1.68679200e-05 -6.58490666e-04 
 1.68699200e-05  5.64146506e-314  1.68699200e-05  6.90163976e-01  1.68699200e-05 -6.49859369e-04 
 1.68719200e-05  2.59296238e-314  1.68719200e-05  6.98283378e-01  1.68719200e-05 -6.41125440e-04 
 1.68739200e-05  5.64146506e-314  1.68739200e-05  7.06292281e-01  1.68739200e-05 -6.32290262e-04 
 1.68759200e-05  2.59296238e-314  1.68759200e-05  7.14189423e-01  1.68759200e-05 -6.23355233e-04 
 1.68779200e-05  5.64146506e-314  1.68779200e-05  7.21973555e-01  1.68779200e-05 -6.14321766e-04 
 1.68799200e-05  2.59296238e-314  1.68799200e-05  7.29643448e-01  1.68799200e-05 -6.05191292e-04 
 1.68819200e-05  5.64146506e-314  1.68819200e-05  7.37197892e-01  1.68819200e-05 -5.95965254e-04 
 1.68839200e-05  2.59296238e-314  1.68839200e-05  7.44635693e-01  1.68839200e-05 -5.86645112e-04 
 1.68859200e-05  5.64146506e-314  1.68859200e-05  7.51955677e-01  1.68859200e-05 -5.77232342e-04 
 1.68879200e-05  2.59296238e-314  1.68879200e-05  7.59156688e-01  1.68879200e-05 -5.67728433e-04 
 1.68899200e-05  5.64146506e-314  1.68899200e-05  7.66237590e-01  1.68899200e-05 -5.58134887e-04 
 1.68919200e-05  2.59296238e-314  1.68919200e-05  7.73197263e-01  1.68919200e-05 -5.48453223e-04 
 1.68939200e-05  5.64146506e-314  1.68939200e-05  7.80034610e-01  1.68939200e-05 -5.38684974e-04 
 1.68959200e-05  2.59296238e-314  1.68959200e-05  7.86748552e-01  1.68959200e-05 -5.28831683e-04 
 1.68979200e-05  5.64146506e-314  1.68979200e-05  7.93338027e-01  1.68979200e-05 -5.18894910e-04 
 1.68999200e-05  2.59296238e-314  1.68999200e-05  7.99801996e-01  1.68999200e-05 -5.08876227e-04 
 1.69019200e-05  5.64146506e-314  1.69019200e-05  8.06139439e-01  1.69019200e-05 -4.98777219e-04 
 1.69039200e-05  2.59296238e-314  1.69039200e-05  8.12349356e-01  1.69039200e-05 -4.88599483e-04 
 1.69059200e-05  5.64146506e-314  1.69059200e-05  8.18430765e-01  1.69059200e-05 -4.78344630e-04 
 1.69079200e-05  2.59296238e-314  1.69079200e-05  8.24382708e-01  1.69079200e-05 -4.68014282e-04 
 1.69099200e-05  5.64146506e-314  1.69099200e-05  8.30204245e-01  1.69099200e-05 -4.57610072e-04 
 1.69119200e-05  2.59296238e-314  1.69119200e-05  8.35894457e-01  1.69119200e-05 -4.47133647e-04 
 1.69139200e-05  5.64146506e-314  1.69139200e-05  8.41452446e-01  1.69139200e-05 -4.36586664e-04 
 1.69159200e-05  2.59296238e-314  1.69159200e-05  8.46877336e-01  1.69159200e-05 -4.25970792e-04 
 1.69179200e-05  5.64146506e-314  1.69179200e-05  8.52168270e-01  1.69179200e-05 -4.15287708e-04 
 1.69199200e-05  2.59296238e-314  1.69199200e-05  8.57324414e-01  1.69199200e-05 -4.04539104e-04 
 1.69219200e-05  5.64146506e-314  1.69219200e-05  8.62344953e-01  1.69219200e-05 -3.93726679e-04 
 1.69239200e-05  2.59296238e-314  1.69239200e-05  8.67229097e-01  1.69239200e-05 -3.82852143e-04 
 1.69259200e-05  5.64146506e-314  1.69259200e-05  8.71976074e-01  1.69259200e-05 -3.71917217e-04 
 1.69279200e-05  2.59296238e-314  1.69279200e-05  8.76585136e-01  1.69279200e-05 -3.60923630e-04 
 1.69299200e-05  5.64146506e-314  1.69299200e-05  8.81055555e-01  1.69299200e-05 -3.49873121e-04 
 1.69319200e-05  2.59296238e-314  1.69319200e-05  8.85386628e-01  1.69319200e-05 -3.38767437e-04 
 1.69339200e-05  5.64146506e-314  1.69339200e-05  8.89577671e-01  1.69339200e-05 -3.27608335e-04 
 1.69359200e-05  2.59296238e-314  1.69359200e-05  8.93628022e-01  1.69359200e-05 -3.16397580e-04 
 1.69379200e-05  5.64146506e-314  1.69379200e-05  8.97537045e-01  1.69379200e-05 -3.05136945e-04 
 1.69399200e-05  2.59296238e-314  1.69399200e-05  9.01304121e-01  1.69399200e-05 -2.93828210e-04 
 1.69419200e-05  5.64146506e-314  1.69419200e-05  9.04928658e-01  1.69419200e-05 -2.82473165e-04 
 1.69439200e-05  2.59296238e-314  1.69439200e-05  9.08410084e-01  1.69439200e-05 -2.71073605e-04 
 1.69459200e-05  5.64146506e-314  1.69459200e-05  9.11747851e-01  1.69459200e-05 -2.59631332e-04 
 1.69479200e-05  2.59296238e-314  1.69479200e-05  9.14941433e-01  1.69479200e-05 -2.48148157e-04 
 1.69499200e-05  5.64146506e-314  1.69499200e-05  9.17990326e-01  1.69499200e-05 -2.36625895e-04 
 1.69519200e-05  2.59296238e-314  1.69519200e-05  9.20894051e-01  1.69519200e-05 -2.25066368e-04 
 1.69539200e-05  5.64146506e-314  1.69539200e-05  9.23652150e-01  1.69539200e-05 -2.13471405e-04 
 1.69559200e-05  2.59296238e-314  1.69559200e-05  9.26264190e-01  1.69559200e-05 -2.01842839e-04 
 1.69579200e-05  5.64146506e-314  1.69579200e-05  9.28729758e-01  1.69579200e-05 -1.90182508e-04 
 1.69599200e-05  2.59296238e-314  1.69599200e-05  9.31048467e-01  1.69599200e-05 -1.78492256e-04 
 1.69619200e-05  5.64146506e-314  1.69619200e-05  9.33219952e-01  1.69619200e-05 -1.66773933e-04 
 1.69639200e-05  2.59296238e-314  1.69639200e-05  9.35243873e-01  1.69639200e-05 -1.55029391e-04 
 1.69659200e-05  5.64146506e-314  1.69659200e-05  9.37119910e-01  1.69659200e-05 -1.43260487e-04 
 1.69679200e-05  2.59296238e-314  1.69679200e-05  9.38847769e-01  1.69679200e-05 -1.31469082e-04 
 1.69699200e-05  5.64146506e-314  1.69699200e-05  9.40427178e-01  1.69699200e-05 -1.19657041e-04 
 1.69719200e-05  2.59296238e-314  1.69719200e-05  9.41857891e-01  1.69719200e-05 -1.07826231e-04 
 1.69739200e-05  5.64146506e-314  1.69739200e-05  9.43139682e-01  1.69739200e-05 -9.59785227e-05 
 1.69759200e-05  2.59296238e-314  1.69759200e-05  9.44272350e-01  1.69759200e-05 -8.41157896e-05 
 1.69779200e-05  5.64146506e-314  1.69779200e-05  9.45255719e-01  1.69779200e-05 -7.22399072e-05 
 1.69799200e-05  2.59296238e-314  1.69799200e-05  9.46089635e-01  1.69799200e-05 -6.03527533e-05 
 1.69819200e-05  5.64146506e-314  1.69819200e-05  9.46773969e-01  1.69819200e-05 -4.84562074e-05 
 1.69839200e-05  2.59296238e-314  1.69839200e-05  9.47308612e-01  1.69839200e-05 -3.65521502e-05 
 1.69859200e-05  5.64146506e-314  1.69859200e-05  9.47693484e-01  1.69859200e-05 -2.46424639e-05 
 1.69879200e-05  2.59296238e-314  1.69879200e-05  9.47928525e-01  1.69879200e-05 -1.27290314e-05 
 1.69899200e-05  5.64146506e-314  1.69899200e-05  9.48013700e-01  1.69899200e-05 -8.13736269e-07 
 1.69919200e-05  2.59296238e-314  1.69919200e-05  9.47948996e-01  1.69919200e-05  1.11015378e-05 
 1.69939200e-05  5.64146506e-314  1.69939200e-05  9.47734428e-01  1.69939200e-05  2.30149069e-05 
 1.69959200e-05  2.59296238e-314  1.69959200e-05  9.47370029e-01  1.69959200e-05  3.49244878e-05 
 1.69979200e-05  5.64146506e-314  1.69979200e-05  9.46855860e-01  1.69979200e-05  4.68283976e-05 
 1.69999200e-05  2.59296238e-314  1.69999200e-05  9.46192003e-01  1.69999200e-05  5.87247544e-05 
 1.70019200e-05  5.64146506e-314  1.70019200e-05  9.45378567e-01  1.70019200e-05  7.06116776e-05 
 1.70039200e-05  2.59296238e-314  1.70039200e-05  9.44415680e-01  1.70039200e-05  8.24872879e-05 
 1.70059200e-05  5.64146506e-314  1.70059200e-05  9.43303498e-01  1.70059200e-05  9.43497082e-05 
 1.70079200e-05  2.59296238e-314  1.70079200e-05  9.42042197e-01  1.70079200e-05  1.06197063e-04 
 1.70099200e-05  5.64146506e-314  1.70099200e-05  9.40631980e-01  1.70099200e-05  1.18027480e-04 
 1.70119200e-05  2.59296238e-314  1.70119200e-05  9.39073071e-01  1.70119200e-05  1.29839088e-04 
 1.70139200e-05  5.64146506e-314  1.70139200e-05  9.37365718e-01  1.70139200e-05  1.41630021e-04 
 1.70159200e-05  2.59296238e-314  1.70159200e-05  9.35510193e-01  1.70159200e-05  1.53398415e-04 
 1.70179200e-05  5.64146506e-314  1.70179200e-05  9.33506792e-01  1.70179200e-05  1.65142409e-04 
 1.70199200e-05  2.59296238e-314  1.70199200e-05  9.31355832e-01  1.70199200e-05  1.76860147e-04 
 1.70219200e-05  5.64146506e-314  1.70219200e-05  9.29057657e-01  1.70219200e-05  1.88549778e-04 
 1.70239200e-05  2.59296238e-314  1.70239200e-05  9.26612630e-01  1.70239200e-05  2.00209452e-04 
 1.70259200e-05  5.64146506e-314  1.70259200e-05  9.24021141e-01  1.70259200e-05  2.11837328e-04 
 1.70279200e-05  2.59296238e-314  1.70279200e-05  9.21283601e-01  1.70279200e-05  2.23431567e-04 
 1.70299200e-05  5.64146506e-314  1.70299200e-05  9.18400444e-01  1.70299200e-05  2.34990336e-04 
 1.70319200e-05  2.59296238e-314  1.70319200e-05  9.15372129e-01  1.70319200e-05  2.46511810e-04 
 1.70339200e-05  5.64146506e-314  1.70339200e-05  9.12199135e-01  1.70339200e-05  2.57994166e-04 
 1.70359200e-05  2.59296238e-314  1.70359200e-05  9.08881967e-01  1.70359200e-05  2.69435590e-04 
 1.70379200e-05  5.64146506e-314  1.70379200e-05  9.05421150e-01  1.70379200e-05  2.80834274e-04 
 1.70399200e-05  2.59296238e-314  1.70399200e-05  9.01817234e-01  1.70399200e-05  2.92188416e-04 
 1.70419200e-05  5.64146506e-314  1.70419200e-05  8.98070790e-01  1.70419200e-05  3.03496222e-04 
 1.70439200e-05  2.59296238e-314  1.70439200e-05  8.94182411e-01  1.70439200e-05  3.14755904e-04 
 1.70459200e-05  5.64146506e-314  1.70459200e-05  8.90152716e-01  1.70459200e-05  3.25965683e-04 
 1.70479200e-05  2.59296238e-314  1.70479200e-05  8.85982342e-01  1.70479200e-05  3.37123788e-04 
 1.70499200e-05  5.64146506e-314  1.70499200e-05  8.81671950e-01  1.70499200e-05  3.48228454e-04 
 1.70519200e-05  2.59296238e-314  1.70519200e-05  8.77222225e-01  1.70519200e-05  3.59277928e-04 
 1.70539200e-05  5.64146506e-314  1.70539200e-05  8.72633870e-01  1.70539200e-05  3.70270462e-04 
 1.70559200e-05  2.59296238e-314  1.70559200e-05  8.67907614e-01  1.70559200e-05  3.81204320e-04 
 1.70579200e-05  5.64146506e-314  1.70579200e-05  8.63044204e-01  1.70579200e-05  3.92077774e-04 
 1.70599200e-05  2.59296238e-314  1.70599200e-05  8.58044413e-01  1.70599200e-05  4.02889106e-04 
 1.70619200e-05  5.64146506e-314  1.70619200e-05  8.52909031e-01  1.70619200e-05  4.13636607e-04 
 1.70639200e-05  2.59296238e-314  1.70639200e-05  8.47638872e-01  1.70639200e-05  4.24318578e-04 
 1.70659200e-05  5.64146506e-314  1.70659200e-05  8.42234772e-01  1.70659200e-05  4.34933333e-04 
 1.70679200e-05  2.59296238e-314  1.70679200e-05  8.36697587e-01  1.70679200e-05  4.45479193e-04 
 1.70699200e-05  5.64146506e-314  1.70699200e-05  8.31028192e-01  1.70699200e-05  4.55954492e-04 
 1.70719200e-05  2.59296238e-314  1.70719200e-05  8.25227487e-01  1.70719200e-05  4.66357575e-04 
 1.70739200e-05  5.64146506e-314  1.70739200e-05  8.19296391e-01  1.70739200e-05  4.76686799e-04 
 1.70759200e-05  2.59296238e-314  1.70759200e-05  8.13235842e-01  1.70759200e-05  4.86940530e-04 
 1.70779200e-05  5.64146506e-314  1.70779200e-05  8.07046800e-01  1.70779200e-05  4.97117150e-04 
 1.70799200e-05  2.59296238e-314  1.70799200e-05  8.00730245e-01  1.70799200e-05  5.07215049e-04 
 1.70819200e-05  5.64146506e-314  1.70819200e-05  7.94287178e-01  1.70819200e-05  5.17232634e-04 
 1.70839200e-05  2.59296238e-314  1.70839200e-05  7.87718618e-01  1.70839200e-05  5.27168320e-04 
 1.70859200e-05  5.64146506e-314  1.70859200e-05  7.81025607e-01  1.70859200e-05  5.37020538e-04 
 1.70879200e-05  2.59296238e-314  1.70879200e-05  7.74209202e-01  1.70879200e-05  5.46787732e-04 
 1.70899200e-05  5.64146506e-314  1.70899200e-05  7.67270485e-01  1.70899200e-05  5.56468359e-04 
 1.70919200e-05  2.59296238e-314  1.70919200e-05  7.60210552e-01  1.70919200e-05  5.66060889e-04 
 1.70939200e-05  5.64146506e-314  1.70939200e-05  7.53030523e-01  1.70939200e-05  5.75563806e-04 
 1.70959200e-05  2.59296238e-314  1.70959200e-05  7.45731533e-01  1.70959200e-05  5.84975610e-04 
 1.70979200e-05  5.64146506e-314  1.70979200e-05  7.38314738e-01  1.70979200e-05  5.94294814e-04 
 1.70999200e-05  2.59296238e-314  1.70999200e-05  7.30781312e-01  1.70999200e-05  6.03519945e-04 
 1.71019200e-05  5.64146506e-314  1.71019200e-05  7.23132447e-01  1.71019200e-05  6.12649546e-04 
 1.71039200e-05  2.59296238e-314  1.71039200e-05  7.15369354e-01  1.71039200e-05  6.21682176e-04 
 1.71059200e-05  5.64146506e-314  1.71059200e-05  7.07493262e-01  1.71059200e-05  6.30616407e-04 
 1.71079200e-05  2.59296238e-314  1.71079200e-05  6.99505418e-01  1.71079200e-05  6.39450828e-04 
 1.71099200e-05  5.64146506e-314  1.71099200e-05  6.91407086e-01  1.71099200e-05  6.48184043e-04 
 1.71119200e-05  2.59296238e-314  1.71119200e-05  6.83199547e-01  1.71119200e-05  6.56814674e-04 
 1.71139200e-05  5.64146506e-314  1.71139200e-05  6.74884100e-01  1.71139200e-05  6.65341357e-04 
 1.71159200e-05  2.59296238e-314  1.71159200e-05  6.66462061e-01  1.71159200e-05  6.73762745e-04 
 1.71179200e-05  5.64146506e-314  1.71179200e-05  6.57934764e-01  1.71179200e-05  6.82077509e-04 
 1.71199200e-05  2.59296238e-314  1.71199200e-05  6.49303558e-01  1.71199200e-05  6.90284334e-04 
 1.71219200e-05  5.64146506e-314  1.71219200e-05  6.40569808e-01  1.71219200e-05  6.98381926e-04 
 1.71239200e-05  2.59296238e-314  1.71239200e-05  6.31734896e-01  1.71239200e-05  7.06369005e-04 
 1.71259200e-05  5.64146506e-314  1.71259200e-05  6.22800221e-01  1.71259200e-05  7.14244309e-04 
 1.71279200e-05  2.59296238e-314  1.71279200e-05  6.13767197e-01  1.71279200e-05  7.22006596e-04 
 1.71299200e-05  5.64146506e-314  1.71299200e-05  6.04637252e-01  1.71299200e-05  7.29654639e-04 
 1.71319200e-05  2.59296238e-314  1.71319200e-05  5.95411831e-01  1.71319200e-05  7.37187231e-04 
 1.71339200e-05  5.64146506e-314  1.71339200e-05  5.86092395e-01  1.71339200e-05  7.44603183e-04 
 1.71359200e-05  2.59296238e-314  1.71359200e-05  5.76680417e-01  1.71359200e-05  7.51901322e-04 
 1.71379200e-05  5.64146506e-314  1.71379200e-05  5.67177386e-01  1.71379200e-05  7.59080498e-04 
 1.71399200e-05  2.59296238e-314  1.71399200e-05  5.57584807e-01  1.71399200e-05  7.66139576e-04 
 1.71419200e-05  5.64146506e-314  1.71419200e-05  5.47904197e-01  1.71419200e-05  7.73077442e-04 
 1.71439200e-05  2.59296238e-314  1.71439200e-05  5.38137087e-01  1.71439200e-05  7.79893001e-04 
 1.71459200e-05  5.64146506e-314  1.71459200e-05  5.28285023e-01  1.71459200e-05  7.86585177e-04 
 1.71479200e-05  2.59296238e-314  1.71479200e-05  5.18349564e-01  1.71479200e-05  7.93152913e-04 
 1.71499200e-05  5.64146506e-314  1.71499200e-05  5.08332280e-01  1.71499200e-05  7.99595173e-04 
 1.71519200e-05  2.59296238e-314  1.71519200e-05  4.98234757e-01  1.71519200e-05  8.05910939e-04 
 1.71539200e-05  5.64146506e-314  1.71539200e-05  4.88058593e-01  1.71539200e-05  8.12099215e-04 
 1.71559200e-05  2.59296238e-314  1.71559200e-05  4.77805396e-01  1.71559200e-05  8.18159023e-04 
 1.71579200e-05  5.64146506e-314  1.71579200e-05  4.67476790e-01  1.71579200e-05  8.24089409e-04 
 1.71599200e-05  2.59296238e-314  1.71599200e-05  4.57074407e-01  1.71599200e-05  8.29889435e-04 
 1.71619200e-05  5.64146506e-314  1.71619200e-05  4.46599894e-01  1.71619200e-05  8.35558186e-04 
 1.71639200e-05  2.59296238e-314  1.71639200e-05  4.36054907e-01  1.71639200e-05  8.41094768e-04 
 1.71659200e-05  5.64146506e-314  1.71659200e-05  4.25441114e-01  1.71659200e-05  8.46498307e-04 
 1.71679200e-05  2.59296238e-314  1.71679200e-05  4.14760194e-01  1.71679200e-05  8.51767951e-04 
 1.71699200e-05  5.64146506e-314  1.71699200e-05  4.04013837e-01  1.71699200e-05  8.56902868e-04 
 1.71719200e-05  2.59296238e-314  1.71719200e-05  3.93203742e-01  1.71719200e-05  8.61902247e-04 
 1.71739200e-05  5.64146506e-314  1.71739200e-05  3.82331619e-01  1.71739200e-05  8.66765301e-04 
 1.71759200e-05  2.59296238e-314  1.71759200e-05  3.71399187e-01  1.71759200e-05  8.71491262e-04 
 1.71779200e-05  5.64146506e-314  1.71779200e-05  3.60408177e-01  1.71779200e-05  8.76079385e-04 
 1.71799200e-05  2.59296238e-314  1.71799200e-05  3.49360326e-01  1.71799200e-05  8.80528946e-04 
 1.71819200e-05  5.64146506e-314  1.71819200e-05  3.38257381e-01  1.71819200e-05  8.84839243e-04 
 1.71839200e-05  2.59296238e-314  1.71839200e-05  3.27101099e-01  1.71839200e-05  8.89009597e-04 
 1.71859200e-05  5.64146506e-314  1.71859200e-05  3.15893244e-01  1.71859200e-05  8.93039350e-04 
 1.71879200e-05  2.59296238e-314  1.71879200e-05  3.04635589e-01  1.71879200e-05  8.96927867e-04 
 1.71899200e-05  5.64146506e-314  1.71899200e-05  2.93329913e-01  1.71899200e-05  9.00674535e-04 
 1.71919200e-05  2.59296238e-314  1.71919200e-05  2.81978006e-01  1.71919200e-05  9.04278763e-04 
 1.71939200e-05  5.64146506e-314  1.71939200e-05  2.70581662e-01  1.71939200e-05  9.07739984e-04 
 1.71959200e-05  2.59296238e-314  1.71959200e-05  2.59142683e-01  1.71959200e-05  9.11057651e-04 
 1.71979200e-05  5.64146506e-314  1.71979200e-05  2.47662878e-01  1.71979200e-05  9.14231242e-04 
 1.71999200e-05  2.59296238e-314  1.71999200e-05  2.36144064e-01  1.71999200e-05  9.17260258e-04 
 1.72019200e-05  5.64146506e-314  1.72019200e-05  2.24588061e-01  1.72019200e-05  9.20144221e-04 
 1.72039200e-05  2.59296238e-314  1.72039200e-05  2.12996697e-01  1.72039200e-05  9.22882677e-04 
 1.72059200e-05  5.64146506e-314  1.72059200e-05  2.01371804e-01  1.72059200e-05  9.25475195e-04 
 1.72079200e-05  2.59296238e-314  1.72079200e-05  1.89715222e-01  1.72079200e-05  9.27921367e-04 
 1.72099200e-05  5.64146506e-314  1.72099200e-05  1.78028793e-01  1.72099200e-05  9.30220808e-04 
 1.72119200e-05  2.59296238e-314  1.72119200e-05  1.66314366e-01  1.72119200e-05  9.32373156e-04 
 1.72139200e-05  5.64146506e-314  1.72139200e-05  1.54573792e-01  1.72139200e-05  9.34378073e-04 
 1.72159200e-05  2.59296238e-314  1.72159200e-05  1.42808929e-01  1.72159200e-05  9.36235244e-04 
 1.72179200e-05  5.64146506e-314  1.72179200e-05  1.31021635e-01  1.72179200e-05  9.37944377e-04 
 1.72199200e-05  2.59296238e-314  1.72199200e-05  1.19213776e-01  1.72199200e-05  9.39505204e-04 
 1.72219200e-05  5.64146506e-314  1.72219200e-05  1.07387219e-01  1.72219200e-05  9.40917479e-04 
 1.72239200e-05  2.59296238e-314  1.72239200e-05  9.55438322e-02  1.72239200e-05  9.42180982e-04 
 1.72259200e-05  5.64146506e-314  1.72259200e-05  8.36854894e-02  1.72259200e-05  9.43295514e-04 
 1.72279200e-05  2.59296238e-314  1.72279200e-05  7.18140654e-02  1.72279200e-05  9.44260902e-04 
 1.72299200e-05  5.64146506e-314  1.72299200e-05  5.99314371e-02  1.72299200e-05  9.45076994e-04 
 1.72319200e-05  2.59296238e-314  1.72319200e-05  4.80394833e-02  1.72319200e-05  9.45743664e-04 
 1.72339200e-05  5.64146506e-314  1.72339200e-05  3.61400841e-02  1.72339200e-05  9.46260807e-04 
 1.72359200e-05  2.59296238e-314  1.72359200e-05  2.42351209e-02  1.72359200e-05  9.46628344e-04 
 1.72379200e-05  5.64146506e-314  1.72379200e-05  1.23264759e-02  1.72379200e-05  9.46846219e-04 
 1.72399200e-05  2.59296238e-314  1.72399200e-05  4.16031726e-04  1.72399200e-05  9.46914399e-04 
 1.72419200e-05  5.64146506e-314  1.72419200e-05 -1.14943285e-02  1.72419200e-05  9.46832875e-04 
 1.72439200e-05  2.59296238e-314  1.72439200e-05 -2.34027218e-02  1.72439200e-05  9.46601662e-04 
 1.72459200e-05  5.64146506e-314  1.72459200e-05 -3.53072656e-02  1.72459200e-05  9.46220798e-04 
 1.72479200e-05  2.59296238e-314  1.72479200e-05 -4.72060778e-02  1.72479200e-05  9.45690346e-04 
 1.72499200e-05  5.64146506e-314  1.72499200e-05 -5.90972774e-02  1.72499200e-05  9.45010391e-04 
 1.72519200e-05  2.59296238e-314  1.72519200e-05 -7.09789845e-02  1.72519200e-05  9.44181043e-04 
 1.72539200e-05  5.64146506e-314  1.72539200e-05 -8.28493209e-02  1.72539200e-05  9.43202435e-04 
 1.72559200e-05  2.59296238e-314  1.72559200e-05 -9.47064099e-02  1.72559200e-05  9.42074723e-04 
 1.72579200e-05  5.64146506e-314  1.72579200e-05 -1.06548377e-01  1.72579200e-05  9.40798087e-04 
 1.72599200e-05  2.59296238e-314  1.72599200e-05 -1.18373351e-01  1.72599200e-05  9.39372731e-04 
 1.72619200e-05  5.64146506e-314  1.72619200e-05 -1.30179462e-01  1.72619200e-05  9.37798882e-04 
 1.72639200e-05  2.59296238e-314  1.72639200e-05 -1.41964843e-01  1.72639200e-05  9.36076792e-04 
 1.72659200e-05  5.64146506e-314  1.72659200e-05 -1.53727633e-01  1.72659200e-05  9.34206733e-04 
 1.72679200e-05  2.59296238e-314  1.72679200e-05 -1.65465971e-01  1.72679200e-05  9.32189005e-04 
 1.72699200e-05  5.64146506e-314  1.72699200e-05 -1.77178002e-01  1.72699200e-05  9.30023926e-04 
 1.72719200e-05  2.59296238e-314  1.72719200e-05 -1.88861875e-01  1.72719200e-05  9.27711842e-04 
 1.72739200e-05  5.64146506e-314  1.72739200e-05 -2.00515742e-01  1.72739200e-05  9.25253121e-04 
 1.72759200e-05  2.59296238e-314  1.72759200e-05 -2.12137763e-01  1.72759200e-05  9.22648151e-04 
 1.72779200e-05  5.64146506e-314  1.72779200e-05 -2.23726099e-01  1.72779200e-05  9.19897348e-04 
 1.72799200e-05  2.59296238e-314  1.72799200e-05 -2.35278920e-01  1.72799200e-05  9.17001148e-04 
 1.72819200e-05  5.64146506e-314  1.72819200e-05 -2.46794399e-01  1.72819200e-05  9.13960010e-04 
 1.72839200e-05  2.59296238e-314  1.72839200e-05 -2.58270716e-01  1.72839200e-05  9.10774418e-04 
 1.72859200e-05  5.64146506e-314  1.72859200e-05 -2.69706058e-01  1.72859200e-05  9.07444876e-04 
 1.72879200e-05  2.59296238e-314  1.72879200e-05 -2.81098616e-01  1.72879200e-05  9.03971914e-04 
 1.72899200e-05  5.64146506e-314  1.72899200e-05 -2.92446591e-01  1.72899200e-05  9.00356081e-04 
 1.72919200e-05  2.59296238e-314  1.72919200e-05 -3.03748189e-01  1.72919200e-05  8.96597951e-04 
 1.72939200e-05  5.64146506e-314  1.72939200e-05 -3.15001623e-01  1.72939200e-05  8.92698120e-04 
 1.72959200e-05  2.59296238e-314  1.72959200e-05 -3.26205116e-01  1.72959200e-05  8.88657207e-04 
 1.72979200e-05  5.64146506e-314  1.72979200e-05 -3.37356896e-01  1.72979200e-05  8.84475851e-04 
 1.72999200e-05  2.59296238e-314  1.72999200e-05 -3.48455201e-01  1.72999200e-05  8.80154717e-04 
 1.73019200e-05  5.64146506e-314  1.73019200e-05 -3.59498278e-01  1.73019200e-05  8.75694488e-04 
 1.73039200e-05  2.59296238e-314  1.73039200e-05 -3.70484381e-01  1.73039200e-05  8.71095872e-04 
 1.73059200e-05  5.64146506e-314  1.73059200e-05 -3.81411774e-01  1.73059200e-05  8.66359598e-04 
 1.73079200e-05  2.59296238e-314  1.73079200e-05 -3.92278730e-01  1.73079200e-05  8.61486415e-04 
 1.73099200e-05  5.64146506e-314  1.73099200e-05 -4.03083532e-01  1.73099200e-05  8.56477097e-04 
 1.73119200e-05  2.59296238e-314  1.73119200e-05 -4.13824472e-01  1.73119200e-05  8.51332436e-04 
 1.73139200e-05  5.64146506e-314  1.73139200e-05 -4.24499854e-01  1.73139200e-05  8.46053249e-04 
 1.73159200e-05  2.59296238e-314  1.73159200e-05 -4.35107990e-01  1.73159200e-05  8.40640370e-04 
 1.73179200e-05  5.64146506e-314  1.73179200e-05 -4.45647204e-01  1.73179200e-05  8.35094658e-04 
 1.73199200e-05  2.59296238e-314  1.73199200e-05 -4.56115831e-01  1.73199200e-05  8.29416991e-04 
 1.73219200e-05  5.64146506e-314  1.73219200e-05 -4.66512216e-01  1.73219200e-05  8.23608268e-04 
 1.73239200e-05  2.59296238e-314  1.73239200e-05 -4.76834717e-01  1.73239200e-05  8.17669409e-04 
 1.73259200e-05  5.64146506e-314  1.73259200e-05 -4.87081703e-01  1.73259200e-05  8.11601355e-04 
 1.73279200e-05  2.59296238e-314  1.73279200e-05 -4.97251555e-01  1.73279200e-05  8.05405067e-04 
 1.73299200e-05  5.64146506e-314  1.73299200e-05 -5.07342665e-01  1.73299200e-05  7.99081525e-04 
 1.73319200e-05  2.59296238e-314  1.73319200e-05 -5.17353441e-01  1.73319200e-05  7.92631732e-04 
 1.73339200e-05  5.64146506e-314  1.73339200e-05 -5.27282299e-01  1.73339200e-05  7.86056709e-04 
 1.73359200e-05  2.59296238e-314  1.73359200e-05 -5.37127671e-01  1.73359200e-05  7.79357496e-04 
 1.73379200e-05  5.64146506e-314  1.73379200e-05 -5.46888002e-01  1.73379200e-05  7.72535154e-04 
 1.73399200e-05  2.59296238e-314  1.73399200e-05 -5.56561750e-01  1.73399200e-05  7.65590764e-04 
 1.73419200e-05  5.64146506e-314  1.73419200e-05 -5.66147386e-01  1.73419200e-05  7.58525425e-04 
 1.73439200e-05  2.59296238e-314  1.73439200e-05 -5.75643397e-01  1.73439200e-05  7.51340255e-04 
 1.73459200e-05  5.64146506e-314  1.73459200e-05 -5.85048282e-01  1.73459200e-05  7.44036391e-04 
 1.73479200e-05  2.59296238e-314  1.73479200e-05 -5.94360554e-01  1.73479200e-05  7.36614991e-04 
 1.73499200e-05  5.64146506e-314  1.73499200e-05 -6.03578745e-01  1.73499200e-05  7.29077228e-04 
 1.73519200e-05  2.59296238e-314  1.73519200e-05 -6.12701396e-01  1.73519200e-05  7.21424297e-04 
 1.73539200e-05  5.64146506e-314  1.73539200e-05 -6.21727067e-01  1.73539200e-05  7.13657407e-04 
 1.73559200e-05  2.59296238e-314  1.73559200e-05 -6.30654332e-01  1.73559200e-05  7.05777789e-04 
 1.73579200e-05  5.64146506e-314  1.73579200e-05 -6.39481782e-01  1.73579200e-05  6.97786690e-04 
 1.73599200e-05  2.59296238e-314  1.73599200e-05 -6.48208021e-01  1.73599200e-05  6.89685375e-04 
 1.73619200e-05  5.64146506e-314  1.73619200e-05 -6.56831672e-01  1.73619200e-05  6.81475125e-04 
 1.73639200e-05  2.59296238e-314  1.73639200e-05 -6.65351372e-01  1.73639200e-05  6.73157240e-04 
 1.73659200e-05  5.64146506e-314  1.73659200e-05 -6.73765777e-01  1.73659200e-05  6.64733036e-04 
 1.73679200e-05  2.59296238e-314  1.73679200e-05 -6.82073556e-01  1.73679200e-05  6.56203847e-04 
 1.73699200e-05  5.64146506e-314  1.73699200e-05 -6.90273398e-01  1.73699200e-05  6.47571022e-04 
 1.73719200e-05  2.59296238e-314  1.73719200e-05 -6.98364007e-01  1.73719200e-05  6.38835928e-04 
 1.73739200e-05  5.64146506e-314  1.73739200e-05 -7.06344107e-01  1.73739200e-05  6.29999946e-04 
 1.73759200e-05  2.59296238e-314  1.73759200e-05 -7.14212437e-01  1.73759200e-05  6.21064475e-04 
 1.73779200e-05  5.64146506e-314  1.73779200e-05 -7.21967754e-01  1.73779200e-05  6.12030929e-04 
 1.73799200e-05  2.59296238e-314  1.73799200e-05 -7.29608834e-01  1.73799200e-05  6.02900738e-04 
 1.73819200e-05  5.64146506e-314  1.73819200e-05 -7.37134469e-01  1.73819200e-05  5.93675345e-04 
 1.73839200e-05  2.59296238e-314  1.73839200e-05 -7.44543473e-01  1.73839200e-05  5.84356210e-04 
 1.73859200e-05  5.64146506e-314  1.73859200e-05 -7.51834674e-01  1.73859200e-05  5.74944809e-04 
 1.73879200e-05  2.59296238e-314  1.73879200e-05 -7.59006922e-01  1.73879200e-05  5.65442630e-04 
 1.73899200e-05  5.64146506e-314  1.73899200e-05 -7.66059085e-01  1.73899200e-05  5.55851176e-04 
 1.73919200e-05  2.59296238e-314  1.73919200e-05 -7.72990048e-01  1.73919200e-05  5.46171965e-04 
 1.73939200e-05  5.64146506e-314  1.73939200e-05 -7.79798718e-01  1.73939200e-05  5.36406529e-04 
 1.73959200e-05  2.59296238e-314  1.73959200e-05 -7.86484019e-01  1.73959200e-05  5.26556411e-04 
 1.73979200e-05  5.64146506e-314  1.73979200e-05 -7.93044897e-01  1.73979200e-05  5.16623172e-04 
 1.73999200e-05  2.59296238e-314  1.73999200e-05 -7.99480316e-01  1.73999200e-05  5.06608381e-04 
 1.74019200e-05  5.64146506e-314  1.74019200e-05 -8.05789259e-01  1.74019200e-05  4.96513624e-04 
 1.74039200e-05  2.59296238e-314  1.74039200e-05 -8.11970731e-01  1.74039200e-05  4.86340497e-04 
 1.74059200e-05  5.64146506e-314  1.74059200e-05 -8.18023757e-01  1.74059200e-05  4.76090610e-04 
 1.74079200e-05  2.59296238e-314  1.74079200e-05 -8.23947381e-01  1.74079200e-05  4.65765583e-04 
 1.74099200e-05  5.64146506e-314  1.74099200e-05 -8.29740668e-01  1.74099200e-05  4.55367051e-04 
 1.74119200e-05  2.59296238e-314  1.74119200e-05 -8.35402704e-01  1.74119200e-05  4.44896658e-04 
 1.74139200e-05  5.64146506e-314  1.74139200e-05 -8.40932595e-01  1.74139200e-05  4.34356061e-04 
 1.74159200e-05  2.59296238e-314  1.74159200e-05 -8.46329469e-01  1.74159200e-05  4.23746926e-04 
 1.74179200e-05  5.64146506e-314  1.74179200e-05 -8.51592475e-01  1.74179200e-05  4.13070933e-04 
 1.74199200e-05  2.59296238e-314  1.74199200e-05 -8.56720781e-01  1.74199200e-05  4.02329768e-04 
 1.74219200e-05  5.64146506e-314  1.74219200e-05 -8.61713579e-01  1.74219200e-05  3.91525132e-04 
 1.74239200e-05  2.59296238e-314  1.74239200e-05 -8.66570082e-01  1.74239200e-05  3.80658734e-04 
 1.74259200e-05  5.64146506e-314  1.74259200e-05 -8.71289522e-01  1.74259200e-05  3.69732292e-04 
 1.74279200e-05  2.59296238e-314  1.74279200e-05 -8.75871156e-01  1.74279200e-05  3.58747534e-04 
 1.74299200e-05  5.64146506e-314  1.74299200e-05 -8.80314261e-01  1.74299200e-05  3.47706198e-04 
 1.74319200e-05  2.59296238e-314  1.74319200e-05 -8.84618137e-01  1.74319200e-05  3.36610029e-04 
 1.74339200e-05  5.64146506e-314  1.74339200e-05 -8.88782104e-01  1.74339200e-05  3.25460784e-04 
 1.74359200e-05  2.59296238e-314  1.74359200e-05 -8.92805507e-01  1.74359200e-05  3.14260225e-04 
 1.74379200e-05  5.64146506e-314  1.74379200e-05 -8.96687710e-01  1.74379200e-05  3.03010123e-04 
 1.74399200e-05  2.59296238e-314  1.74399200e-05 -9.00428103e-01  1.74399200e-05  2.91712259e-04 
 1.74419200e-05  5.64146506e-314  1.74419200e-05 -9.04026094e-01  1.74419200e-05  2.80368418e-04 
 1.74439200e-05  2.59296238e-314  1.74439200e-05 -9.07481118e-01  1.74439200e-05  2.68980394e-04 
 1.74459200e-05  5.64146506e-314  1.74459200e-05 -9.10792630e-01  1.74459200e-05  2.57549989e-04 
 1.74479200e-05  2.59296238e-314  1.74479200e-05 -9.13960108e-01  1.74479200e-05  2.46079011e-04 
 1.74499200e-05  5.64146506e-314  1.74499200e-05 -9.16983053e-01  1.74499200e-05  2.34569272e-04 
 1.74519200e-05  2.59296238e-314  1.74519200e-05 -9.19860990e-01  1.74519200e-05  2.23022594e-04 
 1.74539200e-05  5.64146506e-314  1.74539200e-05 -9.22593464e-01  1.74539200e-05  2.11440802e-04 
 1.74559200e-05  2.59296238e-314  1.74559200e-05 -9.25180046e-01  1.74559200e-05  1.99825727e-04 
 1.74579200e-05  5.64146506e-314  1.74579200e-05 -9.27620328e-01  1.74579200e-05  1.88179208e-04 
 1.74599200e-05  2.59296238e-314  1.74599200e-05 -9.29913928e-01  1.74599200e-05  1.76503084e-04 
 1.74619200e-05  5.64146506e-314  1.74619200e-05 -9.32060483e-01  1.74619200e-05  1.64799202e-04 
 1.74639200e-05  2.59296238e-314  1.74639200e-05 -9.34059657e-01  1.74639200e-05  1.53069414e-04 
 1.74659200e-05  5.64146506e-314  1.74659200e-05 -9.35911135e-01  1.74659200e-05  1.41315574e-04 
 1.74679200e-05  2.59296238e-314  1.74679200e-05 -9.37614626e-01  1.74679200e-05  1.29539540e-04 
 1.74699200e-05  5.64146506e-314  1.74699200e-05 -9.39169863e-01  1.74699200e-05  1.17743174e-04 
 1.74719200e-05  2.59296238e-314  1.74719200e-05 -9.40576602e-01  1.74719200e-05  1.05928342e-04 
 1.74739200e-05  5.64146506e-314  1.74739200e-05 -9.41834623e-01  1.74739200e-05  9.40969116e-05 
 1.74759200e-05  2.59296238e-314  1.74759200e-05 -9.42943727e-01  1.74759200e-05  8.22507536e-05 
 1.74779200e-05  5.64146506e-314  1.74779200e-05 -9.43903743e-01  1.74779200e-05  7.03917410e-05 
 1.74799200e-05  2.59296238e-314  1.74799200e-05 -9.44714520e-01  1.74799200e-05  5.85217489e-05 
 1.74819200e-05  5.64146506e-314  1.74819200e-05 -9.45375931e-01  1.74819200e-05  4.66426539e-05 
 1.74839200e-05  2.59296238e-314  1.74839200e-05 -9.45887874e-01  1.74839200e-05  3.47563342e-05 
 1.74859200e-05  5.64146506e-314  1.74859200e-05 -9.46250271e-01  1.74859200e-05  2.28646691e-05 
 1.74879200e-05  2.59296238e-314  1.74879200e-05 -9.46463064e-01  1.74879200e-05  1.09695387e-05 
 1.74899200e-05  5.64146506e-314  1.74899200e-05 -9.46526224e-01  1.74899200e-05 -9.27176452e-07 
 1.74919200e-05  2.59296238e-314  1.74919200e-05 -9.46439741e-01  1.74919200e-05 -1.28235955e-05 
 1.74939200e-05  5.64146506e-314  1.74939200e-05 -9.46203631e-01  1.74939200e-05 -2.47178377e-05 
 1.74959200e-05  2.59296238e-314  1.74959200e-05 -9.45817934e-01  1.74959200e-05 -3.66080226e-05 
 1.74979200e-05  5.64146506e-314  1.74979200e-05 -9.45282712e-01  1.74979200e-05 -4.84922705e-05 
 1.74999200e-05  2.59296238e-314  1.74999200e-05 -9.44598052e-01  1.74999200e-05 -6.03687026e-05 
 1.75019200e-05  5.64146506e-314  1.75019200e-05 -9.43764064e-01  1.75019200e-05 -7.22354414e-05 
 1.75039200e-05  2.59296238e-314  1.75039200e-05 -9.42780881e-01  1.75039200e-05 -8.40906110e-05 
 1.75059200e-05  5.64146506e-314  1.75059200e-05 -9.41648661e-01  1.75059200e-05 -9.59323372e-05 
 1.75079200e-05  2.59296238e-314  1.75079200e-05 -9.40367585e-01  1.75079200e-05 -1.07758748e-04 
 1.75099200e-05  5.64146506e-314  1.75099200e-05 -9.38937857e-01  1.75099200e-05 -1.19567974e-04 
 1.75119200e-05  2.59296238e-314  1.75119200e-05 -9.37359706e-01  1.75119200e-05 -1.31358149e-04 
 1.75139200e-05  5.64146506e-314  1.75139200e-05 -9.35633381e-01  1.75139200e-05 -1.43127408e-04 
 1.75159200e-05  2.59296238e-314  1.75159200e-05 -9.33759159e-01  1.75159200e-05 -1.54873891e-04 
 1.75179200e-05  5.64146506e-314  1.75179200e-05 -9.31737338e-01  1.75179200e-05 -1.66595742e-04 
 1.75199200e-05  2.59296238e-314  1.75199200e-05 -9.29568238e-01  1.75199200e-05 -1.78291108e-04 
 1.75219200e-05  5.64146506e-314  1.75219200e-05 -9.27252205e-01  1.75219200e-05 -1.89958140e-04 
 1.75239200e-05  2.59296238e-314  1.75239200e-05 -9.24789607e-01  1.75239200e-05 -2.01594993e-04 
 1.75259200e-05  5.64146506e-314  1.75259200e-05 -9.22180834e-01  1.75259200e-05 -2.13199829e-04 
 1.75279200e-05  2.59296238e-314  1.75279200e-05 -9.19426302e-01  1.75279200e-05 -2.24770813e-04 
 1.75299200e-05  5.64146506e-314  1.75299200e-05 -9.16526447e-01  1.75299200e-05 -2.36306116e-04 
 1.75319200e-05  2.59296238e-314  1.75319200e-05 -9.13481730e-01  1.75319200e-05 -2.47803916e-04 
 1.75339200e-05  5.64146506e-314  1.75339200e-05 -9.10292634e-01  1.75339200e-05 -2.59262394e-04 
 1.75359200e-05  2.59296238e-314  1.75359200e-05 -9.06959664e-01  1.75359200e-05 -2.70679740e-04 
 1.75379200e-05  5.64146506e-314  1.75379200e-05 -9.03483350e-01  1.75379200e-05 -2.82054149e-04 
 1.75399200e-05  2.59296238e-314  1.75399200e-05 -8.99864244e-01  1.75399200e-05 -2.93383824e-04 
 1.75419200e-05  5.64146506e-314  1.75419200e-05 -8.96102918e-01  1.75419200e-05 -3.04666974e-04 
 1.75439200e-05  2.59296238e-314  1.75439200e-05 -8.92199970e-01  1.75439200e-05 -3.15901815e-04 
 1.75459200e-05  5.64146506e-314  1.75459200e-05 -8.88156017e-01  1.75459200e-05 -3.27086573e-04 
 1.75479200e-05  2.59296238e-314  1.75479200e-05 -8.83971703e-01  1.75479200e-05 -3.38219479e-04 
 1.75499200e-05  5.64146506e-314  1.75499200e-05 -8.79647688e-01  1.75499200e-05 -3.49298774e-04 
 1.75519200e-05  2.59296238e-314  1.75519200e-05 -8.75184660e-01  1.75519200e-05 -3.60322708e-04 
 1.75539200e-05  5.64146506e-314  1.75539200e-05 -8.70583325e-01  1.75539200e-05 -3.71289537e-04 
 1.75559200e-05  2.59296238e-314  1.75559200e-05 -8.65844413e-01  1.75559200e-05 -3.82197529e-04 
 1.75579200e-05  5.64146506e-314  1.75579200e-05 -8.60968674e-01  1.75579200e-05 -3.93044961e-04 
 1.75599200e-05  2.59296238e-314  1.75599200e-05 -8.55956881e-01  1.75599200e-05 -4.03830117e-04 
 1.75619200e-05  5.64146506e-314  1.75619200e-05 -8.50809828e-01  1.75619200e-05 -4.14551295e-04 
 1.75639200e-05  2.59296238e-314  1.75639200e-05 -8.45528331e-01  1.75639200e-05 -4.25206798e-04 
 1.75659200e-05  5.64146506e-314  1.75659200e-05 -8.40113226e-01  1.75659200e-05 -4.35794945e-04 
 1.75679200e-05  2.59296238e-314  1.75679200e-05 -8.34565370e-01  1.75679200e-05 -4.46314061e-04 
 1.75699200e-05  5.64146506e-314  1.75699200e-05 -8.28885643e-01  1.75699200e-05 -4.56762485e-04 
 1.75719200e-05  2.59296238e-314  1.75719200e-05 -8.23074945e-01  1.75719200e-05 -4.67138565e-04 
 1.75739200e-05  5.64146506e-314  1.75739200e-05 -8.17134195e-01  1.75739200e-05 -4.77440663e-04 
 1.75759200e-05  2.59296238e-314  1.75759200e-05 -8.11064335e-01  1.75759200e-05 -4.87667150e-04 
 1.75779200e-05  5.64146506e-314  1.75779200e-05 -8.04866325e-01  1.75779200e-05 -4.97816410e-04 
 1.75799200e-05  2.59296238e-314  1.75799200e-05 -7.98541147e-01  1.75799200e-05 -5.07886840e-04 
 1.75819200e-05  5.64146506e-314  1.75819200e-05 -7.92089803e-01  1.75819200e-05 -5.17876849e-04 
 1.75839200e-05  2.59296238e-314  1.75839200e-05 -7.85513315e-01  1.75839200e-05 -5.27784858e-04 
 1.75859200e-05  5.64146506e-314  1.75859200e-05 -7.78812722e-01  1.75859200e-05 -5.37609302e-04 
 1.75879200e-05  2.59296238e-314  1.75879200e-05 -7.71989088e-01  1.75879200e-05 -5.47348630e-04 
 1.75899200e-05  5.64146506e-314  1.75899200e-05 -7.65043490e-01  1.75899200e-05 -5.57001301e-04 
 1.75919200e-05  2.59296238e-314  1.75919200e-05 -7.57977031e-01  1.75919200e-05 -5.66565792e-04 
 1.75939200e-05  5.64146506e-314  1.75939200e-05 -7.50790827e-01  1.75939200e-05 -5.76040591e-04 
 1.75959200e-05  2.59296238e-314  1.75959200e-05 -7.43486017e-01  1.75959200e-05 -5.85424201e-04 
 1.75979200e-05  5.64146506e-314  1.75979200e-05 -7.36063757e-01  1.75979200e-05 -5.94715141e-04 
 1.75999200e-05  2.59296238e-314  1.75999200e-05 -7.28525222e-01  1.75999200e-05 -6.03911942e-04 
 1.76019200e-05  5.64146506e-314  1.76019200e-05 -7.20871605e-01  1.76019200e-05 -6.13013152e-04 
 1.76039200e-05  2.59296238e-314  1.76039200e-05 -7.13104118e-01  1.76039200e-05 -6.22017332e-04 
 1.76059200e-05  5.64146506e-314  1.76059200e-05 -7.05223989e-01  1.76059200e-05 -6.30923062e-04 
 1.76079200e-05  2.59296238e-314  1.76079200e-05 -6.97232467e-01  1.76079200e-05 -6.39728933e-04 
 1.76099200e-05  5.64146506e-314  1.76099200e-05 -6.89130817e-01  1.76099200e-05 -6.48433555e-04 
 1.76119200e-05  2.59296238e-314  1.76119200e-05 -6.80920319e-01  1.76119200e-05 -6.57035554e-04 
 1.76139200e-05  5.64146506e-314  1.76139200e-05 -6.72602274e-01  1.76139200e-05 -6.65533570e-04 
 1.76159200e-05  2.59296238e-314  1.76159200e-05 -6.64177999e-01  1.76159200e-05 -6.73926261e-04 
 1.76179200e-05  5.64146506e-314  1.76179200e-05 -6.55648825e-01  1.76179200e-05 -6.82212302e-04 
 1.76199200e-05  2.59296238e-314  1.76199200e-05 -6.47016104e-01  1.76199200e-05 -6.90390384e-04 
 1.76219200e-05  5.64146506e-314  1.76219200e-05 -6.38281201e-01  1.76219200e-05 -6.98459216e-04 
 1.76239200e-05  2.59296238e-314  1.76239200e-05 -6.29445498e-01  1.76239200e-05 -7.06417523e-04 
 1.76259200e-05  5.64146506e-314  1.76259200e-05 -6.20510394e-01  1.76259200e-05 -7.14264049e-04 
 1.76279200e-05  2.59296238e-314  1.76279200e-05 -6.11477302e-01  1.76279200e-05 -7.21997554e-04 
 1.76299200e-05  5.64146506e-314  1.76299200e-05 -6.02347652e-01  1.76299200e-05 -7.29616817e-04 
 1.76319200e-05  2.59296238e-314  1.76319200e-05 -5.93122888e-01  1.76319200e-05 -7.37120635e-04 
 1.76339200e-05  5.64146506e-314  1.76339200e-05 -5.83804470e-01  1.76339200e-05 -7.44507824e-04 
 1.76359200e-05  2.59296238e-314  1.76359200e-05 -5.74393872e-01  1.76359200e-05 -7.51777216e-04 
 1.76379200e-05  5.64146506e-314  1.76379200e-05 -5.64892584e-01  1.76379200e-05 -7.58927665e-04 
 1.76399200e-05  2.59296238e-314  1.76399200e-05 -5.55302108e-01  1.76399200e-05 -7.65958040e-04 
 1.76419200e-05  5.64146506e-314  1.76419200e-05 -5.45623961e-01  1.76419200e-05 -7.72867233e-04 
 1.76439200e-05  2.59296238e-314  1.76439200e-05 -5.35859676e-01  1.76439200e-05 -7.79654152e-04 
 1.76459200e-05  5.64146506e-314  1.76459200e-05 -5.26010796e-01  1.76459200e-05 -7.86317725e-04 
 1.76479200e-05  2.59296238e-314  1.76479200e-05 -5.16078880e-01  1.76479200e-05 -7.92856902e-04 
 1.76499200e-05  5.64146506e-314  1.76499200e-05 -5.06065499e-01  1.76499200e-05 -7.99270649e-04 
 1.76519200e-05  2.59296238e-314  1.76519200e-05 -4.95972238e-01  1.76519200e-05 -8.05557955e-04 
 1.76539200e-05  5.64146506e-314  1.76539200e-05 -4.85800692e-01  1.76539200e-05 -8.11717826e-04 
 1.76559200e-05  2.59296238e-314  1.76559200e-05 -4.75552471e-01  1.76559200e-05 -8.17749292e-04 
 1.76579200e-05  5.64146506e-314  1.76579200e-05 -4.65229196e-01  1.76579200e-05 -8.23651398e-04 
 1.76599200e-05  2.59296238e-314  1.76599200e-05 -4.54832501e-01  1.76599200e-05 -8.29423215e-04 
 1.76619200e-05  5.64146506e-314  1.76619200e-05 -4.44364029e-01  1.76619200e-05 -8.35063832e-04 
 1.76639200e-05  2.59296238e-314  1.76639200e-05 -4.33825436e-01  1.76639200e-05 -8.40572357e-04 
 1.76659200e-05  5.64146506e-314  1.76659200e-05 -4.23218390e-01  1.76659200e-05 -8.45947923e-04 
 1.76679200e-05  2.59296238e-314  1.76679200e-05 -4.12544569e-01  1.76679200e-05 -8.51189681e-04 
 1.76699200e-05  5.64146506e-314  1.76699200e-05 -4.01805660e-01  1.76699200e-05 -8.56296803e-04 
 1.76719200e-05  2.59296238e-314  1.76719200e-05 -3.91003363e-01  1.76719200e-05 -8.61268485e-04 
 1.76739200e-05  5.64146506e-314  1.76739200e-05 -3.80139385e-01  1.76739200e-05 -8.66103941e-04 
 1.76759200e-05  2.59296238e-314  1.76759200e-05 -3.69215446e-01  1.76759200e-05 -8.70802409e-04 
 1.76779200e-05  5.64146506e-314  1.76779200e-05 -3.58233273e-01  1.76779200e-05 -8.75363149e-04 
 1.76799200e-05  2.59296238e-314  1.76799200e-05 -3.47194602e-01  1.76799200e-05 -8.79785440e-04 
 1.76819200e-05  5.64146506e-314  1.76819200e-05 -3.36101181e-01  1.76819200e-05 -8.84068585e-04 
 1.76839200e-05  2.59296238e-314  1.76839200e-05 -3.24954763e-01  1.76839200e-05 -8.88211909e-04 
 1.76859200e-05  5.64146506e-314  1.76859200e-05 -3.13757111e-01  1.76859200e-05 -8.92214759e-04 
 1.76879200e-05  2.59296238e-314  1.76879200e-05 -3.02509996e-01  1.76879200e-05 -8.96076503e-04 
 1.76899200e-05  5.64146506e-314  1.76899200e-05 -2.91215197e-01  1.76899200e-05 -8.99796533e-04 
 1.76919200e-05  2.59296238e-314  1.76919200e-05 -2.79874500e-01  1.76919200e-05 -9.03374263e-04 
 1.76939200e-05  5.64146506e-314  1.76939200e-05 -2.68489699e-01  1.76939200e-05 -9.06809128e-04 
 1.76959200e-05  2.59296238e-314  1.76959200e-05 -2.57062594e-01  1.76959200e-05 -9.10100588e-04 
 1.76979200e-05  5.64146506e-314  1.76979200e-05 -2.45594992e-01  1.76979200e-05 -9.13248123e-04 
 1.76999200e-05  2.59296238e-314  1.76999200e-05 -2.34088706e-01  1.76999200e-05 -9.16251238e-04 
 1.77019200e-05  5.64146506e-314  1.77019200e-05 -2.22545557e-01  1.77019200e-05 -9.19109461e-04 
 1.77039200e-05  2.59296238e-314  1.77039200e-05 -2.10967370e-01  1.77039200e-05 -9.21822340e-04 
 1.77059200e-05  5.64146506e-314  1.77059200e-05 -1.99355975e-01  1.77059200e-05 -9.24389449e-04 
 1.77079200e-05  2.59296238e-314  1.77079200e-05 -1.87713209e-01  1.77079200e-05 -9.26810384e-04 
 1.77099200e-05  5.64146506e-314  1.77099200e-05 -1.76040912e-01  1.77099200e-05 -9.29084765e-04 
 1.77119200e-05  2.59296238e-314  1.77119200e-05 -1.64340931e-01  1.77119200e-05 -9.31212232e-04 
 1.77139200e-05  5.64146506e-314  1.77139200e-05 -1.52615115e-01  1.77139200e-05 -9.33192452e-04 
 1.77159200e-05  2.59296238e-314  1.77159200e-05 -1.40865319e-01  1.77159200e-05 -9.35025114e-04 
 1.77179200e-05  5.64146506e-314  1.77179200e-05 -1.29093401e-01  1.77179200e-05 -9.36709929e-04 
 1.77199200e-05  2.59296238e-314  1.77199200e-05 -1.17301221e-01  1.77199200e-05 -9.38246634e-04 
 1.77219200e-05  5.64146506e-314  1.77219200e-05 -1.05490645e-01  1.77219200e-05 -9.39634987e-04 
 1.77239200e-05  2.59296238e-314  1.77239200e-05 -9.36635397e-02  1.77239200e-05 -9.40874770e-04 
 1.77259200e-05  5.64146506e-314  1.77259200e-05 -8.18217752e-02  1.77259200e-05 -9.41965789e-04 
 1.77279200e-05  2.59296238e-314  1.77279200e-05 -6.99672238e-02  1.77279200e-05 -9.42907875e-04 
 1.77299200e-05  5.64146506e-314  1.77299200e-05 -5.81017600e-02  1.77299200e-05 -9.43700878e-04 
 1.77319200e-05  2.59296238e-314  1.77319200e-05 -4.62272596e-02  1.77319200e-05 -9.44344677e-04 
 1.77339200e-05  5.64146506e-314  1.77339200e-05 -3.43456002e-02  1.77339200e-05 -9.44839172e-04 
 1.77359200e-05  2.59296238e-314  1.77359200e-05 -2.24586602e-02  1.77359200e-05 -9.45184285e-04 
 1.77379200e-05  5.64146506e-314  1.77379200e-05 -1.05683190e-02  1.77379200e-05 -9.45379964e-04 
 1.77399200e-05  2.59296238e-314  1.77399200e-05  1.32354352e-03  1.77399200e-05 -9.45426181e-04 
 1.77419200e-05  5.64146506e-314  1.77419200e-05  1.32150474e-02  1.77419200e-05 -9.45322929e-04 
 1.77439200e-05  2.59296238e-314  1.77439200e-05  2.51043125e-02  1.77439200e-05 -9.45070228e-04 
 1.77459200e-05  5.64146506e-314  1.77459200e-05  3.69894593e-02  1.77459200e-05 -9.44668118e-04 
 1.77479200e-05  2.59296238e-314  1.77479200e-05  4.88686089e-02  1.77479200e-05 -9.44116665e-04 
 1.77499200e-05  5.64146506e-314  1.77499200e-05  6.07398833e-02  1.77499200e-05 -9.43415959e-04 
 1.77519200e-05  2.59296238e-314  1.77519200e-05  7.26014057e-02  1.77519200e-05 -9.42566112e-04 
 1.77539200e-05  5.64146506e-314  1.77539200e-05  8.44513012e-02  1.77539200e-05 -9.41567260e-04 
 1.77559200e-05  2.59296238e-314  1.77559200e-05  9.62876963e-02  1.77559200e-05 -9.40419563e-04 
 1.77579200e-05  5.64146506e-314  1.77579200e-05  1.08108720e-01  1.77579200e-05 -9.39123204e-04 
 1.77599200e-05  2.59296238e-314  1.77599200e-05  1.19912504e-01  1.77599200e-05 -9.37678390e-04 
 1.77619200e-05  5.64146506e-314  1.77619200e-05  1.31697181e-01  1.77619200e-05 -9.36085352e-04 
 1.77639200e-05  2.59296238e-314  1.77639200e-05  1.43460890e-01  1.77639200e-05 -9.34344343e-04 
 1.77659200e-05  5.64146506e-314  1.77659200e-05  1.55201770e-01  1.77659200e-05 -9.32455640e-04 
 1.77679200e-05  2.59296238e-314  1.77679200e-05  1.66917966e-01  1.77679200e-05 -9.30419544e-04 
 1.77699200e-05  5.64146506e-314  1.77699200e-05  1.78607626e-01  1.77699200e-05 -9.28236378e-04 
 1.77719200e-05  2.59296238e-314  1.77719200e-05  1.90268902e-01  1.77719200e-05 -9.25906489e-04 
 1.77739200e-05  5.64146506e-314  1.77739200e-05  2.01899951e-01  1.77739200e-05 -9.23430249e-04 
 1.77759200e-05  2.59296238e-314  1.77759200e-05  2.13498934e-01  1.77759200e-05 -9.20808049e-04 
 1.77779200e-05  5.64146506e-314  1.77779200e-05  2.25064018e-01  1.77779200e-05 -9.18040306e-04 
 1.77799200e-05  2.59296238e-314  1.77799200e-05  2.36593375e-01  1.77799200e-05 -9.15127460e-04 
 1.77819200e-05  5.64146506e-314  1.77819200e-05  2.48085183e-01  1.77819200e-05 -9.12069974e-04 
 1.77839200e-05  2.59296238e-314  1.77839200e-05  2.59537625e-01  1.77839200e-05 -9.08868331e-04 
 1.77859200e-05  5.64146506e-314  1.77859200e-05  2.70948891e-01  1.77859200e-05 -9.05523041e-04 
 1.77879200e-05  2.59296238e-314  1.77879200e-05  2.82317179e-01  1.77879200e-05 -9.02034633e-04 
 1.77899200e-05  5.64146506e-314  1.77899200e-05  2.93640690e-01  1.77899200e-05 -8.98403662e-04 
 1.77919200e-05  2.59296238e-314  1.77919200e-05  3.04917636e-01  1.77919200e-05 -8.94630703e-04 
 1.77939200e-05  5.64146506e-314  1.77939200e-05  3.16146233e-01  1.77939200e-05 -8.90716354e-04 
 1.77959200e-05  2.59296238e-314  1.77959200e-05  3.27324709e-01  1.77959200e-05 -8.86661236e-04 
 1.77979200e-05  5.64146506e-314  1.77979200e-05  3.38451295e-01  1.77979200e-05 -8.82465992e-04 
 1.77999200e-05  2.59296238e-314  1.77999200e-05  3.49524234e-01  1.77999200e-05 -8.78131287e-04 
 1.78019200e-05  5.64146506e-314  1.78019200e-05  3.60541776e-01  1.78019200e-05 -8.73657808e-04 
 1.78039200e-05  2.59296238e-314  1.78039200e-05  3.71502179e-01  1.78039200e-05 -8.69046263e-04 
 1.78059200e-05  5.64146506e-314  1.78059200e-05  3.82403711e-01  1.78059200e-05 -8.64297384e-04 
 1.78079200e-05  2.59296238e-314  1.78079200e-05  3.93244650e-01  1.78079200e-05 -8.59411923e-04 
 1.78099200e-05  5.64146506e-314  1.78099200e-05  4.04023282e-01  1.78099200e-05 -8.54390655e-04 
 1.78119200e-05  2.59296238e-314  1.78119200e-05  4.14737905e-01  1.78119200e-05 -8.49234374e-04 
 1.78139200e-05  5.64146506e-314  1.78139200e-05  4.25386825e-01  1.78139200e-05 -8.43943898e-04 
 1.78159200e-05  2.59296238e-314  1.78159200e-05  4.35968360e-01  1.78159200e-05 -8.38520064e-04 
 1.78179200e-05  5.64146506e-314  1.78179200e-05  4.46480836e-01  1.78179200e-05 -8.32963733e-04 
 1.78199200e-05  2.59296238e-314  1.78199200e-05  4.56922594e-01  1.78199200e-05 -8.27275783e-04 
 1.78219200e-05  5.64146506e-314  1.78219200e-05  4.67291984e-01  1.78219200e-05 -8.21457116e-04 
 1.78239200e-05  2.59296238e-314  1.78239200e-05  4.77587366e-01  1.78239200e-05 -8.15508654e-04 
 1.78259200e-05  5.64146506e-314  1.78259200e-05  4.87807114e-01  1.78259200e-05 -8.09431338e-04 
 1.78279200e-05  2.59296238e-314  1.78279200e-05  4.97949614e-01  1.78279200e-05 -8.03226132e-04 
 1.78299200e-05  5.64146506e-314  1.78299200e-05  5.08013263e-01  1.78299200e-05 -7.96894016e-04 
 1.78319200e-05  2.59296238e-314  1.78319200e-05  5.17996470e-01  1.78319200e-05 -7.90435995e-04 
 1.78339200e-05  5.64146506e-314  1.78339200e-05  5.27897660e-01  1.78339200e-05 -7.83853091e-04 
 1.78359200e-05  2.59296238e-314  1.78359200e-05  5.37715266e-01  1.78359200e-05 -7.77146346e-04 
 1.78379200e-05  5.64146506e-314  1.78379200e-05  5.47447739e-01  1.78379200e-05 -7.70316821e-04 
 1.78399200e-05  2.59296238e-314  1.78399200e-05  5.57093540e-01  1.78399200e-05 -7.63365599e-04 
 1.78419200e-05  5.64146506e-314  1.78419200e-05  5.66651146e-01  1.78419200e-05 -7.56293780e-04 
 1.78439200e-05  2.59296238e-314  1.78439200e-05  5.76119047e-01  1.78439200e-05 -7.49102483e-04 
 1.78459200e-05  5.64146506e-314  1.78459200e-05  5.85495748e-01  1.78459200e-05 -7.41792846e-04 
 1.78479200e-05  2.59296238e-314  1.78479200e-05  5.94779766e-01  1.78479200e-05 -7.34366027e-04 
 1.78499200e-05  5.64146506e-314  1.78499200e-05  6.03969635e-01  1.78499200e-05 -7.26823202e-04 
 1.78519200e-05  2.59296238e-314  1.78519200e-05  6.13063904e-01  1.78519200e-05 -7.19165564e-04 
 1.78539200e-05  5.64146506e-314  1.78539200e-05  6.22061136e-01  1.78539200e-05 -7.11394325e-04 
 1.78559200e-05  2.59296238e-314  1.78559200e-05  6.30959910e-01  1.78559200e-05 -7.03510716e-04 
 1.78579200e-05  5.64146506e-314  1.78579200e-05  6.39758820e-01  1.78579200e-05 -6.95515984e-04 
 1.78599200e-05  2.59296238e-314  1.78599200e-05  6.48456476e-01  1.78599200e-05 -6.87411394e-04 
 1.78619200e-05  5.64146506e-314  1.78619200e-05  6.57051505e-01  1.78619200e-05 -6.79198230e-04 
 1.78639200e-05  2.59296238e-314  1.78639200e-05  6.65542550e-01  1.78639200e-05 -6.70877790e-04 
 1.78659200e-05  5.64146506e-314  1.78659200e-05  6.73928268e-01  1.78659200e-05 -6.62451393e-04 
 1.78679200e-05  2.59296238e-314  1.78679200e-05  6.82207335e-01  1.78679200e-05 -6.53920370e-04 
 1.78699200e-05  5.64146506e-314  1.78699200e-05  6.90378445e-01  1.78699200e-05 -6.45286073e-04 
 1.78719200e-05  2.59296238e-314  1.78719200e-05  6.98440306e-01  1.78719200e-05 -6.36549868e-04 
 1.78739200e-05  5.64146506e-314  1.78739200e-05  7.06391646e-01  1.78739200e-05 -6.27713137e-04 
 1.78759200e-05  2.59296238e-314  1.78759200e-05  7.14231208e-01  1.78759200e-05 -6.18777278e-04 
 1.78779200e-05  5.64146506e-314  1.78779200e-05  7.21957755e-01  1.78779200e-05 -6.09743706e-04 
 1.78799200e-05  2.59296238e-314  1.78799200e-05  7.29570067e-01  1.78799200e-05 -6.00613849e-04 
 1.78819200e-05  5.64146506e-314  1.78819200e-05  7.37066941e-01  1.78819200e-05 -5.91389153e-04 
 1.78839200e-05  2.59296238e-314  1.78839200e-05  7.44447194e-01  1.78839200e-05 -5.82071077e-04 
 1.78859200e-05  5.64146506e-314  1.78859200e-05  7.51709661e-01  1.78859200e-05 -5.72661095e-04 
 1.78879200e-05  2.59296238e-314  1.78879200e-05  7.58853194e-01  1.78879200e-05 -5.63160696e-04 
 1.78899200e-05  5.64146506e-314  1.78899200e-05  7.65876666e-01  1.78899200e-05 -5.53571384e-04 
 1.78919200e-05  2.59296238e-314  1.78919200e-05  7.72778969e-01  1.78919200e-05 -5.43894674e-04 
 1.78939200e-05  5.64146506e-314  1.78939200e-05  7.79559011e-01  1.78939200e-05 -5.34132099e-04 
 1.78959200e-05  2.59296238e-314  1.78959200e-05  7.86215724e-01  1.78959200e-05 -5.24285203e-04 
 1.78979200e-05  5.64146506e-314  1.78979200e-05  7.92748056e-01  1.78979200e-05 -5.14355544e-04 
 1.78999200e-05  2.59296238e-314  1.78999200e-05  7.99154975e-01  1.78999200e-05 -5.04344692e-04 
 1.79019200e-05  5.64146506e-314  1.79019200e-05  8.05435472e-01  1.79019200e-05 -4.94254231e-04 
 1.79039200e-05  2.59296238e-314  1.79039200e-05  8.11588553e-01  1.79039200e-05 -4.84085758e-04 
 1.79059200e-05  5.64146506e-314  1.79059200e-05  8.17613249e-01  1.79059200e-05 -4.73840880e-04 
 1.79079200e-05  2.59296238e-314  1.79079200e-05  8.23508608e-01  1.79079200e-05 -4.63521220e-04 
 1.79099200e-05  5.64146506e-314  1.79099200e-05  8.29273700e-01  1.79099200e-05 -4.53128408e-04 
 1.79119200e-05  2.59296238e-314  1.79119200e-05  8.34907615e-01  1.79119200e-05 -4.42664089e-04 
 1.79139200e-05  5.64146506e-314  1.79139200e-05  8.40409464e-01  1.79139200e-05 -4.32129919e-04 
 1.79159200e-05  2.59296238e-314  1.79159200e-05  8.45778379e-01  1.79159200e-05 -4.21527564e-04 
 1.79179200e-05  5.64146506e-314  1.79179200e-05  8.51013513e-01  1.79179200e-05 -4.10858699e-04 
 1.79199200e-05  2.59296238e-314  1.79199200e-05  8.56114040e-01  1.79199200e-05 -4.00125015e-04 
 1.79219200e-05  5.64146506e-314  1.79219200e-05  8.61079154e-01  1.79219200e-05 -3.89328207e-04 
 1.79239200e-05  2.59296238e-314  1.79239200e-05  8.65908074e-01  1.79239200e-05 -3.78469983e-04 
 1.79259200e-05  5.64146506e-314  1.79259200e-05  8.70600036e-01  1.79259200e-05 -3.67552062e-04 
 1.79279200e-05  2.59296238e-314  1.79279200e-05  8.75154302e-01  1.79279200e-05 -3.56576170e-04 
 1.79299200e-05  5.64146506e-314  1.79299200e-05  8.79570152e-01  1.79299200e-05 -3.45544042e-04 
 1.79319200e-05  2.59296238e-314  1.79319200e-05  8.83846891e-01  1.79319200e-05 -3.34457425e-04 
 1.79339200e-05  5.64146506e-314  1.79339200e-05  8.87983844e-01  1.79339200e-05 -3.23318070e-04 
 1.79359200e-05  2.59296238e-314  1.79359200e-05  8.91980358e-01  1.79359200e-05 -3.12127740e-04 
 1.79379200e-05  5.64146506e-314  1.79379200e-05  8.95835805e-01  1.79379200e-05 -3.00888205e-04 
 1.79399200e-05  2.59296238e-314  1.79399200e-05  8.99549575e-01  1.79399200e-05 -2.89601242e-04 
 1.79419200e-05  5.64146506e-314  1.79419200e-05  9.03121083e-01  1.79419200e-05 -2.78268636e-04 
 1.79439200e-05  2.59296238e-314  1.79439200e-05  9.06549768e-01  1.79439200e-05 -2.66892180e-04 
 1.79459200e-05  5.64146506e-314  1.79459200e-05  9.09835088e-01  1.79459200e-05 -2.55473672e-04 
 1.79479200e-05  2.59296238e-314  1.79479200e-05  9.12976525e-01  1.79479200e-05 -2.44014918e-04 
 1.79499200e-05  5.64146506e-314  1.79499200e-05  9.15973586e-01  1.79499200e-05 -2.32517731e-04 
 1.79519200e-05  2.59296238e-314  1.79519200e-05  9.18825798e-01  1.79519200e-05 -2.20983928e-04 
 1.79539200e-05  5.64146506e-314  1.79539200e-05  9.21532711e-01  1.79539200e-05 -2.09415334e-04 
 1.79559200e-05  2.59296238e-314  1.79559200e-05  9.24093901e-01  1.79559200e-05 -1.97813778e-04 
 1.79579200e-05  5.64146506e-314  1.79579200e-05  9.26508963e-01  1.79579200e-05 -1.86181093e-04 
 1.79599200e-05  2.59296238e-314  1.79599200e-05  9.28777517e-01  1.79599200e-05 -1.74519121e-04 
 1.79619200e-05  5.64146506e-314  1.79619200e-05  9.30899208e-01  1.79619200e-05 -1.62829704e-04 
 1.79639200e-05  2.59296238e-314  1.79639200e-05  9.32873701e-01  1.79639200e-05 -1.51114692e-04 
 1.79659200e-05  5.64146506e-314  1.79659200e-05  9.34700686e-01  1.79659200e-05 -1.39375937e-04 
 1.79679200e-05  2.59296238e-314  1.79679200e-05  9.36379876e-01  1.79679200e-05 -1.27615294e-04 
 1.79699200e-05  5.64146506e-314  1.79699200e-05  9.37911008e-01  1.79699200e-05 -1.15834624e-04 
 1.79719200e-05  2.59296238e-314  1.79719200e-05  9.39293841e-01  1.79719200e-05 -1.04035788e-04 
 1.79739200e-05  5.64146506e-314  1.79739200e-05  9.40528158e-01  1.79739200e-05 -9.22206540e-05 
 1.79759200e-05  2.59296238e-314  1.79759200e-05  9.41613766e-01  1.79759200e-05 -8.03910883e-05 
 1.79779200e-05  5.64146506e-314  1.79779200e-05  9.42550496e-01  1.79779200e-05 -6.85489618e-05 
 1.79799200e-05  2.59296238e-314  1.79799200e-05  9.43338201e-01  1.79799200e-05 -5.66961469e-05 
 1.79819200e-05  5.64146506e-314  1.79819200e-05  9.43976759e-01  1.79819200e-05 -4.48345176e-05 
 1.79839200e-05  2.59296238e-314  1.79839200e-05  9.44466070e-01  1.79839200e-05 -3.29659492e-05 
 1.79859200e-05  5.64146506e-314  1.79859200e-05  9.44806059e-01  1.79859200e-05 -2.10923182e-05 
 1.79879200e-05  2.59296238e-314  1.79879200e-05  9.44996675e-01  1.79879200e-05 -9.21550190e-06 
 1.79899200e-05  5.64146506e-314  1.79899200e-05  9.45037888e-01  1.79899200e-05  2.66262210e-06 
 1.79919200e-05  2.59296238e-314  1.79919200e-05  9.44929694e-01  1.79919200e-05  1.45401759e-05 
 1.79939200e-05  5.64146506e-314  1.79939200e-05  9.44672112e-01  1.79939200e-05  2.64152816e-05 
 1.79959200e-05  2.59296238e-314  1.79959200e-05  9.44265186e-01  1.79959200e-05  3.82860620e-05 
 1.79979200e-05  5.64146506e-314  1.79979200e-05  9.43708980e-01  1.79979200e-05  5.01506403e-05 
 1.79999200e-05  2.59296238e-314  1.79999200e-05  9.43003585e-01  1.79999200e-05  6.20071408e-05 
 1.80019200e-05  5.64146506e-314  1.80019200e-05  9.42149115e-01  1.80019200e-05  7.38536894e-05 
 1.80039200e-05  2.59296238e-314  1.80039200e-05  9.41145705e-01  1.80039200e-05  8.56884130e-05 
 1.80059200e-05  5.64146506e-314  1.80059200e-05  9.39993517e-01  1.80059200e-05  9.75094410e-05 
 1.80079200e-05  2.59296238e-314  1.80079200e-05  9.38692735e-01  1.80079200e-05  1.09314905e-04 
 1.80099200e-05  5.64146506e-314  1.80099200e-05  9.37243566e-01  1.80099200e-05  1.21102938e-04 
 1.80119200e-05  2.59296238e-314  1.80119200e-05  9.35646242e-01  1.80119200e-05  1.32871677e-04 
 1.80139200e-05  5.64146506e-314  1.80139200e-05  9.33901016e-01  1.80139200e-05  1.44619261e-04 
 1.80159200e-05  2.59296238e-314  1.80159200e-05  9.32008166e-01  1.80159200e-05  1.56343835e-04 
 1.80179200e-05  5.64146506e-314  1.80179200e-05  9.29967994e-01  1.80179200e-05  1.68043544e-04 
 1.80199200e-05  2.59296238e-314  1.80199200e-05  9.27780824e-01  1.80199200e-05  1.79716538e-04 
 1.80219200e-05  5.64146506e-314  1.80219200e-05  9.25447003e-01  1.80219200e-05  1.91360974e-04 
 1.80239200e-05  2.59296238e-314  1.80239200e-05  9.22966902e-01  1.80239200e-05  2.02975010e-04 
 1.80259200e-05  5.64146506e-314  1.80259200e-05  9.20340916e-01  1.80259200e-05  2.14556811e-04 
 1.80279200e-05  2.59296238e-314  1.80279200e-05  9.17569461e-01  1.80279200e-05  2.26104545e-04 
 1.80299200e-05  5.64146506e-314  1.80299200e-05  9.14652977e-01  1.80299200e-05  2.37616389e-04 
 1.80319200e-05  2.59296238e-314  1.80319200e-05  9.11591927e-01  1.80319200e-05  2.49090521e-04 
 1.80339200e-05  5.64146506e-314  1.80339200e-05  9.08386797e-01  1.80339200e-05  2.60525129e-04 
 1.80359200e-05  2.59296238e-314  1.80359200e-05  9.05038096e-01  1.80359200e-05  2.71918406e-04 
 1.80379200e-05  5.64146506e-314  1.80379200e-05  9.01546354e-01  1.80379200e-05  2.83268550e-04 
 1.80399200e-05  2.59296238e-314  1.80399200e-05  8.97912126e-01  1.80399200e-05  2.94573769e-04 
 1.80419200e-05  5.64146506e-314  1.80419200e-05  8.94135987e-01  1.80419200e-05  3.05832274e-04 
 1.80439200e-05  2.59296238e-314  1.80439200e-05  8.90218537e-01  1.80439200e-05  3.17042287e-04 
 1.80459200e-05  5.64146506e-314  1.80459200e-05  8.86160397e-01  1.80459200e-05  3.28202036e-04 
 1.80479200e-05  2.59296238e-314  1.80479200e-05  8.81962209e-01  1.80479200e-05  3.39309758e-04 
 1.80499200e-05  5.64146506e-314  1.80499200e-05  8.77624640e-01  1.80499200e-05  3.50363697e-04 
 1.80519200e-05  2.59296238e-314  1.80519200e-05  8.73148377e-01  1.80519200e-05  3.61362106e-04 
 1.80539200e-05  5.64146506e-314  1.80539200e-05  8.68534130e-01  1.80539200e-05  3.72303247e-04 
 1.80559200e-05  2.59296238e-314  1.80559200e-05  8.63782629e-01  1.80559200e-05  3.83185391e-04 
 1.80579200e-05  5.64146506e-314  1.80579200e-05  8.58894628e-01  1.80579200e-05  3.94006818e-04 
 1.80599200e-05  2.59296238e-314  1.80599200e-05  8.53870900e-01  1.80599200e-05  4.04765819e-04 
 1.80619200e-05  5.64146506e-314  1.80619200e-05  8.48712243e-01  1.80619200e-05  4.15460692e-04 
 1.80639200e-05  2.59296238e-314  1.80639200e-05  8.43419473e-01  1.80639200e-05  4.26089749e-04 
 1.80659200e-05  5.64146506e-314  1.80659200e-05  8.37993429e-01  1.80659200e-05  4.36651309e-04 
 1.80679200e-05  2.59296238e-314  1.80679200e-05  8.32434969e-01  1.80679200e-05  4.47143704e-04 
 1.80699200e-05  5.64146506e-314  1.80699200e-05  8.26744976e-01  1.80699200e-05  4.57565276e-04 
 1.80719200e-05  2.59296238e-314  1.80719200e-05  8.20924349e-01  1.80719200e-05  4.67914377e-04 
 1.80739200e-05  5.64146506e-314  1.80739200e-05  8.14974011e-01  1.80739200e-05  4.78189374e-04 
 1.80759200e-05  2.59296238e-314  1.80759200e-05  8.08894904e-01  1.80759200e-05  4.88388642e-04 
 1.80779200e-05  5.64146506e-314  1.80779200e-05  8.02687991e-01  1.80779200e-05  4.98510569e-04 
 1.80799200e-05  2.59296238e-314  1.80799200e-05  7.96354254e-01  1.80799200e-05  5.08553557e-04 
 1.80819200e-05  5.64146506e-314  1.80819200e-05  7.89894697e-01  1.80819200e-05  5.18516018e-04 
 1.80839200e-05  2.59296238e-314  1.80839200e-05  7.83310342e-01  1.80839200e-05  5.28396380e-04 
 1.80859200e-05  5.64146506e-314  1.80859200e-05  7.76602233e-01  1.80859200e-05  5.38193080e-04 
 1.80879200e-05  2.59296238e-314  1.80879200e-05  7.69771430e-01  1.80879200e-05  5.47904571e-04 
 1.80899200e-05  5.64146506e-314  1.80899200e-05  7.62819015e-01  1.80899200e-05  5.57529319e-04 
 1.80919200e-05  2.59296238e-314  1.80919200e-05  7.55746090e-01  1.80919200e-05  5.67065802e-04 
 1.80939200e-05  5.64146506e-314  1.80939200e-05  7.48553774e-01  1.80939200e-05  5.76512516e-04 
 1.80959200e-05  2.59296238e-314  1.80959200e-05  7.41243205e-01  1.80959200e-05  5.85867966e-04 
 1.80979200e-05  5.64146506e-314  1.80979200e-05  7.33815540e-01  1.80979200e-05  5.95130676e-04 
 1.80999200e-05  2.59296238e-314  1.80999200e-05  7.26271956e-01  1.80999200e-05  6.04299182e-04 
 1.81019200e-05  5.64146506e-314  1.81019200e-05  7.18613647e-01  1.81019200e-05  6.13372036e-04 
 1.81039200e-05  2.59296238e-314  1.81039200e-05  7.10841824e-01  1.81039200e-05  6.22347805e-04 
 1.81059200e-05  5.64146506e-314  1.81059200e-05  7.02957717e-01  1.81059200e-05  6.31225070e-04 
 1.81079200e-05  2.59296238e-314  1.81079200e-05  6.94962576e-01  1.81079200e-05  6.40002430e-04 
 1.81099200e-05  5.64146506e-314  1.81099200e-05  6.86857664e-01  1.81099200e-05  6.48678497e-04 
 1.81119200e-05  2.59296238e-314  1.81119200e-05  6.78644266e-01  1.81119200e-05  6.57251903e-04 
 1.81139200e-05  5.64146506e-314  1.81139200e-05  6.70323680e-01  1.81139200e-05  6.65721293e-04 
 1.81159200e-05  2.59296238e-314  1.81159200e-05  6.61897223e-01  1.81159200e-05  6.74085328e-04 
 1.81179200e-05  5.64146506e-314  1.81179200e-05  6.53366229e-01  1.81179200e-05  6.82342688e-04 
 1.81199200e-05  2.59296238e-314  1.81199200e-05  6.44732048e-01  1.81199200e-05  6.90492069e-04 
 1.81219200e-05  5.64146506e-314  1.81219200e-05  6.35996047e-01  1.81219200e-05  6.98532185e-04 
 1.81239200e-05  2.59296238e-314  1.81239200e-05  6.27159607e-01  1.81239200e-05  7.06461764e-04 
 1.81259200e-05  5.64146506e-314  1.81259200e-05  6.18224127e-01  1.81259200e-05  7.14279555e-04 
 1.81279200e-05  2.59296238e-314  1.81279200e-05  6.09191021e-01  1.81279200e-05  7.21984323e-04 
 1.81299200e-05  5.64146506e-314  1.81299200e-05  6.00061718e-01  1.81299200e-05  7.29574853e-04 
 1.81319200e-05  2.59296238e-314  1.81319200e-05  5.90837662e-01  1.81319200e-05  7.37049944e-04 
 1.81339200e-05  5.64146506e-314  1.81339200e-05  5.81520314e-01  1.81339200e-05  7.44408417e-04 
 1.81359200e-05  2.59296238e-314  1.81359200e-05  5.72111147e-01  1.81359200e-05  7.51649110e-04 
 1.81379200e-05  5.64146506e-314  1.81379200e-05  5.62611650e-01  1.81379200e-05  7.58770879e-04 
 1.81399200e-05  2.59296238e-314  1.81399200e-05  5.53023327e-01  1.81399200e-05  7.65772601e-04 
 1.81419200e-05  5.64146506e-314  1.81419200e-05  5.43347693e-01  1.81419200e-05  7.72653169e-04 
 1.81439200e-05  2.59296238e-314  1.81439200e-05  5.33586280e-01  1.81439200e-05  7.79411498e-04 
 1.81459200e-05  5.64146506e-314  1.81459200e-05  5.23740632e-01  1.81459200e-05  7.86046521e-04 
 1.81479200e-05  2.59296238e-314  1.81479200e-05  5.13812307e-01  1.81479200e-05  7.92557190e-04 
 1.81499200e-05  5.64146506e-314  1.81499200e-05  5.03802875e-01  1.81499200e-05  7.98942477e-04 
 1.81519200e-05  2.59296238e-314  1.81519200e-05  4.93713920e-01  1.81519200e-05  8.05201374e-04 
 1.81539200e-05  5.64146506e-314  1.81539200e-05  4.83547038e-01  1.81539200e-05  8.11332895e-04 
 1.81559200e-05  2.59296238e-314  1.81559200e-05  4.73303837e-01  1.81559200e-05  8.17336070e-04 
 1.81579200e-05  5.64146506e-314  1.81579200e-05  4.62985937e-01  1.81579200e-05  8.23209952e-04 
 1.81599200e-05  2.59296238e-314  1.81599200e-05  4.52594971e-01  1.81599200e-05  8.28953615e-04 
 1.81619200e-05  5.64146506e-314  1.81619200e-05  4.42132583e-01  1.81619200e-05  8.34566152e-04 
 1.81639200e-05  2.59296238e-314  1.81639200e-05  4.31600427e-01  1.81639200e-05  8.40046677e-04 
 1.81659200e-05  5.64146506e-314  1.81659200e-05  4.21000169e-01  1.81659200e-05  8.45394326e-04 
 1.81679200e-05  2.59296238e-314  1.81679200e-05  4.10333486e-01  1.81679200e-05  8.50608254e-04 
 1.81699200e-05  5.64146506e-314  1.81699200e-05  3.99602065e-01  1.81699200e-05  8.55687639e-04 
 1.81719200e-05  2.59296238e-314  1.81719200e-05  3.88807604e-01  1.81719200e-05  8.60631681e-04 
 1.81739200e-05  5.64146506e-314  1.81739200e-05  3.77951810e-01  1.81739200e-05  8.65439598e-04 
 1.81759200e-05  2.59296238e-314  1.81759200e-05  3.67036400e-01  1.81759200e-05  8.70110632e-04 
 1.81779200e-05  5.64146506e-314  1.81779200e-05  3.56063100e-01  1.81779200e-05  8.74644047e-04 
 1.81799200e-05  2.59296238e-314  1.81799200e-05  3.45033646e-01  1.81799200e-05  8.79039128e-04 
 1.81819200e-05  5.64146506e-314  1.81819200e-05  3.33949782e-01  1.81819200e-05  8.83295182e-04 
 1.81839200e-05  2.59296238e-314  1.81839200e-05  3.22813262e-01  1.81839200e-05  8.87411537e-04 
 1.81859200e-05  5.64146506e-314  1.81859200e-05  3.11625846e-01  1.81859200e-05  8.91387544e-04 
 1.81879200e-05  2.59296238e-314  1.81879200e-05  3.00389305e-01  1.81879200e-05  8.95222577e-04 
 1.81899200e-05  5.64146506e-314  1.81899200e-05  2.89105414e-01  1.81899200e-05  8.98916032e-04 
 1.81919200e-05  2.59296238e-314  1.81919200e-05  2.77775959e-01  1.81919200e-05  9.02467325e-04 
 1.81939200e-05  5.64146506e-314  1.81939200e-05  2.66402731e-01  1.81939200e-05  9.05875897e-04 
 1.81959200e-05  2.59296238e-314  1.81959200e-05  2.54987529e-01  1.81959200e-05  9.09141212e-04 
 1.81979200e-05  5.64146506e-314  1.81979200e-05  2.43532158e-01  1.81979200e-05  9.12262755e-04 
 1.81999200e-05  2.59296238e-314  1.81999200e-05  2.32038430e-01  1.81999200e-05  9.15240033e-04 
 1.82019200e-05  5.64146506e-314  1.82019200e-05  2.20508162e-01  1.82019200e-05  9.18072579e-04 
 1.82039200e-05  2.59296238e-314  1.82039200e-05  2.08943178e-01  1.82039200e-05  9.20759947e-04 
 1.82059200e-05  5.64146506e-314  1.82059200e-05  1.97345306e-01  1.82059200e-05  9.23301712e-04 
 1.82079200e-05  2.59296238e-314  1.82079200e-05  1.85716380e-01  1.82079200e-05  9.25697475e-04 
 1.82099200e-05  5.64146506e-314  1.82099200e-05  1.74058239e-01  1.82099200e-05  9.27946860e-04 
 1.82119200e-05  2.59296238e-314  1.82119200e-05  1.62372728e-01  1.82119200e-05  9.30049512e-04 
 1.82139200e-05  5.64146506e-314  1.82139200e-05  1.50661692e-01  1.82139200e-05  9.32005102e-04 
 1.82159200e-05  2.59296238e-314  1.82159200e-05  1.38926985e-01  1.82159200e-05  9.33813320e-04 
 1.82179200e-05  5.64146506e-314  1.82179200e-05  1.27170462e-01  1.82179200e-05  9.35473885e-04 
 1.82199200e-05  2.59296238e-314  1.82199200e-05  1.15393981e-01  1.82199200e-05  9.36986534e-04 
 1.82219200e-05  5.64146506e-314  1.82219200e-05  1.03599405e-01  1.82219200e-05  9.38351031e-04 
 1.82239200e-05  2.59296238e-314  1.82239200e-05  9.17885992e-02  1.82239200e-05  9.39567161e-04 
 1.82259200e-05  5.64146506e-314  1.82259200e-05  7.99634301e-02  1.82259200e-05  9.40634735e-04 
 1.82279200e-05  2.59296238e-314  1.82279200e-05  6.81257677e-02  1.82279200e-05  9.41553586e-04 
 1.82299200e-05  5.64146506e-314  1.82299200e-05  5.62774837e-02  1.82299200e-05  9.42323569e-04 
 1.82319200e-05  2.59296238e-314  1.82319200e-05  4.44204514e-02  1.82319200e-05  9.42944566e-04 
 1.82339200e-05  5.64146506e-314  1.82339200e-05  3.25565454e-02  1.82339200e-05  9.43416479e-04 
 1.82359200e-05  2.59296238e-314  1.82359200e-05  2.06876416e-02  1.82359200e-05  9.43739237e-04 
 1.82379200e-05  5.64146506e-314  1.82379200e-05  8.81561624e-03  1.82379200e-05  9.43912789e-04 
 1.82399200e-05  2.59296238e-314  1.82399200e-05 -3.05765357e-03  1.82399200e-05  9.43937111e-04 
 1.82419200e-05  5.64146506e-314  1.82419200e-05 -1.49302908e-02  1.82419200e-05  9.43812201e-04 
 1.82439200e-05  2.59296238e-314  1.82439200e-05 -2.68004183e-02  1.82439200e-05  9.43538080e-04 
 1.82459200e-05  5.64146506e-314  1.82459200e-05 -3.86661596e-02  1.82459200e-05  9.43114792e-04 
 1.82479200e-05  2.59296238e-314  1.82479200e-05 -5.05256389e-02  1.82479200e-05  9.42542408e-04 
 1.82499200e-05  5.64146506e-314  1.82499200e-05 -6.23769812e-02  1.82499200e-05  9.41821020e-04 
 1.82519200e-05  2.59296238e-314  1.82519200e-05 -7.42183131e-02  1.82519200e-05  9.40950743e-04 
 1.82539200e-05  5.64146506e-314  1.82539200e-05 -8.60477625e-02  1.82539200e-05  9.39931716e-04 
 1.82559200e-05  2.59296238e-314  1.82559200e-05 -9.78634595e-02  1.82559200e-05  9.38764104e-04 
 1.82579200e-05  5.64146506e-314  1.82579200e-05 -1.09663536e-01  1.82579200e-05  9.37448092e-04 
 1.82599200e-05  2.59296238e-314  1.82599200e-05 -1.21446127e-01  1.82599200e-05  9.35983890e-04 
 1.82619200e-05  5.64146506e-314  1.82619200e-05 -1.33209370e-01  1.82619200e-05  9.34371731e-04 
 1.82639200e-05  2.59296238e-314  1.82639200e-05 -1.44951405e-01  1.82639200e-05  9.32611873e-04 
 1.82659200e-05  5.64146506e-314  1.82659200e-05 -1.56670377e-01  1.82659200e-05  9.30704595e-04 
 1.82679200e-05  2.59296238e-314  1.82679200e-05 -1.68364432e-01  1.82679200e-05  9.28650201e-04 
 1.82699200e-05  5.64146506e-314  1.82699200e-05 -1.80031723e-01  1.82699200e-05  9.26449017e-04 
 1.82719200e-05  2.59296238e-314  1.82719200e-05 -1.91670405e-01  1.82719200e-05  9.24101393e-04 
 1.82739200e-05  5.64146506e-314  1.82739200e-05 -2.03278638e-01  1.82739200e-05  9.21607703e-04 
 1.82759200e-05  2.59296238e-314  1.82759200e-05 -2.14854588e-01  1.82759200e-05  9.18968342e-04 
 1.82779200e-05  5.64146506e-314  1.82779200e-05 -2.26396425e-01  1.82779200e-05  9.16183729e-04 
 1.82799200e-05  2.59296238e-314  1.82799200e-05 -2.37902325e-01  1.82799200e-05  9.13254307e-04 
 1.82819200e-05  5.64146506e-314  1.82819200e-05 -2.49370468e-01  1.82819200e-05  9.10180540e-04 
 1.82839200e-05  2.59296238e-314  1.82839200e-05 -2.60799043e-01  1.82839200e-05  9.06962917e-04 
 1.82859200e-05  5.64146506e-314  1.82859200e-05 -2.72186244e-01  1.82859200e-05  9.03601947e-04 
 1.82879200e-05  2.59296238e-314  1.82879200e-05 -2.83530270e-01  1.82879200e-05  9.00098164e-04 
 1.82899200e-05  5.64146506e-314  1.82899200e-05 -2.94829328e-01  1.82899200e-05  8.96452123e-04 
 1.82919200e-05  2.59296238e-314  1.82919200e-05 -3.06081633e-01  1.82919200e-05  8.92664403e-04 
 1.82939200e-05  5.64146506e-314  1.82939200e-05 -3.17285407e-01  1.82939200e-05  8.88735605e-04 
 1.82959200e-05  2.59296238e-314  1.82959200e-05 -3.28438878e-01  1.82959200e-05  8.84666350e-04 
 1.82979200e-05  5.64146506e-314  1.82979200e-05 -3.39540285e-01  1.82979200e-05  8.80457285e-04 
 1.82999200e-05  2.59296238e-314  1.82999200e-05 -3.50587872e-01  1.82999200e-05  8.76109077e-04 
 1.83019200e-05  5.64146506e-314  1.83019200e-05 -3.61579894e-01  1.83019200e-05  8.71622415e-04 
 1.83039200e-05  2.59296238e-314  1.83039200e-05 -3.72514614e-01  1.83039200e-05  8.66998009e-04 
 1.83059200e-05  5.64146506e-314  1.83059200e-05 -3.83390303e-01  1.83059200e-05  8.62236592e-04 
 1.83079200e-05  2.59296238e-314  1.83079200e-05 -3.94205243e-01  1.83079200e-05  8.57338920e-04 
 1.83099200e-05  5.64146506e-314  1.83099200e-05 -4.04957726e-01  1.83099200e-05  8.52305768e-04 
 1.83119200e-05  2.59296238e-314  1.83119200e-05 -4.15646051e-01  1.83119200e-05  8.47137934e-04 
 1.83139200e-05  5.64146506e-314  1.83139200e-05 -4.26268530e-01  1.83139200e-05  8.41836236e-04 
 1.83159200e-05  2.59296238e-314  1.83159200e-05 -4.36823484e-01  1.83159200e-05  8.36401514e-04 
 1.83179200e-05  5.64146506e-314  1.83179200e-05 -4.47309246e-01  1.83179200e-05  8.30834628e-04 
 1.83199200e-05  2.59296238e-314  1.83199200e-05 -4.57724159e-01  1.83199200e-05  8.25136462e-04 
 1.83219200e-05  5.64146506e-314  1.83219200e-05 -4.68066576e-01  1.83219200e-05  8.19307917e-04 
 1.83239200e-05  2.59296238e-314  1.83239200e-05 -4.78334864e-01  1.83239200e-05  8.13349916e-04 
 1.83259200e-05  5.64146506e-314  1.83259200e-05 -4.88527401e-01  1.83259200e-05  8.07263403e-04 
 1.83279200e-05  2.59296238e-314  1.83279200e-05 -4.98642575e-01  1.83279200e-05  8.01049342e-04 
 1.83299200e-05  5.64146506e-314  1.83299200e-05 -5.08678790e-01  1.83299200e-05  7.94708716e-04 
 1.83319200e-05  2.59296238e-314  1.83319200e-05 -5.18634458e-01  1.83319200e-05  7.88242531e-04 
 1.83339200e-05  5.64146506e-314  1.83339200e-05 -5.28508007e-01  1.83339200e-05  7.81651809e-04 
 1.83359200e-05  2.59296238e-314  1.83359200e-05 -5.38297878e-01  1.83359200e-05  7.74937594e-04 
 1.83379200e-05  5.64146506e-314  1.83379200e-05 -5.48002523e-01  1.83379200e-05  7.68100950e-04 
 1.83399200e-05  2.59296238e-314  1.83399200e-05 -5.57620409e-01  1.83399200e-05  7.61142958e-04 
 1.83419200e-05  5.64146506e-314  1.83419200e-05 -5.67150017e-01  1.83419200e-05  7.54064720e-04 
 1.83439200e-05  2.59296238e-314  1.83439200e-05 -5.76589841e-01  1.83439200e-05  7.46867357e-04 
 1.83459200e-05  5.64146506e-314  1.83459200e-05 -5.85938391e-01  1.83459200e-05  7.39552008e-04 
 1.83479200e-05  2.59296238e-314  1.83479200e-05 -5.95194188e-01  1.83479200e-05  7.32119831e-04 
 1.83499200e-05  5.64146506e-314  1.83499200e-05 -6.04355772e-01  1.83499200e-05  7.24572002e-04 
 1.83519200e-05  2.59296238e-314  1.83519200e-05 -6.13421695e-01  1.83519200e-05  7.16909717e-04 
 1.83539200e-05  5.64146506e-314  1.83539200e-05 -6.22390525e-01  1.83539200e-05  7.09134188e-04 
 1.83559200e-05  2.59296238e-314  1.83559200e-05 -6.31260844e-01  1.83559200e-05  7.01246646e-04 
 1.83579200e-05  5.64146506e-314  1.83579200e-05 -6.40031253e-01  1.83579200e-05  6.93248339e-04 
 1.83599200e-05  2.59296238e-314  1.83599200e-05 -6.48700365e-01  1.83599200e-05  6.85140533e-04 
 1.83619200e-05  5.64146506e-314  1.83619200e-05 -6.57266812e-01  1.83619200e-05  6.76924511e-04 
 1.83639200e-05  2.59296238e-314  1.83639200e-05 -6.65729240e-01  1.83639200e-05  6.68601574e-04 
 1.83659200e-05  5.64146506e-314  1.83659200e-05 -6.74086313e-01  1.83659200e-05  6.60173039e-04 
 1.83679200e-05  2.59296238e-314  1.83679200e-05 -6.82336711e-01  1.83679200e-05  6.51640239e-04 
 1.83699200e-05  5.64146506e-314  1.83699200e-05 -6.90479131e-01  1.83699200e-05  6.43004525e-04 
 1.83719200e-05  2.59296238e-314  1.83719200e-05 -6.98512287e-01  1.83719200e-05  6.34267263e-04 
 1.83739200e-05  5.64146506e-314  1.83739200e-05 -7.06434911e-01  1.83739200e-05  6.25429836e-04 
 1.83759200e-05  2.59296238e-314  1.83759200e-05 -7.14245750e-01  1.83759200e-05  6.16493643e-04 
 1.83779200e-05  5.64146506e-314  1.83779200e-05 -7.21943572e-01  1.83779200e-05  6.07460097e-04 
 1.83799200e-05  2.59296238e-314  1.83799200e-05 -7.29527162e-01  1.83799200e-05  5.98330628e-04 
 1.83819200e-05  5.64146506e-314  1.83819200e-05 -7.36995321e-01  1.83819200e-05  5.89106680e-04 
 1.83839200e-05  2.59296238e-314  1.83839200e-05 -7.44346871e-01  1.83839200e-05  5.79789713e-04 
 1.83859200e-05  5.64146506e-314  1.83859200e-05 -7.51580650e-01  1.83859200e-05  5.70381201e-04 
 1.83879200e-05  2.59296238e-314  1.83879200e-05 -7.58695517e-01  1.83879200e-05  5.60882633e-04 
 1.83899200e-05  5.64146506e-314  1.83899200e-05 -7.65690348e-01  1.83899200e-05  5.51295511e-04 
 1.83919200e-05  2.59296238e-314  1.83919200e-05 -7.72564039e-01  1.83919200e-05  5.41621352e-04 
 1.83939200e-05  5.64146506e-314  1.83939200e-05 -7.79315504e-01  1.83939200e-05  5.31861687e-04 
 1.83959200e-05  2.59296238e-314  1.83959200e-05 -7.85943679e-01  1.83959200e-05  5.22018059e-04 
 1.83979200e-05  5.64146506e-314  1.83979200e-05 -7.92447516e-01  1.83979200e-05  5.12092026e-04 
 1.83999200e-05  2.59296238e-314  1.83999200e-05 -7.98825989e-01  1.83999200e-05  5.02085159e-04 
 1.84019200e-05  5.64146506e-314  1.84019200e-05 -8.05078091e-01  1.84019200e-05  4.91999040e-04 
 1.84039200e-05  2.59296238e-314  1.84039200e-05 -8.11202835e-01  1.84039200e-05  4.81835265e-04 
 1.84059200e-05  5.64146506e-314  1.84059200e-05 -8.17199254e-01  1.84059200e-05  4.71595442e-04 
 1.84079200e-05  2.59296238e-314  1.84079200e-05 -8.23066403e-01  1.84079200e-05  4.61281190e-04 
 1.84099200e-05  5.64146506e-314  1.84099200e-05 -8.28803355e-01  1.84099200e-05  4.50894142e-04 
 1.84119200e-05  2.59296238e-314  1.84119200e-05 -8.34409204e-01  1.84119200e-05  4.40435940e-04 
 1.84139200e-05  5.64146506e-314  1.84139200e-05 -8.39883067e-01  1.84139200e-05  4.29908238e-04 
 1.84159200e-05  2.59296238e-314  1.84159200e-05 -8.45224079e-01  1.84159200e-05  4.19312702e-04 
 1.84179200e-05  5.64146506e-314  1.84179200e-05 -8.50431398e-01  1.84179200e-05  4.08651007e-04 
 1.84199200e-05  2.59296238e-314  1.84199200e-05 -8.55504202e-01  1.84199200e-05  3.97924841e-04 
 1.84219200e-05  5.64146506e-314  1.84219200e-05 -8.60441691e-01  1.84219200e-05  3.87135900e-04 
 1.84239200e-05  2.59296238e-314  1.84239200e-05 -8.65243086e-01  1.84239200e-05  3.76285889e-04 
 1.84259200e-05  5.64146506e-314  1.84259200e-05 -8.69907630e-01  1.84259200e-05  3.65376526e-04 
 1.84279200e-05  2.59296238e-314  1.84279200e-05 -8.74434586e-01  1.84279200e-05  3.54409536e-04 
 1.84299200e-05  5.64146506e-314  1.84299200e-05 -8.78823241e-01  1.84299200e-05  3.43386652e-04 
 1.84319200e-05  2.59296238e-314  1.84319200e-05 -8.83072903e-01  1.84319200e-05  3.32309620e-04 
 1.84339200e-05  5.64146506e-314  1.84339200e-05 -8.87182902e-01  1.84339200e-05  3.21180190e-04 
 1.84359200e-05  2.59296238e-314  1.84359200e-05 -8.91152590e-01  1.84359200e-05  3.10000123e-04 
 1.84379200e-05  5.64146506e-314  1.84379200e-05 -8.94981340e-01  1.84379200e-05  2.98771186e-04 
 1.84399200e-05  2.59296238e-314  1.84399200e-05 -8.98668550e-01  1.84399200e-05  2.87495157e-04 
 1.84419200e-05  5.64146506e-314  1.84419200e-05 -9.02213638e-01  1.84419200e-05  2.76173817e-04 
 1.84439200e-05  2.59296238e-314  1.84439200e-05 -9.05616045e-01  1.84439200e-05  2.64808958e-04 
 1.84459200e-05  5.64146506e-314  1.84459200e-05 -9.08875236e-01  1.84459200e-05  2.53402377e-04 
 1.84479200e-05  2.59296238e-314  1.84479200e-05 -9.11990696e-01  1.84479200e-05  2.41955877e-04 
 1.84499200e-05  5.64146506e-314  1.84499200e-05 -9.14961936e-01  1.84499200e-05  2.30471269e-04 
 1.84519200e-05  2.59296238e-314  1.84519200e-05 -9.17788488e-01  1.84519200e-05  2.18950369e-04 
 1.84539200e-05  5.64146506e-314  1.84539200e-05 -9.20469905e-01  1.84539200e-05  2.07394998e-04 
 1.84559200e-05  2.59296238e-314  1.84559200e-05 -9.23005766e-01  1.84559200e-05  1.95806985e-04 
 1.84579200e-05  5.64146506e-314  1.84579200e-05 -9.25395673e-01  1.84579200e-05  1.84188161e-04 
 1.84599200e-05  2.59296238e-314  1.84599200e-05 -9.27639249e-01  1.84599200e-05  1.72540363e-04 
 1.84619200e-05  5.64146506e-314  1.84619200e-05 -9.29736140e-01  1.84619200e-05  1.60865434e-04 
 1.84639200e-05  2.59296238e-314  1.84639200e-05 -9.31686019e-01  1.84639200e-05  1.49165220e-04 
 1.84659200e-05  5.64146506e-314  1.84659200e-05 -9.33488577e-01  1.84659200e-05  1.37441571e-04 
 1.84679200e-05  2.59296238e-314  1.84679200e-05 -9.35143533e-01  1.84679200e-05  1.25696340e-04 
 1.84699200e-05  5.64146506e-314  1.84699200e-05 -9.36650625e-01  1.84699200e-05  1.13931384e-04 
 1.84719200e-05  2.59296238e-314  1.84719200e-05 -9.38009619e-01  1.84719200e-05  1.02148565e-04 
 1.84739200e-05  5.64146506e-314  1.84739200e-05 -9.39220300e-01  1.84739200e-05  9.03497441e-05 
 1.84759200e-05  2.59296238e-314  1.84759200e-05 -9.40282479e-01  1.84759200e-05  7.85367878e-05 
 1.84779200e-05  5.64146506e-314  1.84779200e-05 -9.41195991e-01  1.84779200e-05  6.67115636e-05 
 1.84799200e-05  2.59296238e-314  1.84799200e-05 -9.41960692e-01  1.84799200e-05  5.48759413e-05 
 1.84819200e-05  5.64146506e-314  1.84819200e-05 -9.42576464e-01  1.84819200e-05  4.30317921e-05 
 1.84839200e-05  2.59296238e-314  1.84839200e-05 -9.43043211e-01  1.84839200e-05  3.11809886e-05 
 1.84859200e-05  5.64146506e-314  1.84859200e-05 -9.43360861e-01  1.84859200e-05  1.93254045e-05 
 1.84879200e-05  2.59296238e-314  1.84879200e-05 -9.43529367e-01  1.84879200e-05  7.46691411e-06 
 1.84899200e-05  5.64146506e-314  1.84899200e-05 -9.43548702e-01  1.84899200e-05 -4.39260770e-06 
 1.84919200e-05  2.59296238e-314  1.84919200e-05 -9.43418866e-01  1.84919200e-05 -1.62512860e-05 
 1.84939200e-05  5.64146506e-314  1.84939200e-05 -9.43139882e-01  1.84939200e-05 -2.81072460e-05 
 1.84959200e-05  2.59296238e-314  1.84959200e-05 -9.42711794e-01  1.84959200e-05 -3.99586133e-05 
 1.84979200e-05  5.64146506e-314  1.84979200e-05 -9.42134674e-01  1.84979200e-05 -5.18035145e-05 
 1.84999200e-05  2.59296238e-314  1.84999200e-05 -9.41408614e-01  1.84999200e-05 -6.36400768e-05 
 1.85019200e-05  5.64146506e-314  1.85019200e-05 -9.40533730e-01  1.85019200e-05 -7.54664292e-05 
 1.85039200e-05  2.59296238e-314  1.85039200e-05 -9.39510163e-01  1.85039200e-05 -8.72807020e-05 
 1.85059200e-05  5.64146506e-314  1.85059200e-05 -9.38338077e-01  1.85059200e-05 -9.90810276e-05 
 1.85079200e-05  2.59296238e-314  1.85079200e-05 -9.37017658e-01  1.85079200e-05 -1.10865541e-04 
 1.85099200e-05  5.64146506e-314  1.85099200e-05 -9.35549118e-01  1.85099200e-05 -1.22632378e-04 
 1.85119200e-05  2.59296238e-314  1.85119200e-05 -9.33932690e-01  1.85119200e-05 -1.34379680e-04 
 1.85139200e-05  5.64146506e-314  1.85139200e-05 -9.32168632e-01  1.85139200e-05 -1.46105590e-04 
 1.85159200e-05  2.59296238e-314  1.85159200e-05 -9.30257224e-01  1.85159200e-05 -1.57808254e-04 
 1.85179200e-05  5.64146506e-314  1.85179200e-05 -9.28198770e-01  1.85179200e-05 -1.69485821e-04 
 1.85199200e-05  2.59296238e-314  1.85199200e-05 -9.25993599e-01  1.85199200e-05 -1.81136447e-04 
 1.85219200e-05  5.64146506e-314  1.85219200e-05 -9.23642060e-01  1.85219200e-05 -1.92758290e-04 
 1.85239200e-05  2.59296238e-314  1.85239200e-05 -9.21144526e-01  1.85239200e-05 -2.04349512e-04 
 1.85259200e-05  5.64146506e-314  1.85259200e-05 -9.18501396e-01  1.85259200e-05 -2.15908282e-04 
 1.85279200e-05  2.59296238e-314  1.85279200e-05 -9.15713087e-01  1.85279200e-05 -2.27432773e-04 
 1.85299200e-05  5.64146506e-314  1.85299200e-05 -9.12780043e-01  1.85299200e-05 -2.38921163e-04 
 1.85319200e-05  2.59296238e-314  1.85319200e-05 -9.09702730e-01  1.85319200e-05 -2.50371635e-04 
 1.85339200e-05  5.64146506e-314  1.85339200e-05 -9.06481636e-01  1.85339200e-05 -2.61782382e-04 
 1.85359200e-05  2.59296238e-314  1.85359200e-05 -9.03117271e-01  1.85359200e-05 -2.73151598e-04 
 1.85379200e-05  5.64146506e-314  1.85379200e-05 -8.99610170e-01  1.85379200e-05 -2.84477487e-04 
 1.85399200e-05  2.59296238e-314  1.85399200e-05 -8.95960888e-01  1.85399200e-05 -2.95758260e-04 
 1.85419200e-05  5.64146506e-314  1.85419200e-05 -8.92170006e-01  1.85419200e-05 -3.06992132e-04 
 1.85439200e-05  2.59296238e-314  1.85439200e-05 -8.88238122e-01  1.85439200e-05 -3.18177329e-04 
 1.85459200e-05  5.64146506e-314  1.85459200e-05 -8.84165862e-01  1.85459200e-05 -3.29312084e-04 
 1.85479200e-05  2.59296238e-314  1.85479200e-05 -8.79953870e-01  1.85479200e-05 -3.40394635e-04 
 1.85499200e-05  5.64146506e-314  1.85499200e-05 -8.75602814e-01  1.85499200e-05 -3.51423233e-04 
 1.85519200e-05  2.59296238e-314  1.85519200e-05 -8.71113384e-01  1.85519200e-05 -3.62396133e-04 
 1.85539200e-05  5.64146506e-314  1.85539200e-05 -8.66486291e-01  1.85539200e-05 -3.73311602e-04 
 1.85559200e-05  2.59296238e-314  1.85559200e-05 -8.61722269e-01  1.85559200e-05 -3.84167915e-04 
 1.85579200e-05  5.64146506e-314  1.85579200e-05 -8.56822072e-01  1.85579200e-05 -3.94963357e-04 
 1.85599200e-05  2.59296238e-314  1.85599200e-05 -8.51786478e-01  1.85599200e-05 -4.05696221e-04 
 1.85619200e-05  5.64146506e-314  1.85619200e-05 -8.46616283e-01  1.85619200e-05 -4.16364811e-04 
 1.85639200e-05  2.59296238e-314  1.85639200e-05 -8.41312306e-01  1.85639200e-05 -4.26967441e-04 
 1.85659200e-05  5.64146506e-314  1.85659200e-05 -8.35875389e-01  1.85659200e-05 -4.37502437e-04 
 1.85679200e-05  2.59296238e-314  1.85679200e-05 -8.30306391e-01  1.85679200e-05 -4.47968133e-04 
 1.85699200e-05  5.64146506e-314  1.85699200e-05 -8.24606196e-01  1.85699200e-05 -4.58362876e-04 
 1.85719200e-05  2.59296238e-314  1.85719200e-05 -8.18775706e-01  1.85719200e-05 -4.68685023e-04 
 1.85739200e-05  5.64146506e-314  1.85739200e-05 -8.12815845e-01  1.85739200e-05 -4.78932944e-04 
 1.85759200e-05  2.59296238e-314  1.85759200e-05 -8.06727556e-01  1.85759200e-05 -4.89105018e-04 
 1.85779200e-05  5.64146506e-314  1.85779200e-05 -8.00511803e-01  1.85779200e-05 -4.99199639e-04 
 1.85799200e-05  2.59296238e-314  1.85799200e-05 -7.94169572e-01  1.85799200e-05 -5.09215212e-04 
 1.85819200e-05  5.64146506e-314  1.85819200e-05 -7.87701865e-01  1.85819200e-05 -5.19150155e-04 
 1.85839200e-05  2.59296238e-314  1.85839200e-05 -7.81109707e-01  1.85839200e-05 -5.29002898e-04 
 1.85859200e-05  5.64146506e-314  1.85859200e-05 -7.74394143e-01  1.85859200e-05 -5.38771883e-04 
 1.85879200e-05  2.59296238e-314  1.85879200e-05 -7.67556234e-01  1.85879200e-05 -5.48455569e-04 
 1.85899200e-05  5.64146506e-314  1.85899200e-05 -7.60597064e-01  1.85899200e-05 -5.58052424e-04 
 1.85919200e-05  2.59296238e-314  1.85919200e-05 -7.53517735e-01  1.85919200e-05 -5.67560933e-04 
 1.85939200e-05  5.64146506e-314  1.85939200e-05 -7.46319367e-01  1.85939200e-05 -5.76979594e-04 
 1.85959200e-05  2.59296238e-314  1.85959200e-05 -7.39003100e-01  1.85959200e-05 -5.86306918e-04 
 1.85979200e-05  5.64146506e-314  1.85979200e-05 -7.31570091e-01  1.85979200e-05 -5.95541433e-04 
 1.85999200e-05  2.59296238e-314  1.85999200e-05 -7.24021518e-01  1.85999200e-05 -6.04681679e-04 
 1.86019200e-05  5.64146506e-314  1.86019200e-05 -7.16358575e-01  1.86019200e-05 -6.13726213e-04 
 1.86039200e-05  2.59296238e-314  1.86039200e-05 -7.08582476e-01  1.86039200e-05 -6.22673606e-04 
 1.86059200e-05  5.64146506e-314  1.86059200e-05 -7.00694450e-01  1.86059200e-05 -6.31522445e-04 
 1.86079200e-05  2.59296238e-314  1.86079200e-05 -6.92695747e-01  1.86079200e-05 -6.40271331e-04 
 1.86099200e-05  5.64146506e-314  1.86099200e-05 -6.84587633e-01  1.86099200e-05 -6.48918883e-04 
 1.86119200e-05  2.59296238e-314  1.86119200e-05 -6.76371390e-01  1.86119200e-05 -6.57463736e-04 
 1.86139200e-05  5.64146506e-314  1.86139200e-05 -6.68048319e-01  1.86139200e-05 -6.65904539e-04 
 1.86159200e-05  2.59296238e-314  1.86159200e-05 -6.59619737e-01  1.86159200e-05 -6.74239959e-04 
 1.86179200e-05  5.64146506e-314  1.86179200e-05 -6.51086978e-01  1.86179200e-05 -6.82468681e-04 
 1.86199200e-05  2.59296238e-314  1.86199200e-05 -6.42451393e-01  1.86199200e-05 -6.90589404e-04 
 1.86219200e-05  5.64146506e-314  1.86219200e-05 -6.33714347e-01  1.86219200e-05 -6.98600845e-04 
 1.86239200e-05  2.59296238e-314  1.86239200e-05 -6.24877224e-01  1.86239200e-05 -7.06501740e-04 
 1.86259200e-05  5.64146506e-314  1.86259200e-05 -6.15941422e-01  1.86259200e-05 -7.14290841e-04 
 1.86279200e-05  2.59296238e-314  1.86279200e-05 -6.06908354e-01  1.86279200e-05 -7.21966919e-04 
 1.86299200e-05  5.64146506e-314  1.86299200e-05 -5.97779451e-01  1.86299200e-05 -7.29528759e-04 
 1.86319200e-05  2.59296238e-314  1.86319200e-05 -5.88556155e-01  1.86319200e-05 -7.36975170e-04 
 1.86339200e-05  5.64146506e-314  1.86339200e-05 -5.79239928e-01  1.86339200e-05 -7.44304974e-04 
 1.86359200e-05  2.59296238e-314  1.86359200e-05 -5.69832243e-01  1.86359200e-05 -7.51517016e-04 
 1.86379200e-05  5.64146506e-314  1.86379200e-05 -5.60334587e-01  1.86379200e-05 -7.58610154e-04 
 1.86399200e-05  2.59296238e-314  1.86399200e-05 -5.50748465e-01  1.86399200e-05 -7.65583271e-04 
 1.86419200e-05  5.64146506e-314  1.86419200e-05 -5.41075393e-01  1.86419200e-05 -7.72435265e-04 
 1.86439200e-05  2.59296238e-314  1.86439200e-05 -5.31316900e-01  1.86439200e-05 -7.79165055e-04 
 1.86459200e-05  5.64146506e-314  1.86459200e-05 -5.21474531e-01  1.86459200e-05 -7.85771577e-04 
 1.86479200e-05  2.59296238e-314  1.86479200e-05 -5.11549844e-01  1.86479200e-05 -7.92253789e-04 
 1.86499200e-05  5.64146506e-314  1.86499200e-05 -5.01544407e-01  1.86499200e-05 -7.98610668e-04 
 1.86519200e-05  2.59296238e-314  1.86519200e-05 -4.91459804e-01  1.86519200e-05 -8.04841211e-04 
 1.86539200e-05  5.64146506e-314  1.86539200e-05 -4.81297630e-01  1.86539200e-05 -8.10944433e-04 
 1.86559200e-05  2.59296238e-314  1.86559200e-05 -4.71059493e-01  1.86559200e-05 -8.16919372e-04 
 1.86579200e-05  5.64146506e-314  1.86579200e-05 -4.60747012e-01  1.86579200e-05 -8.22765084e-04 
 1.86599200e-05  2.59296238e-314  1.86599200e-05 -4.50361819e-01  1.86599200e-05 -8.28480647e-04 
 1.86619200e-05  5.64146506e-314  1.86619200e-05 -4.39905556e-01  1.86619200e-05 -8.34065160e-04 
 1.86639200e-05  2.59296238e-314  1.86639200e-05 -4.29379877e-01  1.86639200e-05 -8.39517740e-04 
 1.86659200e-05  5.64146506e-314  1.86659200e-05 -4.18786448e-01  1.86659200e-05 -8.44837528e-04 
 1.86679200e-05  2.59296238e-314  1.86679200e-05 -4.08126943e-01  1.86679200e-05 -8.50023684e-04 
 1.86699200e-05  5.64146506e-314  1.86699200e-05 -3.97403050e-01  1.86699200e-05 -8.55075390e-04 
 1.86719200e-05  2.59296238e-314  1.86719200e-05 -3.86616463e-01  1.86719200e-05 -8.59991849e-04 
 1.86739200e-05  5.64146506e-314  1.86739200e-05 -3.75768890e-01  1.86739200e-05 -8.64772285e-04 
 1.86759200e-05  2.59296238e-314  1.86759200e-05 -3.64862046e-01  1.86759200e-05 -8.69415944e-04 
 1.86779200e-05  5.64146506e-314  1.86779200e-05 -3.53897656e-01  1.86779200e-05 -8.73922095e-04 
 1.86799200e-05  2.59296238e-314  1.86799200e-05 -3.42877454e-01  1.86799200e-05 -8.78290025e-04 
 1.86819200e-05  5.64146506e-314  1.86819200e-05 -3.31803183e-01  1.86819200e-05 -8.82519047e-04 
 1.86839200e-05  2.59296238e-314  1.86839200e-05 -3.20676594e-01  1.86839200e-05 -8.86608493e-04 
 1.86859200e-05  5.64146506e-314  1.86859200e-05 -3.09499448e-01  1.86859200e-05 -8.90557720e-04 
 1.86879200e-05  2.59296238e-314  1.86879200e-05 -2.98273512e-01  1.86879200e-05 -8.94366103e-04 
 1.86899200e-05  5.64146506e-314  1.86899200e-05 -2.87000562e-01  1.86899200e-05 -8.98033043e-04 
 1.86919200e-05  2.59296238e-314  1.86919200e-05 -2.75682379e-01  1.86919200e-05 -9.01557962e-04 
 1.86939200e-05  5.64146506e-314  1.86939200e-05 -2.64320755e-01  1.86939200e-05 -9.04940305e-04 
 1.86959200e-05  2.59296238e-314  1.86959200e-05 -2.52917486e-01  1.86959200e-05 -9.08179538e-04 
 1.86979200e-05  5.64146506e-314  1.86979200e-05 -2.41474374e-01  1.86979200e-05 -9.11275151e-04 
 1.86999200e-05  2.59296238e-314  1.86999200e-05 -2.29993231e-01  1.86999200e-05 -9.14226656e-04 
 1.87019200e-05  5.64146506e-314  1.87019200e-05 -2.18475871e-01  1.87019200e-05 -9.17033590e-04 
 1.87039200e-05  2.59296238e-314  1.87039200e-05 -2.06924116e-01  1.87039200e-05 -9.19695509e-04 
 1.87059200e-05  5.64146506e-314  1.87059200e-05 -1.95339792e-01  1.87059200e-05 -9.22211995e-04 
 1.87079200e-05  2.59296238e-314  1.87079200e-05 -1.83724731e-01  1.87079200e-05 -9.24582652e-04 
 1.87099200e-05  5.64146506e-314  1.87099200e-05 -1.72080770e-01  1.87099200e-05 -9.26807107e-04 
 1.87119200e-05  2.59296238e-314  1.87119200e-05 -1.60409751e-01  1.87119200e-05 -9.28885009e-04 
 1.87139200e-05  5.64146506e-314  1.87139200e-05 -1.48713518e-01  1.87139200e-05 -9.30816033e-04 
 1.87159200e-05  2.59296238e-314  1.87159200e-05 -1.36993921e-01  1.87159200e-05 -9.32599875e-04 
 1.87179200e-05  5.64146506e-314  1.87179200e-05 -1.25252813e-01  1.87179200e-05 -9.34236255e-04 
 1.87199200e-05  2.59296238e-314  1.87199200e-05 -1.13492051e-01  1.87199200e-05 -9.35724915e-04 
 1.87219200e-05  5.64146506e-314  1.87219200e-05 -1.01713494e-01  1.87219200e-05 -9.37065623e-04 
 1.87239200e-05  2.59296238e-314  1.87239200e-05 -8.99190049e-02  1.87239200e-05 -9.38258168e-04 
 1.87259200e-05  5.64146506e-314  1.87259200e-05 -7.81104481e-02  1.87259200e-05 -9.39302364e-04 
 1.87279200e-05  2.59296238e-314  1.87279200e-05 -6.62896908e-02  1.87279200e-05 -9.40198047e-04 
 1.87299200e-05  5.64146506e-314  1.87299200e-05 -5.44586019e-02  1.87299200e-05 -9.40945078e-04 
 1.87319200e-05  2.59296238e-314  1.87319200e-05 -4.26190521e-02  1.87319200e-05 -9.41543340e-04 
 1.87339200e-05  5.64146506e-314  1.87339200e-05 -3.07729132e-02  1.87339200e-05 -9.41992741e-04 
 1.87359200e-05  2.59296238e-314  1.87359200e-05 -1.89220582e-02  1.87359200e-05 -9.42293211e-04 
 1.87379200e-05  5.64146506e-314  1.87379200e-05 -7.06836062e-03  1.87379200e-05 -9.42444705e-04 
 1.87399200e-05  2.59296238e-314  1.87399200e-05  4.78630546e-03  1.87399200e-05 -9.42447201e-04 
 1.87419200e-05  5.64146506e-314  1.87419200e-05  1.66400658e-02  1.87419200e-05 -9.42300701e-04 
 1.87439200e-05  2.59296238e-314  1.87439200e-05  2.84910465e-02  1.87439200e-05 -9.42005228e-04 
 1.87459200e-05  5.64146506e-314  1.87459200e-05  4.03373740e-02  1.87459200e-05 -9.41560833e-04 
 1.87479200e-05  2.59296238e-314  1.87479200e-05  5.21771753e-02  1.87479200e-05 -9.40967586e-04 
 1.87499200e-05  5.64146506e-314  1.87499200e-05  6.40085789e-02  1.87499200e-05 -9.40225584e-04 
 1.87519200e-05  2.59296238e-314  1.87519200e-05  7.58297143e-02  1.87519200e-05 -9.39334947e-04 
 1.87539200e-05  5.64146506e-314  1.87539200e-05  8.76387128e-02  1.87539200e-05 -9.38295815e-04 
 1.87559200e-05  2.59296238e-314  1.87559200e-05  9.94337076e-02  1.87559200e-05 -9.37108357e-04 
 1.87579200e-05  5.64146506e-314  1.87579200e-05  1.11212834e-01  1.87579200e-05 -9.35772760e-04 
 1.87599200e-05  2.59296238e-314  1.87599200e-05  1.22974230e-01  1.87599200e-05 -9.34289239e-04 
 1.87619200e-05  5.64146506e-314  1.87619200e-05  1.34716037e-01  1.87619200e-05 -9.32658030e-04 
 1.87639200e-05  2.59296238e-314  1.87639200e-05  1.46436398e-01  1.87639200e-05 -9.30879392e-04 
 1.87659200e-05  5.64146506e-314  1.87659200e-05  1.58133461e-01  1.87659200e-05 -9.28953608e-04 
 1.87679200e-05  2.59296238e-314  1.87679200e-05  1.69805377e-01  1.87679200e-05 -9.26880986e-04 
 1.87699200e-05  5.64146506e-314  1.87699200e-05  1.81450300e-01  1.87699200e-05 -9.24661853e-04 
 1.87719200e-05  2.59296238e-314  1.87719200e-05  1.93066391e-01  1.87719200e-05 -9.22296564e-04 
 1.87739200e-05  5.64146506e-314  1.87739200e-05  2.04651813e-01  1.87739200e-05 -9.19785493e-04 
 1.87759200e-05  2.59296238e-314  1.87759200e-05  2.16204734e-01  1.87759200e-05 -9.17129040e-04 
 1.87779200e-05  5.64146506e-314  1.87779200e-05  2.27723330e-01  1.87779200e-05 -9.14327627e-04 
 1.87799200e-05  2.59296238e-314  1.87799200e-05  2.39205778e-01  1.87799200e-05 -9.11381697e-04 
 1.87819200e-05  5.64146506e-314  1.87819200e-05  2.50650265e-01  1.87819200e-05 -9.08291720e-04 
 1.87839200e-05  2.59296238e-314  1.87839200e-05  2.62054982e-01  1.87839200e-05 -9.05058184e-04 
 1.87859200e-05  5.64146506e-314  1.87859200e-05  2.73418125e-01  1.87859200e-05 -9.01681603e-04 
 1.87879200e-05  2.59296238e-314  1.87879200e-05  2.84737899e-01  1.87879200e-05 -8.98162513e-04 
 1.87899200e-05  5.64146506e-314  1.87899200e-05  2.96012515e-01  1.87899200e-05 -8.94501471e-04 
 1.87919200e-05  2.59296238e-314  1.87919200e-05  3.07240192e-01  1.87919200e-05 -8.90699059e-04 
 1.87939200e-05  5.64146506e-314  1.87939200e-05  3.18419154e-01  1.87939200e-05 -8.86755879e-04 
 1.87959200e-05  2.59296238e-314  1.87959200e-05  3.29547634e-01  1.87959200e-05 -8.82672557e-04 
 1.87979200e-05  5.64146506e-314  1.87979200e-05  3.40623875e-01  1.87979200e-05 -8.78449739e-04 
 1.87999200e-05  2.59296238e-314  1.87999200e-05  3.51646126e-01  1.87999200e-05 -8.74088095e-04 
 1.88019200e-05  5.64146506e-314  1.88019200e-05  3.62612644e-01  1.88019200e-05 -8.69588317e-04 
 1.88039200e-05  2.59296238e-314  1.88039200e-05  3.73521697e-01  1.88039200e-05 -8.64951117e-04 
 1.88059200e-05  5.64146506e-314  1.88059200e-05  3.84371561e-01  1.88059200e-05 -8.60177231e-04 
 1.88079200e-05  2.59296238e-314  1.88079200e-05  3.95160521e-01  1.88079200e-05 -8.55267415e-04 
 1.88099200e-05  5.64146506e-314  1.88099200e-05  4.05886872e-01  1.88099200e-05 -8.50222446e-04 
 1.88119200e-05  2.59296238e-314  1.88119200e-05  4.16548920e-01  1.88119200e-05 -8.45043124e-04 
 1.88139200e-05  5.64146506e-314  1.88139200e-05  4.27144979e-01  1.88139200e-05 -8.39730270e-04 
 1.88159200e-05  2.59296238e-314  1.88159200e-05  4.37673375e-01  1.88159200e-05 -8.34284725e-04 
 1.88179200e-05  5.64146506e-314  1.88179200e-05  4.48132445e-01  1.88179200e-05 -8.28707352e-04 
 1.88199200e-05  2.59296238e-314  1.88199200e-05  4.58520535e-01  1.88199200e-05 -8.22999034e-04 
 1.88219200e-05  5.64146506e-314  1.88219200e-05  4.68836005e-01  1.88219200e-05 -8.17160675e-04 
 1.88239200e-05  2.59296238e-314  1.88239200e-05  4.79077225e-01  1.88239200e-05 -8.11193201e-04 
 1.88259200e-05  5.64146506e-314  1.88259200e-05  4.89242575e-01  1.88259200e-05 -8.05097555e-04 
 1.88279200e-05  2.59296238e-314  1.88279200e-05  4.99330451e-01  1.88279200e-05 -7.98874703e-04 
 1.88299200e-05  5.64146506e-314  1.88299200e-05  5.09339258e-01  1.88299200e-05 -7.92525631e-04 
 1.88319200e-05  2.59296238e-314  1.88319200e-05  5.19267415e-01  1.88319200e-05 -7.86051345e-04 
 1.88339200e-05  5.64146506e-314  1.88339200e-05  5.29113354e-01  1.88339200e-05 -7.79452868e-04 
 1.88359200e-05  2.59296238e-314  1.88359200e-05  5.38875518e-01  1.88359200e-05 -7.72731246e-04 
 1.88379200e-05  5.64146506e-314  1.88379200e-05  5.48552366e-01  1.88379200e-05 -7.65887544e-04 
 1.88399200e-05  2.59296238e-314  1.88399200e-05  5.58142368e-01  1.88399200e-05 -7.58922844e-04 
 1.88419200e-05  5.64146506e-314  1.88419200e-05  5.67644010e-01  1.88419200e-05 -7.51838249e-04 
 1.88439200e-05  2.59296238e-314  1.88439200e-05  5.77055791e-01  1.88439200e-05 -7.44634882e-04 
 1.88459200e-05  5.64146506e-314  1.88459200e-05  5.86376223e-01  1.88459200e-05 -7.37313881e-04 
 1.88479200e-05  2.59296238e-314  1.88479200e-05  5.95603835e-01  1.88479200e-05 -7.29876406e-04 
 1.88499200e-05  5.64146506e-314  1.88499200e-05  6.04737169e-01  1.88499200e-05 -7.22323634e-04 
 1.88519200e-05  2.59296238e-314  1.88519200e-05  6.13774781e-01  1.88519200e-05 -7.14656762e-04 
 1.88539200e-05  5.64146506e-314  1.88539200e-05  6.22715245e-01  1.88539200e-05 -7.06877001e-04 
 1.88559200e-05  2.59296238e-314  1.88559200e-05  6.31557148e-01  1.88559200e-05 -6.98985585e-04 
 1.88579200e-05  5.64146506e-314  1.88579200e-05  6.40299094e-01  1.88579200e-05 -6.90983761e-04 
 1.88599200e-05  2.59296238e-314  1.88599200e-05  6.48939701e-01  1.88599200e-05 -6.82872796e-04 
 1.88619200e-05  5.64146506e-314  1.88619200e-05  6.57477605e-01  1.88619200e-05 -6.74653974e-04 
 1.88639200e-05  2.59296238e-314  1.88639200e-05  6.65911458e-01  1.88639200e-05 -6.66328595e-04 
 1.88659200e-05  5.64146506e-314  1.88659200e-05  6.74239927e-01  1.88659200e-05 -6.57897978e-04 
 1.88679200e-05  2.59296238e-314  1.88679200e-05  6.82461697e-01  1.88679200e-05 -6.49363455e-04 
 1.88699200e-05  5.64146506e-314  1.88699200e-05  6.90575470e-01  1.88699200e-05 -6.40726379e-04 
 1.88719200e-05  2.59296238e-314  1.88719200e-05  6.98579963e-01  1.88719200e-05 -6.31988115e-04 
 1.88739200e-05  5.64146506e-314  1.88739200e-05  7.06473914e-01  1.88739200e-05 -6.23150046e-04 
 1.88759200e-05  2.59296238e-314  1.88759200e-05  7.14256075e-01  1.88759200e-05 -6.14213572e-04 
 1.88779200e-05  5.64146506e-314  1.88779200e-05  7.21925218e-01  1.88779200e-05 -6.05180105e-04 
 1.88799200e-05  2.59296238e-314  1.88799200e-05  7.29480131e-01  1.88799200e-05 -5.96051076e-04 
 1.88819200e-05  5.64146506e-314  1.88819200e-05  7.36919621e-01  1.88819200e-05 -5.86827928e-04 
 1.88839200e-05  2.59296238e-314  1.88839200e-05  7.44242515e-01  1.88839200e-05 -5.77512121e-04 
 1.88859200e-05  5.64146506e-314  1.88859200e-05  7.51447655e-01  1.88859200e-05 -5.68105129e-04 
 1.88879200e-05  2.59296238e-314  1.88879200e-05  7.58533904e-01  1.88879200e-05 -5.58608441e-04 
 1.88899200e-05  5.64146506e-314  1.88899200e-05  7.65500143e-01  1.88899200e-05 -5.49023559e-04 
 1.88919200e-05  2.59296238e-314  1.88919200e-05  7.72345272e-01  1.88919200e-05 -5.39351998e-04 
 1.88939200e-05  5.64146506e-314  1.88939200e-05  7.79068211e-01  1.88939200e-05 -5.29595291e-04 
 1.88959200e-05  2.59296238e-314  1.88959200e-05  7.85667898e-01  1.88959200e-05 -5.19754979e-04 
 1.88979200e-05  5.64146506e-314  1.88979200e-05  7.92143292e-01  1.88979200e-05 -5.09832620e-04 
 1.88999200e-05  2.59296238e-314  1.88999200e-05  7.98493370e-01  1.88999200e-05 -4.99829783e-04 
 1.89019200e-05  5.64146506e-314  1.89019200e-05  8.04717130e-01  1.89019200e-05 -4.89748052e-04 
 1.89039200e-05  2.59296238e-314  1.89039200e-05  8.10813589e-01  1.89039200e-05 -4.79589020e-04 
 1.89059200e-05  5.64146506e-314  1.89059200e-05  8.16781786e-01  1.89059200e-05 -4.69354294e-04 
 1.89079200e-05  2.59296238e-314  1.89079200e-05  8.22620779e-01  1.89079200e-05 -4.59045495e-04 
 1.89099200e-05  5.64146506e-314  1.89099200e-05  8.28329645e-01  1.89099200e-05 -4.48664252e-04 
 1.89119200e-05  2.59296238e-314  1.89119200e-05  8.33907484e-01  1.89119200e-05 -4.38212208e-04 
 1.89139200e-05  5.64146506e-314  1.89139200e-05  8.39353417e-01  1.89139200e-05 -4.27691016e-04 
 1.89159200e-05  2.59296238e-314  1.89159200e-05  8.44666582e-01  1.89159200e-05 -4.17102340e-04 
 1.89179200e-05  5.64146506e-314  1.89179200e-05  8.49846143e-01  1.89179200e-05 -4.06447855e-04 
 1.89199200e-05  2.59296238e-314  1.89199200e-05  8.54891282e-01  1.89199200e-05 -3.95729246e-04 
 1.89219200e-05  5.64146506e-314  1.89219200e-05  8.59801203e-01  1.89219200e-05 -3.84948210e-04 
 1.89239200e-05  2.59296238e-314  1.89239200e-05  8.64575132e-01  1.89239200e-05 -3.74106450e-04 
 1.89259200e-05  5.64146506e-314  1.89259200e-05  8.69212315e-01  1.89259200e-05 -3.63205681e-04 
 1.89279200e-05  2.59296238e-314  1.89279200e-05  8.73712022e-01  1.89279200e-05 -3.52247629e-04 
 1.89299200e-05  5.64146506e-314  1.89299200e-05  8.78073541e-01  1.89299200e-05 -3.41234025e-04 
 1.89319200e-05  2.59296238e-314  1.89319200e-05  8.82296187e-01  1.89319200e-05 -3.30166613e-04 
 1.89339200e-05  5.64146506e-314  1.89339200e-05  8.86379292e-01  1.89339200e-05 -3.19047141e-04 
 1.89359200e-05  2.59296238e-314  1.89359200e-05  8.90322214e-01  1.89359200e-05 -3.07877370e-04 
 1.89379200e-05  5.64146506e-314  1.89379200e-05  8.94124330e-01  1.89379200e-05 -2.96659065e-04 
 1.89399200e-05  2.59296238e-314  1.89399200e-05  8.97785041e-01  1.89399200e-05 -2.85394000e-04 
 1.89419200e-05  5.64146506e-314  1.89419200e-05  9.01303770e-01  1.89419200e-05 -2.74083957e-04 
 1.89439200e-05  2.59296238e-314  1.89439200e-05  9.04679963e-01  1.89439200e-05 -2.62730725e-04 
 1.89459200e-05  5.64146506e-314  1.89459200e-05  9.07913088e-01  1.89459200e-05 -2.51336100e-04 
 1.89479200e-05  2.59296238e-314  1.89479200e-05  9.11002635e-01  1.89479200e-05 -2.39901882e-04 
 1.89499200e-05  5.64146506e-314  1.89499200e-05  9.13948118e-01  1.89499200e-05 -2.28429881e-04 
 1.89519200e-05  2.59296238e-314  1.89519200e-05  9.16749072e-01  1.89519200e-05 -2.16921910e-04 
 1.89539200e-05  5.64146506e-314  1.89539200e-05  9.19405058e-01  1.89539200e-05 -2.05379789e-04 
 1.89559200e-05  2.59296238e-314  1.89559200e-05  9.21915656e-01  1.89559200e-05 -1.93805344e-04 
 1.89579200e-05  5.64146506e-314  1.89579200e-05  9.24280472e-01  1.89579200e-05 -1.82200404e-04 
 1.89599200e-05  2.59296238e-314  1.89599200e-05  9.26499134e-01  1.89599200e-05 -1.70566806e-04 
 1.89619200e-05  5.64146506e-314  1.89619200e-05  9.28571292e-01  1.89619200e-05 -1.58906387e-04 
 1.89639200e-05  2.59296238e-314  1.89639200e-05  9.30496622e-01  1.89639200e-05 -1.47220993e-04 
 1.89659200e-05  5.64146506e-314  1.89659200e-05  9.32274820e-01  1.89659200e-05 -1.35512471e-04 
 1.89679200e-05  2.59296238e-314  1.89679200e-05  9.33905607e-01  1.89679200e-05 -1.23782672e-04 
 1.89699200e-05  5.64146506e-314  1.89699200e-05  9.35388727e-01  1.89699200e-05 -1.12033451e-04 
 1.89719200e-05  2.59296238e-314  1.89719200e-05  9.36723948e-01  1.89719200e-05 -1.00266665e-04 
 1.89739200e-05  5.64146506e-314  1.89739200e-05  9.37911060e-01  1.89739200e-05 -8.84841761e-05 
 1.89759200e-05  2.59296238e-314  1.89759200e-05  9.38949878e-01  1.89759200e-05 -7.66878460e-05 
 1.89779200e-05  5.64146506e-314  1.89779200e-05  9.39840239e-01  1.89779200e-05 -6.48795402e-05 
 1.89799200e-05  2.59296238e-314  1.89799200e-05  9.40582004e-01  1.89799200e-05 -5.30611256e-05 
 1.89819200e-05  5.64146506e-314  1.89819200e-05  9.41175058e-01  1.89819200e-05 -4.12344708e-05 
 1.89839200e-05  2.59296238e-314  1.89839200e-05  9.41619309e-01  1.89839200e-05 -2.94014457e-05 
 1.89859200e-05  5.64146506e-314  1.89859200e-05  9.41914689e-01  1.89859200e-05 -1.75639211e-05 
 1.89879200e-05  2.59296238e-314  1.89879200e-05  9.42061152e-01  1.89879200e-05 -5.72376844e-06 
 1.89899200e-05  5.64146506e-314  1.89899200e-05  9.42058678e-01  1.89899200e-05  6.11714027e-06 
 1.89919200e-05  2.59296238e-314  1.89919200e-05  9.41907269e-01  1.89919200e-05  1.79569331e-05 
 1.89939200e-05  5.64146506e-314  1.89939200e-05  9.41606950e-01  1.89939200e-05  2.97937381e-05 
 1.89959200e-05  2.59296238e-314  1.89959200e-05  9.41157771e-01  1.89959200e-05  4.16256842e-05 
 1.89979200e-05  5.64146506e-314  1.89979200e-05  9.40559805e-01  1.89979200e-05  5.34509007e-05 
 1.89999200e-05  2.59296238e-314  1.89999200e-05  9.39813149e-01  1.89999200e-05  6.52675182e-05 
 1.90019200e-05  5.64146506e-314  1.90019200e-05  9.38917921e-01  1.90019200e-05  7.70736687e-05 
 1.90039200e-05  2.59296238e-314  1.90039200e-05  9.37874266e-01  1.90039200e-05  8.88674859e-05 
 1.90059200e-05  5.64146506e-314  1.90059200e-05  9.36682350e-01  1.90059200e-05  1.00647105e-04 
 1.90079200e-05  2.59296238e-314  1.90079200e-05  9.35342364e-01  1.90079200e-05  1.12410665e-04 
 1.90099200e-05  5.64146506e-314  1.90099200e-05  9.33854522e-01  1.90099200e-05  1.24156305e-04 
 1.90119200e-05  2.59296238e-314  1.90119200e-05  9.32219060e-01  1.90119200e-05  1.35882168e-04 
 1.90139200e-05  5.64146506e-314  1.90139200e-05  9.30436239e-01  1.90139200e-05  1.47586402e-04 
 1.90159200e-05  2.59296238e-314  1.90159200e-05  9.28506342e-01  1.90159200e-05  1.59267157e-04 
 1.90179200e-05  5.64146506e-314  1.90179200e-05  9.26429677e-01  1.90179200e-05  1.70922584e-04 
 1.90199200e-05  2.59296238e-314  1.90199200e-05  9.24206574e-01  1.90199200e-05  1.82550844e-04 
 1.90219200e-05  5.64146506e-314  1.90219200e-05  9.21837385e-01  1.90219200e-05  1.94150097e-04 
 1.90239200e-05  2.59296238e-314  1.90239200e-05  9.19322488e-01  1.90239200e-05  2.05718509e-04 
 1.90259200e-05  5.64146506e-314  1.90259200e-05  9.16662282e-01  1.90259200e-05  2.17254253e-04 
 1.90279200e-05  2.59296238e-314  1.90279200e-05  9.13857190e-01  1.90279200e-05  2.28755506e-04 
 1.90299200e-05  5.64146506e-314  1.90299200e-05  9.10907655e-01  1.90299200e-05  2.40220448e-04 
 1.90319200e-05  2.59296238e-314  1.90319200e-05  9.07814148e-01  1.90319200e-05  2.51647268e-04 
 1.90339200e-05  5.64146506e-314  1.90339200e-05  9.04577157e-01  1.90339200e-05  2.63034161e-04 
 1.90359200e-05  2.59296238e-314  1.90359200e-05  9.01197198e-01  1.90359200e-05  2.74379326e-04 
 1.90379200e-05  5.64146506e-314  1.90379200e-05  8.97674807e-01  1.90379200e-05  2.85680970e-04 
 1.90399200e-05  2.59296238e-314  1.90399200e-05  8.94010541e-01  1.90399200e-05  2.96937308e-04 
 1.90419200e-05  5.64146506e-314  1.90419200e-05  8.90204982e-01  1.90419200e-05  3.08146559e-04 
 1.90439200e-05  2.59296238e-314  1.90439200e-05  8.86258733e-01  1.90439200e-05  3.19306953e-04 
 1.90459200e-05  5.64146506e-314  1.90459200e-05  8.82172421e-01  1.90459200e-05  3.30416726e-04 
 1.90479200e-05  2.59296238e-314  1.90479200e-05  8.77946692e-01  1.90479200e-05  3.41474121e-04 
 1.90499200e-05  5.64146506e-314  1.90499200e-05  8.73582217e-01  1.90499200e-05  3.52477392e-04 
 1.90519200e-05  2.59296238e-314  1.90519200e-05  8.69079688e-01  1.90519200e-05  3.63424800e-04 
 1.90539200e-05  5.64146506e-314  1.90539200e-05  8.64439817e-01  1.90539200e-05  3.74314614e-04 
 1.90559200e-05  2.59296238e-314  1.90559200e-05  8.59663341e-01  1.90559200e-05  3.85145114e-04 
 1.90579200e-05  5.64146506e-314  1.90579200e-05  8.54751016e-01  1.90579200e-05  3.95914588e-04 
 1.90599200e-05  2.59296238e-314  1.90599200e-05  8.49703620e-01  1.90599200e-05  4.06621335e-04 
 1.90619200e-05  5.64146506e-314  1.90619200e-05  8.44521953e-01  1.90619200e-05  4.17263661e-04 
 1.90639200e-05  2.59296238e-314  1.90639200e-05  8.39206837e-01  1.90639200e-05  4.27839887e-04 
 1.90659200e-05  5.64146506e-314  1.90659200e-05  8.33759112e-01  1.90659200e-05  4.38348340e-04 
 1.90679200e-05  2.59296238e-314  1.90679200e-05  8.28179642e-01  1.90679200e-05  4.48787360e-04 
 1.90699200e-05  5.64146506e-314  1.90699200e-05  8.22469311e-01  1.90699200e-05  4.59155298e-04 
 1.90719200e-05  2.59296238e-314  1.90719200e-05  8.16629023e-01  1.90719200e-05  4.69450514e-04 
 1.90739200e-05  5.64146506e-314  1.90739200e-05  8.10659703e-01  1.90739200e-05  4.79671384e-04 
 1.90759200e-05  2.59296238e-314  1.90759200e-05  8.04562296e-01  1.90759200e-05  4.89816291e-04 
 1.90779200e-05  5.64146506e-314  1.90779200e-05  7.98337768e-01  1.90779200e-05  4.99883633e-04 
 1.90799200e-05  2.59296238e-314  1.90799200e-05  7.91987105e-01  1.90799200e-05  5.09871819e-04 
 1.90819200e-05  5.64146506e-314  1.90819200e-05  7.85511312e-01  1.90819200e-05  5.19779271e-04 
 1.90839200e-05  2.59296238e-314  1.90839200e-05  7.78911415e-01  1.90839200e-05  5.29604423e-04 
 1.90859200e-05  5.64146506e-314  1.90859200e-05  7.72188458e-01  1.90859200e-05  5.39345724e-04 
 1.90879200e-05  2.59296238e-314  1.90879200e-05  7.65343506e-01  1.90879200e-05  5.49001635e-04 
 1.90899200e-05  5.64146506e-314  1.90899200e-05  7.58377642e-01  1.90899200e-05  5.58570629e-04 
 1.90919200e-05  2.59296238e-314  1.90919200e-05  7.51291971e-01  1.90919200e-05  5.68051196e-04 
 1.90939200e-05  5.64146506e-314  1.90939200e-05  7.44087612e-01  1.90939200e-05  5.77441837e-04 
 1.90959200e-05  2.59296238e-314  1.90959200e-05  7.36765707e-01  1.90959200e-05  5.86741069e-04 
 1.90979200e-05  5.64146506e-314  1.90979200e-05  7.29327414e-01  1.90979200e-05  5.95947423e-04 
 1.90999200e-05  2.59296238e-314  1.90999200e-05  7.21773912e-01  1.90999200e-05  6.05059445e-04 
 1.91019200e-05  5.64146506e-314  1.91019200e-05  7.14106396e-01  1.91019200e-05  6.14075695e-04 
 1.91039200e-05  2.59296238e-314  1.91039200e-05  7.06326078e-01  1.91039200e-05  6.22994749e-04 
 1.91059200e-05  5.64146506e-314  1.91059200e-05  6.98434192e-01  1.91059200e-05  6.31815198e-04 
 1.91079200e-05  2.59296238e-314  1.91079200e-05  6.90431985e-01  1.91079200e-05  6.40535650e-04 
 1.91099200e-05  5.64146506e-314  1.91099200e-05  6.82320725e-01  1.91099200e-05  6.49154726e-04 
 1.91119200e-05  2.59296238e-314  1.91119200e-05  6.74101695e-01  1.91119200e-05  6.57671065e-04 
 1.91139200e-05  5.64146506e-314  1.91139200e-05  6.65776196e-01  1.91139200e-05  6.66083322e-04 
 1.91159200e-05  2.59296238e-314  1.91159200e-05  6.57345545e-01  1.91159200e-05  6.74390169e-04 
 1.91179200e-05  5.64146506e-314  1.91179200e-05  6.48811076e-01  1.91179200e-05  6.82590293e-04 
 1.91199200e-05  2.59296238e-314  1.91199200e-05  6.40174141e-01  1.91199200e-05  6.90682400e-04 
 1.91219200e-05  5.64146506e-314  1.91219200e-05  6.31436106e-01  1.91219200e-05  6.98665211e-04 
 1.91239200e-05  2.59296238e-314  1.91239200e-05  6.22598353e-01  1.91239200e-05  7.06537466e-04 
 1.91259200e-05  5.64146506e-314  1.91259200e-05  6.13662282e-01  1.91259200e-05  7.14297921e-04 
 1.91279200e-05  2.59296238e-314  1.91279200e-05  6.04629305e-01  1.91279200e-05  7.21945352e-04 
 1.91299200e-05  5.64146506e-314  1.91299200e-05  5.95500853e-01  1.91299200e-05  7.29478551e-04 
 1.91319200e-05  2.59296238e-314  1.91319200e-05  5.86278369e-01  1.91319200e-05  7.36896327e-04 
 1.91339200e-05  5.64146506e-314  1.91339200e-05  5.76963314e-01  1.91339200e-05  7.44197510e-04 
 1.91359200e-05  2.59296238e-314  1.91359200e-05  5.67557160e-01  1.91359200e-05  7.51380947e-04 
 1.91379200e-05  5.64146506e-314  1.91379200e-05  5.58061396e-01  1.91379200e-05  7.58445504e-04 
 1.91399200e-05  2.59296238e-314  1.91399200e-05  5.48477525e-01  1.91399200e-05  7.65390065e-04 
 1.91419200e-05  5.64146506e-314  1.91419200e-05  5.38807062e-01  1.91419200e-05  7.72213535e-04 
 1.91439200e-05  2.59296238e-314  1.91439200e-05  5.29051537e-01  1.91439200e-05  7.78914834e-04 
 1.91459200e-05  5.64146506e-314  1.91459200e-05  5.19212495e-01  1.91459200e-05  7.85492907e-04 
 1.91479200e-05  2.59296238e-314  1.91479200e-05  5.09291491e-01  1.91479200e-05  7.91946714e-04 
 1.91499200e-05  5.64146506e-314  1.91499200e-05  4.99290095e-01  1.91499200e-05  7.98275237e-04 
 1.91519200e-05  2.59296238e-314  1.91519200e-05  4.89209889e-01  1.91519200e-05  8.04477477e-04 
 1.91539200e-05  5.64146506e-314  1.91539200e-05  4.79052468e-01  1.91539200e-05  8.10552454e-04 
 1.91559200e-05  2.59296238e-314  1.91559200e-05  4.68819439e-01  1.91559200e-05  8.16499210e-04 
 1.91579200e-05  5.64146506e-314  1.91579200e-05  4.58512420e-01  1.91579200e-05  8.22316807e-04 
 1.91599200e-05  2.59296238e-314  1.91599200e-05  4.48133042e-01  1.91599200e-05  8.28004326e-04 
 1.91619200e-05  5.64146506e-314  1.91619200e-05  4.37682946e-01  1.91619200e-05  8.33560869e-04 
 1.91639200e-05  2.59296238e-314  1.91639200e-05  4.27163786e-01  1.91639200e-05  8.38985561e-04 
 1.91659200e-05  5.64146506e-314  1.91659200e-05  4.16577226e-01  1.91659200e-05  8.44277544e-04 
 1.91679200e-05  2.59296238e-314  1.91679200e-05  4.05924940e-01  1.91679200e-05  8.49435985e-04 
 1.91699200e-05  5.64146506e-314  1.91699200e-05  3.95208612e-01  1.91699200e-05  8.54460068e-04 
 1.91719200e-05  2.59296238e-314  1.91719200e-05  3.84429939e-01  1.91719200e-05  8.59349002e-04 
 1.91739200e-05  5.64146506e-314  1.91739200e-05  3.73590624e-01  1.91739200e-05  8.64102016e-04 
 1.91759200e-05  2.59296238e-314  1.91759200e-05  3.62692383e-01  1.91759200e-05  8.68718359e-04 
 1.91779200e-05  5.64146506e-314  1.91779200e-05  3.51736939e-01  1.91779200e-05  8.73197304e-04 
 1.91799200e-05  2.59296238e-314  1.91799200e-05  3.40726024e-01  1.91799200e-05  8.77538143e-04 
 1.91819200e-05  5.64146506e-314  1.91819200e-05  3.29661380e-01  1.91819200e-05  8.81740194e-04 
 1.91839200e-05  2.59296238e-314  1.91839200e-05  3.18544758e-01  1.91839200e-05  8.85802792e-04 
 1.91859200e-05  5.64146506e-314  1.91859200e-05  3.07377914e-01  1.91859200e-05  8.89725298e-04 
 1.91879200e-05  2.59296238e-314  1.91879200e-05  2.96162616e-01  1.91879200e-05  8.93507092e-04 
 1.91899200e-05  5.64146506e-314  1.91899200e-05  2.84900637e-01  1.91899200e-05  8.97147580e-04 
 1.91919200e-05  2.59296238e-314  1.91919200e-05  2.73593758e-01  1.91919200e-05  9.00646187e-04 
 1.91939200e-05  5.64146506e-314  1.91939200e-05  2.62243767e-01  1.91939200e-05  9.04002362e-04 
 1.91959200e-05  2.59296238e-314  1.91959200e-05  2.50852459e-01  1.91959200e-05  9.07215577e-04 
 1.91979200e-05  5.64146506e-314  1.91979200e-05  2.39421636e-01  1.91979200e-05  9.10285323e-04 
 1.91999200e-05  2.59296238e-314  1.91999200e-05  2.27953105e-01  1.91999200e-05  9.13211120e-04 
 1.92019200e-05  5.64146506e-314  1.92019200e-05  2.16448680e-01  1.92019200e-05  9.15992505e-04 
 1.92039200e-05  2.59296238e-314  1.92039200e-05  2.04910180e-01  1.92039200e-05  9.18629041e-04 
 1.92059200e-05  5.64146506e-314  1.92059200e-05  1.93339429e-01  1.92059200e-05  9.21120312e-04 
 1.92079200e-05  2.59296238e-314  1.92079200e-05  1.81738258e-01  1.92079200e-05  9.23465927e-04 
 1.92099200e-05  5.64146506e-314  1.92099200e-05  1.70108500e-01  1.92099200e-05  9.25665517e-04 
 1.92119200e-05  2.59296238e-314  1.92119200e-05  1.58451995e-01  1.92119200e-05  9.27718736e-04 
 1.92139200e-05  5.64146506e-314  1.92139200e-05  1.46770587e-01  1.92139200e-05  9.29625260e-04 
 1.92159200e-05  2.59296238e-314  1.92159200e-05  1.35066121e-01  1.92159200e-05  9.31384791e-04 
 1.92179200e-05  5.64146506e-314  1.92179200e-05  1.23340449e-01  1.92179200e-05  9.32997052e-04 
 1.92199200e-05  2.59296238e-314  1.92199200e-05  1.11595425e-01  1.92199200e-05  9.34461791e-04 
 1.92219200e-05  5.64146506e-314  1.92219200e-05  9.98329054e-02  1.92219200e-05  9.35778776e-04 
 1.92239200e-05  2.59296238e-314  1.92239200e-05  8.80547508e-02  1.92239200e-05  9.36947803e-04 
 1.92259200e-05  5.64146506e-314  1.92259200e-05  7.62628232e-02  1.92259200e-05  9.37968688e-04 
 1.92279200e-05  2.59296238e-314  1.92279200e-05  6.44589869e-02  1.92279200e-05  9.38841271e-04 
 1.92299200e-05  5.64146506e-314  1.92299200e-05  5.26451084e-02  1.92299200e-05  9.39565416e-04 
 1.92319200e-05  2.59296238e-314  1.92319200e-05  4.08230554e-02  1.92319200e-05  9.40141012e-04 
 1.92339200e-05  5.64146506e-314  1.92339200e-05  2.89946970e-02  1.92339200e-05  9.40567968e-04 
 1.92359200e-05  2.59296238e-314  1.92359200e-05  1.71619034e-02  1.92359200e-05  9.40846219e-04 
 1.92379200e-05  5.64146506e-314  1.92379200e-05  5.32654527e-03  1.92379200e-05  9.40975723e-04 
 1.92399200e-05  2.59296238e-314  1.92399200e-05 -6.50950621e-03  1.92399200e-05  9.40956462e-04 
 1.92419200e-05  5.64146506e-314  1.92419200e-05 -1.83443798e-02  1.92419200e-05  9.40788439e-04 
 1.92439200e-05  2.59296238e-314  1.92439200e-05 -3.01762045e-02  1.92439200e-05  9.40471685e-04 
 1.92459200e-05  5.64146506e-314  1.92459200e-05 -4.20031097e-02  1.92459200e-05  9.40006250e-04 
 1.92479200e-05  2.59296238e-314  1.92479200e-05 -5.38232258e-02  1.92479200e-05  9.39392210e-04 
 1.92499200e-05  5.64146506e-314  1.92499200e-05 -6.56346841e-02  1.92499200e-05  9.38629664e-04 
 1.92519200e-05  2.59296238e-314  1.92519200e-05 -7.74356175e-02  1.92519200e-05  9.37718734e-04 
 1.92539200e-05  5.64146506e-314  1.92539200e-05 -8.92241602e-02  1.92539200e-05  9.36659567e-04 
 1.92559200e-05  2.59296238e-314  1.92559200e-05 -1.00998449e-01  1.92559200e-05  9.35452331e-04 
 1.92579200e-05  5.64146506e-314  1.92579200e-05 -1.12756622e-01  1.92579200e-05  9.34097220e-04 
 1.92599200e-05  2.59296238e-314  1.92599200e-05 -1.24496821e-01  1.92599200e-05  9.32594449e-04 
 1.92619200e-05  5.64146506e-314  1.92619200e-05 -1.36217191e-01  1.92619200e-05  9.30944258e-04 
 1.92639200e-05  2.59296238e-314  1.92639200e-05 -1.47915877e-01  1.92639200e-05  9.29146910e-04 
 1.92659200e-05  5.64146506e-314  1.92659200e-05 -1.59591032e-01  1.92659200e-05  9.27202690e-04 
 1.92679200e-05  2.59296238e-314  1.92679200e-05 -1.71240809e-01  1.92679200e-05  9.25111908e-04 
 1.92699200e-05  5.64146506e-314  1.92699200e-05 -1.82863368e-01  1.92699200e-05  9.22874897e-04 
 1.92719200e-05  2.59296238e-314  1.92719200e-05 -1.94456870e-01  1.92719200e-05  9.20492011e-04 
 1.92739200e-05  5.64146506e-314  1.92739200e-05 -2.06019484e-01  1.92739200e-05  9.17963629e-04 
 1.92759200e-05  2.59296238e-314  1.92759200e-05 -2.17549382e-01  1.92759200e-05  9.15290154e-04 
 1.92779200e-05  5.64146506e-314  1.92779200e-05 -2.29044742e-01  1.92779200e-05  9.12472008e-04 
 1.92799200e-05  2.59296238e-314  1.92799200e-05 -2.40503746e-01  1.92799200e-05  9.09509640e-04 
 1.92819200e-05  5.64146506e-314  1.92819200e-05 -2.51924584e-01  1.92819200e-05  9.06403520e-04 
 1.92839200e-05  2.59296238e-314  1.92839200e-05 -2.63305449e-01  1.92839200e-05  9.03154141e-04 
 1.92859200e-05  5.64146506e-314  1.92859200e-05 -2.74644545e-01  1.92859200e-05  8.99762018e-04 
 1.92879200e-05  2.59296238e-314  1.92879200e-05 -2.85940077e-01  1.92879200e-05  8.96227689e-04 
 1.92899200e-05  5.64146506e-314  1.92899200e-05 -2.97190262e-01  1.92899200e-05  8.92551715e-04 
 1.92919200e-05  2.59296238e-314  1.92919200e-05 -3.08393321e-01  1.92919200e-05  8.88734679e-04 
 1.92939200e-05  5.64146506e-314  1.92939200e-05 -3.19547484e-01  1.92939200e-05  8.84777186e-04 
 1.92959200e-05  2.59296238e-314  1.92959200e-05 -3.30650988e-01  1.92959200e-05  8.80679863e-04 
 1.92979200e-05  5.64146506e-314  1.92979200e-05 -3.41702077e-01  1.92979200e-05  8.76443361e-04 
 1.92999200e-05  2.59296238e-314  1.92999200e-05 -3.52699006e-01  1.92999200e-05  8.72068349e-04 
 1.93019200e-05  5.64146506e-314  1.93019200e-05 -3.63640037e-01  1.93019200e-05  8.67555523e-04 
 1.93039200e-05  2.59296238e-314  1.93039200e-05 -3.74523440e-01  1.93039200e-05  8.62905597e-04 
 1.93059200e-05  5.64146506e-314  1.93059200e-05 -3.85347496e-01  1.93059200e-05  8.58119307e-04 
 1.93079200e-05  2.59296238e-314  1.93079200e-05 -3.96110494e-01  1.93079200e-05  8.53197413e-04 
 1.93099200e-05  5.64146506e-314  1.93099200e-05 -4.06810734e-01  1.93099200e-05  8.48140694e-04 
 1.93119200e-05  2.59296238e-314  1.93119200e-05 -4.17446524e-01  1.93119200e-05  8.42949952e-04 
 1.93139200e-05  5.64146506e-314  1.93139200e-05 -4.28016184e-01  1.93139200e-05  8.37626008e-04 
 1.93159200e-05  2.59296238e-314  1.93159200e-05 -4.38518044e-01  1.93159200e-05  8.32169706e-04 
 1.93179200e-05  5.64146506e-314  1.93179200e-05 -4.48950444e-01  1.93179200e-05  8.26581910e-04 
 1.93199200e-05  2.59296238e-314  1.93199200e-05 -4.59311736e-01  1.93199200e-05  8.20863506e-04 
 1.93219200e-05  5.64146506e-314  1.93219200e-05 -4.69600283e-01  1.93219200e-05  8.15015398e-04 
 1.93239200e-05  2.59296238e-314  1.93239200e-05 -4.79814458e-01  1.93239200e-05  8.09038514e-04 
 1.93259200e-05  5.64146506e-314  1.93259200e-05 -4.89952649e-01  1.93259200e-05  8.02933800e-04 
 1.93279200e-05  2.59296238e-314  1.93279200e-05 -5.00013253e-01  1.93279200e-05  7.96702222e-04 
 1.93299200e-05  5.64146506e-314  1.93299200e-05 -5.09994680e-01  1.93299200e-05  7.90344767e-04 
 1.93319200e-05  2.59296238e-314  1.93319200e-05 -5.19895355e-01  1.93319200e-05  7.83862443e-04 
 1.93339200e-05  5.64146506e-314  1.93339200e-05 -5.29713711e-01  1.93339200e-05  7.77256274e-04 
 1.93359200e-05  2.59296238e-314  1.93359200e-05 -5.39448199e-01  1.93359200e-05  7.70527308e-04 
 1.93379200e-05  5.64146506e-314  1.93379200e-05 -5.49097281e-01  1.93379200e-05  7.63676610e-04 
 1.93399200e-05  2.59296238e-314  1.93399200e-05 -5.58659431e-01  1.93399200e-05  7.56705264e-04 
 1.93419200e-05  5.64146506e-314  1.93419200e-05 -5.68133139e-01  1.93419200e-05  7.49614373e-04 
 1.93439200e-05  2.59296238e-314  1.93439200e-05 -5.77516909e-01  1.93439200e-05  7.42405062e-04 
 1.93459200e-05  5.64146506e-314  1.93459200e-05 -5.86809258e-01  1.93459200e-05  7.35078470e-04 
 1.93479200e-05  2.59296238e-314  1.93479200e-05 -5.96008719e-01  1.93479200e-05  7.27635757e-04 
 1.93499200e-05  5.64146506e-314  1.93499200e-05 -6.05113838e-01  1.93499200e-05  7.20078102e-04 
 1.93519200e-05  2.59296238e-314  1.93519200e-05 -6.14123176e-01  1.93519200e-05  7.12406701e-04 
 1.93539200e-05  5.64146506e-314  1.93539200e-05 -6.23035311e-01  1.93539200e-05  7.04622768e-04 
 1.93559200e-05  2.59296238e-314  1.93559200e-05 -6.31848835e-01  1.93559200e-05  6.96727535e-04 
 1.93579200e-05  5.64146506e-314  1.93579200e-05 -6.40562355e-01  1.93579200e-05  6.88722251e-04 
 1.93599200e-05  2.59296238e-314  1.93599200e-05 -6.49174497e-01  1.93599200e-05  6.80608185e-04 
 1.93619200e-05  5.64146506e-314  1.93619200e-05 -6.57683898e-01  1.93619200e-05  6.72386619e-04 
 1.93639200e-05  2.59296238e-314  1.93639200e-05 -6.66089215e-01  1.93639200e-05  6.64058856e-04 
 1.93659200e-05  5.64146506e-314  1.93659200e-05 -6.74389121e-01  1.93659200e-05  6.55626212e-04 
 1.93679200e-05  2.59296238e-314  1.93679200e-05 -6.82582305e-01  1.93679200e-05  6.47090023e-04 
 1.93699200e-05  5.64146506e-314  1.93699200e-05 -6.90667473e-01  1.93699200e-05  6.38451639e-04 
 1.93719200e-05  2.59296238e-314  1.93719200e-05 -6.98643348e-01  1.93719200e-05  6.29712427e-04 
 1.93739200e-05  5.64146506e-314  1.93739200e-05 -7.06508670e-01  1.93739200e-05  6.20873770e-04 
 1.93759200e-05  2.59296238e-314  1.93759200e-05 -7.14262197e-01  1.93759200e-05  6.11937067e-04 
 1.93779200e-05  5.64146506e-314  1.93779200e-05 -7.21902705e-01  1.93779200e-05  6.02903732e-04 
 1.93799200e-05  2.59296238e-314  1.93799200e-05 -7.29428988e-01  1.93799200e-05  5.93775194e-04 
 1.93819200e-05  5.64146506e-314  1.93819200e-05 -7.36839856e-01  1.93819200e-05  5.84552898e-04 
 1.93839200e-05  2.59296238e-314  1.93839200e-05 -7.44134140e-01  1.93839200e-05  5.75238302e-04 
 1.93859200e-05  5.64146506e-314  1.93859200e-05 -7.51310689e-01  1.93859200e-05  5.65832881e-04 
 1.93879200e-05  2.59296238e-314  1.93879200e-05 -7.58368368e-01  1.93879200e-05  5.56338122e-04 
 1.93899200e-05  5.64146506e-314  1.93899200e-05 -7.65306064e-01  1.93899200e-05  5.46755528e-04 
 1.93919200e-05  2.59296238e-314  1.93919200e-05 -7.72122681e-01  1.93919200e-05  5.37086615e-04 
 1.93939200e-05  5.64146506e-314  1.93939200e-05 -7.78817144e-01  1.93939200e-05  5.27332912e-04 
 1.93959200e-05  2.59296238e-314  1.93959200e-05 -7.85388394e-01  1.93959200e-05  5.17495963e-04 
 1.93979200e-05  5.64146506e-314  1.93979200e-05 -7.91835396e-01  1.93979200e-05  5.07577324e-04 
 1.93999200e-05  2.59296238e-314  1.93999200e-05 -7.98157131e-01  1.93999200e-05  4.97578564e-04 
 1.94019200e-05  5.64146506e-314  1.94019200e-05 -8.04352602e-01  1.94019200e-05  4.87501265e-04 
 1.94039200e-05  2.59296238e-314  1.94039200e-05 -8.10420830e-01  1.94039200e-05  4.77347020e-04 
 1.94059200e-05  5.64146506e-314  1.94059200e-05 -8.16360858e-01  1.94059200e-05  4.67117437e-04 
 1.94079200e-05  2.59296238e-314  1.94079200e-05 -8.22171749e-01  1.94079200e-05  4.56814133e-04 
 1.94099200e-05  5.64146506e-314  1.94099200e-05 -8.27852584e-01  1.94099200e-05  4.46438738e-04 
 1.94119200e-05  2.59296238e-314  1.94119200e-05 -8.33402469e-01  1.94119200e-05  4.35992894e-04 
 1.94139200e-05  5.64146506e-314  1.94139200e-05 -8.38820526e-01  1.94139200e-05  4.25478252e-04 
 1.94159200e-05  2.59296238e-314  1.94159200e-05 -8.44105902e-01  1.94159200e-05  4.14896477e-04 
 1.94179200e-05  5.64146506e-314  1.94179200e-05 -8.49257762e-01  1.94179200e-05  4.04249241e-04 
 1.94199200e-05  2.59296238e-314  1.94199200e-05 -8.54275293e-01  1.94199200e-05  3.93538229e-04 
 1.94219200e-05  5.64146506e-314  1.94219200e-05 -8.59157704e-01  1.94219200e-05  3.82765135e-04 
 1.94239200e-05  2.59296238e-314  1.94239200e-05 -8.63904225e-01  1.94239200e-05  3.71931663e-04 
 1.94259200e-05  5.64146506e-314  1.94259200e-05 -8.68514106e-01  1.94259200e-05  3.61039526e-04 
 1.94279200e-05  2.59296238e-314  1.94279200e-05 -8.72986622e-01  1.94279200e-05  3.50090448e-04 
 1.94299200e-05  5.64146506e-314  1.94299200e-05 -8.77321066e-01  1.94299200e-05  3.39086159e-04 
 1.94319200e-05  2.59296238e-314  1.94319200e-05 -8.81516755e-01  1.94319200e-05  3.28028401e-04 
 1.94339200e-05  5.64146506e-314  1.94339200e-05 -8.85573028e-01  1.94339200e-05  3.16918922e-04 
 1.94359200e-05  2.59296238e-314  1.94359200e-05 -8.89489244e-01  1.94359200e-05  3.05759479e-04 
 1.94379200e-05  5.64146506e-314  1.94379200e-05 -8.93264787e-01  1.94379200e-05  2.94551837e-04 
 1.94399200e-05  2.59296238e-314  1.94399200e-05 -8.96899061e-01  1.94399200e-05  2.83297768e-04 
 1.94419200e-05  5.64146506e-314  1.94419200e-05 -9.00391494e-01  1.94419200e-05  2.71999053e-04 
 1.94439200e-05  2.59296238e-314  1.94439200e-05 -9.03741535e-01  1.94439200e-05  2.60657479e-04 
 1.94459200e-05  5.64146506e-314  1.94459200e-05 -9.06948657e-01  1.94459200e-05  2.49274837e-04 
 1.94479200e-05  2.59296238e-314  1.94479200e-05 -9.10012353e-01  1.94479200e-05  2.37852930e-04 
 1.94499200e-05  5.64146506e-314  1.94499200e-05 -9.12932142e-01  1.94499200e-05  2.26393563e-04 
 1.94519200e-05  2.59296238e-314  1.94519200e-05 -9.15707565e-01  1.94519200e-05  2.14898548e-04 
 1.94539200e-05  5.64146506e-314  1.94539200e-05 -9.18338182e-01  1.94539200e-05  2.03369703e-04 
 1.94559200e-05  2.59296238e-314  1.94559200e-05 -9.20823582e-01  1.94559200e-05  1.91808851e-04 
 1.94579200e-05  5.64146506e-314  1.94579200e-05 -9.23163373e-01  1.94579200e-05  1.80217820e-04 
 1.94599200e-05  2.59296238e-314  1.94599200e-05 -9.25357186e-01  1.94599200e-05  1.68598444e-04 
 1.94619200e-05  5.64146506e-314  1.94619200e-05 -9.27404676e-01  1.94619200e-05  1.56952558e-04 
 1.94639200e-05  2.59296238e-314  1.94639200e-05 -9.29305522e-01  1.94639200e-05  1.45282006e-04 
 1.94659200e-05  5.64146506e-314  1.94659200e-05 -9.31059426e-01  1.94659200e-05  1.33588632e-04 
 1.94679200e-05  2.59296238e-314  1.94679200e-05 -9.32666111e-01  1.94679200e-05  1.21874285e-04 
 1.94699200e-05  5.64146506e-314  1.94699200e-05 -9.34125325e-01  1.94699200e-05  1.10140817e-04 
 1.94719200e-05  2.59296238e-314  1.94719200e-05 -9.35436840e-01  1.94719200e-05  9.83900843e-05 
 1.94739200e-05  5.64146506e-314  1.94739200e-05 -9.36600451e-01  1.94739200e-05  8.66239442e-05 
 1.94759200e-05  2.59296238e-314  1.94759200e-05 -9.37615974e-01  1.94759200e-05  7.48442570e-05 
 1.94779200e-05  5.64146506e-314  1.94779200e-05 -9.38483252e-01  1.94779200e-05  6.30528854e-05 
 1.94799200e-05  2.59296238e-314  1.94799200e-05 -9.39202148e-01  1.94799200e-05  5.12516935e-05 
 1.94819200e-05  5.64146506e-314  1.94819200e-05 -9.39772552e-01  1.94819200e-05  3.94425474e-05 
 1.94839200e-05  2.59296238e-314  1.94839200e-05 -9.40194375e-01  1.94839200e-05  2.76273140e-05 
 1.94859200e-05  5.64146506e-314  1.94859200e-05 -9.40467553e-01  1.94859200e-05  1.58078613e-05 
 1.94879200e-05  2.59296238e-314  1.94879200e-05 -9.40592043e-01  1.94879200e-05  3.98605801e-06 
 1.94899200e-05  5.64146506e-314  1.94899200e-05 -9.40567828e-01  1.94899200e-05 -7.83622686e-06 
 1.94919200e-05  2.59296238e-314  1.94919200e-05 -9.40394914e-01  1.94919200e-05 -1.96571243e-05 
 1.94939200e-05  5.64146506e-314  1.94939200e-05 -9.40073329e-01  1.94939200e-05 -3.14747654e-05 
 1.94959200e-05  2.59296238e-314  1.94959200e-05 -9.39603128e-01  1.94959200e-05 -4.32872820e-05 
 1.94979200e-05  5.64146506e-314  1.94979200e-05 -9.38984385e-01  1.94979200e-05 -5.50928066e-05 
 1.94999200e-05  2.59296238e-314  1.94999200e-05 -9.38217201e-01  1.94999200e-05 -6.68894729e-05 
 1.95019200e-05  5.64146506e-314  1.95019200e-05 -9.37301698e-01  1.95019200e-05 -7.86754159e-05 
 1.95039200e-05  2.59296238e-314  1.95039200e-05 -9.36238024e-01  1.95039200e-05 -9.04487727e-05 
 1.95059200e-05  5.64146506e-314  1.95059200e-05 -9.35026349e-01  1.95059200e-05 -1.02207682e-04 
 1.95079200e-05  2.59296238e-314  1.95079200e-05 -9.33666864e-01  1.95079200e-05 -1.13950285e-04 
 1.95099200e-05  5.64146506e-314  1.95099200e-05 -9.32159789e-01  1.95099200e-05 -1.25674725e-04 
 1.95119200e-05  2.59296238e-314  1.95119200e-05 -9.30505362e-01  1.95119200e-05 -1.37379149e-04 
 1.95139200e-05  5.64146506e-314  1.95139200e-05 -9.28703847e-01  1.95139200e-05 -1.49061707e-04 
 1.95159200e-05  2.59296238e-314  1.95159200e-05 -9.26755531e-01  1.95159200e-05 -1.60720553e-04 
 1.95179200e-05  5.64146506e-314  1.95179200e-05 -9.24660724e-01  1.95179200e-05 -1.72353842e-04 
 1.95199200e-05  2.59296238e-314  1.95199200e-05 -9.22419758e-01  1.95199200e-05 -1.83959737e-04 
 1.95219200e-05  5.64146506e-314  1.95219200e-05 -9.20032990e-01  1.95219200e-05 -1.95536403e-04 
 1.95239200e-05  2.59296238e-314  1.95239200e-05 -9.17500798e-01  1.95239200e-05 -2.07082010e-04 
 1.95259200e-05  5.64146506e-314  1.95259200e-05 -9.14823586e-01  1.95259200e-05 -2.18594733e-04 
 1.95279200e-05  2.59296238e-314  1.95279200e-05 -9.12001778e-01  1.95279200e-05 -2.30072753e-04 
 1.95299200e-05  5.64146506e-314  1.95299200e-05 -9.09035822e-01  1.95299200e-05 -2.41514254e-04 
 1.95319200e-05  2.59296238e-314  1.95319200e-05 -9.05926189e-01  1.95319200e-05 -2.52917430e-04 
 1.95339200e-05  5.64146506e-314  1.95339200e-05 -9.02673372e-01  1.95339200e-05 -2.64280477e-04 
 1.95359200e-05  2.59296238e-314  1.95359200e-05 -8.99277887e-01  1.95359200e-05 -2.75601600e-04 
 1.95379200e-05  5.64146506e-314  1.95379200e-05 -8.95740273e-01  1.95379200e-05 -2.86879009e-04 
 1.95399200e-05  2.59296238e-314  1.95399200e-05 -8.92061091e-01  1.95399200e-05 -2.98110923e-04 
 1.95419200e-05  5.64146506e-314  1.95419200e-05 -8.88240924e-01  1.95419200e-05 -3.09295565e-04 
 1.95439200e-05  2.59296238e-314  1.95439200e-05 -8.84280379e-01  1.95439200e-05 -3.20431168e-04 
 1.95459200e-05  5.64146506e-314  1.95459200e-05 -8.80180082e-01  1.95459200e-05 -3.31515972e-04 
 1.95479200e-05  2.59296238e-314  1.95479200e-05 -8.75940685e-01  1.95479200e-05 -3.42548226e-04 
 1.95499200e-05  5.64146506e-314  1.95499200e-05 -8.71562858e-01  1.95499200e-05 -3.53526186e-04 
 1.95519200e-05  2.59296238e-314  1.95519200e-05 -8.67047297e-01  1.95519200e-05 -3.64448117e-04 
 1.95539200e-05  5.64146506e-314  1.95539200e-05 -8.62394716e-01  1.95539200e-05 -3.75312294e-04 
 1.95559200e-05  2.59296238e-314  1.95559200e-05 -8.57605852e-01  1.95559200e-05 -3.86116998e-04 
 1.95579200e-05  5.64146506e-314  1.95579200e-05 -8.52681465e-01  1.95579200e-05 -3.96860523e-04 
 1.95599200e-05  2.59296238e-314  1.95599200e-05 -8.47622335e-01  1.95599200e-05 -4.07541172e-04 
 1.95619200e-05  5.64146506e-314  1.95619200e-05 -8.42429263e-01  1.95619200e-05 -4.18157255e-04 
 1.95639200e-05  2.59296238e-314  1.95639200e-05 -8.37103072e-01  1.95639200e-05 -4.28707097e-04 
 1.95659200e-05  5.64146506e-314  1.95659200e-05 -8.31644606e-01  1.95659200e-05 -4.39189029e-04 
 1.95679200e-05  2.59296238e-314  1.95679200e-05 -8.26054729e-01  1.95679200e-05 -4.49601396e-04 
 1.95699200e-05  5.64146506e-314  1.95699200e-05 -8.20334327e-01  1.95699200e-05 -4.59942552e-04 
 1.95719200e-05  2.59296238e-314  1.95719200e-05 -8.14484306e-01  1.95719200e-05 -4.70210863e-04 
 1.95739200e-05  5.64146506e-314  1.95739200e-05 -8.08505591e-01  1.95739200e-05 -4.80404706e-04 
 1.95759200e-05  2.59296238e-314  1.95759200e-05 -8.02399131e-01  1.95759200e-05 -4.90522472e-04 
 1.95779200e-05  5.64146506e-314  1.95779200e-05 -7.96165892e-01  1.95779200e-05 -5.00562561e-04 
 1.95799200e-05  2.59296238e-314  1.95799200e-05 -7.89806861e-01  1.95799200e-05 -5.10523388e-04 
 1.95819200e-05  5.64146506e-314  1.95819200e-05 -7.83323045e-01  1.95819200e-05 -5.20403377e-04 
 1.95839200e-05  2.59296238e-314  1.95839200e-05 -7.76715470e-01  1.95839200e-05 -5.30200969e-04 
 1.95859200e-05  5.64146506e-314  1.95859200e-05 -7.69985183e-01  1.95859200e-05 -5.39914616e-04 
 1.95879200e-05  2.59296238e-314  1.95879200e-05 -7.63133250e-01  1.95879200e-05 -5.49542782e-04 
 1.95899200e-05  5.64146506e-314  1.95899200e-05 -7.56160755e-01  1.95899200e-05 -5.59083947e-04 
 1.95919200e-05  2.59296238e-314  1.95919200e-05 -7.49068802e-01  1.95919200e-05 -5.68536603e-04 
 1.95939200e-05  5.64146506e-314  1.95939200e-05 -7.41858513e-01  1.95939200e-05 -5.77899258e-04 
 1.95959200e-05  2.59296238e-314  1.95959200e-05 -7.34531031e-01  1.95959200e-05 -5.87170432e-04 
 1.95979200e-05  5.64146506e-314  1.95979200e-05 -7.27087515e-01  1.95979200e-05 -5.96348660e-04 
 1.95999200e-05  2.59296238e-314  1.95999200e-05 -7.19529143e-01  1.95999200e-05 -6.05432492e-04 
 1.96019200e-05  5.64146506e-314  1.96019200e-05 -7.11857111e-01  1.96019200e-05 -6.14420495e-04 
 1.96039200e-05  2.59296238e-314  1.96039200e-05 -7.04072635e-01  1.96039200e-05 -6.23311247e-04 
 1.96059200e-05  5.64146506e-314  1.96059200e-05 -6.96176946e-01  1.96059200e-05 -6.32103344e-04 
 1.96079200e-05  2.59296238e-314  1.96079200e-05 -6.88171293e-01  1.96079200e-05 -6.40795399e-04 
 1.96099200e-05  5.64146506e-314  1.96099200e-05 -6.80056945e-01  1.96099200e-05 -6.49386037e-04 
 1.96119200e-05  2.59296238e-314  1.96119200e-05 -6.71835184e-01  1.96119200e-05 -6.57873903e-04 
 1.96139200e-05  5.64146506e-314  1.96139200e-05 -6.63507313e-01  1.96139200e-05 -6.66257654e-04 
 1.96159200e-05  2.59296238e-314  1.96159200e-05 -6.55074648e-01  1.96159200e-05 -6.74535969e-04 
 1.96179200e-05  5.64146506e-314  1.96179200e-05 -6.46538526e-01  1.96179200e-05 -6.82707537e-04 
 1.96199200e-05  2.59296238e-314  1.96199200e-05 -6.37900295e-01  1.96199200e-05 -6.90771071e-04 
 1.96219200e-05  5.64146506e-314  1.96219200e-05 -6.29161324e-01  1.96219200e-05 -6.98725295e-04 
 1.96239200e-05  2.59296238e-314  1.96239200e-05 -6.20322996e-01  1.96239200e-05 -7.06568953e-04 
 1.96259200e-05  5.64146506e-314  1.96259200e-05 -6.11386708e-01  1.96259200e-05 -7.14300808e-04 
 1.96279200e-05  2.59296238e-314  1.96279200e-05 -6.02353875e-01  1.96279200e-05 -7.21919638e-04 
 1.96299200e-05  5.64146506e-314  1.96299200e-05 -5.93225926e-01  1.96299200e-05 -7.29424240e-04 
 1.96319200e-05  2.59296238e-314  1.96319200e-05 -5.84004306e-01  1.96319200e-05 -7.36813428e-04 
 1.96339200e-05  5.64146506e-314  1.96339200e-05 -5.74690472e-01  1.96339200e-05 -7.44086037e-04 
 1.96359200e-05  2.59296238e-314  1.96359200e-05 -5.65285900e-01  1.96359200e-05 -7.51240918e-04 
 1.96379200e-05  5.64146506e-314  1.96379200e-05 -5.55792077e-01  1.96379200e-05 -7.58276941e-04 
 1.96399200e-05  2.59296238e-314  1.96399200e-05 -5.46210505e-01  1.96399200e-05 -7.65192996e-04 
 1.96419200e-05  5.64146506e-314  1.96419200e-05 -5.36542701e-01  1.96419200e-05 -7.71987990e-04 
 1.96439200e-05  2.59296238e-314  1.96439200e-05 -5.26790192e-01  1.96439200e-05 -7.78660851e-04 
 1.96459200e-05  5.64146506e-314  1.96459200e-05 -5.16954523e-01  1.96459200e-05 -7.85210525e-04 
 1.96479200e-05  2.59296238e-314  1.96479200e-05 -5.07037249e-01  1.96479200e-05 -7.91635978e-04 
 1.96499200e-05  5.64146506e-314  1.96499200e-05 -4.97039940e-01  1.96499200e-05 -7.97936197e-04 
 1.96519200e-05  2.59296238e-314  1.96519200e-05 -4.86964177e-01  1.96519200e-05 -8.04110186e-04 
 1.96539200e-05  5.64146506e-314  1.96539200e-05 -4.76811553e-01  1.96539200e-05 -8.10156971e-04 
 1.96559200e-05  2.59296238e-314  1.96559200e-05 -4.66583675e-01  1.96559200e-05 -8.16075599e-04 
 1.96579200e-05  5.64146506e-314  1.96579200e-05 -4.56282161e-01  1.96579200e-05 -8.21865134e-04 
 1.96599200e-05  2.59296238e-314  1.96599200e-05 -4.45908641e-01  1.96599200e-05 -8.27524663e-04 
 1.96619200e-05  5.64146506e-314  1.96619200e-05 -4.35464754e-01  1.96619200e-05 -8.33053293e-04 
 1.96639200e-05  2.59296238e-314  1.96639200e-05 -4.24952154e-01  1.96639200e-05 -8.38450151e-04 
 1.96659200e-05  5.64146506e-314  1.96659200e-05 -4.14372503e-01  1.96659200e-05 -8.43714387e-04 
 1.96679200e-05  2.59296238e-314  1.96679200e-05 -4.03727474e-01  1.96679200e-05 -8.48845168e-04 
 1.96699200e-05  5.64146506e-314  1.96699200e-05 -3.93018752e-01  1.96699200e-05 -8.53841687e-04 
 1.96719200e-05  2.59296238e-314  1.96719200e-05 -3.82248029e-01  1.96719200e-05 -8.58703154e-04 
 1.96739200e-05  5.64146506e-314  1.96739200e-05 -3.71417011e-01  1.96739200e-05 -8.63428804e-04 
 1.96759200e-05  2.59296238e-314  1.96759200e-05 -3.60527409e-01  1.96759200e-05 -8.68017889e-04 
 1.96779200e-05  5.64146506e-314  1.96779200e-05 -3.49580946e-01  1.96779200e-05 -8.72469687e-04 
 1.96799200e-05  2.59296238e-314  1.96799200e-05 -3.38579354e-01  1.96799200e-05 -8.76783496e-04 
 1.96819200e-05  5.64146506e-314  1.96819200e-05 -3.27524372e-01  1.96819200e-05 -8.80958634e-04 
 1.96839200e-05  2.59296238e-314  1.96839200e-05 -3.16417749e-01  1.96839200e-05 -8.84994445e-04 
 1.96859200e-05  5.64146506e-314  1.96859200e-05 -3.05261241e-01  1.96859200e-05 -8.88890291e-04 
 1.96879200e-05  2.59296238e-314  1.96879200e-05 -2.94056613e-01  1.96879200e-05 -8.92645559e-04 
 1.96899200e-05  5.64146506e-314  1.96899200e-05 -2.82805637e-01  1.96899200e-05 -8.96259657e-04 
 1.96919200e-05  2.59296238e-314  1.96919200e-05 -2.71510092e-01  1.96919200e-05 -8.99732014e-04 
 1.96939200e-05  5.64146506e-314  1.96939200e-05 -2.60171764e-01  1.96939200e-05 -9.03062084e-04 
 1.96959200e-05  2.59296238e-314  1.96959200e-05 -2.48792447e-01  1.96959200e-05 -9.06249342e-04 
 1.96979200e-05  5.64146506e-314  1.96979200e-05 -2.37373940e-01  1.96979200e-05 -9.09293286e-04 
 1.96999200e-05  2.59296238e-314  1.96999200e-05 -2.25918048e-01  1.96999200e-05 -9.12193436e-04 
 1.97019200e-05  5.64146506e-314  1.97019200e-05 -2.14426584e-01  1.97019200e-05 -9.14949337e-04 
 1.97039200e-05  2.59296238e-314  1.97039200e-05 -2.02901365e-01  1.97039200e-05 -9.17560553e-04 
 1.97059200e-05  5.64146506e-314  1.97059200e-05 -1.91344213e-01  1.97059200e-05 -9.20026675e-04 
 1.97079200e-05  2.59296238e-314  1.97079200e-05 -1.79756955e-01  1.97079200e-05 -9.22347313e-04 
 1.97099200e-05  5.64146506e-314  1.97099200e-05 -1.68141424e-01  1.97099200e-05 -9.24522103e-04 
 1.97119200e-05  2.59296238e-314  1.97119200e-05 -1.56499457e-01  1.97119200e-05 -9.26550703e-04 
 1.97139200e-05  5.64146506e-314  1.97139200e-05 -1.44832894e-01  1.97139200e-05 -9.28432794e-04 
 1.97159200e-05  2.59296238e-314  1.97159200e-05 -1.33143580e-01  1.97159200e-05 -9.30168080e-04 
 1.97179200e-05  5.64146506e-314  1.97179200e-05 -1.21433364e-01  1.97179200e-05 -9.31756289e-04 
 1.97199200e-05  2.59296238e-314  1.97199200e-05 -1.09704097e-01  1.97199200e-05 -9.33197172e-04 
 1.97219200e-05  5.64146506e-314  1.97219200e-05 -9.79576335e-02  1.97219200e-05 -9.34490502e-04 
 1.97239200e-05  2.59296238e-314  1.97239200e-05 -8.61958311e-02  1.97239200e-05 -9.35636077e-04 
 1.97259200e-05  5.64146506e-314  1.97259200e-05 -7.44205494e-02  1.97259200e-05 -9.36633718e-04 
 1.97279200e-05  2.59296238e-314  1.97279200e-05 -6.26336501e-02  1.97279200e-05 -9.37483269e-04 
 1.97299200e-05  5.64146506e-314  1.97299200e-05 -5.08369968e-02  1.97299200e-05 -9.38184597e-04 
 1.97319200e-05  2.59296238e-314  1.97319200e-05 -3.90324547e-02  1.97319200e-05 -9.38737593e-04 
 1.97339200e-05  5.64146506e-314  1.97339200e-05 -2.72218902e-02  1.97339200e-05 -9.39142173e-04 
 1.97359200e-05  2.59296238e-314  1.97359200e-05 -1.54071704e-02  1.97359200e-05 -9.39398273e-04 
 1.97379200e-05  5.64146506e-314  1.97379200e-05 -3.59016331e-03  1.97379200e-05 -9.39505855e-04 
 1.97399200e-05  2.59296238e-314  1.97399200e-05  8.22726285e-03  1.97399200e-05 -9.39464904e-04 
 1.97419200e-05  5.64146506e-314  1.97419200e-05  2.00432398e-02  1.97419200e-05 -9.39275429e-04 
 1.97439200e-05  2.59296238e-314  1.97439200e-05  3.18558995e-02  1.97439200e-05 -9.38937460e-04 
 1.97459200e-05  5.64146506e-314  1.97459200e-05  4.36633744e-02  1.97459200e-05 -9.38451054e-04 
 1.97479200e-05  2.59296238e-314  1.97479200e-05  5.54637980e-02  1.97479200e-05 -9.37816290e-04 
 1.97499200e-05  5.64146506e-314  1.97499200e-05  6.72553046e-02  1.97499200e-05 -9.37033268e-04 
 1.97519200e-05  2.59296238e-314  1.97519200e-05  7.90360303e-02  1.97519200e-05 -9.36102116e-04 
 1.97539200e-05  5.64146506e-314  1.97539200e-05  9.08041127e-02  1.97539200e-05 -9.35022982e-04 
 1.97559200e-05  2.59296238e-314  1.97559200e-05  1.02557691e-01  1.97559200e-05 -9.33796039e-04 
 1.97579200e-05  5.64146506e-314  1.97579200e-05  1.14294909e-01  1.97579200e-05 -9.32421482e-04 
 1.97599200e-05  2.59296238e-314  1.97599200e-05  1.26013909e-01  1.97599200e-05 -9.30899530e-04 
 1.97619200e-05  5.64146506e-314  1.97619200e-05  1.37712839e-01  1.97619200e-05 -9.29230427e-04 
 1.97639200e-05  2.59296238e-314  1.97639200e-05  1.49389851e-01  1.97639200e-05 -9.27414438e-04 
 1.97659200e-05  5.64146506e-314  1.97659200e-05  1.61043098e-01  1.97659200e-05 -9.25451851e-04 
 1.97679200e-05  2.59296238e-314  1.97679200e-05  1.72670738e-01  1.97679200e-05 -9.23342979e-04 
 1.97699200e-05  5.64146506e-314  1.97699200e-05  1.84270934e-01  1.97699200e-05 -9.21088157e-04 
 1.97719200e-05  2.59296238e-314  1.97719200e-05  1.95841852e-01  1.97719200e-05 -9.18687744e-04 
 1.97739200e-05  5.64146506e-314  1.97739200e-05  2.07381662e-01  1.97739200e-05 -9.16142120e-04 
 1.97759200e-05  2.59296238e-314  1.97759200e-05  2.18888542e-01  1.97759200e-05 -9.13451691e-04 
 1.97779200e-05  5.64146506e-314  1.97779200e-05  2.30360671e-01  1.97779200e-05 -9.10616882e-04 
 1.97799200e-05  2.59296238e-314  1.97799200e-05  2.41796237e-01  1.97799200e-05 -9.07638145e-04 
 1.97819200e-05  5.64146506e-314  1.97819200e-05  2.53193433e-01  1.97819200e-05 -9.04515952e-04 
 1.97839200e-05  2.59296238e-314  1.97839200e-05  2.64550456e-01  1.97839200e-05 -9.01250798e-04 
 1.97859200e-05  5.64146506e-314  1.97859200e-05  2.75865513e-01  1.97859200e-05 -8.97843201e-04 
 1.97879200e-05  2.59296238e-314  1.97879200e-05  2.87136814e-01  1.97879200e-05 -8.94293702e-04 
 1.97899200e-05  5.64146506e-314  1.97899200e-05  2.98362579e-01  1.97899200e-05 -8.90602864e-04 
 1.97919200e-05  2.59296238e-314  1.97919200e-05  3.09541033e-01  1.97919200e-05 -8.86771273e-04 
 1.97939200e-05  5.64146506e-314  1.97939200e-05  3.20670409e-01  1.97939200e-05 -8.82799534e-04 
 1.97959200e-05  2.59296238e-314  1.97959200e-05  3.31748948e-01  1.97959200e-05 -8.78688279e-04 
 1.97979200e-05  5.64146506e-314  1.97979200e-05  3.42774901e-01  1.97979200e-05 -8.74438159e-04 
 1.97999200e-05  2.59296238e-314  1.97999200e-05  3.53746524e-01  1.97999200e-05 -8.70049847e-04 
 1.98019200e-05  5.64146506e-314  1.98019200e-05  3.64662083e-01  1.98019200e-05 -8.65524040e-04 
 1.98039200e-05  2.59296238e-314  1.98039200e-05  3.75519853e-01  1.98039200e-05 -8.60861454e-04 
 1.98059200e-05  5.64146506e-314  1.98059200e-05  3.86318119e-01  1.98059200e-05 -8.56062829e-04 
 1.98079200e-05  2.59296238e-314  1.98079200e-05  3.97055174e-01  1.98079200e-05 -8.51128924e-04 
 1.98099200e-05  5.64146506e-314  1.98099200e-05  4.07729321e-01  1.98099200e-05 -8.46060521e-04 
 1.98119200e-05  2.59296238e-314  1.98119200e-05  4.18338875e-01  1.98119200e-05 -8.40858424e-04 
 1.98139200e-05  5.64146506e-314  1.98139200e-05  4.28882157e-01  1.98139200e-05 -8.35523456e-04 
 1.98159200e-05  2.59296238e-314  1.98159200e-05  4.39357502e-01  1.98159200e-05 -8.30056462e-04 
 1.98179200e-05  5.64146506e-314  1.98179200e-05  4.49763255e-01  1.98179200e-05 -8.24458309e-04 
 1.98199200e-05  2.59296238e-314  1.98199200e-05  4.60097772e-01  1.98199200e-05 -8.18729884e-04 
 1.98219200e-05  5.64146506e-314  1.98219200e-05  4.70359420e-01  1.98219200e-05 -8.12872092e-04 
 1.98239200e-05  2.59296238e-314  1.98239200e-05  4.80546577e-01  1.98239200e-05 -8.06885863e-04 
 1.98259200e-05  5.64146506e-314  1.98259200e-05  4.90657634e-01  1.98259200e-05 -8.00772144e-04 
 1.98279200e-05  2.59296238e-314  1.98279200e-05  5.00690992e-01  1.98279200e-05 -7.94531904e-04 
 1.98299200e-05  5.64146506e-314  1.98299200e-05  5.10645068e-01  1.98299200e-05 -7.88166130e-04 
 1.98319200e-05  2.59296238e-314  1.98319200e-05  5.20518288e-01  1.98319200e-05 -7.81675830e-04 
 1.98339200e-05  5.64146506e-314  1.98339200e-05  5.30309092e-01  1.98339200e-05 -7.75062033e-04 
 1.98359200e-05  2.59296238e-314  1.98359200e-05  5.40015934e-01  1.98359200e-05 -7.68325785e-04 
 1.98379200e-05  5.64146506e-314  1.98379200e-05  5.49637279e-01  1.98379200e-05 -7.61468152e-04 
 1.98399200e-05  2.59296238e-314  1.98399200e-05  5.59171609e-01  1.98399200e-05 -7.54490222e-04 
 1.98419200e-05  5.64146506e-314  1.98419200e-05  5.68617416e-01  1.98419200e-05 -7.47393097e-04 
 1.98439200e-05  2.59296238e-314  1.98439200e-05  5.77973208e-01  1.98439200e-05 -7.40177902e-04 
 1.98459200e-05  5.64146506e-314  1.98459200e-05  5.87237508e-01  1.98459200e-05 -7.32845779e-04 
 1.98479200e-05  2.59296238e-314  1.98479200e-05  5.96408852e-01  1.98479200e-05 -7.25397888e-04 
 1.98499200e-05  5.64146506e-314  1.98499200e-05  6.05485791e-01  1.98499200e-05 -7.17835409e-04 
 1.98519200e-05  2.59296238e-314  1.98519200e-05  6.14466891e-01  1.98519200e-05 -7.10159538e-04 
 1.98539200e-05  5.64146506e-314  1.98539200e-05  6.23350734e-01  1.98539200e-05 -7.02371491e-04 
 1.98559200e-05  2.59296238e-314  1.98559200e-05  6.32135916e-01  1.98559200e-05 -6.94472500e-04 
 1.98579200e-05  5.64146506e-314  1.98579200e-05  6.40821051e-01  1.98579200e-05 -6.86463815e-04 
 1.98599200e-05  2.59296238e-314  1.98599200e-05  6.49404764e-01  1.98599200e-05 -6.78346704e-04 
 1.98619200e-05  5.64146506e-314  1.98619200e-05  6.57885703e-01  1.98619200e-05 -6.70122452e-04 
 1.98639200e-05  2.59296238e-314  1.98639200e-05  6.66262525e-01  1.98639200e-05 -6.61792359e-04 
 1.98659200e-05  5.64146506e-314  1.98659200e-05  6.74533910e-01  1.98659200e-05 -6.53357745e-04 
 1.98679200e-05  2.59296238e-314  1.98679200e-05  6.82698549e-01  1.98679200e-05 -6.44819943e-04 
 1.98699200e-05  5.64146506e-314  1.98699200e-05  6.90755154e-01  1.98699200e-05 -6.36180306e-04 
 1.98719200e-05  2.59296238e-314  1.98719200e-05  6.98702453e-01  1.98719200e-05 -6.27440201e-04 
 1.98739200e-05  5.64146506e-314  1.98739200e-05  7.06539190e-01  1.98739200e-05 -6.18601009e-04 
 1.98759200e-05  2.59296238e-314  1.98759200e-05  7.14264128e-01  1.98759200e-05 -6.09664131e-04 
 1.98779200e-05  5.64146506e-314  1.98779200e-05  7.21876047e-01  1.98779200e-05 -6.00630980e-04 
 1.98799200e-05  2.59296238e-314  1.98799200e-05  7.29373745e-01  1.98799200e-05 -5.91502985e-04 
 1.98819200e-05  5.64146506e-314  1.98819200e-05  7.36756038e-01  1.98819200e-05 -5.82281591e-04 
 1.98839200e-05  2.59296238e-314  1.98839200e-05  7.44021760e-01  1.98839200e-05 -5.72968257e-04 
 1.98859200e-05  5.64146506e-314  1.98859200e-05  7.51169765e-01  1.98859200e-05 -5.63564456e-04 
 1.98879200e-05  2.59296238e-314  1.98879200e-05  7.58198923e-01  1.98879200e-05 -5.54071676e-04 
 1.98899200e-05  5.64146506e-314  1.98899200e-05  7.65108125e-01  1.98899200e-05 -5.44491420e-04 
 1.98919200e-05  2.59296238e-314  1.98919200e-05  7.71896280e-01  1.98919200e-05 -5.34825202e-04 
 1.98939200e-05  5.64146506e-314  1.98939200e-05  7.78562316e-01  1.98939200e-05 -5.25074552e-04 
 1.98959200e-05  2.59296238e-314  1.98959200e-05  7.85105181e-01  1.98959200e-05 -5.15241013e-04 
 1.98979200e-05  5.64146506e-314  1.98979200e-05  7.91523842e-01  1.98979200e-05 -5.05326140e-04 
 1.98999200e-05  2.59296238e-314  1.98999200e-05  7.97817287e-01  1.98999200e-05 -4.95331502e-04 
 1.99019200e-05  5.64146506e-314  1.99019200e-05  8.03984521e-01  1.99019200e-05 -4.85258680e-04 
 1.99039200e-05  2.59296238e-314  1.99039200e-05  8.10024571e-01  1.99039200e-05 -4.75109267e-04 
 1.99059200e-05  5.64146506e-314  1.99059200e-05  8.15936483e-01  1.99059200e-05 -4.64884869e-04 
 1.99079200e-05  2.59296238e-314  1.99079200e-05  8.21719326e-01  1.99079200e-05 -4.54587103e-04 
 1.99099200e-05  5.64146506e-314  1.99099200e-05  8.27372186e-01  1.99099200e-05 -4.44217599e-04 
 1.99119200e-05  2.59296238e-314  1.99119200e-05  8.32894171e-01  1.99119200e-05 -4.33777996e-04 
 1.99139200e-05  5.64146506e-314  1.99139200e-05  8.38284409e-01  1.99139200e-05 -4.23269946e-04 
 1.99159200e-05  2.59296238e-314  1.99159200e-05  8.43542051e-01  1.99159200e-05 -4.12695111e-04 
 1.99179200e-05  5.64146506e-314  1.99179200e-05  8.48666267e-01  1.99179200e-05 -4.02055164e-04 
 1.99199200e-05  2.59296238e-314  1.99199200e-05  8.53656248e-01  1.99199200e-05 -3.91351787e-04 
 1.99219200e-05  5.64146506e-314  1.99219200e-05  8.58511206e-01  1.99219200e-05 -3.80586674e-04 
 1.99239200e-05  2.59296238e-314  1.99239200e-05  8.63230377e-01  1.99239200e-05 -3.69761527e-04 
 1.99259200e-05  5.64146506e-314  1.99259200e-05  8.67813016e-01  1.99259200e-05 -3.58878059e-04 
 1.99279200e-05  2.59296238e-314  1.99279200e-05  8.72258400e-01  1.99279200e-05 -3.47937990e-04 
 1.99299200e-05  5.64146506e-314  1.99299200e-05  8.76565828e-01  1.99299200e-05 -3.36943051e-04 
 1.99319200e-05  2.59296238e-314  1.99319200e-05  8.80734621e-01  1.99319200e-05 -3.25894981e-04 
 1.99339200e-05  5.64146506e-314  1.99339200e-05  8.84764121e-01  1.99339200e-05 -3.14795528e-04 
 1.99359200e-05  2.59296238e-314  1.99359200e-05  8.88653693e-01  1.99359200e-05 -3.03646446e-04 
 1.99379200e-05  5.64146506e-314  1.99379200e-05  8.92402724e-01  1.99379200e-05 -2.92449500e-04 
 1.99399200e-05  2.59296238e-314  1.99399200e-05  8.96010623e-01  1.99399200e-05 -2.81206459e-04 
 1.99419200e-05  5.64146506e-314  1.99419200e-05  8.99476822e-01  1.99419200e-05 -2.69919102e-04 
 1.99439200e-05  2.59296238e-314  1.99439200e-05  9.02800774e-01  1.99439200e-05 -2.58589214e-04 
 1.99459200e-05  5.64146506e-314  1.99459200e-05  9.05981955e-01  1.99459200e-05 -2.47218586e-04 
 1.99479200e-05  2.59296238e-314  1.99479200e-05  9.09019864e-01  1.99479200e-05 -2.35809017e-04 
 1.99499200e-05  5.64146506e-314  1.99499200e-05  9.11914023e-01  1.99499200e-05 -2.24362312e-04 
 1.99519200e-05  2.59296238e-314  1.99519200e-05  9.14663977e-01  1.99519200e-05 -2.12880279e-04 
 1.99539200e-05  5.64146506e-314  1.99539200e-05  9.17269291e-01  1.99539200e-05 -2.01364735e-04 
 1.99559200e-05  2.59296238e-314  1.99559200e-05  9.19729557e-01  1.99559200e-05 -1.89817502e-04 
 1.99579200e-05  5.64146506e-314  1.99579200e-05  9.22044387e-01  1.99579200e-05 -1.78240404e-04 
 1.99599200e-05  2.59296238e-314  1.99599200e-05  9.24213416e-01  1.99599200e-05 -1.66635272e-04 
 1.99619200e-05  5.64146506e-314  1.99619200e-05  9.26236304e-01  1.99619200e-05 -1.55003942e-04 
 1.99639200e-05  2.59296238e-314  1.99639200e-05  9.28112733e-01  1.99639200e-05 -1.43348253e-04 
 1.99659200e-05  5.64146506e-314  1.99659200e-05  9.29842408e-01  1.99659200e-05 -1.31670048e-04 
 1.99679200e-05  2.59296238e-314  1.99679200e-05  9.31425057e-01  1.99679200e-05 -1.19971173e-04 
 1.99699200e-05  5.64146506e-314  1.99699200e-05  9.32860432e-01  1.99699200e-05 -1.08253478e-04 
 1.99719200e-05  2.59296238e-314  1.99719200e-05  9.34148308e-01  1.99719200e-05 -9.65188160e-05 
 1.99739200e-05  5.64146506e-314  1.99739200e-05  9.35288484e-01  1.99739200e-05 -8.47690423e-05 
 1.99759200e-05  2.59296238e-314  1.99759200e-05  9.36280779e-01  1.99759200e-05 -7.30060147e-05 
 1.99779200e-05  5.64146506e-314  1.99779200e-05  9.37125041e-01  1.99779200e-05 -6.12315930e-05 
 1.99799200e-05  2.59296238e-314  1.99799200e-05  9.37821137e-01  1.99799200e-05 -4.94476388e-05 
 1.99819200e-05  5.64146506e-314  1.99819200e-05  9.38368959e-01  1.99819200e-05 -3.76560153e-05 
 1.99839200e-05  2.59296238e-314  1.99839200e-05  9.38768422e-01  1.99839200e-05 -2.58585868e-05 
 1.99859200e-05  5.64146506e-314  1.99859200e-05  9.39019464e-01  1.99859200e-05 -1.40572184e-05 
 1.99879200e-05  2.59296238e-314  1.99879200e-05  9.39122049e-01  1.99879200e-05 -2.25377592e-06 
 1.99899200e-05  5.64146506e-314  1.99899200e-05  9.39076162e-01  1.99899200e-05  9.54987450e-06 
 1.99919200e-05  2.59296238e-314  1.99919200e-05  9.38881811e-01  1.99919200e-05  2.13518668e-05 
 1.99939200e-05  5.64146506e-314  1.99939200e-05  9.38539030e-01  1.99939200e-05  3.31503351e-05 
 1.99959200e-05  2.59296238e-314  1.99959200e-05  9.38047874e-01  1.99959200e-05  4.49434142e-05 
 1.99979200e-05  5.64146506e-314  1.99979200e-05  9.37408424e-01  1.99979200e-05  5.67292397e-05 
 1.99999200e-05  2.59296238e-314  1.99999200e-05  9.36620781e-01  1.99999200e-05  6.85059484e-05 
 2.00000000e-05  4.97402830e-314  2.00000000e-05  9.36586194e-01  2.00000000e-05  6.89768070e-05 
